conid,ticker,currency,listingExchange,countryCode,name,assetClass,group,sector,sectorGroup,type,hasOptions,fullName
4157,ADI,USD,NASDAQ,US,ANALOG DEVICES INC,STK,Semiconductors,Technology,Electronic Compo-Semicon,COMMON,true,ADI
4211,AEP,USD,NASDAQ,US,AMERICAN ELECTRIC POWER,STK,Electric,Utilities,Electric-Integrated,COMMON,true,AEP
4350,HON,USD,NASDAQ,US,HONEYWELL INTERNATIONAL INC,STK,Electronics,Industrial,Instruments-Controls,COMMON,true,HON
4391,AMD,USD,NASDAQ,US,ADVANCED MICRO DEVICES,STK,Semiconductors,Technology,Electronic Compo-Semicon,COMMON,true,AMD
4691,AVT,USD,NASDAQ,US,AVNET INC,STK,Electronics,Industrial,Electronic Parts Distrib,COMMON,true,AVT
4661,ADP,USD,NASDAQ,US,AUTOMATIC DATA PROCESSING,STK,Commercial Services,"Consumer, Non-cyclical",Commercial Services,COMMON,true,ADP
2730872,APWC,USD,NASDAQ,US,ASIA PACIFIC WIRE & CABLE,STK,Electrical Compo&amp;Equip,Industrial,Wire&amp;Cable Products,COMMON,false,APWC
5552,CDNS,USD,NASDAQ,US,CADENCE DESIGN SYS INC,STK,Software,Technology,Computer Aided Design,COMMON,true,CDNS
2586004,CULP,USD,NASDAQ,US,CULP INC,STK,Textiles,"Consumer, Cyclical",Textile-Products,COMMON,true,CULP
5980,CPB,USD,NASDAQ,US,THE CAMPBELL'S COMPANY,STK,Food,"Consumer, Non-cyclical",Food-Misc/Diversified,COMMON,true,CPB
6150,CSX,USD,NASDAQ,US,CSX CORP,STK,Transportation,Industrial,Transport-Rail,COMMON,true,CSX
4457288,DOX,USD,NASDAQ,US,AMDOCS LTD,STK,Computers,Technology,Computer Services,COMMON,true,DOX
754956,HAS,USD,NASDAQ,US,HASBRO INC,STK,Toys/Games/Hobbies,"Consumer, Cyclical",Toys,COMMON,true,HAS
7830,GT,USD,NASDAQ,US,GOODYEAR TIRE & RUBBER CO,STK,Auto Parts&amp;Equipment,"Consumer, Cyclical",Rubber-Tires,COMMON,true,GT
8057,HST,USD,NASDAQ,US,HOST HOTELS & RESORTS INC,STK,REITS,Financial,REITS-Hotels,REIT,true,HST
8864,KMB,USD,NASDAQ,US,KIMBERLY-CLARK CORP,STK,Household Products/Wares,"Consumer, Non-cyclical",Consumer Products-Misc,COMMON,true,KMB
9358,MAR,USD,NASDAQ,US,MARRIOTT INTERNATIONAL -CL A,STK,Lodging,"Consumer, Cyclical",Hotels&amp;Motels,COMMON,true,MAR
5026984,LNT,USD,NASDAQ,US,ALLIANT ENERGY CORP,STK,Electric,Utilities,Electric-Integrated,COMMON,true,LNT
9365,MAT,USD,NASDAQ,US,MATTEL INC,STK,Toys/Games/Hobbies,"Consumer, Cyclical",Toys,COMMON,true,MAT
9939,MU,USD,NASDAQ,US,MICRON TECHNOLOGY INC,STK,Semiconductors,Technology,Electronic Compo-Semicon,COMMON,true,MU
10517,XEL,USD,NASDAQ,US,XCEL ENERGY INC,STK,Electric,Utilities,Electric-Integrated,COMMON,true,XEL
10627,NWL,USD,NASDAQ,US,NEWELL BRANDS INC,STK,Housewares,"Consumer, Cyclical",Housewares,COMMON,true,NWL
14241431,SYNA,USD,NASDAQ,US,SYNAPTICS INC,STK,Semiconductors,Technology,Electronic Compo-Semicon,COMMON,true,SYNA
11017,PEP,USD,NASDAQ,US,PEPSICO INC,STK,Beverages,"Consumer, Non-cyclical",Beverages-Non-alcoholic,COMMON,true,PEP
11032,PFG,USD,NASDAQ,US,PRINCIPAL FINANCIAL GROUP,STK,Insurance,Financial,Life/Health Insurance,COMMON,true,PFG
11000,EXC,USD,NASDAQ,US,EXELON CORP,STK,Electric,Utilities,Electric-Distribution,COMMON,true,EXC
11574,REG,USD,NASDAQ,US,REGENCY CENTERS CORP,STK,REITS,Financial,REITS-Shopping Centers,REIT,true,REG
2585629,ROP,USD,NASDAQ,US,ROPER TECHNOLOGIES INC,STK,Software,Technology,Applications Software,COMMON,true,ROP
12211,SLM,USD,NASDAQ,US,SLM CORP,STK,Diversified Finan Serv,Financial,Finance-Consumer Loans,COMMON,true,SLM
12661,TWIN,USD,NASDAQ,US,TWIN DISC INC,STK,Machinery-Diversified,Industrial,Machinery-General Indust,COMMON,true,TWIN
12729,TER,USD,NASDAQ,US,TERADYNE INC,STK,Semiconductors,Technology,Semiconductor Equipment,COMMON,true,TER
13096,TXN,USD,NASDAQ,US,TEXAS INSTRUMENTS INC,STK,Semiconductors,Technology,Electronic Compo-Semicon,COMMON,true,TXN
2585978,UTMD,USD,NASDAQ,US,UTAH MEDICAL PRODUCTS INC,STK,Healthcare-Products,"Consumer, Non-cyclical",Disposable Medical Prod,COMMON,false,UTMD
13508,VLY,USD,NASDAQ,US,VALLEY NATIONAL BANCORP,STK,Banks,Financial,Commer Banks-Eastern US,COMMON,true,VLY
13681,WDC,USD,NASDAQ,US,WESTERN DIGITAL CORP,STK,Computers,Technology,Computers-Memory Devices,COMMON,true,WDC
13824,WMT,USD,NASDAQ,US,WALMART INC,STK,Retail,"Consumer, Cyclical",Retail-Discount,COMMON,true,WMT
268977,ERIC,USD,NASDAQ,US,ERICSSON (LM) TEL-SP ADR,STK,Telecommunications,Communications,Networking Products,ADR,true,ERIC
265585,AAME,USD,NASDAQ,US,ATLANTIC AMERICAN CORP,STK,Insurance,Financial,Multi-line Insurance,COMMON,false,AAME
265595,AAON,USD,NASDAQ,US,AAON INC,STK,Building Materials,Industrial,Bldg Prod-Air&amp;Heating,COMMON,true,AAON
265598,AAPL,USD,NASDAQ,US,APPLE INC,STK,Computers,Technology,Computers,COMMON,true,AAPL
265768,ADBE,USD,NASDAQ,US,ADOBE INC,STK,Software,Technology,Electronic Forms,COMMON,true,ADBE
265681,ADSK,USD,NASDAQ,US,AUTODESK INC,STK,Software,Technology,Computer Aided Design,COMMON,true,ADSK
4725941,AEHR,USD,NASDAQ,US,AEHR TEST SYSTEMS,STK,Semiconductors,Technology,Semiconductor Equipment,COMMON,true,AEHR
4725946,AEIS,USD,NASDAQ,US,ADVANCED ENERGY INDUSTRIES,STK,Electronics,Industrial,Electronic Compo-Misc,COMMON,true,AEIS
266000,ALCO,USD,NASDAQ,US,ALICO INC,STK,Agriculture,"Consumer, Non-cyclical",Agricultural Operations,COMMON,false,ALCO
4726021,SWKS,USD,NASDAQ,US,SKYWORKS SOLUTIONS INC,STK,Semiconductors,Technology,Electronic Compo-Semicon,COMMON,true,SWKS
4726067,AIRT,USD,NASDAQ,US,AIR T INC,STK,Transportation,Industrial,Transport-Air Freight,COMMON,false,AIRT
266058,ALOT,USD,NASDAQ,US,ASTRONOVA INC,STK,Office/Business Equip,Technology,Office Automation&amp;Equip,COMMON,false,ALOT
266145,AMGN,USD,NASDAQ,US,AMGEN INC,STK,Biotechnology,"Consumer, Non-cyclical",Medical-Biomedical/Gene,COMMON,true,AMGN
266093,AMAT,USD,NASDAQ,US,APPLIED MATERIALS INC,STK,Semiconductors,Technology,Semiconductor Equipment,COMMON,true,AMAT
4726244,AMKR,USD,NASDAQ,US,AMKOR TECHNOLOGY INC,STK,Semiconductors,Technology,Electronic Compo-Semicon,COMMON,true,AMKR
4726349,ANIK,USD,NASDAQ,US,ANIKA THERAPEUTICS INC,STK,Pharmaceuticals,"Consumer, Non-cyclical",Therapeutics,COMMON,true,ANIK
266201,AMWD,USD,NASDAQ,US,AMERICAN WOODMARK CORP,STK,Building Materials,Industrial,Bldg&amp;Construct Prod-Misc,COMMON,true,AMWD
3691937,AMZN,USD,NASDAQ,US,AMAZON.COM INC,STK,Internet,Communications,E-Commerce/Products,COMMON,true,AMZN
4726335,ANDE,USD,NASDAQ,US,ANDERSONS INC/THE,STK,Agriculture,"Consumer, Non-cyclical",Agricultural Operations,COMMON,true,ANDE
266285,APOG,USD,NASDAQ,US,APOGEE ENTERPRISES INC,STK,Building Materials,Industrial,Bldg Prod-Doors&amp;Windows,COMMON,true,APOG
266348,ARKR,USD,NASDAQ,US,ARK RESTAURANTS CORP,STK,Retail,"Consumer, Cyclical",Retail-Restaurants,COMMON,false,ARKR
266370,AROW,USD,NASDAQ,US,ARROW FINANCIAL CORP,STK,Banks,Financial,Commer Banks-Eastern US,COMMON,true,AROW
4726536,ARTNA,USD,NASDAQ,US,ARTESIAN RESOURCES CORP-CL A,STK,Water,Utilities,Water,COMMON,false,ARTNA
4726547,ARTW,USD,NASDAQ,US,ART'S-WAY MANUFACTURING CO,STK,Machinery-Diversified,Industrial,Machinery-Farm,COMMON,false,ARTW
266478,ASTE,USD,NASDAQ,US,ASTEC INDUSTRIES INC,STK,Machinery-Constr&amp;Mining,Industrial,Machinery-Constr&amp;Mining,COMMON,true,ASTE
4726724,ATRO,USD,NASDAQ,US,ASTRONICS CORP,STK,Aerospace/Defense,Industrial,Aerospace/Defense-Equip,COMMON,true,ATRO
4726746,AUBN,USD,NASDAQ,US,AUBURN NATL BANCORPORATION,STK,Banks,Financial,Commer Banks-Southern US,COMMON,false,AUBN
4535221,AWRE,USD,NASDAQ,US,AWARE INC/MASS,STK,Software,Technology,Applications Software,COMMON,true,AWRE
4726868,AXTI,USD,NASDAQ,US,AXT INC,STK,Semiconductors,Technology,Electronic Compo-Semicon,COMMON,true,AXTI
266611,BANF,USD,NASDAQ,US,BANCFIRST CORP,STK,Banks,Financial,Commer Banks-Central US,COMMON,true,BANF
4726995,BCRX,USD,NASDAQ,US,BIOCRYST PHARMACEUTICALS INC,STK,Biotechnology,"Consumer, Non-cyclical",Medical-Biomedical/Gene,COMMON,true,BCRX
4726958,BBSI,USD,NASDAQ,US,BARRETT BUSINESS SVCS INC,STK,Commercial Services,"Consumer, Non-cyclical",Consulting Services,COMMON,true,BBSI
4727045,BELFA,USD,NASDAQ,US,BEL FUSE INC-CL A,STK,Electronics,Industrial,Electronic Compo-Misc,COMMON,false,BELFA
4727050,BELFB,USD,NASDAQ,US,BEL FUSE INC-CL B,STK,Electronics,Industrial,Electronic Compo-Misc,COMMON,true,BELFB
266934,BOKF,USD,NASDAQ,US,BOK FINANCIAL CORPORATION,STK,Banks,Financial,Commer Banks-Central US,COMMON,true,BOKF
267032,BRID,USD,NASDAQ,US,BRIDGFORD FOODS CORP,STK,Food,"Consumer, Non-cyclical",Food-Misc/Diversified,COMMON,false,BRID
4727409,AZTA,USD,NASDAQ,US,AZENTA INC,STK,Healthcare-Products,"Consumer, Non-cyclical",Diagnostic Equipment,COMMON,true,AZTA
267074,BSET,USD,NASDAQ,US,BASSETT FURNITURE INDS,STK,Retail,"Consumer, Cyclical",Retail-Home Furnishings,COMMON,true,BSET
267265,CASY,USD,NASDAQ,US,CASEY'S GENERAL STORES INC,STK,Retail,"Consumer, Cyclical",Retail-Convenience Store,COMMON,true,CASY
3655444,CATY,USD,NASDAQ,US,CATHAY GENERAL BANCORP,STK,Banks,Financial,Commer Banks-Western US,COMMON,true,CATY
267227,CAKE,USD,NASDAQ,US,CHEESECAKE FACTORY INC/THE,STK,Retail,"Consumer, Cyclical",Retail-Restaurants,COMMON,true,CAKE
4727574,CALM,USD,NASDAQ,US,CAL-MAINE FOODS INC,STK,Food,"Consumer, Non-cyclical",Food-Misc/Diversified,COMMON,true,CALM
4727628,CASS,USD,NASDAQ,US,CASS INFORMATION SYSTEMS INC,STK,Commercial Services,"Consumer, Non-cyclical",Commercial Serv-Finance,COMMON,true,CASS
267192,CACC,USD,NASDAQ,US,CREDIT ACCEPTANCE CORP,STK,Diversified Finan Serv,Financial,Finance-Auto Loans,COMMON,true,CACC
267345,CBSH,USD,NASDAQ,US,COMMERCE BANCSHARES INC,STK,Banks,Financial,Commer Banks-Central US,COMMON,true,CBSH
4727714,CCBG,USD,NASDAQ,US,CAPITAL CITY BANK GROUP INC,STK,Banks,Financial,Commer Banks-Southern US,COMMON,true,CCBG
4727847,CECO,USD,NASDAQ,US,CECO ENVIRONMENTAL CORP,STK,Environmental Control,Industrial,Air Pollution Control Eq,COMMON,true,CECO
4727922,CFFI,USD,NASDAQ,US,C & F FINANCIAL CORP,STK,Banks,Financial,Commer Banks-Southern US,COMMON,false,CFFI
4727775,CCNE,USD,NASDAQ,US,CNB FINANCIAL CORP/PA,STK,Banks,Financial,Commer Banks-Eastern US,COMMON,true,CCNE
4727876,CENT,USD,NASDAQ,US,CENTRAL GARDEN & PET CO,STK,Housewares,"Consumer, Cyclical",Housewares,COMMON,true,CENT
4727883,CENX,USD,NASDAQ,US,CENTURY ALUMINUM COMPANY,STK,Mining,Basic Materials,Metal-Aluminum,COMMON,true,CENX
4727893,CERS,USD,NASDAQ,US,CERUS CORP,STK,Healthcare-Products,"Consumer, Non-cyclical",Medical Products,COMMON,true,CERS
267530,CGEN,USD,NASDAQ,US,COMPUGEN LTD,STK,Biotechnology,"Consumer, Non-cyclical",Medical-Biomedical/Gene,COMMON,true,CGEN
267547,CGNX,USD,NASDAQ,US,COGNEX CORP,STK,Machinery-Diversified,Industrial,Industrial Automat/Robot,COMMON,true,CGNX
4172987,CHKP,USD,NASDAQ,US,CHECK POINT SOFTWARE TECH,STK,Computers,Technology,Computer Data Security,COMMON,true,CHKP
3655463,CHCO,USD,NASDAQ,US,CITY HOLDING CO,STK,Banks,Financial,Commer Banks-Southern US,COMMON,true,CHCO
267565,CHDN,USD,NASDAQ,US,CHURCHILL DOWNS INC,STK,Entertainment,"Consumer, Cyclical",Racetracks,COMMON,true,CHDN
4728009,BJRI,USD,NASDAQ,US,BJ'S RESTAURANTS INC,STK,Retail,"Consumer, Cyclical",Retail-Restaurants,COMMON,true,BJRI
4728102,CDZI,USD,NASDAQ,US,CADIZ INC,STK,Commercial Services,"Consumer, Non-cyclical",Commercial Services,COMMON,true,CDZI
267661,CINF,USD,NASDAQ,US,CINCINNATI FINANCIAL CORP,STK,Insurance,Financial,Multi-line Insurance,COMMON,true,CINF
4728198,CMCO,USD,NASDAQ,US,COLUMBUS MCKINNON CORP/NY,STK,Machinery-Diversified,Industrial,Machinery-Material Handl,COMMON,true,CMCO
267748,CMCSA,USD,NASDAQ,US,COMCAST CORP-CLASS A,STK,Media,Communications,Cable/Satellite TV,COMMON,true,CMCSA
4728269,CMTL,USD,NASDAQ,US,COMTECH TELECOMMUNICATIONS,STK,Electronics,Industrial,Electronic Compo-Misc,COMMON,true,CMTL
4728396,CNTY,USD,NASDAQ,US,CENTURY CASINOS INC,STK,Lodging,"Consumer, Cyclical",Casino Hotels,COMMON,true,CNTY
4728345,CRMT,USD,NASDAQ,US,AMERICA'S CAR-MART INC,STK,Retail,"Consumer, Cyclical",Retail-Automobile,COMMON,false,CRMT
272997,COST,USD,NASDAQ,US,COSTCO WHOLESALE CORP,STK,Retail,"Consumer, Cyclical",Retail-Discount,COMMON,true,COST
4728453,COHU,USD,NASDAQ,US,COHU INC,STK,Semiconductors,Technology,Semiconductor Equipment,COMMON,true,COHU
267892,COKE,USD,NASDAQ,US,COCA-COLA CONSOLIDATED INC,STK,Beverages,"Consumer, Non-cyclical",Beverages-Non-alcoholic,COMMON,true,COKE
267899,COLB,USD,NASDAQ,US,COLUMBIA BANKING SYSTEM INC,STK,Banks,Financial,Commer Banks-Western US,COMMON,true,COLB
4728458,COLM,USD,NASDAQ,US,COLUMBIA SPORTSWEAR CO,STK,Apparel,"Consumer, Cyclical",Apparel Manufacturers,COMMON,true,COLM
4728523,CPRT,USD,NASDAQ,US,COPART INC,STK,Distribution/Wholesale,"Consumer, Cyclical",Distribution/Wholesale,COMMON,true,CPRT
267995,CPSS,USD,NASDAQ,US,CONSUMER PORTFOLIO SERVICES,STK,Diversified Finan Serv,Financial,Finance-Auto Loans,COMMON,true,CPSS
4728573,CRESY,USD,NASDAQ,US,CRESUD S.A.-SPONS ADR,STK,Real Estate,Financial,Real Estate Oper/Develop,ADR,true,CRESY
268057,CRUS,USD,NASDAQ,US,CIRRUS LOGIC INC,STK,Semiconductors,Technology,Semicon Compo-Intg Circu,COMMON,true,CRUS
268060,CRVL,USD,NASDAQ,US,CORVEL CORP,STK,Healthcare-Services,"Consumer, Non-cyclical",Medical-HMO,COMMON,true,CRVL
268120,CSPI,USD,NASDAQ,US,CSP INC,STK,Computers,Technology,Computer Services,COMMON,false,CSPI
4728677,CSWC,USD,NASDAQ,US,CAPITAL SOUTHWEST CORP,STK,Investment Companies,Financial,Investment Companies,COMMON,true,CSWC
268149,CTAS,USD,NASDAQ,US,CINTAS CORP,STK,Commercial Services,"Consumer, Non-cyclical",Commercial Services,COMMON,true,CTAS
3655502,CTBI,USD,NASDAQ,US,COMMUNITY TRUST BANCORP INC,STK,Banks,Financial,Commer Banks-Southern US,COMMON,true,CTBI
4728759,CTSH,USD,NASDAQ,US,COGNIZANT TECH SOLUTIONS-A,STK,Computers,Technology,Computer Services,COMMON,true,CTSH
4728828,CWST,USD,NASDAQ,US,CASELLA WASTE SYSTEMS INC-A,STK,Environmental Control,Industrial,Non-hazardous Waste Disp,COMMON,true,CWST
268301,DAIO,USD,NASDAQ,US,DATA I/O CORP,STK,Computers,Technology,Computers-Integrated Sys,COMMON,true,DAIO
4728903,DAKT,USD,NASDAQ,US,DAKTRONICS INC,STK,Home Furnishings,"Consumer, Cyclical",Audio/Video Products,COMMON,true,DAKT
268436,DGICB,USD,NASDAQ,US,DONEGAL GROUP INC-B,STK,Insurance,Financial,Property/Casualty Ins,COMMON,false,DGICB
268443,DGII,USD,NASDAQ,US,DIGI INTERNATIONAL INC,STK,Software,Technology,Applications Software,COMMON,true,DGII
4729120,DJCO,USD,NASDAQ,US,DAILY JOURNAL CORP,STK,Software,Technology,Enterprise Software/Serv,COMMON,false,DJCO
4729858,DXPE,USD,NASDAQ,US,DXP ENTERPRISES INC,STK,Machinery-Diversified,Industrial,Machinery-General Indust,COMMON,true,DXPE
4729938,EDAP,USD,NASDAQ,US,EDAP TMS SA -ADR,STK,Healthcare-Products,"Consumer, Non-cyclical",Medical Instruments,ADR,true,EDAP
4729963,EDUC,USD,NASDAQ,US,EDUCATIONAL DEVELOPMENT CORP,STK,Distribution/Wholesale,"Consumer, Cyclical",Distribution/Wholesale,COMMON,false,EDUC
4347086,EBAY,USD,NASDAQ,US,EBAY INC,STK,Internet,Communications,E-Commerce/Products,COMMON,true,EBAY
4729273,DSGX,USD,NASDAQ,US,DESCARTES SYSTEMS GRP/THE,STK,Software,Technology,Applications Software,COMMON,true,DSGX
4729968,EEFT,USD,NASDAQ,US,EURONET WORLDWIDE INC,STK,Commercial Services,"Consumer, Non-cyclical",Commercial Serv-Finance,COMMON,true,EEFT
4730074,ELSE,USD,NASDAQ,US,ELECTRO-SENSORS INC,STK,Electronics,Industrial,Electronic Compo-Misc,COMMON,false,ELSE
4730225,OSUR,USD,NASDAQ,US,ORASURE TECHNOLOGIES INC,STK,Healthcare-Products,"Consumer, Non-cyclical",Diagnostic Kits,COMMON,true,OSUR
4730254,ERIE,USD,NASDAQ,US,ERIE INDEMNITY COMPANY-CL A,STK,Insurance,Financial,Property/Casualty Ins,COMMON,true,ERIE
268995,EA,USD,NASDAQ,US,ELECTRONIC ARTS INC,STK,Software,Technology,Entertainment Software,COMMON,true,EA
269001,ESCA,USD,NASDAQ,US,ESCALADE INC,STK,Leisure Time,"Consumer, Cyclical",Leisure&amp;Rec Products,COMMON,true,ESCA
4730018,EGHT,USD,NASDAQ,US,8X8 INC,STK,Software,Technology,Communications Software,COMMON,true,EGHT
4730364,EWBC,USD,NASDAQ,US,EAST WEST BANCORP INC,STK,Banks,Financial,Commer Banks Non-US,COMMON,true,EWBC
269208,FELE,USD,NASDAQ,US,FRANKLIN ELECTRIC CO INC,STK,Hand/Machine Tools,Industrial,Machinery-Electrical,COMMON,true,FELE
3655529,FFBC,USD,NASDAQ,US,FIRST FINANCIAL BANCORP,STK,Banks,Financial,Commer Banks-Central US,COMMON,true,FFBC
269120,FAST,USD,NASDAQ,US,FASTENAL CO,STK,Distribution/Wholesale,"Consumer, Cyclical",Distribution/Wholesale,COMMON,true,FAST
269174,FCNCA,USD,NASDAQ,US,FIRST CITIZENS BCSHS -CL A,STK,Banks,Financial,Commer Banks-Southern US,COMMON,true,FCNCA
4730398,EXPO,USD,NASDAQ,US,EXPONENT INC,STK,Engineering&amp;Construction,Industrial,Engineering/R&amp;D Services,COMMON,true,EXPO
269087,EXTR,USD,NASDAQ,US,EXTREME NETWORKS INC,STK,Telecommunications,Communications,Networking Products,COMMON,true,EXTR
269097,EZPW,USD,NASDAQ,US,EZCORP INC-CL A,STK,Diversified Finan Serv,Financial,Finance-Consumer Loans,COMMON,true,EZPW
269154,FBNC,USD,NASDAQ,US,FIRST BANCORP/NC,STK,Banks,Financial,Commer Banks-Southern US,COMMON,true,FBNC
4730503,FCAP,USD,NASDAQ,US,FIRST CAPITAL INC,STK,Savings&amp;Loans,Financial,S&amp;L/Thrifts-Central US,COMMON,false,FCAP
4730662,FLL,USD,NASDAQ,US,FULL HOUSE RESORTS INC,STK,Lodging,"Consumer, Cyclical",Casino Hotels,COMMON,true,FLL
269315,FISV,USD,NASDAQ,US,FISERV INC,STK,Software,Technology,Data Processing/Mgmt,COMMON,true,FISV
3655544,FFIC,USD,NASDAQ,US,FLUSHING FINANCIAL CORP,STK,Savings&amp;Loans,Financial,S&amp;L/Thrifts-Eastern US,COMMON,true,FFIC
4730625,FFIN,USD,NASDAQ,US,FIRST FINL BANKSHARES INC,STK,Banks,Financial,Commer Banks-Central US,COMMON,true,FFIN
269318,FITB,USD,NASDAQ,US,FIFTH THIRD BANCORP,STK,Banks,Financial,Super-Regional Banks-US,COMMON,true,FITB
4596077,FLEX,USD,NASDAQ,US,FLEX LTD,STK,Electronics,Industrial,Electronic Compo-Misc,COMMON,true,FLEX
269360,FLXS,USD,NASDAQ,US,FLEXSTEEL INDS,STK,Home Furnishings,"Consumer, Cyclical",Home Furnishings,COMMON,false,FLXS
269478,FRME,USD,NASDAQ,US,FIRST MERCHANTS CORP,STK,Banks,Financial,Commer Banks-Central US,COMMON,true,FRME
4730829,FORR,USD,NASDAQ,US,FORRESTER RESEARCH INC,STK,Commercial Services,"Consumer, Non-cyclical",Consulting Services,COMMON,true,FORR
4730835,FORTY,USD,NASDAQ,US,FORMULA SYSTEMS 1985-SP ADR,STK,Software,Technology,Decision Support Softwar,ADR,false,FORTY
269544,FSTR,USD,NASDAQ,US,FOSTER (LB) CO-A,STK,Metal Fabricate/Hardware,Industrial,Metal Processors&amp;Fabrica,COMMON,true,FSTR
4730958,FTEK,USD,NASDAQ,US,FUEL TECH INC,STK,Environmental Control,Industrial,Pollution Control,COMMON,true,FTEK
4812143,GABC,USD,NASDAQ,US,GERMAN AMERICAN BANCORP,STK,Banks,Financial,Commer Banks-Central US,COMMON,true,GABC
269581,FULT,USD,NASDAQ,US,FULTON FINANCIAL CORP,STK,Banks,Financial,Commer Banks-Eastern US,COMMON,true,FULT
4730999,FUNC,USD,NASDAQ,US,FIRST UNITED CORP,STK,Banks,Financial,Commer Banks-Eastern US,COMMON,false,FUNC
269641,WINA,USD,NASDAQ,US,WINMARK CORP,STK,Retail,"Consumer, Cyclical",Retail-Apparel/Shoe,COMMON,false,WINA
4812254,GERN,USD,NASDAQ,US,GERON CORP,STK,Biotechnology,"Consumer, Non-cyclical",Medical-Biomedical/Gene,COMMON,true,GERN
269747,GIII,USD,NASDAQ,US,G-III APPAREL GROUP LTD,STK,Distribution/Wholesale,"Consumer, Cyclical",Distribution/Wholesale,COMMON,true,GIII
269753,GILD,USD,NASDAQ,US,GILEAD SCIENCES INC,STK,Biotechnology,"Consumer, Non-cyclical",Medical-Biomedical/Gene,COMMON,true,GILD
269756,GILT,USD,NASDAQ,US,GILAT SATELLITE NETWORKS LTD,STK,Telecommunications,Communications,Wireless Equipment,COMMON,true,GILT
269828,GNTX,USD,NASDAQ,US,GENTEX CORP,STK,Auto Parts&amp;Equipment,"Consumer, Cyclical",Auto/Trk Prts&amp;Equip-Orig,COMMON,true,GNTX
4812468,GROW,USD,NASDAQ,US,U.S. GLOBAL INVESTORS INC-A,STK,Diversified Finan Serv,Financial,Invest Mgmnt/Advis Serv,COMMON,true,GROW
13017988,CWCO,USD,NASDAQ,US,CONSOLIDATED WATER CO-ORD SH,STK,Water,Utilities,Water,COMMON,true,CWCO
4812635,HAIN,USD,NASDAQ,US,HAIN CELESTIAL GROUP INC,STK,Food,"Consumer, Non-cyclical",Food-Misc/Diversified,COMMON,true,HAIN
269903,GSBC,USD,NASDAQ,US,GREAT SOUTHERN BANCORP INC,STK,Banks,Financial,Commer Banks-Central US,COMMON,true,GSBC
269998,ALNT,USD,NASDAQ,US,ALLIENT INC,STK,Electronics,Industrial,Instruments-Controls,COMMON,true,ALNT
270018,HBAN,USD,NASDAQ,US,HUNTINGTON BANCSHARES INC,STK,Banks,Financial,Super-Regional Banks-US,COMMON,true,HBAN
270035,HWC,USD,NASDAQ,US,HANCOCK WHITNEY CORP,STK,Banks,Financial,Commer Banks-Southern US,COMMON,true,HWC
270058,HCSG,USD,NASDAQ,US,HEALTHCARE SERVICES GROUP,STK,Commercial Services,"Consumer, Non-cyclical",Building-Maint&amp;Service,COMMON,true,HCSG
4812738,HDSN,USD,NASDAQ,US,HUDSON TECHNOLOGIES INC,STK,Distribution/Wholesale,"Consumer, Cyclical",Distribution/Wholesale,COMMON,true,HDSN
4812798,HFWA,USD,NASDAQ,US,HERITAGE FINANCIAL CORP,STK,Banks,Financial,Commer Banks-Western US,COMMON,true,HFWA
270137,HIFS,USD,NASDAQ,US,HINGHAM INSTITUTION FOR SVGS,STK,Savings&amp;Loans,Financial,S&amp;L/Thrifts-Eastern US,COMMON,false,HIFS
1767094,HLIT,USD,NASDAQ,US,HARMONIC INC,STK,Telecommunications,Communications,Telecom Eq Fiber Optics,COMMON,true,HLIT
3655640,HSIC,USD,NASDAQ,US,HENRY SCHEIN INC,STK,Pharmaceuticals,"Consumer, Non-cyclical",Medical-Whsle Drug Dist,COMMON,true,HSIC
270278,HTLD,USD,NASDAQ,US,HEARTLAND EXPRESS INC,STK,Transportation,Industrial,Transport-Truck,COMMON,true,HTLD
4813067,HUBG,USD,NASDAQ,US,HUB GROUP INC-CL A,STK,Transportation,Industrial,Transport-Services,COMMON,true,HUBG
270301,HURC,USD,NASDAQ,US,HURCO COMPANIES INC,STK,Hand/Machine Tools,Industrial,Mach Tools&amp;Rel Products,COMMON,false,HURC
270320,HWKN,USD,NASDAQ,US,HAWKINS INC,STK,Chemicals,Basic Materials,Chemicals-Specialty,COMMON,true,HWKN
4813137,IART,USD,NASDAQ,US,INTEGRA LIFESCIENCES HOLDING,STK,Healthcare-Products,"Consumer, Non-cyclical",Medical Instruments,COMMON,true,IART
4813159,IBOC,USD,NASDAQ,US,INTERNATIONAL BANCSHARES CRP,STK,Banks,Financial,Commer Banks-Central US,COMMON,true,IBOC
4813174,ICCC,USD,NASDAQ,US,IMMUCELL CORP,STK,Biotechnology,"Consumer, Non-cyclical",Medical-Biomedical/Gene,COMMON,false,ICCC
270402,ICUI,USD,NASDAQ,US,ICU MEDICAL INC,STK,Healthcare-Products,"Consumer, Non-cyclical",Disposable Medical Prod,COMMON,true,ICUI
26734397,BIIB,USD,NASDAQ,US,BIOGEN INC,STK,Biotechnology,"Consumer, Non-cyclical",Medical-Biomedical/Gene,COMMON,true,BIIB
270413,IDXX,USD,NASDAQ,US,IDEXX LABORATORIES INC,STK,Healthcare-Products,"Consumer, Non-cyclical",Diagnostic Kits,COMMON,true,IDXX
270520,IMKTA,USD,NASDAQ,US,INGLES MARKETS INC-CLASS A,STK,Food,"Consumer, Non-cyclical",Food-Retail,COMMON,true,IMKTA
4369855,INCY,USD,NASDAQ,US,INCYTE CORP,STK,Biotechnology,"Consumer, Non-cyclical",Medical-Biomedical/Gene,COMMON,true,INCY
270567,INDB,USD,NASDAQ,US,INDEPENDENT BANK CORP/MA,STK,Banks,Financial,Commer Banks-Eastern US,COMMON,true,INDB
4813508,INOD,USD,NASDAQ,US,INNODATA INC,STK,Software,Technology,Data Processing/Mgmt,COMMON,true,INOD
4813548,INTG,USD,NASDAQ,US,INTERGROUP CORP,STK,Real Estate,Financial,Real Estate Oper/Develop,COMMON,false,INTG
4813614,IRIX,USD,NASDAQ,US,IRIDEX CORP,STK,Healthcare-Products,"Consumer, Non-cyclical",Medical Laser Systems,COMMON,true,IRIX
270662,INTU,USD,NASDAQ,US,INTUIT INC,STK,Software,Technology,Applications Software,COMMON,true,INTU
270754,ITIC,USD,NASDAQ,US,INVESTORS TITLE CO,STK,Insurance,Financial,Property/Casualty Ins,COMMON,false,ITIC
270760,ITRI,USD,NASDAQ,US,ITRON INC,STK,Electronics,Industrial,Electronic Measur Instr,COMMON,true,ITRI
270825,JBHT,USD,NASDAQ,US,HUNT (JB) TRANSPRT SVCS INC,STK,Transportation,Industrial,Transport-Truck,COMMON,true,JBHT
270840,JBSS,USD,NASDAQ,US,JOHN B. SANFILIPPO & SON INC,STK,Food,"Consumer, Non-cyclical",Food-Misc/Diversified,COMMON,true,JBSS
4813805,JCTC,USD,NASDAQ,US,JEWETT-CAMERON TRADING LTD,STK,Distribution/Wholesale,"Consumer, Cyclical",Distribution/Wholesale,COMMON,false,JCTC
270864,JJSF,USD,NASDAQ,US,J & J SNACK FOODS CORP,STK,Food,"Consumer, Non-cyclical",Food-Misc/Diversified,COMMON,true,JJSF
270869,JKHY,USD,NASDAQ,US,JACK HENRY & ASSOCIATES INC,STK,Software,Technology,Data Processing/Mgmt,COMMON,true,JKHY
270939,KELYA,USD,NASDAQ,US,KELLY SERVICES INC -A,STK,Commercial Services,"Consumer, Non-cyclical",Consulting Services,COMMON,true,KELYA
4813922,KELYB,USD,NASDAQ,US,KELLY SERVICES INC -CL B,STK,Commercial Services,"Consumer, Non-cyclical",Consulting Services,COMMON,false,KELYB
4813928,KEQU,USD,NASDAQ,US,KEWAUNEE SCIENTIFIC CP,STK,Office Furnishings,"Consumer, Cyclical",Office Furnishings-Orig,COMMON,false,KEQU
271009,KOPN,USD,NASDAQ,US,KOPIN CORP,STK,Electronics,Industrial,Electronic Compo-Misc,COMMON,true,KOPN
271012,KOSS,USD,NASDAQ,US,KOSS CORP,STK,Home Furnishings,"Consumer, Cyclical",Audio/Video Products,COMMON,false,KOSS
270957,KLAC,USD,NASDAQ,US,KLA CORP,STK,Semiconductors,Technology,Semiconductor Equipment,COMMON,true,KLAC
270963,KLIC,USD,NASDAQ,US,KULICKE & SOFFA INDUSTRIES,STK,Semiconductors,Technology,Semiconductor Equipment,COMMON,true,KLIC
271099,MZTI,USD,NASDAQ,US,MARZETTI COMPANY/THE,STK,Food,"Consumer, Non-cyclical",Food-Misc/Diversified,COMMON,true,MZTI
4814131,LARK,USD,NASDAQ,US,LANDMARK BANCORP INC,STK,Banks,Financial,Commer Banks-Central US,COMMON,false,LARK
271109,DSGR,USD,NASDAQ,US,DISTRIBUTION SOLUTIONS GROUP,STK,Commercial Services,"Consumer, Non-cyclical",Commercial Services,COMMON,true,DSGR
271092,LAKE,USD,NASDAQ,US,LAKELAND INDUSTRIES INC,STK,Apparel,"Consumer, Cyclical",Apparel Manufacturers,COMMON,true,LAKE
271042,KTCC,USD,NASDAQ,US,KEY TRONIC CORP,STK,Computers,Technology,Computers-Peripher Equip,COMMON,true,KTCC
4814075,KVHI,USD,NASDAQ,US,KVH INDUSTRIES INC,STK,Telecommunications,Communications,Satellite Telecom,COMMON,true,KVHI
4814179,LECO,USD,NASDAQ,US,LINCOLN ELECTRIC HOLDINGS,STK,Hand/Machine Tools,Industrial,Mach Tools&amp;Rel Products,COMMON,true,LECO
271184,LFUS,USD,NASDAQ,US,LITTELFUSE INC,STK,Electrical Compo&amp;Equip,Industrial,Electric Products-Misc,COMMON,true,LFUS
4814278,LKFN,USD,NASDAQ,US,LAKELAND FINANCIAL CORP,STK,Banks,Financial,Commer Banks-Central US,COMMON,true,LKFN
4814301,LFCR,USD,NASDAQ,US,LIFECORE BIOMEDICAL INC,STK,Commercial Services,"Consumer, Non-cyclical",Research&amp;Development,COMMON,true,LFCR
4814342,LPTH,USD,NASDAQ,US,LIGHTPATH TECHNOLOGIES INC-A,STK,Telecommunications,Communications,Telecom Eq Fiber Optics,COMMON,true,LPTH
271320,LSCC,USD,NASDAQ,US,LATTICE SEMICONDUCTOR CORP,STK,Semiconductors,Technology,Electronic Compo-Semicon,COMMON,true,LSCC
271344,LSTR,USD,NASDAQ,US,LANDSTAR SYSTEM INC,STK,Transportation,Industrial,Transport-Truck,COMMON,true,LSTR
12889225,NHTC,USD,NASDAQ,US,NATURAL HEALTH TRENDS CORP,STK,Pharmaceuticals,"Consumer, Non-cyclical",Vitamins&amp;Nutrition Prod,COMMON,true,NHTC
4814413,LWAY,USD,NASDAQ,US,LIFEWAY FOODS INC,STK,Food,"Consumer, Non-cyclical",Food-Dairy Products,COMMON,false,LWAY
271419,LYTS,USD,NASDAQ,US,LSI INDUSTRIES INC,STK,Building Materials,Industrial,Bldg Prod-Light Fixtures,COMMON,true,LYTS
4814485,MANH,USD,NASDAQ,US,MANHATTAN ASSOCIATES INC,STK,Software,Technology,Enterprise Software/Serv,COMMON,true,MANH
4814508,MARPS,USD,NASDAQ,US,MARINE PETROLEUM TRUST,STK,Oil&amp;Gas,Energy,Oil-US Royalty Trusts,ROYALTY TRST,false,MARPS
271503,MATW,USD,NASDAQ,US,MATTHEWS INTL CORP-CLASS A,STK,Commercial Services,"Consumer, Non-cyclical",Funeral Serv&amp;Rel Items,COMMON,true,MATW
4814543,MAYS,USD,NASDAQ,US,MAYS (J.W.) INC,STK,Real Estate,Financial,Real Estate Oper/Develop,COMMON,false,MAYS
271568,MCHP,USD,NASDAQ,US,MICROCHIP TECHNOLOGY INC,STK,Semiconductors,Technology,Electronic Compo-Semicon,COMMON,true,MCHP
271593,MCRI,USD,NASDAQ,US,MONARCH CASINO & RESORT INC,STK,Entertainment,"Consumer, Cyclical",Gambling (Non-Hotel),COMMON,true,MCRI
271652,MGEE,USD,NASDAQ,US,MGE ENERGY INC,STK,Electric,Utilities,Electric-Integrated,COMMON,true,MGEE
276278,MEOH,USD,NASDAQ,US,METHANEX CORP,STK,Chemicals,Basic Materials,Chemicals-Specialty,COMMON,true,MEOH
271712,MERC,USD,NASDAQ,US,MERCER INTERNATIONAL INC,STK,Forest Products&amp;Paper,Basic Materials,Paper&amp;Related Products,COMMON,true,MERC
271779,MGRC,USD,NASDAQ,US,MCGRATH RENTCORP,STK,Real Estate,Financial,Real Estate Oper/Develop,COMMON,true,MGRC
4814876,MIDD,USD,NASDAQ,US,MIDDLEBY CORP,STK,Machinery-Diversified,Industrial,Machinery-General Indust,COMMON,true,MIDD
4814936,MITK,USD,NASDAQ,US,MITEK SYSTEMS INC,STK,Computers,Technology,Computers-Peripher Equip,COMMON,true,MITK
4814955,MKSI,USD,NASDAQ,US,MKS INC,STK,Semiconductors,Technology,Semiconductor Equipment,COMMON,true,MKSI
4814960,MLAB,USD,NASDAQ,US,MESA LABORATORIES INC,STK,Electronics,Industrial,Electronic Measur Instr,COMMON,false,MLAB
271862,MLKN,USD,NASDAQ,US,MILLERKNOLL INC,STK,Home Furnishings,"Consumer, Cyclical",Home Furnishings,COMMON,true,MLKN
271911,MMSI,USD,NASDAQ,US,MERIT MEDICAL SYSTEMS INC,STK,Healthcare-Products,"Consumer, Non-cyclical",Disposable Medical Prod,COMMON,true,MMSI
271929,MNRO,USD,NASDAQ,US,MONRO INC,STK,Commercial Services,"Consumer, Non-cyclical",Auto Repair Centers,COMMON,true,MNRO
272052,MRTN,USD,NASDAQ,US,MARTEN TRANSPORT LTD,STK,Transportation,Industrial,Transport-Truck,COMMON,true,MRTN
4815101,MRCY,USD,NASDAQ,US,MERCURY SYSTEMS INC,STK,Aerospace/Defense,Industrial,Electronics-Military,COMMON,true,MRCY
272110,MSTR,USD,NASDAQ,US,STRATEGY INC,STK,Software,Technology,Enterprise Software/Serv,COMMON,true,MSTR
272088,MSEX,USD,NASDAQ,US,MIDDLESEX WATER CO,STK,Water,Utilities,Water,COMMON,true,MSEX
272093,MSFT,USD,NASDAQ,US,MICROSOFT CORP,STK,Software,Technology,Applications Software,COMMON,true,MSFT
272144,MTRX,USD,NASDAQ,US,MATRIX SERVICE CO,STK,Oil&amp;Gas Services,Energy,Oil-Field Services,COMMON,true,MTRX
272249,NATH,USD,NASDAQ,US,NATHAN'S FAMOUS INC,STK,Food,"Consumer, Non-cyclical",Food-Meat Products,COMMON,false,NATH
272252,NATR,USD,NASDAQ,US,NATURES SUNSHINE PRODS INC,STK,Pharmaceuticals,"Consumer, Non-cyclical",Vitamins&amp;Nutrition Prod,COMMON,true,NATR
4646771,MYGN,USD,NASDAQ,US,MYRIAD GENETICS INC,STK,Biotechnology,"Consumer, Non-cyclical",Medical-Biomedical/Gene,COMMON,true,MYGN
4815311,NAII,USD,NASDAQ,US,NATURAL ALTERNATIVES INTL,STK,Pharmaceuticals,"Consumer, Non-cyclical",Vitamins&amp;Nutrition Prod,COMMON,false,NAII
4815323,SLSN,USD,NASDAQ,US,SOLESENCE INC,STK,Cosmetics/Personal Care,"Consumer, Non-cyclical",Cosmetics&amp;Toiletries,COMMON,false,SLSN
4815347,NBIX,USD,NASDAQ,US,NEUROCRINE BIOSCIENCES INC,STK,Pharmaceuticals,"Consumer, Non-cyclical",Therapeutics,COMMON,true,NBIX
3655745,NBTB,USD,NASDAQ,US,N B T BANCORP INC,STK,Banks,Financial,Commer Banks-Eastern US,COMMON,true,NBTB
272314,NDSN,USD,NASDAQ,US,NORDSON CORP,STK,Machinery-Diversified,Industrial,Machinery-General Indust,COMMON,true,NDSN
272327,NEOG,USD,NASDAQ,US,NEOGEN CORP,STK,Healthcare-Products,"Consumer, Non-cyclical",Diagnostic Equipment,COMMON,true,NEOG
272425,NNBR,USD,NASDAQ,US,NN INC,STK,Metal Fabricate/Hardware,Industrial,Metal Processors&amp;Fabrica,COMMON,true,NNBR
272488,NRIM,USD,NASDAQ,US,NORTHRIM BANCORP INC,STK,Banks,Financial,Commer Banks-Western US,COMMON,false,NRIM
4431267,NSIT,USD,NASDAQ,US,INSIGHT ENTERPRISES INC,STK,Computers,Technology,Computer Services,COMMON,true,NSIT
272565,NTRS,USD,NASDAQ,US,NORTHERN TRUST CORP,STK,Banks,Financial,Fiduciary Banks,COMMON,true,NTRS
272545,NSSC,USD,NASDAQ,US,NAPCO SECURITY TECHNOLOGIES,STK,Electronics,Industrial,Electronic Secur Devices,COMMON,true,NSSC
4815677,NSYS,USD,NASDAQ,US,NORTECH SYSTEMS INC,STK,Electrical Compo&amp;Equip,Industrial,Wire&amp;Cable Products,COMMON,false,NSYS
4815747,NVDA,USD,NASDAQ,US,NVIDIA CORP,STK,Semiconductors,Technology,Electronic Compo-Semicon,COMMON,true,NVDA
4815790,NWFL,USD,NASDAQ,US,NORWOOD FINANCIAL CORP,STK,Banks,Financial,Commer Banks-Eastern US,COMMON,false,NWFL
4815797,NWPX,USD,NASDAQ,US,NWPX INFRASTRUCTURE INC,STK,Building Materials,Industrial,Bldg&amp;Construct Prod-Misc,COMMON,true,NWPX
272667,ODFL,USD,NASDAQ,US,OLD DOMINION FREIGHT LINE,STK,Transportation,Industrial,Transport-Truck,COMMON,true,ODFL
272708,ONB,USD,NASDAQ,US,OLD NATIONAL BANCORP,STK,Banks,Financial,Commer Banks-Central US,COMMON,true,ONB
4815867,OCC,USD,NASDAQ,US,OPTICAL CABLE CORP,STK,Telecommunications,Communications,Telecom Eq Fiber Optics,COMMON,false,OCC
3655782,OCFC,USD,NASDAQ,US,OCEANFIRST FINANCIAL CORP,STK,Savings&amp;Loans,Financial,S&amp;L/Thrifts-Eastern US,COMMON,true,OCFC
3655785,OSBC,USD,NASDAQ,US,OLD SECOND BANCORP INC,STK,Banks,Financial,Commer Banks-Central US,COMMON,true,OSBC
4816115,OSIS,USD,NASDAQ,US,OSI SYSTEMS INC,STK,Electronics,Industrial,Electronic Compo-Misc,COMMON,true,OSIS
4816130,OTEX,USD,NASDAQ,US,OPEN TEXT CORP,STK,Software,Technology,Enterprise Software/Serv,COMMON,true,OTEX
272861,OTTR,USD,NASDAQ,US,OTTER TAIL CORP,STK,Electric,Utilities,Electric-Integrated,COMMON,true,OTTR
4816150,OVBC,USD,NASDAQ,US,OHIO VALLEY BANC CORP,STK,Banks,Financial,Commer Banks-Central US,COMMON,false,OVBC
4816201,OLED,USD,NASDAQ,US,UNIVERSAL DISPLAY CORP,STK,Electrical Compo&amp;Equip,Industrial,Lighting Products&amp;Sys,COMMON,true,OLED
272992,PCAR,USD,NASDAQ,US,PACCAR INC,STK,Auto Manufacturers,"Consumer, Cyclical",Auto-Med&amp;Heavy Duty Trks,COMMON,true,PCAR
4816283,CNXN,USD,NASDAQ,US,PC CONNECTION INC,STK,Retail,"Consumer, Cyclical",Retail-Computer Equip,COMMON,true,CNXN
272925,PATK,USD,NASDAQ,US,PATRICK INDUSTRIES INC,STK,Leisure Time,"Consumer, Cyclical",Recreational Vehicles,COMMON,true,PATK
272942,PAYX,USD,NASDAQ,US,PAYCHEX INC,STK,Software,Technology,Data Processing/Mgmt,COMMON,true,PAYX
4816381,PEBK,USD,NASDAQ,US,PEOPLES BANCORP OF NC,STK,Banks,Financial,Commer Banks-Southern US,COMMON,false,PEBK
3655799,PEBO,USD,NASDAQ,US,PEOPLES BANCORP INC,STK,Banks,Financial,Commer Banks-Central US,COMMON,true,PEBO
4816398,PEGA,USD,NASDAQ,US,PEGASYSTEMS INC,STK,Software,Technology,Enterprise Software/Serv,COMMON,true,PEGA
4816415,PENN,USD,NASDAQ,US,PENN ENTERTAINMENT INC,STK,Entertainment,"Consumer, Cyclical",Racetracks,COMMON,true,PENN
4816589,SGRP,USD,NASDAQ,US,SPAR GROUP INC,STK,Commercial Services,"Consumer, Non-cyclical",Commercial Services,COMMON,false,SGRP
273139,AGYS,USD,NASDAQ,US,AGILYSYS INC,STK,Software,Technology,Applications Software,COMMON,true,AGYS
273148,PKOH,USD,NASDAQ,US,PARK-OHIO HOLDINGS CORP,STK,Metal Fabricate/Hardware,Industrial,Metal Processors&amp;Fabrica,COMMON,true,PKOH
273165,PLAB,USD,NASDAQ,US,PHOTRONICS INC,STK,Semiconductors,Technology,Electronic Compo-Semicon,COMMON,true,PLAB
4816645,PLCE,USD,NASDAQ,US,CHILDREN'S PLACE INC/THE,STK,Retail,"Consumer, Cyclical",Retail-Apparel/Shoe,COMMON,true,PLCE
273204,PLXS,USD,NASDAQ,US,PLEXUS CORP,STK,Electronics,Industrial,Electronic Compo-Misc,COMMON,true,PLXS
4816745,PNRG,USD,NASDAQ,US,PRIMEENERGY RESOURCES CORP,STK,Oil&amp;Gas,Energy,Oil Comp-Explor&amp;Prodtn,COMMON,false,PNRG
4816793,POWI,USD,NASDAQ,US,POWER INTEGRATIONS INC,STK,Semiconductors,Technology,Semicon Compo-Intg Circu,COMMON,true,POWI
273290,POWL,USD,NASDAQ,US,POWELL INDUSTRIES INC,STK,Electrical Compo&amp;Equip,Industrial,Power Conv/Supply Equip,COMMON,true,POWL
273365,PRGS,USD,NASDAQ,US,PROGRESS SOFTWARE CORP,STK,Software,Technology,Enterprise Software/Serv,COMMON,true,PRGS
4816890,PROV,USD,NASDAQ,US,PROVIDENT FINANCIAL HLDGS,STK,Savings&amp;Loans,Financial,S&amp;L/Thrifts-Western US,COMMON,false,PROV
4816971,PSMT,USD,NASDAQ,US,PRICESMART INC,STK,Retail,"Consumer, Cyclical",Retail-Misc/Diversified,COMMON,true,PSMT
4817001,PTEN,USD,NASDAQ,US,PATTERSON-UTI ENERGY INC,STK,Oil&amp;Gas,Energy,Oil&amp;Gas Drilling,COMMON,true,PTEN
273493,PAMT,USD,NASDAQ,US,PAMT CORP,STK,Transportation,Industrial,Transport-Truck,COMMON,false,PAMT
273538,PZZA,USD,NASDAQ,US,PAPA JOHN'S INTL INC,STK,Retail,"Consumer, Cyclical",Retail-Restaurants,COMMON,true,PZZA
4817117,QCRH,USD,NASDAQ,US,QCR HOLDINGS INC,STK,Banks,Financial,Commer Banks-Central US,COMMON,true,QCRH
273544,QCOM,USD,NASDAQ,US,QUALCOMM INC,STK,Semiconductors,Technology,Semicon Compo-Intg Circu,COMMON,true,QCOM
1448559,UPBD,USD,NASDAQ,US,UPBOUND GROUP INC,STK,Commercial Services,"Consumer, Non-cyclical",Rental Auto/Equipment,COMMON,true,UPBD
4817283,RCMT,USD,NASDAQ,US,RCM TECHNOLOGIES INC,STK,Commercial Services,"Consumer, Non-cyclical",Human Resources,COMMON,false,RCMT
4817246,RBCAA,USD,NASDAQ,US,REPUBLIC BANCORP INC-CLASS A,STK,Banks,Financial,Commer Banks-Southern US,COMMON,true,RBCAA
4817309,REFR,USD,NASDAQ,US,RESEARCH FRONTIERS INC,STK,Building Materials,Industrial,Bldg Prod-Light Fixtures,COMMON,true,REFR
273733,REGN,USD,NASDAQ,US,REGENERON PHARMACEUTICALS,STK,Biotechnology,"Consumer, Non-cyclical",Medical-Biomedical/Gene,COMMON,true,REGN
273748,RELL,USD,NASDAQ,US,RICHARDSON ELEC LTD,STK,Semiconductors,Technology,Semiconductor Equipment,COMMON,true,RELL
4817381,RFIL,USD,NASDAQ,US,RF INDUSTRIES LTD,STK,Telecommunications,Communications,Telecommunication Equip,COMMON,true,RFIL
4817391,RGCO,USD,NASDAQ,US,RGC RESOURCES INC,STK,Gas,Utilities,Gas-Distribution,COMMON,true,RGCO
273816,RGEN,USD,NASDAQ,US,REPLIGEN CORP,STK,Healthcare-Products,"Consumer, Non-cyclical",Diagnostic Equipment,COMMON,true,RGEN
4817403,RGLD,USD,NASDAQ,US,ROYAL GOLD INC,STK,Mining,Basic Materials,Gold Mining,COMMON,true,RGLD
273915,ROCK,USD,NASDAQ,US,GIBRALTAR INDUSTRIES INC,STK,Building Materials,Industrial,Bldg&amp;Construct Prod-Misc,COMMON,true,ROCK
273939,ROST,USD,NASDAQ,US,ROSS STORES INC,STK,Retail,"Consumer, Cyclical",Retail-Apparel/Shoe,COMMON,true,ROST
4817638,RUSHB,USD,NASDAQ,US,RUSH ENTERPRISES INC - CL B,STK,Distribution/Wholesale,"Consumer, Cyclical",Distribution/Wholesale,COMMON,false,RUSHB
4817655,RVSB,USD,NASDAQ,US,RIVERVIEW BANCORP INC,STK,Savings&amp;Loans,Financial,S&amp;L/Thrifts-Western US,COMMON,true,RVSB
4031477,RMBS,USD,NASDAQ,US,RAMBUS INC,STK,Semiconductors,Technology,Electronic Compo-Semicon,COMMON,true,RMBS
274128,SCHL,USD,NASDAQ,US,SCHOLASTIC CORP,STK,Media,Communications,Publishing-Books,COMMON,true,SCHL
274105,SBUX,USD,NASDAQ,US,STARBUCKS CORP,STK,Retail,"Consumer, Cyclical",Retail-Restaurants,COMMON,true,SBUX
4817876,SCSC,USD,NASDAQ,US,SCANSOURCE INC,STK,Distribution/Wholesale,"Consumer, Cyclical",Distribution/Wholesale,COMMON,true,SCSC
4817934,SENEA,USD,NASDAQ,US,SENECA FOODS CORP - CL A,STK,Food,"Consumer, Non-cyclical",Food-Canned,COMMON,false,SENEA
4817936,SENEB,USD,NASDAQ,US,SENECA FOODS CORP - CL B,STK,Food,"Consumer, Non-cyclical",Food-Canned,COMMON,false,SENEB
274224,SEIC,USD,NASDAQ,US,SEI INVESTMENTS COMPANY,STK,Diversified Finan Serv,Financial,Finance-Other Services,COMMON,true,SEIC
274179,SCVL,USD,NASDAQ,US,SHOE CARNIVAL INC,STK,Retail,"Consumer, Cyclical",Retail-Apparel/Shoe,COMMON,true,SCVL
274268,SFNC,USD,NASDAQ,US,SIMMONS FIRST NATL CORP-CL A,STK,Banks,Financial,Commer Banks-Southern US,COMMON,true,SFNC
4818014,SIGA,USD,NASDAQ,US,SIGA TECHNOLOGIES INC,STK,Pharmaceuticals,"Consumer, Non-cyclical",Medical-Drugs,COMMON,true,SIGA
4818051,SHOO,USD,NASDAQ,US,STEVEN MADDEN LTD,STK,Apparel,"Consumer, Cyclical",Footwear&amp;Related Apparel,COMMON,true,SHOO
4818072,SIEB,USD,NASDAQ,US,SIEBERT FINANCIAL CORP,STK,Diversified Finan Serv,Financial,Finance-Invest Bnkr/Brkr,COMMON,true,SIEB
274359,SIGI,USD,NASDAQ,US,SELECTIVE INSURANCE GROUP,STK,Insurance,Financial,Property/Casualty Ins,COMMON,true,SIGI
4818091,SILC,USD,NASDAQ,US,SILICOM LTD,STK,Telecommunications,Communications,Networking Products,COMMON,false,SILC
274408,SKYW,USD,NASDAQ,US,SKYWEST INC,STK,Airlines,"Consumer, Cyclical",Airlines,COMMON,true,SKYW
4818227,SMBC,USD,NASDAQ,US,SOUTHERN MISSOURI BANCORP,STK,Savings&amp;Loans,Financial,S&amp;L/Thrifts-Central US,COMMON,true,SMBC
3655896,SMTC,USD,NASDAQ,US,SEMTECH CORP,STK,Semiconductors,Technology,Electronic Compo-Semicon,COMMON,true,SMTC
274491,SNFCA,USD,NASDAQ,US,SECURITY NATL FINL CORP-CL A,STK,Diversified Finan Serv,Financial,Finance-Mtge Loan/Banker,COMMON,false,SNFCA
274499,SNPS,USD,NASDAQ,US,SYNOPSYS INC,STK,Software,Technology,Computer Aided Design,COMMON,true,SNPS
274628,SRCE,USD,NASDAQ,US,1ST SOURCE CORP,STK,Banks,Financial,Commer Banks-Central US,COMMON,true,SRCE
274668,STAA,USD,NASDAQ,US,STAAR SURGICAL CO,STK,Healthcare-Products,"Consumer, Non-cyclical",Optical Supplies,COMMON,true,STAA
3655905,STBA,USD,NASDAQ,US,S & T BANCORP INC,STK,Banks,Financial,Commer Banks-Eastern US,COMMON,true,STBA
274940,ACNT,USD,NASDAQ,US,ASCENT INDUSTRIES CO,STK,Metal Fabricate/Hardware,Industrial,Metal Products-Distrib,COMMON,true,ACNT
3655925,TCBK,USD,NASDAQ,US,TRICO BANCSHARES,STK,Banks,Financial,Commer Banks-Western US,COMMON,true,TCBK
275294,TRMB,USD,NASDAQ,US,TRIMBLE INC,STK,Electronics,Industrial,Electronic Measur Instr,COMMON,true,TRMB
275298,TRMK,USD,NASDAQ,US,TRUSTMARK CORP,STK,Banks,Financial,Commer Banks-Southern US,COMMON,true,TRMK
275309,TRNS,USD,NASDAQ,US,TRANSCAT INC,STK,Commercial Services,"Consumer, Non-cyclical",Commercial Services,COMMON,true,TRNS
275321,TROW,USD,NASDAQ,US,T ROWE PRICE GROUP INC,STK,Diversified Finan Serv,Financial,Invest Mgmnt/Advis Serv,COMMON,true,TROW
275411,ASRV,USD,NASDAQ,US,AMERISERV FINANCIAL INC,STK,Banks,Financial,Commer Banks-Eastern US,COMMON,true,ASRV
275474,ULBI,USD,NASDAQ,US,ULTRALIFE CORP,STK,Electrical Compo&amp;Equip,Industrial,Electric Products-Misc,COMMON,false,ULBI
275480,UMBF,USD,NASDAQ,US,UMB FINANCIAL CORP,STK,Banks,Financial,Commer Banks-Central US,COMMON,true,UMBF
275424,UBSI,USD,NASDAQ,US,UNITED BANKSHARES INC,STK,Banks,Financial,Commer Banks-Southern US,COMMON,true,UBSI
275441,UEIC,USD,NASDAQ,US,UNIVERSAL ELECTRONICS INC,STK,Home Furnishings,"Consumer, Cyclical",Audio/Video Products,COMMON,true,UEIC
275527,URBN,USD,NASDAQ,US,URBAN OUTFITTERS INC,STK,Retail,"Consumer, Cyclical",Retail-Apparel/Shoe,COMMON,true,URBN
275708,VECO,USD,NASDAQ,US,VEECO INSTRUMENTS INC,STK,Semiconductors,Technology,Semiconductor Equipment,COMMON,true,VECO
4173050,VRSN,USD,NASDAQ,US,VERISIGN INC,STK,Internet,Communications,Web Hosting/Design,COMMON,true,VRSN
275850,VRTX,USD,NASDAQ,US,VERTEX PHARMACEUTICALS INC,STK,Biotechnology,"Consumer, Non-cyclical",Medical-Biomedical/Gene,COMMON,true,VRTX
275759,VICR,USD,NASDAQ,US,VICOR CORP,STK,Electronics,Industrial,Electronic Compo-Misc,COMMON,true,VICR
275799,VLGEA,USD,NASDAQ,US,VILLAGE SUPER MARKET-CLASS A,STK,Food,"Consumer, Non-cyclical",Food-Retail,COMMON,false,VLGEA
275891,WABC,USD,NASDAQ,US,WESTAMERICA BANCORPORATION,STK,Banks,Financial,Commer Banks-Western US,COMMON,true,WABC
275918,WASH,USD,NASDAQ,US,WASHINGTON TRUST BANCORP,STK,Banks,Financial,Commer Banks-Eastern US,COMMON,true,WASH
275920,TTEK,USD,NASDAQ,US,TETRA TECH INC,STK,Environmental Control,Industrial,Environ Consulting&amp;Eng,COMMON,true,TTEK
276125,WRLD,USD,NASDAQ,US,WORLD ACCEPTANCE CORP,STK,Diversified Finan Serv,Financial,Finance-Consumer Loans,COMMON,false,WRLD
276139,WSBC,USD,NASDAQ,US,WESBANCO INC,STK,Banks,Financial,Commer Banks-Southern US,COMMON,true,WSBC
276154,WSFS,USD,NASDAQ,US,WSFS FINANCIAL CORP,STK,Savings&amp;Loans,Financial,S&amp;L/Thrifts-Eastern US,COMMON,true,WSFS
275984,WDFC,USD,NASDAQ,US,WD-40 CO,STK,Household Products/Wares,"Consumer, Non-cyclical",Consumer Products-Misc,COMMON,true,WDFC
276009,WERN,USD,NASDAQ,US,WERNER ENTERPRISES INC,STK,Transportation,Industrial,Transport-Truck,COMMON,true,WERN
276018,WEYS,USD,NASDAQ,US,WEYCO GROUP INC,STK,Apparel,"Consumer, Cyclical",Footwear&amp;Related Apparel,COMMON,false,WEYS
276037,WAFD,USD,NASDAQ,US,WAFD INC,STK,Savings&amp;Loans,Financial,S&amp;L/Thrifts-Western US,COMMON,true,WAFD
4725336,WILC,USD,NASDAQ,US,G. WILLI-FOOD INTERNATIONAL,STK,Food,"Consumer, Non-cyclical",Food-Wholesale/Distrib,COMMON,false,WILC
276304,ZBRA,USD,NASDAQ,US,ZEBRA TECHNOLOGIES CORP-CL A,STK,Office/Business Equip,Technology,Office Automation&amp;Equip,COMMON,true,ZBRA
276329,ZION,USD,NASDAQ,US,ZIONS BANCORP NA,STK,Banks,Financial,Commer Banks-Western US,COMMON,true,ZION
764577,BCPC,USD,NASDAQ,US,BALCHEM CORP,STK,Chemicals,Basic Materials,Chemicals-Specialty,COMMON,true,BCPC
754270,CVBF,USD,NASDAQ,US,CVB FINANCIAL CORP,STK,Banks,Financial,Commer Banks-Western US,COMMON,true,CVBF
754352,DIOD,USD,NASDAQ,US,DIODES INC,STK,Semiconductors,Technology,Electronic Compo-Semicon,COMMON,true,DIOD
754452,DXR,USD,NASDAQ,US,DAXOR CORP,STK,Healthcare-Products,"Consumer, Non-cyclical",Diagnostic Equipment,COMMON,false,DXR
754540,EML,USD,NASDAQ,US,EASTERN CO/THE,STK,Metal Fabricate/Hardware,Industrial,Metal Products-Fasteners,COMMON,false,EML
754672,FEIM,USD,NASDAQ,US,FREQUENCY ELECTRONICS INC,STK,Telecommunications,Communications,Wireless Equipment,COMMON,true,FEIM
2016423,FIZZ,USD,NASDAQ,US,NATIONAL BEVERAGE CORP,STK,Beverages,"Consumer, Non-cyclical",Beverages-Non-alcoholic,COMMON,true,FIZZ
754740,FRD,USD,NASDAQ,US,FRIEDMAN INDUSTRIES,STK,Iron/Steel,Basic Materials,Steel-Producers,COMMON,false,FRD
755858,NTIC,USD,NASDAQ,US,NORTHERN TECHNOLOGIES INTL,STK,Chemicals,Basic Materials,Chemicals-Other,COMMON,false,NTIC
756607,SGC,USD,NASDAQ,US,SUPERIOR GROUP OF COS INC,STK,Apparel,"Consumer, Cyclical",Apparel Manufacturers,COMMON,true,SGC
756662,HTO,USD,NASDAQ,US,H2O AMERICA,STK,Water,Utilities,Water,COMMON,true,HTO
757663,UG,USD,NASDAQ,US,UNITED GUARDIAN INC,STK,Healthcare-Products,"Consumer, Non-cyclical",Medical Products,COMMON,false,UG
758039,VIRC,USD,NASDAQ,US,VIRCO MFG CORPORATION,STK,Office Furnishings,"Consumer, Cyclical",Office Furnishings-Orig,COMMON,true,VIRC
6196030,FLWS,USD,NASDAQ,US,1-800-FLOWERS.COM INC-CL A,STK,Internet,Communications,E-Commerce/Products,COMMON,true,FLWS
6196995,RDWR,USD,NASDAQ,US,RADWARE LTD,STK,Software,Technology,Computer Software,COMMON,true,RDWR
6220356,AKAM,USD,NASDAQ,US,AKAMAI TECHNOLOGIES INC,STK,Software,Technology,Computer Software,COMMON,true,AKAM
6248713,FFIV,USD,NASDAQ,US,F5 INC,STK,Internet,Communications,Internet Infrastr Sftwr,COMMON,true,FFIV
6278574,IMMR,USD,NASDAQ,US,IMMERSION CORP,STK,Software,Technology,Applications Software,COMMON,true,IMMR
6324655,AUDC,USD,NASDAQ,US,AUDIOCODES LTD,STK,Telecommunications,Communications,Telecommunication Equip,COMMON,true,AUDC
6477825,JACK,USD,NASDAQ,US,JACK IN THE BOX INC,STK,Retail,"Consumer, Cyclical",Retail-Restaurants,COMMON,true,JACK
6477893,MFIN,USD,NASDAQ,US,MEDALLION FINANCIAL CORP,STK,Diversified Finan Serv,Financial,Finance-Consumer Loans,COMMON,true,MFIN
6477961,NICE,USD,NASDAQ,US,NICE LTD - SPON ADR,STK,Software,Technology,Computer Software,ADR,true,NICE
6478095,STLD,USD,NASDAQ,US,STEEL DYNAMICS INC,STK,Iron/Steel,Basic Materials,Steel-Producers,COMMON,true,STLD
6478131,TTWO,USD,NASDAQ,US,TAKE-TWO INTERACTIVE SOFTWRE,STK,Software,Technology,Entertainment Software,COMMON,true,TTWO
6478295,HELE,USD,NASDAQ,US,HELEN OF TROY LTD,STK,Household Products/Wares,"Consumer, Non-cyclical",Consumer Products-Misc,COMMON,true,HELE
6478301,TIGO,USD,NASDAQ,US,MILLICOM INTL CELLULAR S.A.,STK,Telecommunications,Communications,Cellular Telecom,COMMON,true,TIGO
6478305,ESLT,USD,NASDAQ,US,ELBIT SYSTEMS LTD,STK,Aerospace/Defense,Industrial,Aerospace/Defense-Equip,COMMON,true,ESLT
6525392,CPHC,USD,NASDAQ,US,CANTERBURY PARK HOLDING CORP,STK,Entertainment,"Consumer, Cyclical",Gambling (Non-Hotel),COMMON,false,CPHC
6525674,NTCT,USD,NASDAQ,US,NETSCOUT SYSTEMS INC,STK,Computers,Technology,Computers-Integrated Sys,COMMON,true,NTCT
6542372,BSRR,USD,NASDAQ,US,SIERRA BANCORP,STK,Banks,Financial,Commer Banks-Western US,COMMON,true,BSRR
6552159,DSWL,USD,NASDAQ,US,DESWELL INDUSTRIES INC,STK,Electronics,Industrial,Electronic Compo-Misc,COMMON,false,DSWL
6604316,CAC,USD,NASDAQ,US,CAMDEN NATIONAL CORP,STK,Banks,Financial,Commer Banks-Eastern US,COMMON,true,CAC
4725203,TATT,USD,NASDAQ,US,TAT TECHNOLOGIES LTD,STK,Aerospace/Defense,Industrial,Aerospace/Defense-Equip,COMMON,false,TATT
6604776,MPB,USD,NASDAQ,US,MID PENN BANCORP INC,STK,Banks,Financial,Commer Banks-Eastern US,COMMON,true,MPB
6608417,PAA,USD,NASDAQ,US,PLAINS ALL AMER PIPELINE LP,STK,Pipelines,Energy,Pipelines,MLP,true,PAA
6726677,CSGP,USD,NASDAQ,US,COSTAR GROUP INC,STK,Real Estate,Financial,Real Estate Mgmnt/Servic,COMMON,true,CSGP
6732549,EGBN,USD,NASDAQ,US,EAGLE BANCORP INC,STK,Banks,Financial,Commer Banks-Eastern US,COMMON,true,EGBN
6746172,UBCP,USD,NASDAQ,US,UNITED BANCORP INC/OHIO,STK,Banks,Financial,Commer Banks-Central US,COMMON,false,UBCP
6746220,UFPT,USD,NASDAQ,US,UFP TECHNOLOGIES INC,STK,Healthcare-Products,"Consumer, Non-cyclical",Disposable Medical Prod,COMMON,true,UFPT
6746322,USLM,USD,NASDAQ,US,UNITED STATES LIME & MINERAL,STK,Mining,Basic Materials,Diversified Minerals,COMMON,true,USLM
6746357,UTHR,USD,NASDAQ,US,UNITED THERAPEUTICS CORP,STK,Biotechnology,"Consumer, Non-cyclical",Medical-Biomedical/Gene,COMMON,true,UTHR
6746409,VALU,USD,NASDAQ,US,VALUE LINE INC,STK,Media,Communications,Publishing-Periodicals,COMMON,false,VALU
6746554,VSAT,USD,NASDAQ,US,VIASAT INC,STK,Telecommunications,Communications,Satellite Telecom,COMMON,true,VSAT
6746559,VSEC,USD,NASDAQ,US,VSE CORP,STK,Distribution/Wholesale,"Consumer, Cyclical",Distribution/Wholesale,COMMON,true,VSEC
6746676,MBWM,USD,NASDAQ,US,MERCANTILE BANK CORP,STK,Banks,Financial,Commer Banks-Central US,COMMON,true,MBWM
6746697,NKSH,USD,NASDAQ,US,NATIONAL BANKSHARES INC/VA,STK,Banks,Financial,Commer Banks-Southern US,COMMON,false,NKSH
6761526,WVVI,USD,NASDAQ,US,WILLAMETTE VALLEY VINEYARDS,STK,Beverages,"Consumer, Non-cyclical",Beverages-Wine/Spirits,COMMON,false,WVVI
6761537,WLFC,USD,NASDAQ,US,WILLIS LEASE FINANCE CORP,STK,Trucking&amp;Leasing,Industrial,Transport-Equip&amp;Leasng,COMMON,false,WLFC
6761567,WTFC,USD,NASDAQ,US,WINTRUST FINANCIAL CORP,STK,Banks,Financial,Commer Banks-Central US,COMMON,true,WTFC
6761574,WWD,USD,NASDAQ,US,WOODWARD INC,STK,Electronics,Industrial,Instruments-Controls,COMMON,true,WWD
6857418,ARLP,USD,NASDAQ,US,ALLIANCE RESOURCE PARTNERS,STK,Coal,Energy,Coal,MLP,true,ARLP
6857425,ASYS,USD,NASDAQ,US,AMTECH SYSTEMS INC,STK,Semiconductors,Technology,Semiconductor Equipment,COMMON,true,ASYS
6857565,FISI,USD,NASDAQ,US,FINANCIAL INSTITUTIONS INC,STK,Banks,Financial,Commer Banks-Eastern US,COMMON,true,FISI
6857447,BMRN,USD,NASDAQ,US,BIOMARIN PHARMACEUTICAL INC,STK,Biotechnology,"Consumer, Non-cyclical",Medical-Biomedical/Gene,COMMON,true,BMRN
6857699,IPAR,USD,NASDAQ,US,INTERPARFUMS INC,STK,Cosmetics/Personal Care,"Consumer, Non-cyclical",Cosmetics&amp;Toiletries,COMMON,true,IPAR
6857779,PLUS,USD,NASDAQ,US,EPLUS INC,STK,Internet,Communications,B2B/E-Commerce,COMMON,true,PLUS
6858136,SYPR,USD,NASDAQ,US,SYPRIS SOLUTIONS INC,STK,Auto Manufacturers,"Consumer, Cyclical",Auto-Med&amp;Heavy Duty Trks,COMMON,true,SYPR
6858145,TACT,USD,NASDAQ,US,TRANSACT TECHNOLOGIES INC,STK,Computers,Technology,Computers-Integrated Sys,COMMON,true,TACT
6858068,STRS,USD,NASDAQ,US,STRATUS PROPERTIES INC,STK,Real Estate,Financial,Real Estate Oper/Develop,COMMON,false,STRS
6858316,TSBK,USD,NASDAQ,US,TIMBERLAND BANCORP INC,STK,Savings&amp;Loans,Financial,S&amp;L/Thrifts-Western US,COMMON,true,TSBK
6858322,TSCO,USD,NASDAQ,US,TRACTOR SUPPLY COMPANY,STK,Retail,"Consumer, Cyclical",Retail-Gardening Prod,COMMON,true,TSCO
12853287,OMCL,USD,NASDAQ,US,OMNICELL INC,STK,Healthcare-Products,"Consumer, Non-cyclical",Medical Products,COMMON,true,OMCL
12658194,SOXX,USD,NASDAQ,US,ISHARES SEMICONDUCTOR ETF,STK,,,,ETF,true,SOXX
12816273,PDFS,USD,NASDAQ,US,PDF SOLUTIONS INC,STK,Software,Technology,Applications Software,COMMON,true,PDFS
7564604,STRT,USD,NASDAQ,US,STRATTEC SECURITY CORP,STK,Auto Parts&amp;Equipment,"Consumer, Cyclical",Auto/Trk Prts&amp;Equip-Orig,COMMON,false,STRT
7564714,THFF,USD,NASDAQ,US,FIRST FINANCIAL CORP,STK,Banks,Financial,Commer Banks-Central US,COMMON,true,THFF
8027031,SLAB,USD,NASDAQ,US,SILICON LABORATORIES INC,STK,Semiconductors,Technology,Electronic Compo-Semicon,COMMON,true,SLAB
111792216,TSEM,USD,NASDAQ,US,TOWER SEMICONDUCTOR LTD,STK,Semiconductors,Technology,Electronic Compo-Semicon,COMMON,true,TSEM
8088389,EXEL,USD,NASDAQ,US,EXELIXIS INC,STK,Biotechnology,"Consumer, Non-cyclical",Medical-Biomedical/Gene,COMMON,true,EXEL
8088401,HSTM,USD,NASDAQ,US,HEALTHSTREAM INC,STK,Internet,Communications,Internet Content-Info/Ne,COMMON,true,HSTM
8168458,NVMI,USD,NASDAQ,US,NOVA LTD,STK,Semiconductors,Technology,Semiconductor Equipment,COMMON,true,NVMI
8677881,ON,USD,NASDAQ,US,ON SEMICONDUCTOR,STK,Semiconductors,Technology,Electronic Compo-Semicon,COMMON,true,ON
9063285,ISRG,USD,NASDAQ,US,INTUITIVE SURGICAL INC,STK,Healthcare-Products,"Consumer, Non-cyclical",Medical Instruments,COMMON,true,ISRG
9541698,NTES,USD,NASDAQ,US,NETEASE INC-ADR,STK,Software,Technology,Entertainment Software,ADR,true,NTES
9541718,ISSC,USD,NASDAQ,US,INNOVATIVE SOLUTIONS & SUPP,STK,Aerospace/Defense,Industrial,Aerospace/Defense-Equip,COMMON,true,ISSC
9653775,ENTG,USD,NASDAQ,US,ENTEGRIS INC,STK,Semiconductors,Technology,Semiconductor Equipment,COMMON,true,ENTG
9789076,GGAL,USD,NASDAQ,US,GRUPO FINANCIERO GALICIA-ADR,STK,Banks,Financial,Commer Banks Non-US,ADR,true,GGAL
9869443,ILMN,USD,NASDAQ,US,ILLUMINA INC,STK,Biotechnology,"Consumer, Non-cyclical",Medical-Biomedical/Gene,COMMON,true,ILMN
9905742,BRKR,USD,NASDAQ,US,BRUKER CORP,STK,Healthcare-Products,"Consumer, Non-cyclical",Medical Instruments,COMMON,true,BRKR
9969533,CRNT,USD,NASDAQ,US,CERAGON NETWORKS LTD,STK,Telecommunications,Communications,Wireless Equipment,COMMON,true,CRNT
9969538,MNDO,USD,NASDAQ,US,MIND CTI LTD,STK,Software,Technology,Applications Software,COMMON,true,MNDO
9969543,CAMT,USD,NASDAQ,US,CAMTEK LIMITED,STK,Semiconductors,Technology,Semiconductor Equipment,COMMON,true,CAMT
10311716,TTMI,USD,NASDAQ,US,TTM TECHNOLOGIES,STK,Electronics,Industrial,Circuit Boards,COMMON,true,TTMI
10435412,IJT,USD,NASDAQ,US,ISHARES S&P SMALL-CAP 600 GR,STK,,,,ETF,true,IJT
10628209,SHEN,USD,NASDAQ,US,SHENANDOAH TELECOMMUNICATION,STK,Telecommunications,Communications,Telephone-Integrated,COMMON,true,SHEN
10763362,ACGL,USD,NASDAQ,US,ARCH CAPITAL GROUP LTD,STK,Insurance,Financial,Property/Casualty Ins,COMMON,true,ACGL
10753223,IUSG,USD,NASDAQ,US,ISHARES CORE S&P U.S. GROWTH,STK,,,,ETF,true,IUSG
10758520,IUSV,USD,NASDAQ,US,ISHARES CORE S&P U.S. VALUE,STK,,,,ETF,true,IUSV
11068078,RGP,USD,NASDAQ,US,RESOURCES CONNECTION INC,STK,Commercial Services,"Consumer, Non-cyclical",Human Resources,COMMON,true,RGP
11314314,YORW,USD,NASDAQ,US,YORK WATER CO,STK,Water,Utilities,Water,COMMON,true,YORW
11459264,ALGN,USD,NASDAQ,US,ALIGN TECHNOLOGY INC,STK,Healthcare-Products,"Consumer, Non-cyclical",Medical Products,COMMON,true,ALGN
11517520,IBB,USD,NASDAQ,US,ISHARES BIOTECHNOLOGY ETF,STK,,,,ETF,true,IBB
11679650,FCBC,USD,NASDAQ,US,FIRST COMMUNITY BANKSHARES,STK,Banks,Financial,Commer Banks-Southern US,COMMON,true,FCBC
11968320,SHBI,USD,NASDAQ,US,SHORE BANCSHARES INC,STK,Banks,Financial,Commer Banks-Eastern US,COMMON,true,SHBI
13450896,TAYD,USD,NASDAQ,US,TAYLOR DEVICES INC,STK,Machinery-Diversified,Industrial,Machinery-General Indust,COMMON,false,TAYD
13608169,CCRN,USD,NASDAQ,US,CROSS COUNTRY HEALTHCARE INC,STK,Commercial Services,"Consumer, Non-cyclical",Human Resources,COMMON,true,CCRN
13899170,HBNC,USD,NASDAQ,US,HORIZON BANCORP INC/IN,STK,Banks,Financial,Commer Banks-Central US,COMMON,true,HBNC
14486754,PGC,USD,NASDAQ,US,PEAPACK GLADSTONE FINL CORP,STK,Banks,Financial,Commer Banks-Eastern US,COMMON,true,PGC
14486809,UNB,USD,NASDAQ,US,UNION BANKSHARES INC /VT,STK,Banks,Financial,Fiduciary Banks,COMMON,false,UNB
14487608,PLPC,USD,NASDAQ,US,PREFORMED LINE PRODUCTS CO,STK,Telecommunications,Communications,Telecommunication Equip,COMMON,false,PLPC
14487738,UNTY,USD,NASDAQ,US,UNITY BANCORP INC,STK,Banks,Financial,Commer Banks-Eastern US,COMMON,true,UNTY
14487825,DGICA,USD,NASDAQ,US,DONEGAL GROUP INC-CL A,STK,Insurance,Financial,Property/Casualty Ins,COMMON,true,DGICA
14487893,GCBC,USD,NASDAQ,US,GREENE COUNTY BANCORP INC,STK,Savings&amp;Loans,Financial,S&amp;L/Thrifts-Eastern US,COMMON,false,GCBC
14487922,HIHO,USD,NASDAQ,US,HIGHWAY HOLDINGS LIMITED,STK,Metal Fabricate/Hardware,Industrial,Metal Processors&amp;Fabrica,COMMON,false,HIHO
14487943,JOUT,USD,NASDAQ,US,JOHNSON OUTDOORS INC-A,STK,Leisure Time,"Consumer, Cyclical",Leisure&amp;Rec Products,COMMON,false,JOUT
14570971,RDI,USD,NASDAQ,US,READING INTERNATIONAL INC-A,STK,Entertainment,"Consumer, Cyclical",Theaters,COMMON,true,RDI
14570974,RDIB,USD,NASDAQ,US,READING INTERNATIONAL INC-B,STK,Entertainment,"Consumer, Cyclical",Theaters,COMMON,false,RDIB
14765981,JBLU,USD,NASDAQ,US,JETBLUE AIRWAYS CORP,STK,Airlines,"Consumer, Cyclical",Airlines,COMMON,true,JBLU
15018602,TBRG,USD,NASDAQ,US,TRUBRIDGE INC,STK,Software,Technology,Medical Information Sys,COMMON,true,TBRG
15124833,NFLX,USD,NASDAQ,US,NETFLIX INC,STK,Internet,Communications,Internet Content-Entmnt,COMMON,true,NFLX
15399665,CHI,USD,NASDAQ,US,CALAMOS CONVERT OPPORT & INC,STK,,,,CLOSED-END FUND,false,CHI
15415750,HOFT,USD,NASDAQ,US,HOOKER FURNISHINGS CORP,STK,Home Furnishings,"Consumer, Cyclical",Home Furnishings,COMMON,true,HOFT
15435308,SNY,USD,NASDAQ,US,SANOFI-ADR,STK,Pharmaceuticals,"Consumer, Non-cyclical",Medical-Drugs,ADR,true,SNY
15485629,RUSHA,USD,NASDAQ,US,RUSH ENTERPRISES INC-CL A,STK,Distribution/Wholesale,"Consumer, Cyclical",Distribution/Wholesale,COMMON,true,RUSHA
15544805,CVV,USD,NASDAQ,US,CVD EQUIPMENT CORP,STK,Machinery-Diversified,Industrial,Machinery-General Indust,COMMON,false,CVV
15547841,TLT,USD,NASDAQ,US,ISHARES 20+ YEAR TREASURY BD,STK,,,,ETF,true,TLT
15547844,IEF,USD,NASDAQ,US,ISHARES 7-10 YEAR TREASURY B,STK,,,,ETF,true,IEF
15547851,SHY,USD,NASDAQ,US,ISHARES 1-3 YEAR TREASURY BO,STK,,,,ETF,true,SHY
15565481,CVGW,USD,NASDAQ,US,CALAVO GROWERS INC,STK,Food,"Consumer, Non-cyclical",Food-Wholesale/Distrib,COMMON,true,CVGW
15565484,RRGB,USD,NASDAQ,US,RED ROBIN GOURMET BURGERS,STK,Retail,"Consumer, Cyclical",Retail-Restaurants,COMMON,true,RRGB
16454492,WYNN,USD,NASDAQ,US,WYNN RESORTS LTD,STK,Lodging,"Consumer, Cyclical",Casino Hotels,COMMON,true,WYNN
16480211,MMLP,USD,NASDAQ,US,MARTIN MIDSTREAM PARTNERS LP,STK,Pipelines,Energy,Pipelines,MLP,true,MMLP
16640176,SAFT,USD,NASDAQ,US,SAFETY INSURANCE GROUP INC,STK,Insurance,Financial,Property/Casualty Ins,COMMON,true,SAFT
16692333,GLNG,USD,NASDAQ,US,GOLAR LNG LTD,STK,Pipelines,Energy,Pipelines,COMMON,true,GLNG
16699274,ACTG,USD,NASDAQ,US,ACACIA RESEARCH CORP,STK,Commercial Services,"Consumer, Non-cyclical",Consulting Services,COMMON,true,ACTG
16879602,FCCO,USD,NASDAQ,US,FIRST COMMUNITY CORP,STK,Banks,Financial,Commer Banks-Southern US,COMMON,false,FCCO
17004501,NVEC,USD,NASDAQ,US,NVE CORP,STK,Electronics,Industrial,Electronic Compo-Misc,COMMON,false,NVEC
17061154,DMLP,USD,NASDAQ,US,DORCHESTER MINERALS LP,STK,Oil&amp;Gas,Energy,Oil Comp-Explor&amp;Prodtn,MLP,true,DMLP
17808333,CHSCP,USD,NASDAQ,US,"CENEX HARVEST STATES COOPS., 8.0% CUMUL REDEEM PFD",STK,Agriculture,"Consumer, Non-cyclical",Agricultural Operations,PREFERRED,false,CHSCP
18287850,CHY,USD,NASDAQ,US,CALAMOS CONVERT & HIGH INC,STK,,,,CLOSED-END FUND,false,CHY
18416237,FORM,USD,NASDAQ,US,FORMFACTOR INC,STK,Semiconductors,Technology,Semiconductor Equipment,COMMON,true,FORM
18457259,WTBA,USD,NASDAQ,US,WEST BANCORPORATION,STK,Banks,Financial,Commer Banks-Central US,COMMON,true,WTBA
18844613,CVCO,USD,NASDAQ,US,CAVCO INDUSTRIES INC.,STK,Home Builders,"Consumer, Cyclical",Bldg-Mobil Home/Mfd Hous,COMMON,true,CVCO
19967100,ECPG,USD,NASDAQ,US,ENCORE CAPITAL GROUP INC,STK,Diversified Finan Serv,Financial,Finance-Other Services,COMMON,true,ECPG
20050742,NTGR,USD,NASDAQ,US,NETGEAR INC,STK,Telecommunications,Communications,Networking Products,COMMON,true,NTGR
21521399,GOOD,USD,NASDAQ,US,GLADSTONE COMMERCIAL CORP,STK,REITS,Financial,REITS-Diversified,REIT,true,GOOD
21521400,TCBI,USD,NASDAQ,US,TEXAS CAPITAL BANCSHARES INC,STK,Banks,Financial,Commer Banks-Central US,COMMON,true,TCBI
21557069,UVSP,USD,NASDAQ,US,UNIVEST FINANCIAL CORP,STK,Banks,Financial,Commer Banks-Eastern US,COMMON,true,UVSP
21875414,EGAN,USD,NASDAQ,US,EGAIN CORP,STK,Software,Technology,Enterprise Software/Serv,COMMON,true,EGAN
25065073,ONEQ,USD,NASDAQ,US,FIDELITY NASDAQ COMP INDX,STK,,,,ETF,true,ONEQ
26345312,LKQ,USD,NASDAQ,US,LKQ CORP,STK,Distribution/Wholesale,"Consumer, Cyclical",Distribution/Wholesale,COMMON,true,LKQ
268084,CSCO,USD,NASDAQ,US,CISCO SYSTEMS INC,STK,Telecommunications,Communications,Networking Products,COMMON,true,CSCO
270639,INTC,USD,NASDAQ,US,INTEL CORP,STK,Semiconductors,Technology,Electronic Compo-Semicon,COMMON,true,INTC
26653236,DVY,USD,NASDAQ,US,ISHARES SELECT DIVIDEND ETF,STK,,,,ETF,true,DVY
26904818,NXST,USD,NASDAQ,US,NEXSTAR MEDIA GROUP INC,STK,Media,Communications,Television,COMMON,true,NXST
26916819,CEVA,USD,NASDAQ,US,CEVA INC,STK,Semiconductors,Technology,Electronic Compo-Semicon,COMMON,true,CEVA
27627809,PETS,USD,NASDAQ,US,PETMED EXPRESS INC,STK,Retail,"Consumer, Cyclical",Retail-Pet Food&amp;Supplies,COMMON,true,PETS
27778176,STRL,USD,NASDAQ,US,STERLING INFRASTRUCTURE INC,STK,Engineering&amp;Construction,Industrial,Building-Heavy Construct,COMMON,true,STRL
28113316,BANFP,USD,NASDAQ,US,"BFC CAPITAL TRUST II, 7.20% CUMUL TRUST PREFERRED SECURITIES",STK,Banks,Financial,Commer Banks-Central US,PREFERRED,false,BANFP
28174576,SLP,USD,NASDAQ,US,SIMULATIONS PLUS INC,STK,Software,Technology,Computer Software,COMMON,true,SLP
28476362,MCHX,USD,NASDAQ,US,MARCHEX INC-CLASS B,STK,Advertising,Communications,Advertising Services,COMMON,true,MCHX
28476367,UCTT,USD,NASDAQ,US,ULTRA CLEAN HOLDINGS INC,STK,Semiconductors,Technology,Semiconductor Equipment,COMMON,true,UCTT
28565190,CORT,USD,NASDAQ,US,CORCEPT THERAPEUTICS INC,STK,Pharmaceuticals,"Consumer, Non-cyclical",Medical-Drugs,COMMON,true,CORT
29308796,ACAD,USD,NASDAQ,US,ACADIA PHARMACEUTICALS INC,STK,Biotechnology,"Consumer, Non-cyclical",Medical-Biomedical/Gene,COMMON,true,ACAD
29318720,IMCV,USD,NASDAQ,US,ISHARES MORNINGSTAR MID-CAP,STK,,,,ETF,false,IMCV
29380756,NDAQ,USD,NASDAQ,US,NASDAQ INC,STK,Diversified Finan Serv,Financial,Finance-Other Services,COMMON,true,NDAQ
29442967,ANGO,USD,NASDAQ,US,ANGIODYNAMICS INC,STK,Healthcare-Products,"Consumer, Non-cyclical",Medical Instruments,COMMON,true,ANGO
29442968,ALNY,USD,NASDAQ,US,ALNYLAM PHARMACEUTICALS INC,STK,Biotechnology,"Consumer, Non-cyclical",Medical-Biomedical/Gene,COMMON,true,ALNY
29610446,PCYO,USD,NASDAQ,US,PURE CYCLE CORP,STK,Environmental Control,Industrial,Water Treatment Systems,COMMON,true,PCYO
29831612,DPZ,USD,NASDAQ,US,DOMINO'S PIZZA INC,STK,Retail,"Consumer, Cyclical",Retail-Restaurants,COMMON,true,DPZ
30119384,BLKB,USD,NASDAQ,US,BLACKBAUD INC,STK,Software,Technology,Enterprise Software/Serv,COMMON,true,BLKB
30188658,PSEC,USD,NASDAQ,US,PROSPECT CAPITAL CORP,STK,Investment Companies,Financial,Investment Companies,COMMON,true,PSEC
30210586,EFSC,USD,NASDAQ,US,ENTERPRISE FINANCIAL SERVICE,STK,Banks,Financial,Commer Banks-Central US,COMMON,true,EFSC
30209252,CHMG,USD,NASDAQ,US,CHEMUNG FINANCIAL CORP,STK,Banks,Financial,Commer Banks-Eastern US,COMMON,false,CHMG
30210595,EFSI,USD,NASDAQ,US,EAGLE FINANCIAL SERVICES INC,STK,Banks,Financial,Commer Banks-Southern US,COMMON,false,EFSI
30211444,FRAF,USD,NASDAQ,US,FRANKLIN FINANCIAL SERVICES,STK,Banks,Financial,Commer Banks-Eastern US,COMMON,false,FRAF
30211194,FDBC,USD,NASDAQ,US,FIDELITY D&D BANCORP INC,STK,Banks,Financial,Commer Banks-Eastern US,COMMON,false,FDBC
30209041,DYAI,USD,NASDAQ,US,DYADIC INTERNATIONAL INC,STK,Healthcare-Services,"Consumer, Non-cyclical",Medical Labs&amp;Testing Srv,COMMON,true,DYAI
30211325,FMBH,USD,NASDAQ,US,FIRST MID BANCSHARES INC,STK,Banks,Financial,Commer Banks-Central US,COMMON,true,FMBH
30208412,BCBP,USD,NASDAQ,US,BCB BANCORP INC,STK,Banks,Financial,Commer Banks-Eastern US,COMMON,true,BCBP
30208635,BOTJ,USD,NASDAQ,US,BANK OF THE JAMES FINANCIAL,STK,Banks,Financial,Commer Banks-Southern US,COMMON,false,BOTJ
30211574,FXNC,USD,NASDAQ,US,FIRST NATIONAL CORP/VA,STK,Banks,Financial,Commer Banks-Southern US,COMMON,false,FXNC
30215861,KRMD,USD,NASDAQ,US,KORU MEDICAL SYSTEMS INC,STK,Healthcare-Products,"Consumer, Non-cyclical",Medical Products,COMMON,true,KRMD
30213266,LCNB,USD,NASDAQ,US,LCNB CORPORATION,STK,Banks,Financial,Commer Banks-Central US,COMMON,true,LCNB
30208161,ATLO,USD,NASDAQ,US,AMES NATIONAL CORP,STK,Banks,Financial,Commer Banks-Central US,COMMON,true,ATLO
30216562,SMID,USD,NASDAQ,US,SMITH-MIDLAND CORP,STK,Building Materials,Industrial,Bldg Prod-Cement/Aggreg,COMMON,false,SMID
30214424,NEO,USD,NASDAQ,US,NEOGENOMICS INC,STK,Biotechnology,"Consumer, Non-cyclical",Medical-Biomedical/Gene,COMMON,true,NEO
30212431,HALO,USD,NASDAQ,US,HALOZYME THERAPEUTICS INC,STK,Biotechnology,"Consumer, Non-cyclical",Medical-Biomedical/Gene,COMMON,true,HALO
30209769,CRWS,USD,NASDAQ,US,CROWN CRAFTS INC,STK,Housewares,"Consumer, Cyclical",Housewares,COMMON,true,CRWS
30214926,ORRF,USD,NASDAQ,US,ORRSTOWN FINL SERVICES INC,STK,Banks,Financial,Commer Banks-Eastern US,COMMON,true,ORRF
30212246,HNNA,USD,NASDAQ,US,HENNESSY ADVISORS INC,STK,Diversified Finan Serv,Financial,Invest Mgmnt/Advis Serv,COMMON,false,HNNA
30209561,COFS,USD,NASDAQ,US,CHOICEONE FINANCIAL SVCS INC,STK,Banks,Financial,Commer Banks-Central US,COMMON,false,COFS
30210111,CZFS,USD,NASDAQ,US,CITIZENS FINANCIAL SERVICES,STK,Banks,Financial,Commer Banks-Eastern US,COMMON,false,CZFS
30210114,CZNC,USD,NASDAQ,US,CITIZENS & NORTHERN CORP,STK,Banks,Financial,Commer Banks-Eastern US,COMMON,true,CZNC
30211361,FMNB,USD,NASDAQ,US,FARMERS NATL BANC CORP,STK,Banks,Financial,Commer Banks-Central US,COMMON,true,FMNB
30216635,SVA,USD,NASDAQ,US,SINOVAC BIOTECH LTD,STK,Biotechnology,"Consumer, Non-cyclical",Medical-Biomedical/Gene,COMMON,false,SVA
30209444,CMTV,USD,NASDAQ,US,COMMUNITY BANCORP INC/VT,STK,Banks,Financial,Commer Banks-Eastern US,COMMON,false,CMTV
30217403,TOWN,USD,NASDAQ,US,TOWNE BANK,STK,Banks,Financial,Commer Banks-Southern US,COMMON,true,TOWN
30215166,PFIS,USD,NASDAQ,US,PEOPLES FINANCIAL SERVICES,STK,Banks,Financial,Commer Banks-Eastern US,COMMON,false,PFIS
30207417,ACNB,USD,NASDAQ,US,ACNB CORP,STK,Banks,Financial,Commer Banks-Eastern US,COMMON,true,ACNB
30215291,PLBC,USD,NASDAQ,US,PLUMAS BANCORP,STK,Banks,Financial,Commer Banks-Western US,COMMON,false,PLBC
30216676,SOTK,USD,NASDAQ,US,SONO-TEK CORP,STK,Machinery-Diversified,Industrial,Machinery-General Indust,COMMON,false,SOTK
30211400,FNRN,USD,NASDAQ,US,FIRST NORTHERN COMMUNITY BAN,STK,Banks,Financial,Commer Banks-Western US,COMMON,false,FNRN
30333924,CVGI,USD,NASDAQ,US,COMMERCIAL VEHICLE GROUP INC,STK,Auto Parts&amp;Equipment,"Consumer, Cyclical",Auto/Trk Prts&amp;Equip-Repl,COMMON,true,CVGI
31379441,TXRH,USD,NASDAQ,US,TEXAS ROADHOUSE INC,STK,Retail,"Consumer, Cyclical",Retail-Restaurants,COMMON,true,TXRH
31400554,ARCC,USD,NASDAQ,US,ARES CAPITAL CORP,STK,Investment Companies,Financial,Investment Companies,COMMON,true,ARCC
31438328,HURN,USD,NASDAQ,US,HURON CONSULTING GROUP INC,STK,Commercial Services,"Consumer, Non-cyclical",Consulting Services,COMMON,true,HURN
31918430,MKTX,USD,NASDAQ,US,MARKETAXESS HOLDINGS INC,STK,Commercial Services,"Consumer, Non-cyclical",Commercial Serv-Finance,COMMON,true,MKTX
31918434,NWE,USD,NASDAQ,US,NORTHWESTERN ENERGY GROUP IN,STK,Electric,Utilities,Electric-Integrated,COMMON,true,NWE
32063312,CSQ,USD,NASDAQ,US,CALAMOS STRAT TTL RTRN FND,STK,,,,CLOSED-END FUND,false,CSQ
32106121,MPWR,USD,NASDAQ,US,MONOLITHIC POWER SYSTEMS INC,STK,Semiconductors,Technology,Electronic Compo-Semicon,COMMON,true,MPWR
32821451,TBBK,USD,NASDAQ,US,BANCORP INC/THE,STK,Banks,Financial,Commer Banks-Eastern US,COMMON,true,TBBK
32917704,BPOPM,USD,NASDAQ,US,POPULAR CAPT TRUST II 6.125% CUML MTLY INC TRST PFD SEC,STK,Banks,Financial,Commer Banks-Southern US,PREFERRED,false,BPOPM
3655441,CASH,USD,NASDAQ,US,PATHWARD FINANCIAL INC,STK,Banks,Financial,Commer Banks-Central US,COMMON,true,CASH
33202307,ULH,USD,NASDAQ,US,UNIVERSAL LOGISTICS HOLDINGS,STK,Transportation,Industrial,Transport-Services,COMMON,false,ULH
33453474,KFFB,USD,NASDAQ,US,KENTUCKY FIRST FEDERAL BANCO,STK,Savings&amp;Loans,Financial,S&amp;L/Thrifts-Southern US,COMMON,false,KFFB
33716984,CCOI,USD,NASDAQ,US,COGENT COMMUNICATIONS HOLDIN,STK,Internet,Communications,Internet Connectiv Svcs,COMMON,true,CCOI
33837089,DXCM,USD,NASDAQ,US,DEXCOM INC,STK,Pharmaceuticals,"Consumer, Non-cyclical",Drug Delivery Systems,COMMON,true,DXCM
33883385,RAIL,USD,NASDAQ,US,FREIGHTCAR AMERICA INC,STK,Miscellaneous Manufactur,Industrial,Miscellaneous Manufactur,COMMON,true,RAIL
34415020,MORN,USD,NASDAQ,US,MORNINGSTAR INC,STK,Commercial Services,"Consumer, Non-cyclical",Commercial Serv-Finance,COMMON,true,MORN
34466024,ZUMZ,USD,NASDAQ,US,ZUMIEZ INC,STK,Retail,"Consumer, Cyclical",Retail-Sporting Goods,COMMON,true,ZUMZ
34471161,JVA,USD,NASDAQ,US,COFFEE HOLDING CO INC,STK,Beverages,"Consumer, Non-cyclical",Coffee,COMMON,false,JVA
34502019,CTRN,USD,NASDAQ,US,CITI TRENDS INC,STK,Retail,"Consumer, Cyclical",Retail-Discount,COMMON,true,CTRN
34532778,DRH,USD,NASDAQ,US,DIAMONDROCK HOSPITALITY CO,STK,REITS,Financial,REITS-Hotels,REIT,true,DRH
4728547,CRAI,USD,NASDAQ,US,CRA INTERNATIONAL INC,STK,Commercial Services,"Consumer, Non-cyclical",Consulting Services,COMMON,true,CRAI
16634196,PKBK,USD,NASDAQ,US,PARKE BANCORP INC,STK,Banks,Financial,Fiduciary Banks,COMMON,true,PKBK
756923,TLF,USD,NASDAQ,US,TANDY LEATHER FACTORY INC,STK,Retail,"Consumer, Cyclical",Retail-Arts&amp;Crafts,COMMON,false,TLF
34828381,LSAK,USD,NASDAQ,US,LESAKA TECHNOLOGIES INC,STK,Commercial Services,"Consumer, Non-cyclical",Commercial Serv-Finance,COMMON,true,LSAK
35046585,LINC,USD,NASDAQ,US,LINCOLN EDUCATIONAL SERVICES,STK,Commercial Services,"Consumer, Non-cyclical",Schools,COMMON,true,LINC
35052919,GAIN,USD,NASDAQ,US,GLADSTONE INVESTMENT CORP,STK,Investment Companies,Financial,Investment Companies,COMMON,true,GAIN
35091350,SIMO,USD,NASDAQ,US,SILICON MOTION TECHNOL-ADR,STK,Semiconductors,Technology,Electronic Compo-Semicon,ADR,true,SIMO
271138,LCUT,USD,NASDAQ,US,LIFETIME BRANDS INC,STK,Housewares,"Consumer, Cyclical",Housewares,COMMON,true,LCUT
35146381,SLMBP,USD,NASDAQ,US,SLM CORPORATION PFD SER B,STK,Diversified Finan Serv,Financial,Finance-Consumer Loans,PREFERRED,false,SLMBP
35400501,ATRC,USD,NASDAQ,US,ATRICURE INC,STK,Healthcare-Products,"Consumer, Non-cyclical",Medical Products,COMMON,true,ATRC
35406140,HOVNP,USD,NASDAQ,US,HOVNANIAN ENTERPRISES INC CL A,STK,Home Builders,"Consumer, Cyclical",Bldg-Residential/Commer,PREFERRED,false,HOVNP
35418906,OFLX,USD,NASDAQ,US,OMEGA FLEX INC,STK,Metal Fabricate/Hardware,Industrial,Steel Pipe&amp;Tube,COMMON,false,OFLX
35359385,BIDU,USD,NASDAQ,US,BAIDU INC - SPON ADR,STK,Internet,Communications,Web Portals/ISP,ADR,true,BIDU
36237954,ITRN,USD,NASDAQ,US,ITURAN LOCATION AND CONTROL,STK,Transportation,Industrial,Transport-Services,COMMON,true,ITRN
36281857,GASS,USD,NASDAQ,US,STEALTHGAS INC,STK,Transportation,Industrial,Transport-Marine,COMMON,true,GASS
36291399,FBIZ,USD,NASDAQ,US,FIRST BUSINESS FINANCIAL SER,STK,Banks,Financial,Commer Banks-Central US,COMMON,true,FBIZ
36320731,CHRW,USD,NASDAQ,US,C.H. ROBINSON WORLDWIDE INC,STK,Transportation,Industrial,Transport-Services,COMMON,true,CHRW
36575365,CGO,USD,NASDAQ,US,CALAMOS GLOBAL TOTAL RETURN,STK,,,,CLOSED-END FUND,false,CGO
36791795,AMSF,USD,NASDAQ,US,AMERISAFE INC,STK,Insurance,Financial,Property/Casualty Ins,COMMON,true,AMSF
37792836,CROX,USD,NASDAQ,US,CROCS INC,STK,Apparel,"Consumer, Cyclical",Footwear&amp;Related Apparel,COMMON,true,CROX
331358706,PERI,USD,NASDAQ,US,PERION NETWORK LTD,STK,Internet,Communications,Internet Applic Sftwr,COMMON,true,PERI
37867088,IOSP,USD,NASDAQ,US,INNOSPEC INC,STK,Chemicals,Basic Materials,Chemicals-Diversified,COMMON,true,IOSP
38019465,LQDT,USD,NASDAQ,US,LIQUIDITY SERVICES INC,STK,Internet,Communications,E-Commerce/Products,COMMON,true,LQDT
38232209,CBFV,USD,NASDAQ,US,CB FINANCIAL SERVICES INC,STK,Banks,Financial,Commer Banks-Eastern US,COMMON,false,CBFV
38333348,GPRE,USD,NASDAQ,US,GREEN PLAINS INC,STK,Energy-Alternate Sources,Energy,Energy-Alternate Sources,COMMON,true,GPRE
38559396,HIMX,USD,NASDAQ,US,HIMAX TECHNOLOGIES INC-ADR,STK,Semiconductors,Technology,Semicon Compo-Intg Circu,ADR,true,HIMX
38579065,INBK,USD,NASDAQ,US,FIRST INTERNET BANCORP,STK,Banks,Financial,Commer Banks-Central US,COMMON,true,INBK
38689842,VNDA,USD,NASDAQ,US,VANDA PHARMACEUTICALS INC,STK,Pharmaceuticals,"Consumer, Non-cyclical",Medical-Drugs,COMMON,true,VNDA
38773329,QQEW,USD,NASDAQ,US,FIRST TR NASDAQ-100 SEL EQ,STK,,,,ETF,true,QQEW
38773332,QTEC,USD,NASDAQ,US,FIRST TRUST NASDQ 100 TECH I,STK,,,,ETF,true,QTEC
39195389,POOL,USD,NASDAQ,US,POOL CORP,STK,Distribution/Wholesale,"Consumer, Cyclical",Distribution/Wholesale,COMMON,true,POOL
39204349,KALU,USD,NASDAQ,US,KAISER ALUMINUM CORP,STK,Mining,Basic Materials,Metal-Aluminum,COMMON,true,KALU
39441896,RCKY,USD,NASDAQ,US,ROCKY BRANDS INC,STK,Apparel,"Consumer, Cyclical",Footwear&amp;Related Apparel,COMMON,false,RCKY
39453555,FMAO,USD,NASDAQ,US,FARMERS & MERCHANTS BANCO/OH,STK,Banks,Financial,Commer Banks-Central US,COMMON,true,FMAO
39453514,DORM,USD,NASDAQ,US,DORMAN PRODUCTS INC,STK,Auto Parts&amp;Equipment,"Consumer, Cyclical",Auto/Trk Prts&amp;Equip-Orig,COMMON,true,DORM
39861739,FTCS,USD,NASDAQ,US,FIRST TRUST CAPITAL STRENGTH,STK,,,,ETF,true,FTCS
41475996,LOGI,USD,NASDAQ,US,LOGITECH INTERNATIONAL-REG,STK,Computers,Technology,Computers-Peripher Equip,COMMON,true,LOGI
40003932,SSBI,USD,NASDAQ,US,SUMMIT STATE BANK,STK,Banks,Financial,Commer Banks-Western US,COMMON,false,SSBI
40078069,SAIA,USD,NASDAQ,US,SAIA INC,STK,Transportation,Industrial,Transport-Truck,COMMON,true,SAIA
40609012,CLMB,USD,NASDAQ,US,CLIMB GLOBAL SOLUTIONS INC,STK,Software,Technology,Applications Software,COMMON,false,CLMB
40673933,CAR,USD,NASDAQ,US,AVIS BUDGET GROUP INC,STK,Commercial Services,"Consumer, Non-cyclical",Rental Auto/Equipment,COMMON,true,CAR
40738085,CVLT,USD,NASDAQ,US,COMMVAULT SYSTEMS INC,STK,Software,Technology,Data Processing/Mgmt,COMMON,true,CVLT
40784309,ICFI,USD,NASDAQ,US,ICF INTERNATIONAL INC,STK,Commercial Services,"Consumer, Non-cyclical",Consulting Services,COMMON,true,ICFI
41037032,PFF,USD,NASDAQ,US,ISHARES PREFERRED & INCOME S,STK,,,,ETF,true,PFF
41055282,EHTH,USD,NASDAQ,US,EHEALTH INC,STK,Insurance,Financial,Insurance Brokers,COMMON,true,EHTH
41102320,ESOA,USD,NASDAQ,US,ENERGY SERVICES OF AMERICA,STK,Engineering&amp;Construction,Industrial,Building-Heavy Construct,COMMON,false,ESOA
41147850,WLDN,USD,NASDAQ,US,WILLDAN GROUP INC,STK,Commercial Services,"Consumer, Non-cyclical",Human Resources,COMMON,true,WLDN
41155395,LMAT,USD,NASDAQ,US,LEMAITRE VASCULAR INC,STK,Healthcare-Products,"Consumer, Non-cyclical",Medical Products,COMMON,true,LMAT
41155380,EXLS,USD,NASDAQ,US,EXLSERVICE HOLDINGS INC,STK,Computers,Technology,Computer Services,COMMON,true,EXLS
41478049,CPRX,USD,NASDAQ,US,CATALYST PHARMACEUTICALS INC,STK,Pharmaceuticals,"Consumer, Non-cyclical",Medical-Drugs,COMMON,true,CPRX
41498671,CSIQ,USD,NASDAQ,US,CANADIAN SOLAR INC,STK,Energy-Alternate Sources,Energy,Energy-Alternate Sources,COMMON,true,CSIQ
41545062,CZWI,USD,NASDAQ,US,CITIZENS COMMUNITY BANCORP I,STK,Savings&amp;Loans,Financial,S&amp;L/Thrifts-Central US,COMMON,false,CZWI
41622169,FSLR,USD,NASDAQ,US,FIRST SOLAR INC,STK,Energy-Alternate Sources,Energy,Energy-Alternate Sources,COMMON,true,FSLR
41641102,ALLT,USD,NASDAQ,US,ALLOT LTD,STK,Internet,Communications,Internet Connectiv Svcs,COMMON,true,ALLT
41855688,ALGT,USD,NASDAQ,US,ALLEGIANT TRAVEL CO,STK,Airlines,"Consumer, Cyclical",Airlines,COMMON,true,ALGT
41888859,RDNT,USD,NASDAQ,US,RADNET INC,STK,Healthcare-Services,"Consumer, Non-cyclical",MRI/Medical Diag Imaging,COMMON,true,RDNT
41891895,IPGP,USD,NASDAQ,US,IPG PHOTONICS CORP,STK,Semiconductors,Technology,Electronic Compo-Semicon,COMMON,true,IPGP
41880920,OMAB,USD,NASDAQ,US,GRUPO AEROPORTUARIO CEN-ADR,STK,Engineering&amp;Construction,Industrial,Airport Develop/Maint,ADR,true,OMAB
41950716,MNOV,USD,NASDAQ,US,MEDICINOVA INC,STK,Pharmaceuticals,"Consumer, Non-cyclical",Medical-Drugs,COMMON,true,MNOV
41951960,MLCO,USD,NASDAQ,US,MELCO RESORTS & ENTERT-ADR,STK,Lodging,"Consumer, Cyclical",Casino Hotels,ADR,true,MLCO
42427963,ZIONP,USD,NASDAQ,US,ZIONS BANCORPORATION FLTG RATE SER A PFD,STK,Banks,Financial,Commer Banks-Western US,PREFERRED,false,ZIONP
42454555,IEI,USD,NASDAQ,US,ISHARES 3-7 YEAR TREASURY BO,STK,,,,ETF,true,IEI
42454558,IGIB,USD,NASDAQ,US,ISHARES 5-10Y INV GRADE CORP,STK,,,,ETF,true,IGIB
42454562,USIG,USD,NASDAQ,US,ISHARES BROAD USD INVESTMENT,STK,,,,ETF,true,USIG
42455799,IGSB,USD,NASDAQ,US,ISHARES 1-5Y INV GRADE CORP,STK,,,,ETF,true,IGSB
42464367,AVAV,USD,NASDAQ,US,AEROVIRONMENT INC,STK,Aerospace/Defense,Industrial,Aerospace/Defense,COMMON,true,AVAV
42839245,QCLN,USD,NASDAQ,US,FIRST TRUST NASDAQ CLEAN EDG,STK,,,,ETF,true,QCLN
42839251,QQXT,USD,NASDAQ,US,FIRST TRUST NASDAQ-100 EX-TE,STK,,,,ETF,true,QQXT
42839254,CENTA,USD,NASDAQ,US,CENTRAL GARDEN AND PET CO-A,STK,Housewares,"Consumer, Cyclical",Housewares,COMMON,true,CENTA
42843151,ARAY,USD,NASDAQ,US,ACCURAY INC,STK,Healthcare-Products,"Consumer, Non-cyclical",Medical Products,COMMON,true,ARAY
42870941,III,USD,NASDAQ,US,INFORMATION SERVICES GROUP,STK,Commercial Services,"Consumer, Non-cyclical",Consulting Services,COMMON,true,III
43283708,MBB,USD,NASDAQ,US,ISHARES MBS ETF,STK,,,,ETF,true,MBB
43513171,GSIT,USD,NASDAQ,US,GSI TECHNOLOGY INC,STK,Semiconductors,Technology,Electronic Compo-Semicon,COMMON,true,GSIT
43535584,CPSH,USD,NASDAQ,US,CPS TECHNOLOGIES CORP,STK,Telecommunications,Communications,Telecom Services,COMMON,true,CPSH
43535616,FRBA,USD,NASDAQ,US,FIRST BANK/HAMILTON NJ,STK,Banks,Financial,Commer Banks-Eastern US,COMMON,true,FRBA
43645828,BND,USD,NASDAQ,US,VANGUARD TOTAL BOND MARKET,STK,,,,ETF,true,BND
43645865,IBKR,USD,NASDAQ,US,INTERACTIVE BROKERS GRO-CL A,STK,Diversified Finan Serv,Financial,Finance-Invest Bnkr/Brkr,COMMON,true,IBKR
43698553,FONR,USD,NASDAQ,US,FONAR CORP,STK,Healthcare-Products,"Consumer, Non-cyclical",Medical Products,COMMON,false,FONR
43985746,TFSL,USD,NASDAQ,US,TFS FINANCIAL CORP,STK,Savings&amp;Loans,Financial,S&amp;L/Thrifts-Central US,COMMON,true,TFSL
44000292,FAB,USD,NASDAQ,US,FIRST TRUST MULTI CAP VALUE,STK,,,,ETF,true,FAB
44000299,FAD,USD,NASDAQ,US,FIRST TRUST MULTI CAP GROWTH,STK,,,,ETF,true,FAD
44000304,FEX,USD,NASDAQ,US,FIRST TRUST LARGE CAP CORE A,STK,,,,ETF,true,FEX
44000319,FNX,USD,NASDAQ,US,FIRST TRUST MID CAP CORE ALP,STK,,,,ETF,true,FNX
44000327,FTA,USD,NASDAQ,US,FIRST TRUST L C VAL ALP,STK,,,,ETF,true,FTA
44000328,FTC,USD,NASDAQ,US,FIRST TRUST LARGE CAP GROWTH,STK,,,,ETF,true,FTC
44000369,FYX,USD,NASDAQ,US,FIRST TRUST SMALL CAP CORE A,STK,,,,ETF,true,FYX
44061838,PODD,USD,NASDAQ,US,INSULET CORP,STK,Healthcare-Products,"Consumer, Non-cyclical",Patient Monitoring Equip,COMMON,true,PODD
44216346,GLRE,USD,NASDAQ,US,GREENLIGHT CAPITAL RE LTD-A,STK,Insurance,Financial,Reinsurance,COMMON,true,GLRE
44255989,TRS,USD,NASDAQ,US,TRIMAS CORP,STK,Packaging&amp;Containers,Industrial,Containers-Paper/Plastic,COMMON,true,TRS
44465608,CLNE,USD,NASDAQ,US,CLEAN ENERGY FUELS CORP,STK,Retail,"Consumer, Cyclical",Retail-Petroleum Prod,COMMON,true,CLNE
44622519,OPK,USD,NASDAQ,US,OPKO HEALTH INC,STK,Healthcare-Services,"Consumer, Non-cyclical",Medical Labs&amp;Testing Srv,COMMON,true,OPK
44677213,HWBK,USD,NASDAQ,US,HAWTHORN BANCSHARES INC,STK,Banks,Financial,Commer Banks-Central US,COMMON,false,HWBK
45006119,CHW,USD,NASDAQ,US,CALAMOS GLOBAL DYNAMIC INCOM,STK,,,,CLOSED-END FUND,false,CHW
45028351,BMRC,USD,NASDAQ,US,BANK OF MARIN BANCORP/CA,STK,Banks,Financial,Commer Banks-Western US,COMMON,true,BMRC
45028360,SFST,USD,NASDAQ,US,SOUTHERN FIRST BANCSHARES,STK,Banks,Financial,Commer Banks-Southern US,COMMON,true,SFST
45090369,IDCC,USD,NASDAQ,US,INTERDIGITAL INC,STK,Telecommunications,Communications,Wireless Equipment,COMMON,true,IDCC
45127739,CME,USD,NASDAQ,US,CME GROUP INC,STK,Diversified Finan Serv,Financial,Finance-Other Services,COMMON,true,CME
45157951,LULU,USD,NASDAQ,US,LULULEMON ATHLETICA INC,STK,Retail,"Consumer, Cyclical",Retail-Apparel/Shoe,COMMON,true,LULU
45427720,ACIW,USD,NASDAQ,US,ACI WORLDWIDE INC,STK,Software,Technology,Enterprise Software/Serv,COMMON,true,ACIW
45441825,MASI,USD,NASDAQ,US,MASIMO CORPORATION,STK,Healthcare-Products,"Consumer, Non-cyclical",Medical Products,COMMON,true,MASI
45602025,MELI,USD,NASDAQ,US,MERCADOLIBRE INC,STK,Internet,Communications,E-Commerce/Services,COMMON,true,MELI
46149880,IEP,USD,NASDAQ,US,ICAHN ENTERPRISES LP,STK,Investment Companies,Financial,Investment Companies,MLP,true,IEP
46970422,ULTA,USD,NASDAQ,US,ULTA BEAUTY INC,STK,Retail,"Consumer, Cyclical",Retail-Perfume&amp;Cosmetics,COMMON,true,ULTA
46986489,ENSG,USD,NASDAQ,US,ENSIGN GROUP INC/THE,STK,Healthcare-Services,"Consumer, Non-cyclical",Medical-Nursing Homes,COMMON,true,ENSG
47069999,APEI,USD,NASDAQ,US,AMERICAN PUBLIC EDUCATION,STK,Commercial Services,"Consumer, Non-cyclical",Schools,COMMON,true,APEI
47172453,AIA,USD,NASDAQ,US,ISHARES ASIA 50 ETF,STK,,,,ETF,true,AIA
47202545,IEUS,USD,NASDAQ,US,ISHARES MSCI EUROPE SMALL-CA,STK,,,,ETF,false,IEUS
47202548,IFGL,USD,NASDAQ,US,ISHARES INTERNATIONAL DEVELO,STK,,,,ETF,false,IFGL
47512782,TITN,USD,NASDAQ,US,TITAN MACHINERY INC,STK,Distribution/Wholesale,"Consumer, Cyclical",Distribution/Wholesale,COMMON,true,TITN
47537354,MPAA,USD,NASDAQ,US,MOTORCAR PARTS OF AMERICA IN,STK,Auto Parts&amp;Equipment,"Consumer, Cyclical",Auto/Trk Prts&amp;Equip-Repl,COMMON,true,MPAA
47605485,SCZ,USD,NASDAQ,US,ISHARES MSCI EAFE SMALL-CAP,STK,,,,ETF,true,SCZ
47605491,IGF,USD,NASDAQ,US,ISHARES GLOBAL INFRASTRUCTUR,STK,,,,ETF,true,IGF
47649504,EMB,USD,NASDAQ,US,ISHARES J.P. MORGAN USD EMERGI,STK,,,,ETF,true,EMB
47965845,HCKT,USD,NASDAQ,US,HACKETT GROUP INC/THE,STK,Commercial Services,"Consumer, Non-cyclical",Consulting Services,COMMON,true,HCKT
47965850,CLFD,USD,NASDAQ,US,CLEARFIELD INC,STK,Telecommunications,Communications,Telecom Eq Fiber Optics,COMMON,true,CLFD
47965865,SATS,USD,NASDAQ,US,ECHOSTAR CORP-A,STK,Media,Communications,Cable/Satellite TV,COMMON,true,SATS
48410282,FKWL,USD,NASDAQ,US,FRANKLIN WIRELESS CORP,STK,Telecommunications,Communications,Telecommunication Equip,COMMON,true,FKWL
48811132,AACG,USD,NASDAQ,US,ATA CREATIVITY GLOBAL - ADR,STK,Commercial Services,"Consumer, Non-cyclical",Schools,ADR,false,AACG
48916802,LMNR,USD,NASDAQ,US,LIMONEIRA CO,STK,Agriculture,"Consumer, Non-cyclical",Agricultural Operations,COMMON,true,LMNR
49388062,DLTR,USD,NASDAQ,US,DOLLAR TREE INC,STK,Retail,"Consumer, Cyclical",Retail-Discount,COMMON,true,DLTR
49462420,LWLG,USD,NASDAQ,US,LIGHTWAVE LOGIC INC,STK,Chemicals,Basic Materials,Chemicals-Plastics,COMMON,true,LWLG
49921110,NTAP,USD,NASDAQ,US,NETAPP INC,STK,Computers,Technology,Computers-Memory Devices,COMMON,true,NTAP
49954149,ACWX,USD,NASDAQ,US,ISHARES MSCI ACWI EX US ETF,STK,,,,ETF,true,ACWX
49954154,ACWI,USD,NASDAQ,US,ISHARES MSCI ACWI ETF,STK,,,,ETF,true,ACWI
49954174,TUR,USD,NASDAQ,US,ISHARES MSCI TURKEY ETF,STK,,,,ETF,true,TUR
50022224,MDXG,USD,NASDAQ,US,MIMEDX GROUP INC,STK,Healthcare-Products,"Consumer, Non-cyclical",Medical Products,COMMON,true,MDXG
50997387,FNLC,USD,NASDAQ,US,FIRST BANCORP INC/ME,STK,Banks,Financial,Commer Banks-Eastern US,COMMON,true,FNLC
51009630,EVO,USD,NASDAQ,US,EVOTEC SE - SPON ADR,STK,Healthcare-Services,"Consumer, Non-cyclical",Medical Labs&amp;Testing Srv,ADR,false,EVO
51828876,RDCM,USD,NASDAQ,US,RADCOM LTD,STK,Telecommunications,Communications,Networking Products,COMMON,false,RDCM
52170893,ICLN,USD,NASDAQ,US,ISHARES GLOBAL CLEAN ENERGY,STK,,,,ETF,true,ICLN
52170899,WOOD,USD,NASDAQ,US,ISHARES GLOBAL TIMBER & FORE,STK,,,,ETF,true,WOOD
52289867,ERII,USD,NASDAQ,US,ENERGY RECOVERY INC,STK,Environmental Control,Industrial,Water Treatment Systems,COMMON,true,ERII
52581781,SSP,USD,NASDAQ,US,EW SCRIPPS CO/THE-A,STK,Media,Communications,Multimedia,COMMON,true,SSP
52907888,LOAN,USD,NASDAQ,US,MANHATTAN BRIDGE CAPITAL INC,STK,REITS,Financial,REITS-Mortgage,REIT,true,LOAN
53214151,OVLY,USD,NASDAQ,US,OAK VALLEY BANCORP,STK,Banks,Financial,Commer Banks-Western US,COMMON,false,OVLY
53224215,AAXJ,USD,NASDAQ,US,ISHARES MSCI ALL COUNTRY ASI,STK,,,,ETF,true,AAXJ
53273299,MYRG,USD,NASDAQ,US,MYR GROUP INC/DELAWARE,STK,Engineering&amp;Construction,Industrial,Building&amp;Construct-Misc,COMMON,true,MYRG
54421263,HBCP,USD,NASDAQ,US,HOME BANCORP INC,STK,Savings&amp;Loans,Financial,S&amp;L/Thrifts-Southern US,COMMON,true,HBCP
54959581,DMRC,USD,NASDAQ,US,DIGIMARC CORP,STK,Software,Technology,Enterprise Software/Serv,COMMON,false,
55001058,ACIC,USD,NASDAQ,US,AMERICAN COASTAL INSURANCE C,STK,Insurance,Financial,Property/Casualty Ins,COMMON,true,ACIC
55358340,SCKT,USD,NASDAQ,US,SOCKET MOBILE INC,STK,Computers,Technology,Computers,COMMON,false,SCKT
55922559,LOPE,USD,NASDAQ,US,GRAND CANYON EDUCATION INC,STK,Commercial Services,"Consumer, Non-cyclical",Schools,COMMON,true,LOPE
56483316,CBRL,USD,NASDAQ,US,CRACKER BARREL OLD COUNTRY,STK,Retail,"Consumer, Cyclical",Retail-Restaurants,COMMON,true,CBRL
56935150,BLDP,USD,NASDAQ,US,BALLARD POWER SYSTEMS INC,STK,Energy-Alternate Sources,Energy,Energy-Alternate Sources,COMMON,true,BLDP
57482345,IGOV,USD,NASDAQ,US,ISHARES INTERNATIONAL TREASU,STK,,,,ETF,true,IGOV
57482348,ISHG,USD,NASDAQ,US,ISHARES -3 YEAR INTERNATIONA,STK,,,,ETF,false,ISHG
57543594,SGA,USD,NASDAQ,US,SAGA COMMUNICATIONS INC-CL A,STK,Media,Communications,Radio,COMMON,false,SGA
60910576,EMIF,USD,NASDAQ,US,ISHARES EMERGING MARKETS INF,STK,,,,ETF,false,EMIF
61481444,KINS,USD,NASDAQ,US,KINGSTONE COS INC,STK,Insurance,Financial,Property/Casualty Ins,COMMON,true,KINS
61481451,QABA,USD,NASDAQ,US,FIRST TRUST NASDAQ ABA CBIF,STK,,,,ETF,true,QABA
67395326,CPIX,USD,NASDAQ,US,CUMBERLAND PHARMACEUTICALS,STK,Pharmaceuticals,"Consumer, Non-cyclical",Medical-Drugs,COMMON,true,CPIX
68492173,KTOS,USD,NASDAQ,US,KRATOS DEFENSE & SECURITY,STK,Aerospace/Defense,Industrial,Aerospace/Defense,COMMON,true,KTOS
69195736,IRDM,USD,NASDAQ,US,IRIDIUM COMMUNICATIONS INC,STK,Telecommunications,Communications,Satellite Telecom,COMMON,true,IRDM
69293559,VRSK,USD,NASDAQ,US,VERISK ANALYTICS INC,STK,Commercial Services,"Consumer, Non-cyclical",Consulting Services,COMMON,true,VRSK
69342644,OMER,USD,NASDAQ,US,OMEROS CORP,STK,Biotechnology,"Consumer, Non-cyclical",Medical-Biomedical/Gene,COMMON,true,OMER
69790398,ADUS,USD,NASDAQ,US,ADDUS HOMECARE CORP,STK,Healthcare-Services,"Consumer, Non-cyclical",Medical-Outptnt/Home Med,COMMON,true,ADUS
70236214,FTNT,USD,NASDAQ,US,FORTINET INC,STK,Computers,Technology,Computer Data Security,COMMON,true,FTNT
70302631,GRID,USD,NASDAQ,US,FIRST TRST NASD CL EDG SGIIF,STK,,,,ETF,true,GRID
70333958,INDY,USD,NASDAQ,US,ISHARES INDIA 50 ETF,STK,,,,ETF,true,INDY
70363037,VCSH,USD,NASDAQ,US,VANGUARD S/T CORP BOND ETF,STK,,,,ETF,true,VCSH
70363041,VMBS,USD,NASDAQ,US,VANGUARD MORTGAGE-BACKED SEC,STK,,,,ETF,true,VMBS
70363044,VGSH,USD,NASDAQ,US,VANGUARD SHORT-TERM TREASURY,STK,,,,ETF,true,VGSH
70363051,VCIT,USD,NASDAQ,US,VANGUARD INT-TERM CORPORATE,STK,,,,ETF,true,VCIT
70363054,VCLT,USD,NASDAQ,US,VANGUARD LONG-TERM CORP BOND,STK,,,,ETF,true,VCLT
70363056,VGLT,USD,NASDAQ,US,VANGUARD LONG-TERM TREASURY,STK,,,,ETF,true,VGLT
70363079,VGIT,USD,NASDAQ,US,VANGUARD INTERMEDIATE-TERM T,STK,,,,ETF,true,VGIT
70985860,NWBI,USD,NASDAQ,US,NORTHWEST BANCSHARES INC,STK,Savings&amp;Loans,Financial,S&amp;L/Thrifts-Eastern US,COMMON,true,NWBI
71034348,LTRX,USD,NASDAQ,US,LANTRONIX INC,STK,Telecommunications,Communications,Networking Products,COMMON,true,LTRX
71364351,CELH,USD,NASDAQ,US,CELSIUS HOLDINGS INC,STK,Beverages,"Consumer, Non-cyclical",Beverages-Non-alcoholic,COMMON,true,CELH
71395427,ASUR,USD,NASDAQ,US,ASURE SOFTWARE INC,STK,Software,Technology,Enterprise Software/Serv,COMMON,true,ASUR
71395583,PPC,USD,NASDAQ,US,PILGRIM'S PRIDE CORP,STK,Food,"Consumer, Non-cyclical",Poultry,COMMON,true,PPC
354559261,VFF,USD,NASDAQ,US,VILLAGE FARMS INTERNATIONAL,STK,Agriculture,"Consumer, Non-cyclical",Agricultural Operations,COMMON,true,VFF
72086400,EUFN,USD,NASDAQ,US,ISHARES MSCI EUROPE FINANCIA,STK,,,,ETF,true,EUFN
72384253,IRWD,USD,NASDAQ,US,IRONWOOD PHARMACEUTICALS INC,STK,Pharmaceuticals,"Consumer, Non-cyclical",Medical-Drugs,COMMON,true,IRWD
72516371,SLRC,USD,NASDAQ,US,SLR INVESTMENT CORP,STK,Investment Companies,Financial,Investment Companies,COMMON,true,SLRC
72528894,QNST,USD,NASDAQ,US,QUINSTREET INC,STK,Internet,Communications,E-Marketing/Info,COMMON,true,QNST
72539702,TQQQ,USD,NASDAQ,US,PROSHARES ULTRAPRO QQQ,STK,,,,ETF,true,TQQQ
73342855,MXL,USD,NASDAQ,US,MAXLINEAR INC,STK,Semiconductors,Technology,Semicon Compo-Intg Circu,COMMON,true,MXL
73417523,HNRG,USD,NASDAQ,US,HALLADOR ENERGY CO,STK,Coal,Energy,Coal,COMMON,true,HNRG
73793486,FIBK,USD,NASDAQ,US,FIRST INTERSTATE BANCSYS-A,STK,Banks,Financial,Commer Banks-Western US,COMMON,true,FIBK
73911494,SSNC,USD,NASDAQ,US,SS&C TECHNOLOGIES HOLDINGS,STK,Software,Technology,Enterprise Software/Serv,COMMON,true,SSNC
73989069,EBMT,USD,NASDAQ,US,EAGLE BANCORP MONTANA INC,STK,Savings&amp;Loans,Financial,S&amp;L/Thrifts-Western US,COMMON,false,EBMT
74072750,BIB,USD,NASDAQ,US,PROSHARES ULTRA NASD BIOTECH,STK,,,,ETF,true,BIB
74244456,GBDC,USD,NASDAQ,US,GOLUB CAPITAL BDC INC,STK,Investment Companies,Financial,Investment Companies,COMMON,true,GBDC
74619520,CDXS,USD,NASDAQ,US,CODEXIS INC,STK,Chemicals,Basic Materials,Chemicals-Diversified,COMMON,true,CDXS
74685916,SPSC,USD,NASDAQ,US,SPS COMMERCE INC,STK,Software,Technology,Enterprise Software/Serv,COMMON,true,SPSC
74820280,AOSL,USD,NASDAQ,US,ALPHA & OMEGA SEMICONDUCTOR,STK,Semiconductors,Technology,Electronic Compo-Semicon,COMMON,true,AOSL
75219799,ALRS,USD,NASDAQ,US,ALERUS FINANCIAL CORP,STK,Banks,Financial,Commer Banks-Central US,COMMON,true,ALRS
75220539,ISBA,USD,NASDAQ,US,ISABELLA BANK CORP,STK,Banks,Financial,Commer Banks-Central US,COMMON,false,ISBA
75316570,OBT,USD,NASDAQ,US,ORANGE COUNTY BANCORP INC,STK,Banks,Financial,Commer Banks-Eastern US,COMMON,false,OBT
76298314,PDEX,USD,NASDAQ,US,PRO-DEX INC,STK,Machinery-Diversified,Industrial,Machinery-General Indust,COMMON,false,PDEX
76792991,TSLA,USD,NASDAQ,US,TESLA INC,STK,Auto Manufacturers,"Consumer, Cyclical",Auto-Cars/Light Trucks,COMMON,true,TSLA
77459165,AADR,USD,NASDAQ,US,ADVISORSHARES DORSEY WRIGHT,STK,,,,ETF,false,AADR
77791077,NXPI,USD,NASDAQ,US,NXP SEMICONDUCTORS NV,STK,Semiconductors,Technology,Semicon Compo-Intg Circu,COMMON,true,NXPI
77879741,MMYT,USD,NASDAQ,US,MAKEMYTRIP LTD,STK,Internet,Communications,E-Commerce/Services,COMMON,true,MMYT
78596788,IBCP,USD,NASDAQ,US,INDEPENDENT BANK CORP - MICH,STK,Banks,Financial,Commer Banks-Central US,COMMON,true,IBCP
78615696,ENZL,USD,NASDAQ,US,ISHARES MSCI NEW ZEALAND ETF,STK,,,,ETF,true,ENZL
79020251,VONE,USD,NASDAQ,US,VANGUARD RUSSELL 1000,STK,,,,ETF,true,VONE
79020254,VONV,USD,NASDAQ,US,VANGUARD RUSSELL 1000 VALUE,STK,,,,ETF,true,VONV
79020258,VONG,USD,NASDAQ,US,VANGUARD RUSSELL 1000 GROWTH,STK,,,,ETF,false,VONG
79020263,VTWO,USD,NASDAQ,US,VANGUARD RUSSELL 2000 ETF,STK,,,,ETF,true,VTWO
79020264,VTWG,USD,NASDAQ,US,VANGUARD RUSSELL 2000 GROWTH,STK,,,,ETF,true,VTWG
79020269,VTHR,USD,NASDAQ,US,VANGUARD RUSSELL 3000,STK,,,,ETF,false,VTHR
79020275,VTWV,USD,NASDAQ,US,VANGUARD RUSSELL 2000 VALUE,STK,,,,ETF,false,VTWV
79498203,UAL,USD,NASDAQ,US,UNITED AIRLINES HOLDINGS INC,STK,Airlines,"Consumer, Cyclical",Airlines,COMMON,true,UAL
79535069,EWZS,USD,NASDAQ,US,ISHARES MSCI BRAZIL SMALL-CA,STK,,,,ETF,true,EWZS
79565601,VC,USD,NASDAQ,US,VISTEON CORP,STK,Auto Parts&amp;Equipment,"Consumer, Cyclical",Auto/Trk Prts&amp;Equip-Orig,COMMON,true,VC
80288457,VRA,USD,NASDAQ,US,VERA BRADLEY INC,STK,Retail,"Consumer, Cyclical",Retail-Apparel/Shoe,COMMON,true,VRA
80374116,LKFT,USD,NASDAQ,US,LAKEFRONT BIOTHERAPEUTIC-ADR,STK,Pharmaceuticals,"Consumer, Non-cyclical",Medical-Drugs,ADR,true,LKFT
80410754,PACB,USD,NASDAQ,US,PACIFIC BIOSCIENCES OF CALIF,STK,Healthcare-Products,"Consumer, Non-cyclical",Diagnostic Equipment,COMMON,true,PACB
80470893,HRZN,USD,NASDAQ,US,HORIZON TECHNOLOGY FINANCE C,STK,Investment Companies,Financial,Investment Companies,COMMON,true,HRZN
80536912,VNQI,USD,NASDAQ,US,VANGUARD GLBL EX-US REAL EST,STK,,,,ETF,true,VNQI
80712681,SBRA,USD,NASDAQ,US,SABRA HEALTH CARE REIT INC,STK,REITS,Financial,REITS-Health Care,REIT,true,SBRA
81026179,LGND,USD,NASDAQ,US,LIGAND PHARMACEUTICALS,STK,Biotechnology,"Consumer, Non-cyclical",Medical-Biomedical/Gene,COMMON,true,LGND
82340012,HFBL,USD,NASDAQ,US,HOME FEDERAL BANCORP INC/LA,STK,Savings&amp;Loans,Financial,S&amp;L/Thrifts-Southern US,COMMON,false,HFBL
82340077,CFFN,USD,NASDAQ,US,CAPITOL FEDERAL FINANCIAL IN,STK,Savings&amp;Loans,Financial,S&amp;L/Thrifts-Central US,COMMON,true,CFFN
82457808,ORLY,USD,NASDAQ,US,O'REILLY AUTOMOTIVE INC,STK,Retail,"Consumer, Cyclical",Retail-Auto Parts,COMMON,true,ORLY
82542601,GTIM,USD,NASDAQ,US,GOOD TIMES RESTAURANTS INC,STK,Retail,"Consumer, Cyclical",Retail-Restaurants,COMMON,true,GTIM
83512168,VXUS,USD,NASDAQ,US,VANGUARD TOTAL INTL STOCK,STK,,,,ETF,true,VXUS
83635951,PCRX,USD,NASDAQ,US,PACIRA BIOSCIENCES INC,STK,Pharmaceuticals,"Consumer, Non-cyclical",Medical-Drugs,COMMON,true,PCRX
83948730,LAB,USD,NASDAQ,US,STANDARD BIOTOOLS INC,STK,Electronics,Industrial,Instruments-Scientific,COMMON,true,LAB
84889699,INSM,USD,NASDAQ,US,INSMED INC,STK,Biotechnology,"Consumer, Non-cyclical",Medical-Biomedical/Gene,COMMON,true,INSM
86326988,MCHI,USD,NASDAQ,US,ISHARES MSCI CHINA ETF,STK,,,,ETF,true,MCHI
87254435,FPA,USD,NASDAQ,US,FIRST TRUST ASIA PAC EX-JAPN,STK,,,,ETF,false,FPA
87254441,FCA,USD,NASDAQ,US,FIRST TRUST CHINA,STK,,,,ETF,true,FCA
87254444,FDT,USD,NASDAQ,US,FIRST TRUST DEVELP MKT EX-US,STK,,,,ETF,true,FDT
87254450,FEM,USD,NASDAQ,US,FIRST TRUST EMERGING MARKETS,STK,,,,ETF,true,FEM
87254455,FEP,USD,NASDAQ,US,FIRST TRUST EUROPE,STK,,,,ETF,true,FEP
87254456,FJP,USD,NASDAQ,US,FIRST TRUST JAPAN,STK,,,,ETF,true,FJP
87254461,FLN,USD,NASDAQ,US,FIRST TRUST LATIN AMERICA,STK,,,,ETF,false,FLN
87254464,FNY,USD,NASDAQ,US,FIRST TRUST MID CAP GROWTH,STK,,,,ETF,true,FNY
87254469,FNK,USD,NASDAQ,US,FIRST TRUST MID CAP VALUE,STK,,,,ETF,true,FNK
87254474,FYT,USD,NASDAQ,US,FIRST TRUST SMALL CAP VAL,STK,,,,ETF,true,FYT
87254479,FYC,USD,NASDAQ,US,FIRST TRUST SMALL CAP GROWTH,STK,,,,ETF,true,FYC
87356334,VNET,USD,NASDAQ,US,VNET GROUP INC-ADR,STK,Internet,Communications,Internet Connectiv Svcs,ADR,true,VNET
87880199,CARZ,USD,NASDAQ,US,FIRST TRUST S-NETWORK FUTURE,STK,,,,ETF,true,CARZ
88292757,NMFC,USD,NASDAQ,US,NEW MOUNTAIN FINANCE CORP,STK,Investment Companies,Financial,Investment Companies,COMMON,true,NMFC
88383076,CXDO,USD,NASDAQ,US,CREXENDO INC,STK,Internet,Communications,E-Commerce/Services,COMMON,true,CXDO
88385302,PLUG,USD,NASDAQ,US,PLUG POWER INC,STK,Energy-Alternate Sources,Energy,Energy-Alternate Sources,COMMON,true,PLUG
88819736,NBIS,USD,NASDAQ,US,NEBIUS GROUP NV,STK,Software,Technology,Computer Software,COMMON,true,NBIS
89098712,BANR,USD,NASDAQ,US,BANNER CORP,STK,Banks,Financial,Commer Banks-Western US,COMMON,true,BANR
89520835,AMCX,USD,NASDAQ,US,AMC GLOBAL MEDIA INC,STK,Media,Communications,Television,COMMON,true,AMCX
89596989,PFBC,USD,NASDAQ,US,PREFERRED BANK/LOS ANGELES,STK,Banks,Financial,Commer Banks-Western US,COMMON,true,PFBC
90053147,FDUS,USD,NASDAQ,US,FIDUS INVESTMENT CORP,STK,Investment Companies,Financial,Investment Companies,COMMON,true,FDUS
90617252,SKYY,USD,NASDAQ,US,FIRST TRUST CLOUD COMPUTING,STK,,,,ETF,true,SKYY
90655688,WEN,USD,NASDAQ,US,WENDY'S CO/THE,STK,Retail,"Consumer, Cyclical",Retail-Restaurants,COMMON,true,WEN
91869066,CHEF,USD,NASDAQ,US,CHEFS' WAREHOUSE INC/THE,STK,Food,"Consumer, Non-cyclical",Food-Wholesale/Distrib,COMMON,true,CHEF
91995792,AVBH,USD,NASDAQ,US,AVIDBANK HOLDINGS INC,STK,Banks,Financial,Commer Banks-Western US,COMMON,false,AVBH
93903658,PSIX,USD,NASDAQ,US,POWER SOLUTIONS INTERNATIONA,STK,Machinery-Diversified,Industrial,Engines-Internal Combust,COMMON,true,PSIX
94892734,ALKS,USD,NASDAQ,US,ALKERMES PLC,STK,Pharmaceuticals,"Consumer, Non-cyclical",Medical-Drugs,COMMON,true,ALKS
95844254,AXGN,USD,NASDAQ,US,AXOGEN INC,STK,Healthcare-Products,"Consumer, Non-cyclical",Medical Products,COMMON,true,AXGN
96983623,ACHC,USD,NASDAQ,US,ACADIA HEALTHCARE CO INC,STK,Healthcare-Services,"Consumer, Non-cyclical",Medical-Hospitals,COMMON,true,ACHC
97477676,SOCL,USD,NASDAQ,US,GLOBAL X SOCIAL MEDIA ETF,STK,,,,ETF,true,SOCL
98538357,ZD,USD,NASDAQ,US,ZIFF DAVIS INC,STK,Internet,Communications,Internet Content-Info/Ne,COMMON,true,ZD
98542021,EXPE,USD,NASDAQ,US,EXPEDIA GROUP INC,STK,Internet,Communications,E-Commerce/Services,COMMON,true,EXPE
98542026,TRIP,USD,NASDAQ,US,TRIPADVISOR INC,STK,Internet,Communications,E-Commerce/Services,COMMON,true,TRIP
98801727,HAFC,USD,NASDAQ,US,HANMI FINANCIAL CORPORATION,STK,Banks,Financial,Commer Banks-Western US,COMMON,true,HAFC
99990497,MGPI,USD,NASDAQ,US,MGP INGREDIENTS INC,STK,Beverages,"Consumer, Non-cyclical",Beverages-Wine/Spirits,COMMON,true,MGPI
100248135,LINK,USD,NASDAQ,US,INTERLINK ELECTRONICS INC,STK,Electronics,Industrial,Electronic Compo-Misc,COMMON,false,LINK
100296007,MTEX,USD,NASDAQ,US,MANNATECH INC,STK,Pharmaceuticals,"Consumer, Non-cyclical",Vitamins&amp;Nutrition Prod,COMMON,false,MTEX
100296028,CLWT,USD,NASDAQ,US,EURO TECH HOLDINGS CO LTD,STK,Distribution/Wholesale,"Consumer, Cyclical",Distribution/Wholesale,COMMON,false,CLWT
100430853,JAZZ,USD,NASDAQ,US,JAZZ PHARMACEUTICALS PLC,STK,Pharmaceuticals,"Consumer, Non-cyclical",Medical-Drugs,COMMON,true,JAZZ
101780392,UFCS,USD,NASDAQ,US,UNITED FIRE GROUP INC,STK,Insurance,Financial,Property/Casualty Ins,COMMON,true,UFCS
102121682,EEMA,USD,NASDAQ,US,ISHARES MSCI EMERG MRKT ASIA,STK,,,,ETF,false,EEMA
98559149,MCHB,USD,NASDAQ,US,MECHANICS BANCORP-A,STK,Banks,Financial,Commer Banks-Western US,COMMON,true,MCHB
102404272,FGM,USD,NASDAQ,US,FIRST TRUST GERMANY,STK,,,,ETF,true,FGM
102404282,FSZ,USD,NASDAQ,US,FIRST TRUST SWITZERLAND,STK,,,,ETF,true,FSZ
102404290,FKU,USD,NASDAQ,US,FIRST TRUST UNITED KINGDOM,STK,,,,ETF,false,FKU
102447841,FDTS,USD,NASDAQ,US,FIRST TRUST DEVELOPED MARKET,STK,,,,ETF,false,FDTS
102447844,FEMS,USD,NASDAQ,US,FIRST TRUST EMERGING MARKETS,STK,,,,ETF,false,FEMS
102447854,GNMA,USD,NASDAQ,US,ISHARES GNMA BOND ETF,STK,,,,ETF,false,GNMA
102558681,MVIS,USD,NASDAQ,US,MICROVISION INC,STK,Electronics,Industrial,Electronic Compo-Misc,COMMON,true,MVIS
103871303,EMCB,USD,NASDAQ,US,WISDOMTREE EM CORP BOND,STK,,,,ETF,false,EMCB
104158272,MTSI,USD,NASDAQ,US,MACOM TECHNOLOGY SOLUTIONS H,STK,Semiconductors,Technology,Electronic Compo-Semicon,COMMON,true,MTSI
104792254,QQQE,USD,NASDAQ,US,DIRX NASDAQ-100EQ WI ETF-USD,STK,,,,ETF,true,QQQE
104804524,PBYI,USD,NASDAQ,US,PUMA BIOTECHNOLOGY INC,STK,Biotechnology,"Consumer, Non-cyclical",Medical-Biomedical/Gene,COMMON,true,PBYI
104887380,CSTE,USD,NASDAQ,US,CAESARSTONE LTD,STK,Building Materials,Industrial,Bldg&amp;Construct Prod-Misc,COMMON,true,CSTE
105021020,GALT,USD,NASDAQ,US,GALECTIN THERAPEUTICS INC,STK,Pharmaceuticals,"Consumer, Non-cyclical",Medical-Drugs,COMMON,true,GALT
105368327,ENPH,USD,NASDAQ,US,ENPHASE ENERGY INC,STK,Energy-Alternate Sources,Energy,Energy-Alternate Sources,COMMON,true,ENPH
90046065,PPSI,USD,NASDAQ,US,PIONEER POWER SOLUTIONS INC,STK,Electrical Compo&amp;Equip,Industrial,Power Conv/Supply Equip,COMMON,true,PPSI
106810749,TGTX,USD,NASDAQ,US,TG THERAPEUTICS INC,STK,Biotechnology,"Consumer, Non-cyclical",Medical-Biomedical/Gene,COMMON,true,TGTX
106853221,SUPN,USD,NASDAQ,US,SUPERNUS PHARMACEUTICALS INC,STK,Pharmaceuticals,"Consumer, Non-cyclical",Medical-Drugs,COMMON,true,SUPN
107113386,META,USD,NASDAQ,US,META PLATFORMS INC-CLASS A,STK,Internet,Communications,Internet Content-Entmnt,COMMON,true,META
107233203,TILE,USD,NASDAQ,US,INTERFACE INC,STK,Office Furnishings,"Consumer, Cyclical",Office Furnishings-Orig,COMMON,true,TILE
108164616,BPOP,USD,NASDAQ,US,POPULAR INC,STK,Banks,Financial,Commer Banks-Southern US,COMMON,true,BPOP
109435481,LPLA,USD,NASDAQ,US,LPL FINANCIAL HOLDINGS INC,STK,Diversified Finan Serv,Financial,Invest Mgmnt/Advis Serv,COMMON,true,LPLA
109908055,DLHC,USD,NASDAQ,US,DLH HOLDINGS CORP,STK,Computers,Technology,Computer Services,COMMON,true,DLHC
110394608,FSBW,USD,NASDAQ,US,FS BANCORP INC,STK,Savings&amp;Loans,Financial,S&amp;L/Thrifts-Western US,COMMON,false,FSBW
110434131,SRPT,USD,NASDAQ,US,SAREPTA THERAPEUTICS INC,STK,Biotechnology,"Consumer, Non-cyclical",Medical-Biomedical/Gene,COMMON,true,SRPT
110619459,PANW,USD,NASDAQ,US,PALO ALTO NETWORKS INC,STK,Internet,Communications,Internet Security,COMMON,true,PANW
110650558,FIVE,USD,NASDAQ,US,FIVE BELOW,STK,Retail,"Consumer, Cyclical",Retail-Misc/Diversified,COMMON,true,FIVE
110753297,GRFS,USD,NASDAQ,US,GRIFOLS SA-ADR,STK,Pharmaceuticals,"Consumer, Non-cyclical",Medical-Drugs,ADR,true,GRFS
111837984,BLMN,USD,NASDAQ,US,BLOOMIN' BRANDS INC,STK,Retail,"Consumer, Cyclical",Retail-Restaurants,COMMON,true,BLMN
111948352,NTWK,USD,NASDAQ,US,NETSOL TECHNOLOGIES INC,STK,Computers,Technology,Computer Services,COMMON,true,NTWK
112003450,MDIV,USD,NASDAQ,US,FT MULTI-ASSET DIVERS INC,STK,,,,ETF,true,MDIV
112003455,TDIV,USD,NASDAQ,US,FT NASDAQ TECH DVD INDEX FD,STK,,,,ETF,true,TDIV
112776057,SFBC,USD,NASDAQ,US,SOUND FINANCIAL BANCORP INC,STK,Savings&amp;Loans,Financial,S&amp;L/Thrifts-Western US,COMMON,false,SFBC
112776924,BWEN,USD,NASDAQ,US,BROADWIND INC,STK,Energy-Alternate Sources,Energy,Energy-Alternate Sources,COMMON,true,BWEN
75884396,MVBF,USD,NASDAQ,US,MVB FINANCIAL CORP,STK,Banks,Financial,Commer Banks-Southern US,COMMON,true,MVBF
113306104,THRM,USD,NASDAQ,US,GENTHERM INC,STK,Auto Parts&amp;Equipment,"Consumer, Cyclical",Auto/Trk Prts&amp;Equip-Orig,COMMON,true,THRM
113599091,MDLZ,USD,NASDAQ,US,MONDELEZ INTERNATIONAL INC-A,STK,Food,"Consumer, Non-cyclical",Food-Confectionery,COMMON,true,MDLZ
113857278,CXSE,USD,NASDAQ,US,WISDOMTREE CHINA EX-ST OW,STK,,,,ETF,false,CXSE
114814349,QLYS,USD,NASDAQ,US,QUALYS INC,STK,Computers,Technology,Computer Data Security,COMMON,true,QLYS
114849970,GEOS,USD,NASDAQ,US,GEOSPACE TECHNOLOGIES CORP,STK,Oil&amp;Gas Services,Energy,Seismic Data Collection,COMMON,true,GEOS
115324103,AMBA,USD,NASDAQ,US,AMBARELLA INC,STK,Semiconductors,Technology,Electronic Compo-Semicon,COMMON,true,AMBA
115324104,WDAY,USD,NASDAQ,US,WORKDAY INC-CLASS A,STK,Software,Technology,Enterprise Software/Serv,COMMON,true,WDAY
115441080,FANG,USD,NASDAQ,US,DIAMONDBACK ENERGY INC,STK,Oil&amp;Gas,Energy,Oil Comp-Explor&amp;Prodtn,COMMON,true,FANG
115664156,VTIP,USD,NASDAQ,US,VANGUARD SHORT-TERM TIPS,STK,,,,ETF,true,VTIP
115826952,IXUS,USD,NASDAQ,US,ISHARES CORE INTL STOCK ETF,STK,,,,ETF,true,IXUS
115826957,ISTB,USD,NASDAQ,US,ISHARES CORE 1-5 YEAR USD BO,STK,,,,ETF,true,ISTB
116787031,OFS,USD,NASDAQ,US,OFS CAPITAL CORP,STK,Investment Companies,Financial,Investment Companies,COMMON,true,OFS
117032813,SANM,USD,NASDAQ,US,SANMINA CORP,STK,Electronics,Industrial,Electronic Compo-Misc,COMMON,true,SANM
117902840,ASML,USD,NASDAQ,US,ASML HOLDING NV-NY REG SHS,STK,Semiconductors,Technology,Semiconductor Equipment,NY REG SHRS,true,ASML
118028144,ATLC,USD,NASDAQ,US,ATLANTICUS HOLDINGS CORP,STK,Diversified Finan Serv,Financial,Finance-Consumer Loans,COMMON,false,ATLC
118074725,SSYS,USD,NASDAQ,US,STRATASYS LTD,STK,Computers,Technology,Computers-Other,COMMON,true,SSYS
118242010,WHF,USD,NASDAQ,US,WHITEHORSE FINANCE INC,STK,Investment Companies,Financial,Investment Companies,COMMON,true,WHF
118857433,BOSC,USD,NASDAQ,US,BOS BETTER ON-LINE SOLUTIONS,STK,Software,Technology,Enterprise Software/Serv,COMMON,false,BOSC
118938255,PRTA,USD,NASDAQ,US,PROTHENA CORP PLC,STK,Biotechnology,"Consumer, Non-cyclical",Medical-Biomedical/Gene,COMMON,true,PRTA
121250480,ORMP,USD,NASDAQ,US,ORAMED PHARMACEUTICALS INC,STK,Pharmaceuticals,"Consumer, Non-cyclical",Drug Delivery Systems,COMMON,true,ORMP
121467854,NFBK,USD,NASDAQ,US,NORTHFIELD BANCORP INC,STK,Savings&amp;Loans,Financial,S&amp;L/Thrifts-Eastern US,COMMON,true,NFBK
121507047,PTC,USD,NASDAQ,US,PTC INC,STK,Software,Technology,Applications Software,COMMON,true,PTC
121560173,LAND,USD,NASDAQ,US,GLADSTONE LAND CORP,STK,REITS,Financial,REITS-Diversified,REIT,true,LAND
121810224,ICLR,USD,NASDAQ,US,ICON PLC,STK,Healthcare-Services,"Consumer, Non-cyclical",Medical Labs&amp;Testing Srv,COMMON,true,ICLR
121901944,VUZI,USD,NASDAQ,US,VUZIX CORP,STK,Computers,Technology,Computers-Other,COMMON,true,VUZI
123279032,DXLG,USD,NASDAQ,US,DESTINATION XL GROUP INC,STK,Retail,"Consumer, Cyclical",Retail-Apparel/Shoe,COMMON,true,DXLG
123458397,HYLS,USD,NASDAQ,US,FT TACTICAL HIGH YIELD ETF,STK,,,,ETF,false,HYLS
123624285,RSSS,USD,NASDAQ,US,RESEARCH SOLUTIONS INC,STK,Commercial Services,"Consumer, Non-cyclical",Commercial Services,COMMON,false,RSSS
123882197,MAMA,USD,NASDAQ,US,MAMA'S CREATIONS INC,STK,Food,"Consumer, Non-cyclical",Food-Misc/Diversified,COMMON,true,MAMA
124853474,ENTA,USD,NASDAQ,US,ENANTA PHARMACEUTICALS INC,STK,Pharmaceuticals,"Consumer, Non-cyclical",Medical-Drugs,COMMON,true,ENTA
125980227,TMUS,USD,NASDAQ,US,T-MOBILE US INC,STK,Telecommunications,Communications,Cellular Telecom,COMMON,true,TMUS
126697934,SBFG,USD,NASDAQ,US,SB FINANCIAL GROUP INC,STK,Banks,Financial,Commer Banks-Central US,COMMON,false,SBFG
127012090,FTSL,USD,NASDAQ,US,FIRST TRUST SENIOR LOAN ETF,STK,,,,ETF,false,FTSL
127838774,NRC,USD,NASDAQ,US,NRC HEALTH,STK,Commercial Services,"Consumer, Non-cyclical",Consulting Services,COMMON,true,NRC
128357879,DGRW,USD,NASDAQ,US,WISDOMTREE U.S. QUALITY DIVI,STK,,,,ETF,true,DGRW
333360256,DOO,USD,NASDAQ,US,BRP INC/CA- SUB VOTING,STK,Leisure Time,"Consumer, Cyclical",Recreational Vehicles,COMMON,true,DOO
128636953,KMDA,USD,NASDAQ,US,KAMADA LTD,STK,Biotechnology,"Consumer, Non-cyclical",Medical-Biomedical/Gene,COMMON,true,KMDA
128647394,GMAB,USD,NASDAQ,US,GENMAB A/S -SP ADR,STK,Biotechnology,"Consumer, Non-cyclical",Medical-Biomedical/Gene,ADR,true,GMAB
128835014,VWOB,USD,NASDAQ,US,VANGUARD EMERG MKTS GOV BND,STK,,,,ETF,true,VWOB
128835017,BNDX,USD,NASDAQ,US,VANGUARD TOTAL INTL BOND ETF,STK,,,,ETF,true,BNDX
128937778,FOSL,USD,NASDAQ,US,FOSSIL GROUP INC,STK,Apparel,"Consumer, Cyclical",Apparel Manufacturers,COMMON,true,FOSL
129156064,TSSI,USD,NASDAQ,US,TSS INC,STK,Engineering&amp;Construction,Industrial,Building&amp;Construct-Misc,COMMON,true,TSSI
129348126,NWSA,USD,NASDAQ,US,NEWS CORP - CLASS A,STK,Media,Communications,Publishing-Newspapers,COMMON,true,NWSA
129348130,NWS,USD,NASDAQ,US,NEWS CORP - CLASS B,STK,Media,Communications,Publishing-Newspapers,COMMON,true,NWS
129374415,PTCT,USD,NASDAQ,US,PTC THERAPEUTICS INC,STK,Biotechnology,"Consumer, Non-cyclical",Medical-Biomedical/Gene,COMMON,true,PTCT
129481281,GOGO,USD,NASDAQ,US,GOGO INC,STK,Telecommunications,Communications,Satellite Telecom,COMMON,true,GOGO
130108624,CYTK,USD,NASDAQ,US,CYTOKINETICS INC,STK,Biotechnology,"Consumer, Non-cyclical",Medical-Biomedical/Gene,COMMON,true,CYTK
130346369,ESPR,USD,NASDAQ,US,ESPERION THERAPEUTICS INC,STK,Biotechnology,"Consumer, Non-cyclical",Medical-Biomedical/Gene,COMMON,true,ESPR
130432552,CDW,USD,NASDAQ,US,CDW CORP/DE,STK,Internet,Communications,E-Services/Consulting,COMMON,true,CDW
130432566,SAMG,USD,NASDAQ,US,SILVERCREST ASSET MANAGEME-A,STK,Diversified Finan Serv,Financial,Invest Mgmnt/Advis Serv,COMMON,true,SAMG
130539918,OPPJ,USD,NASDAQ,US,WISDOMTREE JAPAN OPPORTUNITI,STK,,,,ETF,true,OPPJ
130653941,ARQ,USD,NASDAQ,US,ARQ INC,STK,Environmental Control,Industrial,Pollution Control,COMMON,true,ARQ
130702655,TIPT,USD,NASDAQ,US,TIPTREE INC,STK,Insurance,Financial,Property/Casualty Ins,COMMON,true,TIPT
131255091,ANIP,USD,NASDAQ,US,ANI PHARMACEUTICALS INC,STK,Biotechnology,"Consumer, Non-cyclical",Medical-Biomedical/Gene,COMMON,true,ANIP
131969792,AGIO,USD,NASDAQ,US,AGIOS PHARMACEUTICALS INC,STK,Pharmaceuticals,"Consumer, Non-cyclical",Therapeutics,COMMON,true,AGIO
132009493,DGRS,USD,NASDAQ,US,WISDOMTREE U.S. SMALLCAP QUA,STK,,,,ETF,true,DGRS
132310192,SFM,USD,NASDAQ,US,SPROUTS FARMERS MARKET INC,STK,Food,"Consumer, Non-cyclical",Food-Retail,COMMON,true,SFM
132310197,DGRE,USD,NASDAQ,US,WISDOMTREE EMERGING MARKETS,STK,,,,ETF,false,DGRE
132557119,FOXF,USD,NASDAQ,US,FOX FACTORY HOLDING CORP,STK,Auto Parts&amp;Equipment,"Consumer, Cyclical",Auto/Trk Prts&amp;Equip-Orig,COMMON,true,FOXF
133761282,HGBL,USD,NASDAQ,US,HERITAGE GLOBAL INC,STK,Diversified Finan Serv,Financial,Invest Mgmnt/Advis Serv,COMMON,false,HGBL
134258227,BWFG,USD,NASDAQ,US,BANKWELL FINANCIAL GROUP INC,STK,Banks,Financial,Commer Banks-Eastern US,COMMON,false,BWFG
134306225,SAIC,USD,NASDAQ,US,SCIENCE APPLICATIONS INTE,STK,Computers,Technology,Computer Services,COMMON,true,SAIC
134609575,FATE,USD,NASDAQ,US,FATE THERAPEUTICS INC,STK,Biotechnology,"Consumer, Non-cyclical",Medical-Biomedical/Gene,COMMON,true,FATE
135423662,AAOI,USD,NASDAQ,US,APPLIED OPTOELECTRONICS INC,STK,Electronics,Industrial,Electronic Compo-Misc,COMMON,true,AAOI
135578719,CHSCO,USD,NASDAQ,US,CHS INC PREFERRED CLASS B,STK,Agriculture,"Consumer, Non-cyclical",Agricultural Operations,PREFERRED,false,CHSCO
136046701,MGNX,USD,NASDAQ,US,MACROGENICS INC,STK,Biotechnology,"Consumer, Non-cyclical",Medical-Biomedical/Gene,COMMON,true,MGNX
136254442,GLPI,USD,NASDAQ,US,GAMING AND LEISURE PROPERTIE,STK,REITS,Financial,REITS-Diversified,REIT,true,GLPI
136257468,PESI,USD,NASDAQ,US,PERMA-FIX ENVIRONMENTAL SVCS,STK,Environmental Control,Industrial,Hazardous Waste Disposal,COMMON,true,PESI
136374388,SLQD,USD,NASDAQ,US,ISHARES 0-5 YR INV GRD CORP,STK,,,,ETF,false,SLQD
136375641,ADMA,USD,NASDAQ,US,ADMA BIOLOGICS INC,STK,Biotechnology,"Consumer, Non-cyclical",Medical-Biomedical/Gene,COMMON,true,ADMA
165642013,AUPH,USD,NASDAQ,US,AURINIA PHARMACEUTICALS INC,STK,Biotechnology,"Consumer, Non-cyclical",Medical-Biomedical/Gene,COMMON,true,AUPH
137132320,FTGC,USD,NASDAQ,US,FIRST TRUST GLOBAL TACTICAL,STK,,,,ETF,true,FTGC
137407031,VISN,USD,NASDAQ,US,VISTANCE NETWORKS INC,STK,Telecommunications,Communications,Telecommunication Equip,COMMON,true,VISN
137537401,CRTO,USD,NASDAQ,US,CRITEO SA-SPON ADR,STK,Internet,Communications,E-Marketing/Info,ADR,true,CRTO
137537411,VCYT,USD,NASDAQ,US,VERACYTE INC,STK,Biotechnology,"Consumer, Non-cyclical",Medical-Biomedical/Gene,COMMON,true,VCYT
137867351,WIX,USD,NASDAQ,US,WIX.COM LTD,STK,Internet,Communications,Internet Applic Sftwr,COMMON,true,WIX
137936373,TZOO,USD,NASDAQ,US,TRAVELZOO,STK,Internet,Communications,E-Commerce/Services,COMMON,true,TZOO
137937808,LGIH,USD,NASDAQ,US,LGI HOMES INC,STK,Home Builders,"Consumer, Cyclical",Bldg-Residential/Commer,COMMON,true,LGIH
137937818,BANX,USD,NASDAQ,US,ARROWMARK FINANCIAL CORP,STK,Investment Companies,Financial,Investment Companies,COMMON,true,BANX
138031174,NMIH,USD,NASDAQ,US,NMI HOLDINGS INC,STK,Insurance,Financial,Financial Guarantee Ins,COMMON,true,NMIH
139508766,XNCR,USD,NASDAQ,US,XENCOR INC,STK,Biotechnology,"Consumer, Non-cyclical",Medical-Biomedical/Gene,COMMON,true,XNCR
139673266,AAL,USD,NASDAQ,US,AMERICAN AIRLINES GROUP INC,STK,Airlines,"Consumer, Cyclical",Airlines,COMMON,true,AAL
139701596,FGBI,USD,NASDAQ,US,FIRST GUARANTY BANCSHARES IN,STK,Banks,Financial,Commer Banks-Southern US,COMMON,false,FGBI
140006230,SBCF,USD,NASDAQ,US,SEACOAST BANKING CORP/FL,STK,Banks,Financial,Commer Banks-Southern US,COMMON,true,SBCF
140125011,FITBI,USD,NASDAQ,US,FIFTH THIRD BANCORP DEPO SHS REPSTG,STK,Banks,Financial,Super-Regional Banks-US,PREFERRED,false,FITBI
140148801,VABK,USD,NASDAQ,US,VIRGINIA NATIONAL BANKSHARES,STK,Banks,Financial,Commer Banks-Southern US,COMMON,false,VABK
140149917,AGZD,USD,NASDAQ,US,WISDOMTREE TRUST WISDOMTREE,STK,,,,ETF,false,AGZD
140149924,HYZD,USD,NASDAQ,US,WISDOMTREE INTEREST RATE HED,STK,,,,ETF,true,HYZD
141212831,TCX,USD,NASDAQ,US,TUCOWS INC-CLASS A,STK,Internet,Communications,Internet Applic Sftwr,COMMON,true,TCX
141525189,FTHI,USD,NASDAQ,US,FTHI/FIRST TRUST EXCHANGE-TR,STK,,,,ETF,true,FTHI
141525360,FTQI,USD,NASDAQ,US,FIRST TRUST NASDAQ BUYWRITE,STK,,,,ETF,true,FTQI
141525386,RDVY,USD,NASDAQ,US,FIRST TRUST RISING DIVIDEND,STK,,,,ETF,true,RDVY
141832719,HRTX,USD,NASDAQ,US,HERON THERAPEUTICS INC,STK,Pharmaceuticals,"Consumer, Non-cyclical",Drug Delivery Systems,COMMON,true,HRTX
142893880,WSBF,USD,NASDAQ,US,WATERSTONE FINANCIAL INC,STK,Savings&amp;Loans,Financial,S&amp;L/Thrifts-Central US,COMMON,true,WSBF
143288128,BLFS,USD,NASDAQ,US,BIOLIFE SOLUTIONS INC,STK,Healthcare-Products,"Consumer, Non-cyclical",Disposable Medical Prod,COMMON,true,BLFS
143541502,MBUU,USD,NASDAQ,US,MALIBU BOATS INC - A,STK,Leisure Time,"Consumer, Cyclical",Recreational Vehicles,COMMON,true,MBUU
143541504,RARE,USD,NASDAQ,US,ULTRAGENYX PHARMACEUTICAL IN,STK,Biotechnology,"Consumer, Non-cyclical",Medical-Biomedical/Gene,COMMON,true,RARE
143578699,AGNT,USD,NASDAQ,US,EXP WORLD HOLDINGS INC,STK,Real Estate,Financial,Real Estate Mgmnt/Servic,COMMON,true,AGNT
143720844,QURE,USD,NASDAQ,US,UNIQURE NV,STK,Pharmaceuticals,"Consumer, Non-cyclical",Medical-Drugs,COMMON,true,QURE
144177256,INGN,USD,NASDAQ,US,INOGEN INC,STK,Healthcare-Products,"Consumer, Non-cyclical",Medical Products,COMMON,true,INGN
144463724,VOD,USD,NASDAQ,US,VODAFONE GROUP PLC-SP ADR,STK,Telecommunications,Communications,Cellular Telecom,ADR,true,VOD
145409766,VRNS,USD,NASDAQ,US,VARONIS SYSTEMS INC,STK,Computers,Technology,Computer Data Security,COMMON,true,VRNS
145766277,FV,USD,NASDAQ,US,FIRST TRUST DW FOCUS 5 FUND,STK,,,,ETF,true,FV
145995043,AIRR,USD,NASDAQ,US,FIRST TRUST RBA AMERICAN IND,STK,,,,ETF,true,AIRR
146033478,CHSCN,USD,NASDAQ,US,CHS INC PREFERRED CLASS B SERIES 2,STK,Agriculture,"Consumer, Non-cyclical",Agricultural Operations,PREFERRED,false,CHSCN
146404668,PCTY,USD,NASDAQ,US,PAYLOCITY HOLDING CORP,STK,Commercial Services,"Consumer, Non-cyclical",Human Resources,COMMON,true,PCTY
146445446,AKBA,USD,NASDAQ,US,AKEBIA THERAPEUTICS INC,STK,Pharmaceuticals,"Consumer, Non-cyclical",Therapeutics,COMMON,true,AKBA
146445452,LE,USD,NASDAQ,US,LANDS' END INC,STK,Internet,Communications,E-Commerce/Products,COMMON,true,LE
147887136,FIVN,USD,NASDAQ,US,FIVE9 INC,STK,Software,Technology,Applications Software,COMMON,true,FIVN
148443223,ALDX,USD,NASDAQ,US,ALDEYRA THERAPEUTICS INC,STK,Biotechnology,"Consumer, Non-cyclical",Medical-Biomedical/Gene,COMMON,true,ALDX
148443229,PAHC,USD,NASDAQ,US,PHIBRO ANIMAL HEALTH CORP-A,STK,Pharmaceuticals,"Consumer, Non-cyclical",Medical-Drugs,COMMON,true,PAHC
148782715,SABR,USD,NASDAQ,US,SABRE CORP,STK,Leisure Time,"Consumer, Cyclical",Travel Services,COMMON,true,SABR
148782718,SPWH,USD,NASDAQ,US,SPORTSMAN'S WAREHOUSE HOLDIN,STK,Retail,"Consumer, Cyclical",Retail-Sporting Goods,COMMON,true,SPWH
148782724,WB,USD,NASDAQ,US,WEIBO CORP-SPON ADR,STK,Internet,Communications,Internet Content-Entmnt,ADR,true,WB
148782986,NAVI,USD,NASDAQ,US,NAVIENT CORP,STK,Diversified Finan Serv,Financial,Finance-Consumer Loans,COMMON,true,NAVI
149886658,SYBT,USD,NASDAQ,US,STOCK YARDS BANCORP INC,STK,Banks,Financial,Commer Banks-Southern US,COMMON,true,SYBT
150201408,QAT,USD,NASDAQ,US,ISHARES MSCI QATAR ETF,STK,,,,ETF,false,QAT
150302628,UAE,USD,NASDAQ,US,ISHARES MSCI UAE ETF,STK,,,,ETF,true,UAE
150304976,ARCB,USD,NASDAQ,US,ARCBEST CORP,STK,Transportation,Industrial,Transport-Truck,COMMON,true,ARCB
150304986,WHLRP,USD,NASDAQ,US,WHEELER REAL ESTATE INVESTMENT TRUST INC,STK,REITS,Financial,REITS-Shopping Centers,CONVPREFERRED,false,WHLRP
150975079,OXBR,USD,NASDAQ,US,OXBRIDGE RE HOLDINGS LTD,STK,Insurance,Financial,Reinsurance,COMMON,false,OXBR
151367747,AMTX,USD,NASDAQ,US,AEMETIS INC,STK,Energy-Alternate Sources,Energy,Energy-Alternate Sources,COMMON,true,AMTX
151375571,FMB,USD,NASDAQ,US,FIRST TRUST MANAGED MUNICIPA,STK,,,,ETF,false,FMB
151525618,TBPH,USD,NASDAQ,US,THERAVANCE BIOPHARMA INC,STK,Biotechnology,"Consumer, Non-cyclical",Medical-Biomedical/Gene,COMMON,true,TBPH
152486141,JD,USD,NASDAQ,US,JD.COM INC-ADR,STK,Internet,Communications,E-Commerce/Products,ADR,true,JD
152828880,INVE,USD,NASDAQ,US,IDENTIV INC,STK,Electronics,Industrial,Electronic Secur Devices,COMMON,true,INVE
155518924,IUSB,USD,NASDAQ,US,ISHR CR UNVRSE USD BD ETF-UI,STK,,,,ETF,true,IUSB
156540877,ARDX,USD,NASDAQ,US,ARDELYX INC,STK,Biotechnology,"Consumer, Non-cyclical",Medical-Biomedical/Gene,COMMON,true,ARDX
157874416,XNET,USD,NASDAQ,US,XUNLEI LTD-ADR,STK,Software,Technology,Applications Software,ADR,true,XNET
158060518,AMPH,USD,NASDAQ,US,AMPHASTAR PHARMACEUTICALS IN,STK,Pharmaceuticals,"Consumer, Non-cyclical",Medical-Drugs,COMMON,true,AMPH
158060524,MTLS,USD,NASDAQ,US,MATERIALISE NV-ADR,STK,Metal Fabricate/Hardware,Industrial,Metal Processors&amp;Fabrica,ADR,true,MTLS
158060562,STKS,USD,NASDAQ,US,ONE GROUP HOSPITALITY INC/TH,STK,Retail,"Consumer, Cyclical",Retail-Restaurants,COMMON,true,STKS
158249582,GPRO,USD,NASDAQ,US,GOPRO INC-CLASS A,STK,Electronics,Industrial,Industr Audio&amp;Video Prod,COMMON,true,GPRO
159120379,CNOB,USD,NASDAQ,US,CONNECTONE BANCORP INC,STK,Banks,Financial,Commer Banks-Eastern US,COMMON,true,CNOB
159120762,ISTR,USD,NASDAQ,US,INVESTAR HOLDING CORP,STK,Banks,Financial,Commer Banks-Southern US,COMMON,false,ISTR
159504148,BFC,USD,NASDAQ,US,BANK FIRST CORP,STK,Banks,Financial,Commer Banks-Central US,COMMON,false,BFC
160129221,SPOK,USD,NASDAQ,US,SPOK HOLDINGS INC,STK,Telecommunications,Communications,Cellular Telecom,COMMON,true,SPOK
510922592,ICCM,USD,NASDAQ,US,ICECURE MEDICAL LTD,STK,Healthcare-Products,"Consumer, Non-cyclical",Medical Instruments,COMMON,false,ICCM
613359894,ENLT,USD,NASDAQ,US,ENLIGHT RENEWABLE ENERGY LTD,STK,Electric,Utilities,Electric-Generation,COMMON,true,ENLT
489132236,INCR,USD,NASDAQ,US,INTERCURE LTD,STK,Household Products/Wares,"Consumer, Non-cyclical",Consumer Products-Misc,COMMON,true,INCR
160690268,IRMD,USD,NASDAQ,US,IRADIMED CORP,STK,Healthcare-Products,"Consumer, Non-cyclical",Medical Products,COMMON,true,IRMD
160756775,TRUP,USD,NASDAQ,US,TRUPANION INC,STK,Insurance,Financial,Property/Casualty Ins,COMMON,true,TRUP
160758513,CDNA,USD,NASDAQ,US,CAREDX INC,STK,Healthcare-Products,"Consumer, Non-cyclical",Patient Monitoring Equip,COMMON,true,CDNA
161693563,IFV,USD,NASDAQ,US,FIRST TRUST DW FOCUS 5 INTL,STK,,,,ETF,true,IFV
162104095,LOCO,USD,NASDAQ,US,EL POLLO LOCO HOLDINGS INC,STK,Retail,"Consumer, Cyclical",Retail-Restaurants,COMMON,true,LOCO
162104102,OCUL,USD,NASDAQ,US,OCULAR THERAPEUTIX INC,STK,Pharmaceuticals,"Consumer, Non-cyclical",Medical-Drugs,COMMON,true,OCUL
162231790,HQY,USD,NASDAQ,US,HEALTHEQUITY INC,STK,Healthcare-Services,"Consumer, Non-cyclical",Medical Labs&amp;Testing Srv,COMMON,true,HQY
162639228,IDN,USD,NASDAQ,US,INTELLICHECK INC,STK,Semiconductors,Technology,Electronic Compo-Semicon,COMMON,true,IDN
163447312,RICK,USD,NASDAQ,US,RCI HOSPITALITY HOLDINGS INC,STK,Entertainment,"Consumer, Cyclical",Night Clubs,COMMON,true,RICK
163615288,HISF,USD,NASDAQ,US,FIRST TR HI INC STRAT FOC,STK,,,,ETF,false,HISF
165875335,FENC,USD,NASDAQ,US,FENNEC PHARMACEUTICALS INC,STK,Pharmaceuticals,"Consumer, Non-cyclical",Therapeutics,COMMON,true,FENC
166867681,CHSCM,USD,NASDAQ,US,CHS INC,STK,Agriculture,"Consumer, Non-cyclical",Agricultural Operations,PREFERRED,false,CHSCM
167047210,PRQR,USD,NASDAQ,US,PROQR THERAPEUTICS NV,STK,Biotechnology,"Consumer, Non-cyclical",Medical-Biomedical/Gene,COMMON,true,PRQR
169358003,PANL,USD,NASDAQ,US,PANGAEA LOGISTICS SOLUTIONS,STK,Transportation,Industrial,Transport-Marine,COMMON,true,PANL
169921370,PLAY,USD,NASDAQ,US,DAVE & BUSTER'S ENTERTAINMEN,STK,Retail,"Consumer, Cyclical",Retail-Restaurants,COMMON,true,PLAY
170375681,COMT,USD,NASDAQ,US,ISHARES GSCI COMMODITY DYNAM,STK,,,,ETF,true,COMT
170549104,PBHC,USD,NASDAQ,US,PATHFINDER BANCORP INC,STK,Savings&amp;Loans,Financial,S&amp;L/Thrifts-Eastern US,COMMON,false,PBHC
170553308,XENE,USD,NASDAQ,US,XENON PHARMACEUTICALS INC,STK,Biotechnology,"Consumer, Non-cyclical",Medical-Biomedical/Gene,COMMON,true,XENE
170692627,KE,USD,NASDAQ,US,KIMBALL ELECTRONICS INC,STK,Electronics,Industrial,Electronic Compo-Misc,COMMON,true,KE
171496616,QVAL,USD,NASDAQ,US,ALPHA ARCH US QNT VALUE ETF,STK,,,,ETF,false,QVAL
171504885,FEUZ,USD,NASDAQ,US,FIRST TRUST EUROZONE ALPHADE,STK,,,,ETF,true,FEUZ
171642734,NEWT,USD,NASDAQ,US,NEWTEKONE INC,STK,Banks,Financial,Commer Banks-Southern US,COMMON,true,NEWT
172185589,LBRDK,USD,NASDAQ,US,LIBERTY BROADBAND-C,STK,Media,Communications,Cable/Satellite TV,COMMON,true,LBRDK
172185594,LBRDA,USD,NASDAQ,US,LIBERTY BROADBAND-A,STK,Media,Communications,Cable/Satellite TV,COMMON,true,LBRDA
172729810,TECH,USD,NASDAQ,US,BIO-TECHNE CORP,STK,Healthcare-Products,"Consumer, Non-cyclical",Medical Instruments,COMMON,true,TECH
172729816,PRAA,USD,NASDAQ,US,PRA GROUP INC,STK,Diversified Finan Serv,Financial,Finance-Other Services,COMMON,true,PRAA
172853717,FPXI,USD,NASDAQ,US,FIRST TRUST INTERNATIONAL EQ,STK,,,,ETF,false,FPXI
172854883,FEMB,USD,NASDAQ,US,FIRST TRUST EMERGING MARKETS,STK,,,,ETF,false,FEMB
172854886,LMBS,USD,NASDAQ,US,FIRST TRUST LOW DURATION OPP,STK,,,,ETF,true,LMBS
172938783,CHRS,USD,NASDAQ,US,COHERUS ONCOLOGY INC,STK,Pharmaceuticals,"Consumer, Non-cyclical",Medical-Drugs,COMMON,true,CHRS
172938793,UPLD,USD,NASDAQ,US,UPLAND SOFTWARE INC,STK,Software,Technology,Computer Software,COMMON,true,UPLD
173141141,RILY,USD,NASDAQ,US,BRC GROUP HOLDINGS INC,STK,Diversified Finan Serv,Financial,Finance-Invest Bnkr/Brkr,COMMON,true,RILY
173148144,FRPT,USD,NASDAQ,US,FRESHPET INC,STK,Retail,"Consumer, Cyclical",Retail-Pet Food&amp;Supplies,COMMON,true,FRPT
173148149,JYNT,USD,NASDAQ,US,JOINT CORP/THE,STK,Healthcare-Services,"Consumer, Non-cyclical",Medical-Outptnt/Home Med,COMMON,true,JYNT
173246170,FTSM,USD,NASDAQ,US,FIRST TRUST ENH SHORT MAT FD,STK,,,,ETF,false,FTSM
173505240,SKOR,USD,NASDAQ,US,FLEXSHARES CREDIT-SCORED US,STK,,,,ETF,false,SKOR
174076715,LAMR,USD,NASDAQ,US,LAMAR ADVERTISING CO-A,STK,REITS,Financial,REITS-Diversified,REIT,true,LAMR
174968098,VCEL,USD,NASDAQ,US,VERICEL CORP,STK,Biotechnology,"Consumer, Non-cyclical",Medical-Biomedical/Gene,COMMON,true,VCEL
175120989,NZAC,USD,NASDAQ,US,STATE STREET SPDR MSCI ACWI,STK,,,,ETF,true,NZAC
176133077,CTSO,USD,NASDAQ,US,CYTOSORBENTS CORP,STK,Healthcare-Products,"Consumer, Non-cyclical",Medical Products,COMMON,true,CTSO
176134207,FRPH,USD,NASDAQ,US,FRP HOLDINGS INC,STK,Real Estate,Financial,Real Estate Oper/Develop,COMMON,false,FRPH
177128585,IVAL,USD,NASDAQ,US,ALPHA ARCHI INTL QT VLU ETF,STK,,,,ETF,false,IVAL
177490870,QQQX,USD,NASDAQ,US,NUVEEN NASDAQ 100 DYN OVERWR,STK,,,,CLOSED-END FUND,false,QQQX
179002152,QRVO,USD,NASDAQ,US,QORVO INC,STK,Semiconductors,Technology,Electronic Compo-Semicon,COMMON,true,QRVO
179340941,TREE,USD,NASDAQ,US,LENDINGTREE INC,STK,Diversified Finan Serv,Financial,Finance-Consumer Loans,COMMON,true,TREE
179570962,FTDS,USD,NASDAQ,US,FIRST TRUST DIVIDEND STRENGT,STK,,,,ETF,false,FTDS
179570967,RAVE,USD,NASDAQ,US,RAVE RESTAURANT GROUP INC,STK,Retail,"Consumer, Cyclical",Retail-Restaurants,COMMON,true,RAVE
180257918,CHSCL,USD,NASDAQ,US,CHS INC,STK,Agriculture,"Consumer, Non-cyclical",Agricultural Operations,PREFERRED,false,CHSCL
180352934,APPS,USD,NASDAQ,US,DIGITAL TURBINE INC,STK,Software,Technology,Software Tools,COMMON,true,APPS
181764593,EQIX,USD,NASDAQ,US,EQUINIX INC,STK,REITS,Financial,REITS-Diversified,REIT,true,EQIX
182579319,FNWB,USD,NASDAQ,US,FIRST NORTHWEST BANCORP,STK,Banks,Financial,Commer Banks-Western US,COMMON,false,FNWB
183622048,DWSN,USD,NASDAQ,US,DAWSON GEOPHYSICAL CO,STK,Oil&amp;Gas Services,Energy,Seismic Data Collection,COMMON,false,DWSN
184072087,ZG,USD,NASDAQ,US,ZILLOW GROUP INC - A,STK,Internet,Communications,E-Commerce/Services,COMMON,true,ZG
185200225,BLBD,USD,NASDAQ,US,BLUE BIRD CORP,STK,Auto Manufacturers,"Consumer, Cyclical",Auto-Med&amp;Heavy Duty Trks,COMMON,true,BLBD
185731888,RMCF,USD,NASDAQ,US,ROCKY MOUNTAIN CHOC FACT INC,STK,Food,"Consumer, Non-cyclical",Food-Confectionery,COMMON,false,RMCF
185914571,PNBK,USD,NASDAQ,US,PATRIOT NATIONAL BANCORP INC,STK,Banks,Financial,Commer Banks-Eastern US,COMMON,false,PNBK
186359407,FUND,USD,NASDAQ,US,SPROTT FOCUS TRUST INC,STK,,,,CLOSED-END FUND,false,FUND
187513007,XT,USD,NASDAQ,US,ISHARES FUTURE EXPONENTIAL TEC,STK,,,,ETF,true,XT
188520000,AMSC,USD,NASDAQ,US,AMERICAN SUPERCONDUCTOR CORP,STK,Electrical Compo&amp;Equip,Industrial,Power Conv/Supply Equip,COMMON,true,AMSC
188525310,CLLS,USD,NASDAQ,US,CELLECTIS - ADR,STK,Biotechnology,"Consumer, Non-cyclical",Medical-Biomedical/Gene,ADR,true,CLLS
188625650,SEDG,USD,NASDAQ,US,SOLAREDGE TECHNOLOGIES INC,STK,Energy-Alternate Sources,Energy,Energy-Alternate Sources,COMMON,true,SEDG
188870021,CCD,USD,NASDAQ,US,CALAMOS DYN CONVERT & INC,STK,,,,CLOSED-END FUND,false,CCD
189338653,KRNT,USD,NASDAQ,US,KORNIT DIGITAL LTD,STK,Machinery-Diversified,Industrial,Machinery-Print Trade,COMMON,true,KRNT
190339406,XBIT,USD,NASDAQ,US,XBIOTECH INC,STK,Biotechnology,"Consumer, Non-cyclical",Medical-Biomedical/Gene,COMMON,true,XBIT
192148976,ASTH,USD,NASDAQ,US,ASTRANA HEALTH INC,STK,Healthcare-Services,"Consumer, Non-cyclical",Medical Labs&amp;Testing Srv,COMMON,true,ASTH
192379311,VKTX,USD,NASDAQ,US,VIKING THERAPEUTICS INC,STK,Biotechnology,"Consumer, Non-cyclical",Medical-Biomedical/Gene,COMMON,true,VKTX
193339434,CIVB,USD,NASDAQ,US,CIVISTA BANCSHARES INC,STK,Banks,Financial,Commer Banks-Central US,COMMON,true,CIVB
193626569,COLL,USD,NASDAQ,US,COLLEGIUM PHARMACEUTICAL INC,STK,Pharmaceuticals,"Consumer, Non-cyclical",Medical-Drugs,COMMON,true,COLL
193941819,GRVY,USD,NASDAQ,US,GRAVITY CO LTD-SPONSORED ADR,STK,Software,Technology,Entertainment Software,ADR,false,GRVY
195005058,CYRX,USD,NASDAQ,US,CRYOPORT INC,STK,Transportation,Industrial,Transport-Services,COMMON,true,CYRX
195014109,KRNY,USD,NASDAQ,US,KEARNY FINANCIAL CORP/MD,STK,Banks,Financial,Commer Banks-Eastern US,COMMON,true,KRNY
195014116,SHOP,USD,NASDAQ,US,SHOPIFY INC - CLASS A,STK,Internet,Communications,Internet Applic Sftwr,COMMON,true,SHOP
195222897,LXRX,USD,NASDAQ,US,LEXICON PHARMACEUTICALS INC,STK,Biotechnology,"Consumer, Non-cyclical",Medical-Biomedical/Gene,COMMON,true,LXRX
195224544,BZUN,USD,NASDAQ,US,BAOZUN INC-SPN ADR,STK,Internet,Communications,Web Hosting/Design,ADR,true,BZUN
195561110,CIGI,USD,NASDAQ,US,COLLIERS INTL GR-SUBORD VOT,STK,Commercial Services,"Consumer, Non-cyclical",Divers Oper/Commer Serv,COMMON,true,CIGI
196887990,PTNQ,USD,NASDAQ,US,PACER TRENDPILOT 100 ETF,STK,,,,ETF,true,PTNQ
196892722,WING,USD,NASDAQ,US,WINGSTOP INC,STK,Retail,"Consumer, Cyclical",Retail-Restaurants,COMMON,true,WING
196986496,MNST,USD,NASDAQ,US,MONSTER BEVERAGE CORP,STK,Beverages,"Consumer, Non-cyclical",Beverages-Non-alcoholic,COMMON,true,MNST
198250080,LNTH,USD,NASDAQ,US,LANTHEUS HOLDINGS INC,STK,Healthcare-Products,"Consumer, Non-cyclical",Medical Imaging Systems,COMMON,true,LNTH
198500835,ALRM,USD,NASDAQ,US,ALARM.COM HOLDINGS INC,STK,Commercial Services,"Consumer, Non-cyclical",Protection-Safety,COMMON,true,ALRM
198500838,APPF,USD,NASDAQ,US,APPFOLIO INC - A,STK,Software,Technology,Applications Software,COMMON,true,APPF
198950253,NTRA,USD,NASDAQ,US,NATERA INC,STK,Healthcare-Products,"Consumer, Non-cyclical",Diagnostic Kits,COMMON,true,NTRA
199169586,KHC,USD,NASDAQ,US,KRAFT HEINZ CO/THE,STK,Food,"Consumer, Non-cyclical",Food-Misc/Diversified,COMMON,true,KHC
199169591,PYPL,USD,NASDAQ,US,PAYPAL HOLDINGS INC,STK,Commercial Services,"Consumer, Non-cyclical",Commercial Serv-Finance,COMMON,true,PYPL
199169639,VLYPP,USD,NASDAQ,US,VALLEY NATIONAL BANCORP,STK,Banks,Financial,Commer Banks-Eastern US,PREFERRED,false,VLYPP
199295926,CIBR,USD,NASDAQ,US,FIRST TRUST NASDAQ CYBERSECU,STK,,,,ETF,true,CIBR
199488426,LIND,USD,NASDAQ,US,LINDBLAD EXPEDITIONS HOLDING,STK,Leisure Time,"Consumer, Cyclical",Cruise Lines,COMMON,true,LIND
199845147,ALTY,USD,NASDAQ,US,GLOBAL X ALTERNATIVE INCOME,STK,,,,ETF,true,ALTY
199975711,OLLI,USD,NASDAQ,US,OLLIE'S BARGAIN OUTLET HOLDI,STK,Retail,"Consumer, Cyclical",Retail-Discount,COMMON,true,OLLI
200154100,RPD,USD,NASDAQ,US,RAPID7 INC,STK,Computers,Technology,Computer Data Security,COMMON,true,RPD
201113049,VIAV,USD,NASDAQ,US,VIAVI SOLUTIONS INC,STK,Telecommunications,Communications,Telecommunication Equip,COMMON,true,VIAV
201113895,LITE,USD,NASDAQ,US,LUMENTUM HOLDINGS INC,STK,Computers,Technology,Computers-Other,COMMON,true,LITE
201942684,Z,USD,NASDAQ,US,ZILLOW GROUP INC - C,STK,Internet,Communications,E-Commerce/Services,COMMON,true,Z
202009938,ABUS,USD,NASDAQ,US,ARBUTUS BIOPHARMA CORP,STK,Biotechnology,"Consumer, Non-cyclical",Medical-Biomedical/Gene,COMMON,true,ABUS
202225016,RUN,USD,NASDAQ,US,SUNRUN INC,STK,Energy-Alternate Sources,Energy,Energy-Alternate Sources,COMMON,true,RUN
202838866,CSBR,USD,NASDAQ,US,CHAMPIONS ONCOLOGY INC,STK,Biotechnology,"Consumer, Non-cyclical",Medical-Biomedical/Gene,COMMON,true,CSBR
202968421,PRHI,USD,NASDAQ,US,PRESURANCE HOLDINGS INC,STK,Insurance,Financial,Property/Casualty Ins,COMMON,false,PRHI
204698526,KURA,USD,NASDAQ,US,KURA ONCOLOGY INC,STK,Biotechnology,"Consumer, Non-cyclical",Medical-Biomedical/Gene,COMMON,true,KURA
205466042,GYRO,USD,NASDAQ,US,GYRODYNE LLC,STK,Real Estate,Financial,Real Estate Oper/Develop,COMMON,false,GYRO
205921718,BUSE,USD,NASDAQ,US,FIRST BUSEY CORP,STK,Banks,Financial,Commer Banks-Central US,COMMON,true,BUSE
206730539,RGNX,USD,NASDAQ,US,REGENXBIO INC,STK,Biotechnology,"Consumer, Non-cyclical",Medical-Biomedical/Gene,COMMON,true,RGNX
208230812,CHCI,USD,NASDAQ,US,COMSTOCK HOLDING COMPANIES,STK,Home Builders,"Consumer, Cyclical",Bldg-Residential/Commer,COMMON,false,CHCI
208523102,SGRY,USD,NASDAQ,US,SURGERY PARTNERS INC,STK,Healthcare-Services,"Consumer, Non-cyclical",Medical-Hospitals,COMMON,true,SGRY
208813719,GOOGL,USD,NASDAQ,US,ALPHABET INC-CL A,STK,Internet,Communications,Web Portals/ISP,COMMON,true,GOOGL
208714764,NVCR,USD,NASDAQ,US,NOVOCURE LTD,STK,Healthcare-Products,"Consumer, Non-cyclical",Medical Products,COMMON,true,NVCR
208813720,GOOG,USD,NASDAQ,US,ALPHABET INC-CL C,STK,Internet,Communications,Web Portals/ISP,COMMON,true,GOOG
208996988,OPXS,USD,NASDAQ,US,OPTEX SYSTEMS HOLDINGS INC,STK,Aerospace/Defense,Industrial,Aerospace/Defense,COMMON,false,OPXS
209007500,AVXL,USD,NASDAQ,US,ANAVEX LIFE SCIENCES CORP,STK,Biotechnology,"Consumer, Non-cyclical",Medical-Biomedical/Gene,COMMON,true,AVXL
209011562,ACRS,USD,NASDAQ,US,ACLARIS THERAPEUTICS INC,STK,Pharmaceuticals,"Consumer, Non-cyclical",Medical-Drugs,COMMON,true,ACRS
209048388,CTMX,USD,NASDAQ,US,CYTOMX THERAPEUTICS INC,STK,Biotechnology,"Consumer, Non-cyclical",Medical-Biomedical/Gene,COMMON,true,CTMX
209744748,LFVN,USD,NASDAQ,US,LIFEVANTAGE CORP,STK,Pharmaceuticals,"Consumer, Non-cyclical",Vitamins&amp;Nutrition Prod,COMMON,true,LFVN
209755497,LIVN,USD,NASDAQ,US,LIVANOVA PLC,STK,Healthcare-Products,"Consumer, Non-cyclical",Medical Products,COMMON,true,LIVN
210918190,RYAAY,USD,NASDAQ,US,RYANAIR HOLDINGS PLC-SP ADR,STK,Airlines,"Consumer, Cyclical",Airlines,ADR,true,RYAAY
211076570,CDC,USD,NASDAQ,US,VICTORYSHARES US EQ INCOME E,STK,,,,ETF,true,CDC
211076575,CSB,USD,NASDAQ,US,VICTORYSHARES US SMALL CAP H,STK,,,,ETF,true,CSB
211076585,CFA,USD,NASDAQ,US,VICTORYSHARES US 500 VOLATIL,STK,,,,ETF,true,CFA
211076599,CDL,USD,NASDAQ,US,VICTORYSHARES US LARGE CAP H,STK,,,,ETF,true,CDL
211076600,CFO,USD,NASDAQ,US,VICTORYSHARES US 500 ENHANCE,STK,,,,ETF,false,CFO
211516557,FVCB,USD,NASDAQ,US,FVCBANKCORP INC,STK,Banks,Financial,Commer Banks-Southern US,COMMON,true,FVCB
211644654,WVVIP,USD,NASDAQ,US,WILLAMETTE VALLEY VINEYARDS INC,STK,Beverages,"Consumer, Non-cyclical",Beverages-Wine/Spirits,PREFERRED,false,WVVIP
211666717,FCVT,USD,NASDAQ,US,FIRST TRUST SSI STRATEGI ETF,STK,,,,ETF,false,FCVT
212212696,VYGR,USD,NASDAQ,US,VOYAGER THERAPEUTICS INC,STK,Pharmaceuticals,"Consumer, Non-cyclical",Medical-Drugs,COMMON,true,VYGR
212212833,WVE,USD,NASDAQ,US,WAVE LIFE SCIENCES LTD,STK,Biotechnology,"Consumer, Non-cyclical",Medical-Biomedical/Gene,COMMON,true,WVE
212708817,LOOP,USD,NASDAQ,US,LOOP INDUSTRIES INC,STK,Miscellaneous Manufactur,Industrial,Rubber/Plastic Products,COMMON,true,LOOP
212813168,AXSM,USD,NASDAQ,US,AXSOME THERAPEUTICS INC,STK,Biotechnology,"Consumer, Non-cyclical",Medical-Biomedical/Gene,COMMON,true,AXSM
212921198,DLTH,USD,NASDAQ,US,DULUTH HOLDINGS INC - CL B,STK,Retail,"Consumer, Cyclical",Retail-Apparel/Shoe,COMMON,true,DLTH
213617381,RMR,USD,NASDAQ,US,RMR GROUP INC/THE - A,STK,Real Estate,Financial,Real Estate Mgmnt/Servic,COMMON,true,RMR
214184966,QMOM,USD,NASDAQ,US,ALPHA US QUANT MOM ETF,STK,,,,ETF,true,QMOM
215361183,GIGM,USD,NASDAQ,US,GIGAMEDIA LTD,STK,Internet,Communications,Web Portals/ISP,COMMON,false,GIGM
215497851,FTRI,USD,NASDAQ,US,FIRST TRUST INDXX GLOBAL NAT,STK,,,,ETF,true,FTRI
216201303,IONS,USD,NASDAQ,US,IONIS PHARMACEUTICALS INC,STK,Biotechnology,"Consumer, Non-cyclical",Medical-Biomedical/Gene,COMMON,true,IONS
217237083,IMOM,USD,NASDAQ,US,ALPHA INTL QUANT MOM ETF,STK,,,,ETF,false,IMOM
217311859,GSM,USD,NASDAQ,US,FERROGLOBE PLC,STK,Mining,Basic Materials,Metal-Diversified,COMMON,true,GSM
217581626,LVHD,USD,NASDAQ,US,FRANKLIN U.S. LOW VOLATILITY,STK,,,,ETF,true,LVHD
217947855,WTW,USD,NASDAQ,US,WILLIS TOWERS WATSON PLC,STK,Insurance,Financial,Insurance Brokers,COMMON,true,WTW
218462822,INVA,USD,NASDAQ,US,INNOVIVA INC,STK,Biotechnology,"Consumer, Non-cyclical",Medical-Biomedical/Gene,COMMON,true,INVA
221232455,ONC,USD,NASDAQ,US,BEONE MEDICINES LTD-ADR,STK,Biotechnology,"Consumer, Non-cyclical",Medical-Biomedical/Gene,ADR,true,ONC
221232456,EDIT,USD,NASDAQ,US,EDITAS MEDICINE INC,STK,Biotechnology,"Consumer, Non-cyclical",Medical-Biomedical/Gene,COMMON,true,EDIT
221715482,SELF,USD,NASDAQ,US,GLOBAL SELF STORAGE INC,STK,REITS,Financial,REITS-Storage,REIT,true,SELF
222868390,OMEX,USD,NASDAQ,US,ODYSSEY MARINE EXPLORATION,STK,Mining,Basic Materials,Diversified Minerals,COMMON,true,OMEX
223667858,JSML,USD,NASDAQ,US,JANUS HENDER SM CAP GRW ALPH,STK,,,,ETF,true,JSML
223667863,JSMD,USD,NASDAQ,US,JANUS SMALL MID CAP GR ALP,STK,,,,ETF,true,JSMD
224225737,XRAY,USD,NASDAQ,US,DENTSPLY SIRONA INC,STK,Healthcare-Products,"Consumer, Non-cyclical",Dental Supplies&amp;Equip,COMMON,true,XRAY
224323076,VIGI,USD,NASDAQ,US,VANGUARD INT DIV APP INDX FD,STK,,,,ETF,true,VIGI
224323083,VYMI,USD,NASDAQ,US,VANGUARD INT HIGH DVD YLD IN,STK,,,,ETF,true,VYMI
224441189,SNDX,USD,NASDAQ,US,SYNDAX PHARMACEUTICALS INC,STK,Biotechnology,"Consumer, Non-cyclical",Medical-Biomedical/Gene,COMMON,true,SNDX
225588434,HCM,USD,NASDAQ,US,HUTCHMED CHINA-ADR,STK,Pharmaceuticals,"Consumer, Non-cyclical",Medical-Drugs,ADR,true,HCM
225651971,FVC,USD,NASDAQ,US,FIRST TRUST DORSEY WRIGHT DY,STK,,,,ETF,false,FVC
226664426,PSET,USD,NASDAQ,US,PRINCIPAL QUALITY ETF,STK,,,,ETF,false,PSET
226664431,PY,USD,NASDAQ,US,PRINCIPAL VALUE ETF,STK,,,,ETF,false,PY
227267069,CRVS,USD,NASDAQ,US,CORVUS PHARMACEUTICALS INC,STK,Pharmaceuticals,"Consumer, Non-cyclical",Medical-Drugs,COMMON,true,CRVS
228159336,MCBS,USD,NASDAQ,US,METROCITY BANKSHARES INC,STK,Banks,Financial,Commer Banks-Southern US,COMMON,true,MCBS
228571236,ARWR,USD,NASDAQ,US,ARROWHEAD PHARMACEUTICALS IN,STK,Biotechnology,"Consumer, Non-cyclical",Medical-Biomedical/Gene,COMMON,true,ARWR
228790027,RTH,USD,NASDAQ,US,VANECK RETAIL ETF,STK,,,,ETF,true,RTH
229152096,NAGE,USD,NASDAQ,US,NIAGEN BIOSCIENCE INC,STK,Biotechnology,"Consumer, Non-cyclical",Medical-Biomedical/Gene,COMMON,true,NAGE
229325937,RFDI,USD,NASDAQ,US,FIRST TRST DYN DEVEL INT ETF,STK,,,,ETF,false,RFDI
229652211,LEDS,USD,NASDAQ,US,SEMILEDS CORP/TW,STK,Electronics,Industrial,Electronic Compo-Misc,COMMON,false,LEDS
229725522,ANGL,USD,NASDAQ,US,VANECK FALLEN ANGEL HIGH YLD,STK,,,,ETF,true,ANGL
229725528,GENZ,USD,NASDAQ,US,VANECK DIGITAL NATIVE ECONOM,STK,,,,ETF,true,GENZ
229725622,SMH,USD,NASDAQ,US,VANECK SEMICONDUCTOR ETF,STK,,,,ETF,true,SMH
230465019,CATH,USD,NASDAQ,US,GLOBAL X S&P 500 CA VAL ETF,STK,,,,ETF,true,CATH
230950009,SDG,USD,NASDAQ,US,ISH MSCI GLOB SUST DEVE GOAL,STK,,,,ETF,false,SDG
231354124,RRR,USD,NASDAQ,US,RED ROCK RESORTS INC-CLASS A,STK,Entertainment,"Consumer, Cyclical",Gambling (Non-Hotel),COMMON,true,RRR
231440035,GWRS,USD,NASDAQ,US,GLOBAL WATER RESOURCES INC,STK,Water,Utilities,Water,COMMON,true,GWRS
231848993,PPH,USD,NASDAQ,US,VANECK PHARMACEUTICAL ETF,STK,,,,ETF,true,PPH
231849289,BBH,USD,NASDAQ,US,VANECK BIOTECH ETF,STK,,,,ETF,true,BBH
231849303,FTAG,USD,NASDAQ,US,FIRST TRUST INDXX GLOBAL AGR,STK,,,,ETF,true,FTAG
232341597,MILN,USD,NASDAQ,US,GLOBAL X MILLENNIAL CONSUMER,STK,,,,ETF,true,MILN
232646339,NTLA,USD,NASDAQ,US,INTELLIA THERAPEUTICS INC,STK,Biotechnology,"Consumer, Non-cyclical",Medical-Biomedical/Gene,COMMON,true,NTLA
233010373,AGNG,USD,NASDAQ,US,GLB X AGING POPULATION ETF,STK,,,,ETF,true,AGNG
233146666,NOVT,USD,NASDAQ,US,NOVANTA INC,STK,Electrical Compo&amp;Equip,Industrial,Electric Products-Misc,COMMON,true,NOVT
233674866,CHTR,USD,NASDAQ,US,CHARTER COMMUNICATIONS INC-A,STK,Media,Communications,Cable/Satellite TV,COMMON,true,CHTR
233674877,PLSE,USD,NASDAQ,US,PULSE BIOSCIENCES INC,STK,Healthcare-Products,"Consumer, Non-cyclical",Medical Products,COMMON,true,PLSE
233776247,FAAR,USD,NASDAQ,US,FIRST TRUST ALT ABS RET ETF,STK,,,,ETF,false,FAAR
234647242,CCEP,USD,NASDAQ,US,COCA-COLA EUROPACIFIC PARTNE,STK,Beverages,"Consumer, Non-cyclical",Beverages-Non-alcoholic,COMMON,true,CCEP
234662854,MSBI,USD,NASDAQ,US,MIDLAND STATES BANCORP INC,STK,Banks,Financial,Commer Banks-Central US,COMMON,true,MSBI
234843378,IESC,USD,NASDAQ,US,IES HOLDINGS INC,STK,Engineering&amp;Construction,Industrial,Building&amp;Construct-Misc,COMMON,true,IESC
236687639,AVNW,USD,NASDAQ,US,AVIAT NETWORKS INC,STK,Telecommunications,Communications,Telecom Services,COMMON,true,AVNW
236798101,RFEM,USD,NASDAQ,US,FIRST TRUST RIVERFRONT DYNAM,STK,,,,ETF,false,RFEM
236855028,FALN,USD,NASDAQ,US,ISHARES FALLEN ANGELS ETF,STK,,,,ETF,true,FALN
236855035,HYXF,USD,NASDAQ,US,ISHARES ESG ADV HIGH YIELD,STK,,,,ETF,false,HYXF
236994457,SBLK,USD,NASDAQ,US,STAR BULK CARRIERS CORP,STK,Transportation,Industrial,Transport-Marine,COMMON,true,SBLK
237792901,ATNI,USD,NASDAQ,US,ATN INTERNATIONAL INC,STK,Telecommunications,Communications,Telecom Services,COMMON,true,ATNI
238587531,OPBK,USD,NASDAQ,US,OP BANCORP,STK,Banks,Financial,Commer Banks-Western US,COMMON,true,OPBK
238760476,ESGD,USD,NASDAQ,US,ISHARES TRUST ISHARES ESG AW,STK,,,,ETF,false,ESGD
238760480,ESGE,USD,NASDAQ,US,ISHARES INC ISHARES ESG AWAR,STK,,,,ETF,true,ESGE
239037320,ACLS,USD,NASDAQ,US,AXCELIS TECHNOLOGIES INC,STK,Semiconductors,Technology,Semiconductor Equipment,COMMON,true,ACLS
240202361,KRMA,USD,NASDAQ,US,GLOBAL X CONSCIOUS COMPANIES,STK,,,,ETF,true,KRMA
240610487,GAIA,USD,NASDAQ,US,GAIA INC,STK,Internet,Communications,Internet Content-Entmnt,COMMON,true,GAIA
240610496,MNSB,USD,NASDAQ,US,MAINSTREET BANCSHARES INC,STK,Banks,Financial,Commer Banks-Southern US,COMMON,false,MNSB
241585158,PI,USD,NASDAQ,US,IMPINJ INC,STK,Semiconductors,Technology,Electronic Compo-Semicon,COMMON,true,PI
241585170,TCMD,USD,NASDAQ,US,TACTILE SYSTEMS TECHNOLOGY I,STK,Healthcare-Products,"Consumer, Non-cyclical",Medical Products,COMMON,true,TCMD
241893053,MDGL,USD,NASDAQ,US,MADRIGAL PHARMACEUTICALS INC,STK,Pharmaceuticals,"Consumer, Non-cyclical",Medical-Drugs,COMMON,true,MDGL
241896754,SRTS,USD,NASDAQ,US,SENSUS HEALTHCARE INC,STK,Healthcare-Products,"Consumer, Non-cyclical",Medical Products,COMMON,true,SRTS
242560767,HOPE,USD,NASDAQ,US,HOPE BANCORP INC,STK,Banks,Financial,Commer Banks-Western US,COMMON,true,HOPE
242774578,LMB,USD,NASDAQ,US,LIMBACH HOLDINGS INC,STK,Engineering&amp;Construction,Industrial,Building&amp;Construct-Misc,COMMON,true,LMB
242971206,FHB,USD,NASDAQ,US,FIRST HAWAIIAN INC,STK,Banks,Financial,Commer Banks Non-US,COMMON,true,FHB
243188407,ATOM,USD,NASDAQ,US,ATOMERA INC,STK,Semiconductors,Technology,Electronic Compo-Semicon,COMMON,true,ATOM
243505376,PTGX,USD,NASDAQ,US,PROTAGONIST THERAPEUTICS INC,STK,Pharmaceuticals,"Consumer, Non-cyclical",Medical-Drugs,COMMON,true,PTGX
243506683,QRHC,USD,NASDAQ,US,QUEST RESOURCE HOLDING CORP,STK,Environmental Control,Industrial,Non-hazardous Waste Disp,COMMON,true,QRHC
243508633,AIRG,USD,NASDAQ,US,AIRGAIN INC,STK,Telecommunications,Communications,Telecommunication Equip,COMMON,true,AIRG
243508636,MEDP,USD,NASDAQ,US,MEDPACE HOLDINGS INC,STK,Healthcare-Services,"Consumer, Non-cyclical",Medical Labs&amp;Testing Srv,COMMON,true,MEDP
245164531,ATEC,USD,NASDAQ,US,ALPHATEC HOLDINGS INC,STK,Healthcare-Products,"Consumer, Non-cyclical",Medical Products,COMMON,true,ATEC
247691379,FINX,USD,NASDAQ,US,GLOBAL X FINTECH ETF,STK,,,,ETF,true,FINX
247691382,BOTZ,USD,NASDAQ,US,GLOBAL X ROBOTICS & ARTIFICI,STK,,,,ETF,true,BOTZ
247691385,SNSR,USD,NASDAQ,US,GLOBAL X INTERNET OF THINGS,STK,,,,ETF,true,SNSR
248755440,TTD,USD,NASDAQ,US,TRADE DESK INC/THE -CLASS A,STK,Advertising,Communications,Advertising Services,COMMON,true,TTD
248755960,FTXO,USD,NASDAQ,US,FIRST TRUST NASDAQ BANK ETF,STK,,,,ETF,true,FTXO
248755965,FTXG,USD,NASDAQ,US,FIRST TRUST NASDAQ FOOD & BE,STK,,,,ETF,true,FTXG
248755971,FTXN,USD,NASDAQ,US,FIRST TRUST NASDAQ OIL & GAS,STK,,,,ETF,true,FTXN
248755974,FTXH,USD,NASDAQ,US,FIRST TRUST NASDAQ PHARMACEU,STK,,,,ETF,true,FTXH
248755977,ISHP,USD,NASDAQ,US,FIRST TRUST S-NETWORK E-COMM,STK,,,,ETF,true,ISHP
248755980,FTXL,USD,NASDAQ,US,FIRST TRUST NASDAQ SEMICONDU,STK,,,,ETF,true,FTXL
248755986,FTXR,USD,NASDAQ,US,FIRST TRUST NASDAQ TRANSPORT,STK,,,,ETF,true,FTXR
248811629,PSC,USD,NASDAQ,US,PRINCIPAL U.S. SMALL-CAP ETF,STK,,,,ETF,false,PSC
249028349,ACIU,USD,NASDAQ,US,AC IMMUNE SA,STK,Pharmaceuticals,"Consumer, Non-cyclical",Medical-Drugs,COMMON,true,ACIU
249323303,FLGT,USD,NASDAQ,US,FULGENT GENETICS INC,STK,Healthcare-Services,"Consumer, Non-cyclical",Medical Labs&amp;Testing Srv,COMMON,true,FLGT
249325677,FCEF,USD,NASDAQ,US,FIRST TRUST EXCHANGE-TRADED,STK,,,,ETF,false,FCEF
249325683,MFLX,USD,NASDAQ,US,FIRST TRUST EXCHANGE-TRADED,STK,,,,ETF,false,MFLX
249407627,WHLRD,USD,NASDAQ,US,WHEELER REIT INC,STK,REITS,Financial,REITS-Shopping Centers,CONVPREFERRED,false,WHLRD
249850033,NTNX,USD,NASDAQ,US,NUTANIX INC - A,STK,Software,Technology,Computer Software,COMMON,true,NTNX
249963585,AGNC,USD,NASDAQ,US,AGNC INVESTMENT CORP,STK,REITS,Financial,REITS-Mortgage,REIT,true,AGNC
251176725,MRAM,USD,NASDAQ,US,EVERSPIN TECHNOLOGIES INC,STK,Computers,Technology,Computers-Memory Devices,COMMON,true,MRAM
251383816,FUSB,USD,NASDAQ,US,FIRST US BANCSHARES INC,STK,Banks,Financial,Commer Banks-Southern US,COMMON,false,FUSB
251935881,TUSK,USD,NASDAQ,US,MAMMOTH ENERGY SERVICES INC,STK,Oil&amp;Gas Services,Energy,Oil-Field Services,COMMON,true,TUSK
252184470,XOMA,USD,NASDAQ,US,XOMA ROYALTY CORPORATION,STK,Biotechnology,"Consumer, Non-cyclical",Medical-Biomedical/Gene,COMMON,true,XOMA
252260612,CRSP,USD,NASDAQ,US,CRISPR THERAPEUTICS AG,STK,Biotechnology,"Consumer, Non-cyclical",Medical-Biomedical/Gene,COMMON,true,CRSP
252330405,IRTC,USD,NASDAQ,US,IRHYTHM HOLDINGS INC,STK,Healthcare-Products,"Consumer, Non-cyclical",Medical Products,COMMON,true,IRTC
252506880,WNEB,USD,NASDAQ,US,WESTERN NEW ENGLAND BANCORP,STK,Banks,Financial,Commer Banks-Eastern US,COMMON,true,WNEB
253190574,RING,USD,NASDAQ,US,ISHARES MSCI GLOBAL GOLD MIN,STK,,,,ETF,true,RING
253664117,BL,USD,NASDAQ,US,BLACKLINE INC,STK,Software,Technology,Enterprise Software/Serv,COMMON,true,BL
253915099,PAGP,USD,NASDAQ,US,PLAINS GP HOLDINGS LP-CL A,STK,Pipelines,Energy,Pipelines,LTD PART,true,PAGP
254032874,GDS,USD,NASDAQ,US,GDS HOLDINGS LTD - ADR,STK,Telecommunications,Communications,Telecom Services,ADR,true,GDS
254358203,SND,USD,NASDAQ,US,SMART SAND INC,STK,Oil&amp;Gas Services,Energy,Oil Field Mach&amp;Equip,COMMON,true,SND
255193461,BOOM,USD,NASDAQ,US,DMC GLOBAL INC,STK,Oil&amp;Gas Services,Energy,Oil-Field Services,COMMON,true,BOOM
255495341,EFAS,USD,NASDAQ,US,GLOBAL X MSCI SUPERDIVIDEND,STK,,,,ETF,true,EFAS
256614236,KALV,USD,NASDAQ,US,KALVISTA PHARMACEUTICALS INC,STK,Pharmaceuticals,"Consumer, Non-cyclical",Medical-Drugs,COMMON,true,KALV
257271091,GRWG,USD,NASDAQ,US,GROWGENERATION CORP,STK,Retail,"Consumer, Cyclical",Retail-Gardening Prod,COMMON,true,GRWG
257689263,ESGU,USD,NASDAQ,US,ISHARES ESG AWARE MSCI USA,STK,,,,ETF,true,ESGU
257848393,CNDT,USD,NASDAQ,US,CONDUENT INC,STK,Computers,Technology,Computer Services,COMMON,true,CNDT
258047234,LIVE,USD,NASDAQ,US,LIVE VENTURES INC,STK,Internet,Communications,Internet Content-Info/Ne,COMMON,false,LIVE
258298726,ICHR,USD,NASDAQ,US,ICHOR HOLDINGS LTD,STK,Machinery-Diversified,Industrial,Industrial Automat/Robot,COMMON,true,ICHR
259025789,YTRA,USD,NASDAQ,US,YATRA ONLINE INC,STK,Internet,Communications,E-Commerce/Services,COMMON,false,YTRA
260664331,INSE,USD,NASDAQ,US,INSPIRED ENTERTAINMENT INC,STK,Entertainment,"Consumer, Cyclical",Gambling (Non-Hotel),COMMON,true,INSE
658417904,VIVO,USD,NASDAQ,US,VIVOPOWER PLC,STK,Energy-Alternate Sources,Energy,Energy-Alternate Sources,COMMON,true,VIVO
261987426,CODA,USD,NASDAQ,US,CODA OCTOPUS GROUP INC,STK,Aerospace/Defense,Industrial,Aerospace/Defense-Equip,COMMON,false,CODA
262397910,SBAC,USD,NASDAQ,US,SBA COMMUNICATIONS CORP,STK,REITS,Financial,REITS-Diversified,REIT,true,SBAC
262521835,CBAT,USD,NASDAQ,US,CBAK ENERGY TECHNOLOGY INC,STK,Auto Parts&amp;Equipment,"Consumer, Cyclical",Auto/Trk Prts&amp;Equip-Orig,COMMON,true,CBAT
262695983,JSM,USD,NASDAQ,US,NAVIENT CORP 6% NOTES 12/15/43,STK,Diversified Finan Serv,Financial,Finance-Consumer Loans,PREFERRED,false,JSM
262872922,VREX,USD,NASDAQ,US,VAREX IMAGING CORP,STK,Healthcare-Products,"Consumer, Non-cyclical",X-Ray Equipment,COMMON,true,VREX
263975426,ANAB,USD,NASDAQ,US,ANAPTYSBIO INC,STK,Biotechnology,"Consumer, Non-cyclical",Medical-Biomedical/Gene,COMMON,true,ANAB
264212895,BCML,USD,NASDAQ,US,BAYCOM CORP,STK,Banks,Financial,Commer Banks-Western US,COMMON,true,BCML
264485686,LAUR,USD,NASDAQ,US,LAUREATE EDUCATION INC,STK,Commercial Services,"Consumer, Non-cyclical",Schools,COMMON,true,LAUR
514478839,VBNK,USD,NASDAQ,US,VERSABANK,STK,Banks,Financial,Commer Banks Non-US,COMMON,true,VBNK
264852198,POWW,USD,NASDAQ,US,OUTDOOR HOLDING CO,STK,Miscellaneous Manufactur,Industrial,Firearms&amp;Ammunition,COMMON,true,POWW
266021916,FIXD,USD,NASDAQ,US,FIRST TRUST SMITH OPPORTUNIS,STK,,,,ETF,true,FIXD
268212409,HLNE,USD,NASDAQ,US,HAMILTON LANE INC-CLASS A,STK,Diversified Finan Serv,Financial,Invest Mgmnt/Advis Serv,COMMON,true,HLNE
308077703,CRON,USD,NASDAQ,US,CRONOS GROUP INC,STK,Household Products/Wares,"Consumer, Non-cyclical",Consumer Products-Misc,COMMON,true,CRON
268332793,JMSB,USD,NASDAQ,US,JOHN MARSHALL BANCORP INC,STK,Banks,Financial,Commer Banks-Southern US,COMMON,true,JMSB
268671846,MNKD,USD,NASDAQ,US,MANNKIND CORP,STK,Pharmaceuticals,"Consumer, Non-cyclical",Therapeutics,COMMON,true,MNKD
269026219,BYSI,USD,NASDAQ,US,BEYONDSPRING INC,STK,Pharmaceuticals,"Consumer, Non-cyclical",Medical-Drugs,COMMON,true,BYSI
269649390,NODK,USD,NASDAQ,US,NI HOLDINGS INC,STK,Insurance,Financial,Property/Casualty Ins,COMMON,false,NODK
270532220,PPIH,USD,NASDAQ,US,PERMA-PIPE INTERNATIONAL HOL,STK,Engineering&amp;Construction,Industrial,Building-Heavy Construct,COMMON,true,PPIH
272104927,AXON,USD,NASDAQ,US,AXON ENTERPRISE INC,STK,Miscellaneous Manufactur,Industrial,Firearms&amp;Ammunition,COMMON,true,AXON
272356196,OKTA,USD,NASDAQ,US,OKTA INC,STK,Computers,Technology,Computer Data Security,COMMON,true,OKTA
273043153,VSDA,USD,NASDAQ,US,VICTORYSHARES DIVIDEND ACCEL,STK,,,,ETF,true,VSDA
273068652,SVRA,USD,NASDAQ,US,SAVARA INC,STK,Biotechnology,"Consumer, Non-cyclical",Medical-Biomedical/Gene,COMMON,true,SVRA
505799182,MXCT,USD,NASDAQ,US,MAXCYTE INC,STK,Healthcare-Products,"Consumer, Non-cyclical",Diagnostic Equipment,COMMON,true,MXCT
837151217,MOB,USD,NASDAQ,US,MOBILICOM LTD/AUSTRALIA,STK,Electronics,Industrial,Electronic Compo-Misc,COMMON,true,MOB
274839972,AAVM,USD,NASDAQ,US,ALPHA ARCHITECT GLOBAL FACTO,STK,,,,ETF,false,AAVM
274950744,URGN,USD,NASDAQ,US,UROGEN PHARMA LTD,STK,Biotechnology,"Consumer, Non-cyclical",Medical-Biomedical/Gene,COMMON,true,URGN
275215219,OVID,USD,NASDAQ,US,OVID THERAPEUTICS INC,STK,Biotechnology,"Consumer, Non-cyclical",Medical-Biomedical/Gene,COMMON,true,OVID
275951398,VERI,USD,NASDAQ,US,VERITONE INC,STK,Software,Technology,Computer Software,COMMON,true,VERI
276343981,ARGX,USD,NASDAQ,US,ARGENX SE - ADR,STK,Biotechnology,"Consumer, Non-cyclical",Medical-Biomedical/Gene,ADR,true,ARGX
277216815,YLDE,USD,NASDAQ,US,FRANKLIN CLEARBRIDGE ENHANCE,STK,,,,ETF,false,YLDE
277216817,LRGE,USD,NASDAQ,US,CLEARBRIDGE LARGE CAP GROWTH,STK,,,,ETF,false,LRGE
277296974,AREC,USD,NASDAQ,US,AMERICAN RESOURCES CORP,STK,Coal,Energy,Coal,COMMON,true,AREC
277374861,APPN,USD,NASDAQ,US,APPIAN CORP-A,STK,Software,Technology,Enterprise Software/Serv,COMMON,true,APPN
277374867,IMRN,USD,NASDAQ,US,IMMURON LTD-SPON ADR,STK,Pharmaceuticals,"Consumer, Non-cyclical",Therapeutics,ADR,false,IMRN
278169018,NESR,USD,NASDAQ,US,NATIONAL ENERGY SERVICES REU,STK,Oil&amp;Gas Services,Energy,Oil-Field Services,COMMON,true,NESR
278468188,SSTI,USD,NASDAQ,US,SOUNDTHINKING INC,STK,Commercial Services,"Consumer, Non-cyclical",Protection-Safety,COMMON,true,SSTI
299078100,TRMD,USD,NASDAQ,US,TORM PLC-A,STK,Transportation,Industrial,Transport-Marine,COMMON,true,TRMD
279166957,CGBD,USD,NASDAQ,US,CARLYLE SECURED LENDING INC,STK,Investment Companies,Financial,Investment Companies,COMMON,true,CGBD
280262319,RNEM,USD,NASDAQ,US,EMERGING MARKETS EQTY SELECT,STK,,,,ETF,false,RNEM
280262321,FCAL,USD,NASDAQ,US,FIRST TRUST CALIFORNIA MUNIC,STK,,,,ETF,false,FCAL
280262324,SHRY,USD,NASDAQ,US,FIRST TRUST SHAREHOLDER YLD,STK,,,,ETF,false,SHRY
280262331,FSCS,USD,NASDAQ,US,FIRST TRUST SMID CAPITAL STR,STK,,,,ETF,false,FSCS
280262334,FSGS,USD,NASDAQ,US,FIRST TRUST SMID GROWTH STRE,STK,,,,ETF,false,FSGS
280262339,KNGZ,USD,NASDAQ,US,FT - S&P 500 DVD ARISTOCRATS,STK,,,,ETF,true,KNGZ
280350493,VSMV,USD,NASDAQ,US,VICTORYSHARES US MIN VOL ETF,STK,,,,ETF,false,VSMV
280529588,FNGR,USD,NASDAQ,US,FINGERMOTION INC,STK,Telecommunications,Communications,Cellular Telecom,COMMON,true,FNGR
280739299,ESQ,USD,NASDAQ,US,ESQUIRE FINANCIAL HOLDINGS I,STK,Banks,Financial,Commer Banks-Eastern US,COMMON,false,ESQ
280801120,IOVA,USD,NASDAQ,US,IOVANCE BIOTHERAPEUTICS INC,STK,Biotechnology,"Consumer, Non-cyclical",Medical-Biomedical/Gene,COMMON,true,IOVA
281316445,BKR,USD,NASDAQ,US,BAKER HUGHES CO,STK,Oil&amp;Gas Services,Energy,Oil-Field Services,COMMON,true,BKR
281858134,SMPL,USD,NASDAQ,US,SIMPLY GOOD FOODS CO/THE,STK,Food,"Consumer, Non-cyclical",Food-Misc/Diversified,COMMON,true,SMPL
282156636,SQLV,USD,NASDAQ,US,ROYCE QUANT SMALL-CAP QUALIT,STK,,,,ETF,false,SQLV
282156640,SUSB,USD,NASDAQ,US,ISHARES ESG AWARE 1-5 YEAR U,STK,,,,ETF,true,SUSB
282156645,SUSC,USD,NASDAQ,US,ISHARES ESG AWARE USD CORPOR,STK,,,,ETF,false,SUSC
282563276,BHF,USD,NASDAQ,US,BRIGHTHOUSE FINANCIAL INC,STK,Insurance,Financial,Life/Health Insurance,COMMON,true,BHF
282747227,ZVZZT,USD,AMEX,US,TEST SYMBOL,STK,,,,COMMON,false,ZVZZT
282747276,EQRR,USD,NASDAQ,US,PROSHRS EQTY RISING RATE ETF,STK,,,,ETF,false,EQRR
282856694,EMXC,USD,NASDAQ,US,ISHARES MSCI EMR MRK EX CHNA,STK,,,,ETF,true,EMXC
283766043,NEXT,USD,NASDAQ,US,NEXTDECADE CORP,STK,Pipelines,Energy,Pipelines,COMMON,true,NEXT
283836689,RBB,USD,NASDAQ,US,RBB BANCORP,STK,Banks,Financial,Commer Banks-Western US,COMMON,true,RBB
284632520,SSRM,USD,NASDAQ,US,SSR MINING INC,STK,Mining,Basic Materials,Precious Metals,COMMON,true,SSRM
285547608,VLYPO,USD,NASDAQ,US,VALLEY NATIONAL BANCORP,STK,Banks,Financial,Commer Banks-Eastern US,PREFERRED,false,VLYPO
285675114,CLAR,USD,NASDAQ,US,CLARUS CORP,STK,Leisure Time,"Consumer, Cyclical",Athletic Equipment,COMMON,true,CLAR
285940674,AGNCN,USD,NASDAQ,US,ANGC 7 PERP PFD,STK,REITS,Financial,REITS-Mortgage,PREFERRED,false,AGNCN
286172031,ACGLO,USD,NASDAQ,US,ARCH CAPITAL GROUP LTD,STK,Insurance,Financial,Property/Casualty Ins,PREFERRED,false,ACGLO
287428879,BLNK,USD,NASDAQ,US,BLINK CHARGING CO,STK,Retail,"Consumer, Cyclical",Retail-Misc/Diversified,COMMON,true,BLNK
288038496,FRHC,USD,NASDAQ,US,FREEDOM HOLDING CORP/NV,STK,Diversified Finan Serv,Financial,Finance-Invest Bnkr/Brkr,COMMON,true,FRHC
290004748,CELC,USD,NASDAQ,US,CELCUITY INC,STK,Biotechnology,"Consumer, Non-cyclical",Medical-Biomedical/Gene,COMMON,true,CELC
290007409,KRYS,USD,NASDAQ,US,KRYSTAL BIOTECH INC,STK,Biotechnology,"Consumer, Non-cyclical",Medical-Biomedical/Gene,COMMON,true,KRYS
290007419,ZLAB,USD,NASDAQ,US,ZAI LAB LTD-ADR,STK,Biotechnology,"Consumer, Non-cyclical",Medical-Biomedical/Gene,ADR,true,ZLAB
290085887,MATH,USD,NASDAQ,US,METALPHA TECHNOLOGY HOLDING,STK,Diversified Finan Serv,Financial,Finance-Other Services,COMMON,false,MATH
290651477,ROKU,USD,NASDAQ,US,ROKU INC,STK,Internet,Communications,Internet Content-Entmnt,COMMON,true,ROKU
291378079,RYTM,USD,NASDAQ,US,RHYTHM PHARMACEUTICALS INC,STK,Pharmaceuticals,"Consumer, Non-cyclical",Medical-Drugs,COMMON,true,RYTM
291813467,ADAMN,USD,NASDAQ,US,ADAMAS TRUST INC,STK,REITS,Financial,REITS-Mortgage,PREFERRED,false,ADAMN
291995344,TNDM,USD,NASDAQ,US,TANDEM DIABETES CARE INC,STK,Healthcare-Products,"Consumer, Non-cyclical",Healthcare Safety Device,COMMON,true,TNDM
292080071,RMNI,USD,NASDAQ,US,RIMINI STREET INC,STK,Computers,Technology,Computer Services,COMMON,true,RMNI
292179068,CARG,USD,NASDAQ,US,CARGURUS INC,STK,Internet,Communications,E-Commerce/Services,COMMON,true,CARG
292179084,KIDS,USD,NASDAQ,US,ORTHOPEDIATRICS CORP,STK,Healthcare-Products,"Consumer, Non-cyclical",Medical Products,COMMON,true,KIDS
292179090,USMC,USD,NASDAQ,US,PRINCIPAL US MEGA-CAP ETF,STK,,,,ETF,true,USMC
292499454,VNCE,USD,NASDAQ,US,VINCE HOLDING CORP,STK,Apparel,"Consumer, Cyclical",Apparel Manufacturers,COMMON,false,VNCE
292830677,RIOT,USD,NASDAQ,US,RIOT PLATFORMS INC,STK,Investment Companies,Financial,Investment Companies,COMMON,true,RIOT
292833239,MDB,USD,NASDAQ,US,MONGODB INC,STK,Software,Technology,Computer Software,COMMON,true,MDB
293891401,EYE,USD,NASDAQ,US,NATIONAL VISION HOLDINGS INC,STK,Retail,"Consumer, Cyclical",Retail-Vision Serv Cntr,COMMON,true,EYE
294208188,MBIN,USD,NASDAQ,US,MERCHANTS BANCORP/IN,STK,Banks,Financial,Commer Banks-Central US,COMMON,true,MBIN
294630845,SNBR,USD,NASDAQ,US,SLEEP NUMBER CORP,STK,Home Furnishings,"Consumer, Cyclical",Home Furnishings,COMMON,true,SNBR
294729598,FMHI,USD,NASDAQ,US,FIRST TRUST MUNICIPAL HIGH I,STK,,,,ETF,false,FMHI
294729601,SDVY,USD,NASDAQ,US,FIRST TRUST SMID CAP RISING,STK,,,,ETF,true,SDVY
294729604,FNKO,USD,NASDAQ,US,FUNKO INC-CLASS A,STK,Toys/Games/Hobbies,"Consumer, Cyclical",Toys,COMMON,true,FNKO
294729611,SPRO,USD,NASDAQ,US,SPERO THERAPEUTICS INC,STK,Pharmaceuticals,"Consumer, Non-cyclical",Medical-Drugs,COMMON,true,SPRO
295043917,ACMR,USD,NASDAQ,US,ACM RESEARCH INC-CLASS A,STK,Semiconductors,Technology,Semiconductor Equipment,COMMON,true,ACMR
295297470,MRBK,USD,NASDAQ,US,MERIDIAN CORP,STK,Banks,Financial,Commer Banks-Eastern US,COMMON,false,MRBK
295404306,IFRX,USD,NASDAQ,US,INFLARX NV,STK,Pharmaceuticals,"Consumer, Non-cyclical",Medical-Drugs,COMMON,true,IFRX
295518938,VTC,USD,NASDAQ,US,VANGUARD TOTAL CORPORATE BND,STK,,,,ETF,true,VTC
295757247,BAND,USD,NASDAQ,US,BANDWIDTH INC-CLASS A,STK,Software,Technology,Computer Software,COMMON,true,BAND
296183598,FBIOP,USD,NASDAQ,US,FORTRESS BIOTECH INC,STK,Pharmaceuticals,"Consumer, Non-cyclical",Medical-Drugs,PREFERRED,false,FBIOP
296466074,SFIX,USD,NASDAQ,US,STITCH FIX INC-CLASS A,STK,Internet,Communications,E-Commerce/Products,COMMON,true,SFIX
297267197,ELTK,USD,NASDAQ,US,ELTEK LTD,STK,Electronics,Industrial,Circuit Boards,COMMON,false,ELTK
297887494,RBBN,USD,NASDAQ,US,RIBBON COMMUNICATIONS INC,STK,Telecommunications,Communications,Wireless Equipment,COMMON,true,RBBN
298284081,IMMP,USD,NASDAQ,US,IMMUTEP LTD-SP ADR,STK,Biotechnology,"Consumer, Non-cyclical",Medical-Biomedical/Gene,ADR,true,IMMP
298721750,QTRX,USD,NASDAQ,US,QUANTERIX CORP,STK,Healthcare-Products,"Consumer, Non-cyclical",Diagnostic Equipment,COMMON,true,QTRX
298932570,DNLI,USD,NASDAQ,US,DENALI THERAPEUTICS INC,STK,Biotechnology,"Consumer, Non-cyclical",Medical-Biomedical/Gene,COMMON,true,DNLI
299532605,NMRK,USD,NASDAQ,US,NEWMARK GROUP INC-CLASS A,STK,Real Estate,Financial,Real Estate Mgmnt/Servic,COMMON,true,NMRK
300464284,PMTS,USD,NASDAQ,US,CPI CARD GROUP INC,STK,Commercial Services,"Consumer, Non-cyclical",Commercial Serv-Finance,COMMON,false,PMTS
300570305,LX,USD,NASDAQ,US,LEXINFINTECH HOLDINGS L-ADR,STK,Diversified Finan Serv,Financial,Finance-Consumer Loans,ADR,true,LX
376694783,VMD,USD,NASDAQ,US,VIEMED HEALTHCARE INC,STK,Healthcare-Services,"Consumer, Non-cyclical",Medical Labs&amp;Testing Srv,COMMON,true,VMD
301303327,LILAK,USD,NASDAQ,US,LIBERTY LATIN AMERIC-CL C,STK,Media,Communications,Cable/Satellite TV,COMMON,true,LILAK
301303331,LILA,USD,NASDAQ,US,LIBERTY LATIN AMERIC-CL A,STK,Media,Communications,Cable/Satellite TV,COMMON,true,LILA
301773827,RCKT,USD,NASDAQ,US,ROCKET PHARMACEUTICALS INC,STK,Biotechnology,"Consumer, Non-cyclical",Medical-Biomedical/Gene,COMMON,true,RCKT
301934149,HHS,USD,NASDAQ,US,HARTE-HANKS INC,STK,Advertising,Communications,Direct Marketing,COMMON,false,HHS
302199836,TTEC,USD,NASDAQ,US,TTEC HOLDINGS INC,STK,Computers,Technology,Computer Services,COMMON,true,TTEC
302548055,ILPT,USD,NASDAQ,US,INDUSTRIAL LOGISTICS PROPERT,STK,REITS,Financial,REITS-Warehouse/Industr,REIT,true,ILPT
302902494,HNDL,USD,NASDAQ,US,NASDAQ 7 HANDL INDEX ETF,STK,,,,ETF,true,HNDL
304032018,LEGR,USD,NASDAQ,US,FIRST TRUST INDXX INNOVATIVE,STK,,,,ETF,true,LEGR
305186144,OSS,USD,NASDAQ,US,ONE STOP SYSTEMS INC,STK,Computers,Technology,Computers,COMMON,true,OSS
305576762,PRPL,USD,NASDAQ,US,PURPLE INNOVATION INC,STK,Home Furnishings,"Consumer, Cyclical",Home Furnishings,COMMON,true,PRPL
306081469,EOLS,USD,NASDAQ,US,EVOLUS INC,STK,Biotechnology,"Consumer, Non-cyclical",Medical-Biomedical/Gene,COMMON,true,EOLS
306081482,VCTR,USD,NASDAQ,US,VICTORY CAPITAL HOLDING - A,STK,Diversified Finan Serv,Financial,Invest Mgmnt/Advis Serv,COMMON,true,VCTR
306363706,CDLX,USD,NASDAQ,US,CARDLYTICS INC,STK,Internet,Communications,E-Marketing/Info,COMMON,true,CDLX
308163335,ROBT,USD,NASDAQ,US,FIRST TRUST NASDAQ ARTIFICIA,STK,,,,ETF,true,ROBT
308728373,BKNG,USD,NASDAQ,US,BOOKING HOLDINGS INC,STK,Internet,Communications,E-Commerce/Services,COMMON,true,BKNG
309220289,VTSI,USD,NASDAQ,US,VIRTRA INC,STK,Aerospace/Defense,Industrial,Aerospace/Defense,COMMON,true,VTSI
310410814,BWB,USD,NASDAQ,US,BRIDGEWATER BANCSHARES INC,STK,Banks,Financial,Commer Banks-Central US,COMMON,true,BWB
310621426,ZS,USD,NASDAQ,US,ZSCALER INC,STK,Computers,Technology,Computer Data Security,COMMON,true,ZS
310624814,RDVT,USD,NASDAQ,US,RED VIOLET INC,STK,Software,Technology,Computer Software,COMMON,true,RDVT
311571413,BILI,USD,NASDAQ,US,BILIBILI INC-SPONSORED ADR,STK,Internet,Communications,Internet Content-Info/Ne,ADR,true,BILI
311892159,DBX,USD,NASDAQ,US,DROPBOX INC-CLASS A,STK,Software,Technology,Computer Software,COMMON,true,DBX
311892909,OXSQ,USD,NASDAQ,US,OXFORD SQUARE CAPITAL CORP,STK,Investment Companies,Financial,Investment Companies,COMMON,true,OXSQ
312029611,IQ,USD,NASDAQ,US,IQIYI INC-ADR,STK,Internet,Communications,Internet Content-Entmnt,ADR,true,IQ
313130367,AVGO,USD,NASDAQ,US,BROADCOM INC,STK,Semiconductors,Technology,Electronic Compo-Semicon,COMMON,true,AVGO
313490784,TBCH,USD,NASDAQ,US,TURTLE BEACH CORP,STK,Electronics,Industrial,Industr Audio&amp;Video Prod,COMMON,true,TBCH
313494192,BFST,USD,NASDAQ,US,BUSINESS FIRST BANCSHARES,STK,Banks,Financial,Commer Banks-Southern US,COMMON,true,BFST
314376951,DRIV,USD,NASDAQ,US,GLOBAL X AUTONOMOUS&ELEC-ETF,STK,,,,ETF,true,DRIV
314453657,NFTY,USD,NASDAQ,US,FIRST TRUST INDIA NIFTY 50 E,STK,,,,ETF,true,NFTY
314734931,CLBK,USD,NASDAQ,US,COLUMBIA FINANCIAL INC,STK,Diversified Finan Serv,Financial,Invest Mgmnt/Advis Serv,COMMON,true,CLBK
315776201,LASR,USD,NASDAQ,US,NLIGHT INC,STK,Electrical Compo&amp;Equip,Industrial,Electric Products-Misc,COMMON,true,LASR
316073742,DOCU,USD,NASDAQ,US,DOCUSIGN INC,STK,Software,Technology,Data Processing/Mgmt,COMMON,true,DOCU
316073744,GSHD,USD,NASDAQ,US,GOOSEHEAD INSURANCE INC -A,STK,Insurance,Financial,Insurance Brokers,COMMON,true,GSHD
316490716,AMRX,USD,NASDAQ,US,AMNEAL PHARMACEUTICALS INC,STK,Pharmaceuticals,"Consumer, Non-cyclical",Medical-Generic Drugs,COMMON,true,AMRX
316805141,ROAD,USD,NASDAQ,US,CONSTRUCTION PARTNERS INC-A,STK,Engineering&amp;Construction,Industrial,Building-Heavy Construct,COMMON,true,ROAD
316805146,JRSH,USD,NASDAQ,US,JERASH HOLDINGS US INC,STK,Apparel,"Consumer, Cyclical",Apparel Manufacturers,COMMON,false,JRSH
317613717,OPRX,USD,NASDAQ,US,OPTIMIZERX CORP,STK,Internet,Communications,Internet Content-Info/Ne,COMMON,true,OPRX
317730384,DALI,USD,NASDAQ,US,ISHRS MS WR CO DI SA UCI-USD,STK,,,,ETF,false,DALI
317792273,AIQ,USD,NASDAQ,US,GLOBAL X ART INTEL & TECH,STK,,,,ETF,true,AIQ
319099332,SRRK,USD,NASDAQ,US,SCHOLAR ROCK HOLDING CORP,STK,Biotechnology,"Consumer, Non-cyclical",Medical-Biomedical/Gene,COMMON,true,SRRK
319099408,CLPS,USD,NASDAQ,US,CLPS INC,STK,Computers,Technology,Computer Services,COMMON,false,CLPS
319099318,EDRY,USD,NASDAQ,US,EURODRY LTD,STK,Transportation,Industrial,Transport-Marine,COMMON,false,EDRY
319355822,BSCQ,USD,NASDAQ,US,INVESCO BULLETSHARES 2026 CB,STK,,,,ETF,false,BSCQ
319355868,BSCR,USD,NASDAQ,US,INVESCO BULLETSHARES 2027 CB,STK,,,,ETF,false,BSCR
319808443,WRAP,USD,NASDAQ,US,WRAP TECHNOLOGIES INC,STK,Electronics,Industrial,Electronic Secur Devices,COMMON,true,WRAP
320106069,EVRG,USD,NASDAQ,US,EVERGY INC,STK,Electric,Utilities,Electric-Integrated,COMMON,true,EVRG
320224936,SOHU,USD,NASDAQ,US,SOHU.COM LTD-ADR,STK,Internet,Communications,Web Portals/ISP,ADR,true,SOHU
320225884,IPKW,USD,NASDAQ,US,INVESCO INTERNATIONAL BUYBAC,STK,,,,ETF,true,IPKW
320226712,GOVI,USD,NASDAQ,US,INVESCO EQUAL WEIGHT 0-30 YR,STK,,,,ETF,false,GOVI
320226721,PKW,USD,NASDAQ,US,INVESCO BUYBACK ACHIEVERS ET,STK,,,,ETF,true,PKW
320226724,PYZ,USD,NASDAQ,US,INVESCO DORSEY WRIGHT BASIC,STK,,,,ETF,true,PYZ
320226731,PFM,USD,NASDAQ,US,INVESCO DIVIDEND ACHIEVERS E,STK,,,,ETF,true,PFM
320226734,PEZ,USD,NASDAQ,US,INVESCO DORSEY WRIGHT CONSUM,STK,,,,ETF,true,PEZ
320226736,PSL,USD,NASDAQ,US,INVESCO DORSEY WRIGHT CONSUM,STK,,,,ETF,true,PSL
320226741,PIZ,USD,NASDAQ,US,INVESCO DORSEY WRIGHT DEVELO,STK,,,,ETF,true,PIZ
320226746,PIE,USD,NASDAQ,US,INVESCO DORSEY WRIGHT EMERGI,STK,,,,ETF,true,PIE
320226751,PXI,USD,NASDAQ,US,INVESCO DORSEY WRIGHT ENERGY,STK,,,,ETF,true,PXI
320226754,PFI,USD,NASDAQ,US,INVESCO DORSEY WRIGHT FINANC,STK,,,,ETF,true,PFI
320226759,PTH,USD,NASDAQ,US,INVESCO DORSEY WRIGHT HEALTH,STK,,,,ETF,true,PTH
320226760,PRN,USD,NASDAQ,US,INVESCO DORSEY WRIGHT INDUS,STK,,,,ETF,true,PRN
320226771,PDP,USD,NASDAQ,US,INVESCO DORSEY WRIGHT MOMENT,STK,,,,ETF,true,PDP
320226777,DWAS,USD,NASDAQ,US,INVESCO DORSEY WRIGHT SMALLC,STK,,,,ETF,true,DWAS
320226789,PTF,USD,NASDAQ,US,INVESCO DORSEY WRIGHT TECH,STK,,,,ETF,true,PTF
320226794,PUI,USD,NASDAQ,US,INVESCO DORSEY WRIGHT UTILIT,STK,,,,ETF,true,PUI
320227512,PRFZ,USD,NASDAQ,US,INV RAFI US 1500 SM-USD INC,STK,,,,ETF,true,PRFZ
320227520,PIO,USD,NASDAQ,US,INVESCO GLOBAL WATER ETF,STK,,,,ETF,true,PIO
320227525,PEY,USD,NASDAQ,US,INVESCO HIGH YIELD EQUITY DI,STK,,,,ETF,true,PEY
320227530,PID,USD,NASDAQ,US,INVESCO INTERNATIONAL DIVIDE,STK,,,,ETF,true,PID
320227535,KBWB,USD,NASDAQ,US,INVESCO KBW BANK ETF,STK,,,,ETF,true,KBWB
320227537,KBWD,USD,NASDAQ,US,INVESCO KBW HIGH DIVIDEND YI,STK,,,,ETF,true,KBWD
320227540,KBWY,USD,NASDAQ,US,INVESCO KBW PREMIUM YIELD EQ,STK,,,,ETF,true,KBWY
320227547,KBWP,USD,NASDAQ,US,INVESCO KBW PROPERTY & CASUA,STK,,,,ETF,true,KBWP
320227550,FDIQ,USD,NASDAQ,US,INV BLB FIN DATA PRV ETF-USI,STK,,,,ETF,true,FDIQ
320227559,PNQI,USD,NASDAQ,US,INVESCO NASDAQ INTERNET ETF,STK,,,,ETF,true,PNQI
320227565,PDBC,USD,NASDAQ,US,INVESCO OPTIMUM YIELD DIVERS,STK,,,,ETF,true,PDBC
320227571,QQQ,USD,NASDAQ,US,INVESCO QQQ TRUST SERIES 1,STK,,,,ETF,true,QQQ
320227592,PSCC,USD,NASDAQ,US,INVESCO S&P SMALLCAP CONSUME,STK,,,,ETF,true,PSCC
320227597,PSCD,USD,NASDAQ,US,INVESCO S&P SMALLCAP CONSUME,STK,,,,ETF,true,PSCD
320227606,PSCF,USD,NASDAQ,US,INVESCO S&P SMALLCAP FINANCI,STK,,,,ETF,true,PSCF
320227609,PSCH,USD,NASDAQ,US,INVESCO S&P SMALLCAP HEALTH,STK,,,,ETF,true,PSCH
320227612,PSCI,USD,NASDAQ,US,INVESCO S&P SMALLCAP INDUSTR,STK,,,,ETF,true,PSCI
320227616,PSCT,USD,NASDAQ,US,INVESCO S&P SMALLCAP INFORMA,STK,,,,ETF,true,PSCT
320227621,PSCU,USD,NASDAQ,US,INVESCO S&P S C U&C SER ETF,STK,,,,ETF,false,PSCU
320227626,PHO,USD,NASDAQ,US,INVESCO WATER RESOURCES ETF,STK,,,,ETF,true,PHO
320227631,VRIG,USD,NASDAQ,US,INVESCO VARIABLE RATE INVEST,STK,,,,ETF,false,VRIG
320228879,GEVO,USD,NASDAQ,US,GEVO INC,STK,Energy-Alternate Sources,Energy,Energy-Alternate Sources,COMMON,true,GEVO
320228884,OSPN,USD,NASDAQ,US,ONESPAN INC,STK,Computers,Technology,Computer Data Security,COMMON,true,OSPN
320228918,PSCM,USD,NASDAQ,US,INVESCO S&P SMALLCAP MATERIA,STK,,,,ETF,true,PSCM
320232077,PGJ,USD,NASDAQ,US,INVESCO GOLDEN DRAGON CHINA,STK,,,,ETF,true,PGJ
320854799,MGTX,USD,NASDAQ,US,MEIRAGTX HOLDINGS PLC,STK,Biotechnology,"Consumer, Non-cyclical",Medical-Biomedical/Gene,COMMON,true,MGTX
321415941,HTHT,USD,NASDAQ,US,H WORLD GROUP LTD-ADR,STK,Lodging,"Consumer, Cyclical",Hotels&amp;Motels,ADR,true,HTHT
322592443,IIIV,USD,NASDAQ,US,I3 VERTICALS INC-CLASS A,STK,Software,Technology,Applications Software,COMMON,true,IIIV
322802389,AUTL,USD,NASDAQ,US,AUTOLUS THERAPEUTICS PLC,STK,Biotechnology,"Consumer, Non-cyclical",Medical-Biomedical/Gene,ADR,true,AUTL
323612147,LOVE,USD,NASDAQ,US,LOVESAC CO/THE,STK,Home Furnishings,"Consumer, Cyclical",Home Furnishings,COMMON,true,LOVE
324057162,KDP,USD,NASDAQ,US,KEURIG DR PEPPER INC,STK,Beverages,"Consumer, Non-cyclical",Beverages-Non-alcoholic,COMMON,true,KDP
324062308,ENTX,USD,NASDAQ,US,ENTERA BIO LTD,STK,Biotechnology,"Consumer, Non-cyclical",Medical-Biomedical/Gene,COMMON,true,ENTX
324062315,EVER,USD,NASDAQ,US,EVERQUOTE INC - CLASS A,STK,Internet,Communications,E-Commerce/Services,COMMON,true,EVER
324062325,STIM,USD,NASDAQ,US,NEURONETICS INC,STK,Healthcare-Services,"Consumer, Non-cyclical",Medical Labs&amp;Testing Srv,COMMON,true,STIM
324405894,DOMO,USD,NASDAQ,US,DOMO INC - CLASS B,STK,Software,Technology,Enterprise Software/Serv,COMMON,true,DOMO
324651164,QUBT,USD,NASDAQ,US,QUANTUM COMPUTING INC,STK,Software,Technology,Applications Software,COMMON,true,QUBT
325360897,SEED,USD,NASDAQ,US,ORIGIN AGRITECH LTD,STK,Biotechnology,"Consumer, Non-cyclical",Agricultural Biotech,COMMON,false,SEED
325456978,DWSH,USD,NASDAQ,US,ADVISORSHARES DORSEY WS ETF,STK,,,,ETF,false,DWSH
325898825,OZK,USD,NASDAQ,US,BANK OZK,STK,Banks,Financial,Commer Banks-Southern US,COMMON,true,OZK
326089324,CCB,USD,NASDAQ,US,COASTAL FINANCIAL CORP/WA,STK,Banks,Financial,Commer Banks-Western US,COMMON,true,CCB
326089330,CRNX,USD,NASDAQ,US,CRINETICS PHARMACEUTICALS IN,STK,Biotechnology,"Consumer, Non-cyclical",Medical-Biomedical/Gene,COMMON,true,CRNX
326196503,ESTA,USD,NASDAQ,US,ESTABLISHMENT LABS HOLDINGS,STK,Healthcare-Products,"Consumer, Non-cyclical",Medical Products,COMMON,true,ESTA
326196504,MYFW,USD,NASDAQ,US,FIRST WESTERN FINANCIAL INC,STK,Diversified Finan Serv,Financial,Invest Mgmnt/Advis Serv,COMMON,false,MYFW
326299952,OPRA,USD,NASDAQ,US,OPERA LTD-ADR,STK,Internet,Communications,Web Portals/ISP,ADR,true,OPRA
326314577,REPL,USD,NASDAQ,US,REPLIMUNE GROUP INC,STK,Biotechnology,"Consumer, Non-cyclical",Medical-Biomedical/Gene,COMMON,true,REPL
326398585,PDD,USD,NASDAQ,US,PDD HOLDINGS INC,STK,Internet,Communications,E-Commerce/Products,ADR,true,PDD
327314210,AQST,USD,NASDAQ,US,AQUESTIVE THERAPEUTICS INC,STK,Pharmaceuticals,"Consumer, Non-cyclical",Medical-Drugs,COMMON,true,AQST
327422071,LQDA,USD,NASDAQ,US,LIQUIDIA CORP,STK,Biotechnology,"Consumer, Non-cyclical",Medical-Biomedical/Gene,COMMON,true,LQDA
327422072,TENB,USD,NASDAQ,US,TENABLE HOLDINGS INC,STK,Computers,Technology,Computer Data Security,COMMON,true,TENB
327709672,IMXI,USD,NASDAQ,US,INTERNATIONAL MONEY EXPRESS,STK,Diversified Finan Serv,Financial,Finance-Consumer Loans,COMMON,true,IMXI
327709686,PRTH,USD,NASDAQ,US,PRIORITY TECHNOLOGY HOLDINGS,STK,Commercial Services,"Consumer, Non-cyclical",Commercial Serv-Finance,COMMON,true,PRTH
328064788,STRA,USD,NASDAQ,US,STRATEGIC EDUCATION INC,STK,Commercial Services,"Consumer, Non-cyclical",Schools,COMMON,true,STRA
328085402,OFIX,USD,NASDAQ,US,ORTHOFIX MEDICAL INC,STK,Healthcare-Products,"Consumer, Non-cyclical",Medical Products,COMMON,true,OFIX
328204984,SONO,USD,NASDAQ,US,SONOS INC,STK,Home Furnishings,"Consumer, Cyclical",Audio/Video Products,COMMON,true,SONO
328849154,AEYE,USD,NASDAQ,US,AUDIOEYE INC,STK,Internet,Communications,Internet Applic Sftwr,COMMON,true,AEYE
328908609,BSCS,USD,NASDAQ,US,INVESCO BULLETSHARES 2028 CB,STK,,,,ETF,false,BSCS
328908679,BSJQ,USD,NASDAQ,US,INVESCO BULLETSHARES 2026 HY,STK,,,,ETF,false,BSJQ
329441111,TCPC,USD,NASDAQ,US,BLACKROCK TCP CAPITAL CORP,STK,Investment Companies,Financial,Investment Companies,COMMON,true,TCPC
330986446,HFFG,USD,NASDAQ,US,HF FOODS GROUP INC,STK,Food,"Consumer, Non-cyclical",Food-Wholesale/Distrib,COMMON,true,HFFG
331629636,FID,USD,NASDAQ,US,FIRST TRUST S&P INTERNATIONA,STK,,,,ETF,true,FID
332265455,MBOT,USD,NASDAQ,US,MICROBOT MEDICAL INC,STK,Healthcare-Products,"Consumer, Non-cyclical",Medical Instruments,COMMON,true,MBOT
332274918,QTUM,USD,NASDAQ,US,DEFIANCE QUANTUM ETF,STK,,,,ETF,true,QTUM
332383555,DDIV,USD,NASDAQ,US,FIRST TRUST DORSEY WRIGHT MO,STK,,,,ETF,false,DDIV
332383615,DVOL,USD,NASDAQ,US,FIRST TRUST DW MOMTM & LOW,STK,,,,ETF,true,DVOL
332383616,DVLU,USD,NASDAQ,US,FIRST TRUST DRSY WRIGHT MOME,STK,,,,ETF,false,DVLU
332383676,BNDW,USD,NASDAQ,US,VANGUARD TOTAL WORLD BOND ET,STK,,,,ETF,true,BNDW
332922484,GTX,USD,NASDAQ,US,GARRETT MOTION INC,STK,Auto Parts&amp;Equipment,"Consumer, Cyclical",Auto/Trk Prts&amp;Equip-Orig,COMMON,true,GTX
332975609,IUS,USD,NASDAQ,US,INVESCO RAFI STRATEGIC US ET,STK,,,,ETF,false,IUS
333130752,FTDR,USD,NASDAQ,US,FRONTDOOR INC,STK,Engineering&amp;Construction,Industrial,Building&amp;Construct-Misc,COMMON,true,FTDR
333352480,ALT,USD,NASDAQ,US,ALTIMMUNE INC,STK,Biotechnology,"Consumer, Non-cyclical",Medical-Biomedical/Gene,COMMON,true,ALT
333502025,BHFAL,USD,NASDAQ,US,BRIGHTHOUSE FINANCIAL INC,STK,Insurance,Financial,Life/Health Insurance,PREFERRED,false,BHFAL
333970329,BSVN,USD,NASDAQ,US,BANK7 CORP,STK,Banks,Financial,Commer Banks Non-US,COMMON,false,BSVN
334193789,VIOT,USD,NASDAQ,US,VIOMI TECHNOLOGY CO LTD-ADR,STK,Household Products/Wares,"Consumer, Non-cyclical",Consumer Products-Misc,ADR,false,VIOT
335049606,CBNK,USD,NASDAQ,US,CAPITAL BANCORP INC/MD,STK,Banks,Financial,Commer Banks-Eastern US,COMMON,true,CBNK
335150864,ARVN,USD,NASDAQ,US,ARVINAS INC,STK,Pharmaceuticals,"Consumer, Non-cyclical",Medical-Generic Drugs,COMMON,true,ARVN
335611120,ANIX,USD,NASDAQ,US,ANIXA BIOSCIENCES INC,STK,Biotechnology,"Consumer, Non-cyclical",Medical-Biomedical/Gene,COMMON,true,ANIX
335611125,NEON,USD,NASDAQ,US,NEONODE INC,STK,Electronics,Industrial,Electronic Compo-Misc,COMMON,true,NEON
335839458,UPWK,USD,NASDAQ,US,UPWORK INC,STK,Internet,Communications,E-Commerce/Services,COMMON,true,UPWK
335906876,GH,USD,NASDAQ,US,GUARDANT HEALTH INC,STK,Healthcare-Products,"Consumer, Non-cyclical",Diagnostic Kits,COMMON,true,GH
335906881,KOD,USD,NASDAQ,US,KODIAK SCIENCES INC,STK,Biotechnology,"Consumer, Non-cyclical",Medical-Biomedical/Gene,COMMON,true,KOD
336206517,FPXE,USD,NASDAQ,US,FIRST TRUST IPOX EUROPE EQUI,STK,,,,ETF,true,FPXE
336206522,OCCI,USD,NASDAQ,US,OFS CREDIT COMPANY INC,STK,,,,CLOSED-END FUND,false,OCCI
336757717,ALLO,USD,NASDAQ,US,ALLOGENE THERAPEUTICS INC,STK,Biotechnology,"Consumer, Non-cyclical",Medical-Biomedical/Gene,COMMON,true,ALLO
337030468,EQ,USD,NASDAQ,US,EQUILLIUM INC,STK,Biotechnology,"Consumer, Non-cyclical",Medical-Biomedical/Gene,COMMON,true,EQ
337304717,NIU,USD,NASDAQ,US,NIU TECHNOLOGIES-SPONS ADR,STK,Leisure Time,"Consumer, Cyclical",Motorcycle/Motor Scooter,ADR,true,NIU
337611936,ESPO,USD,NASDAQ,US,VANECK VIDEOGAMING ESPORTS,STK,,,,ETF,true,ESPO
337611941,SIBN,USD,NASDAQ,US,SI-BONE INC,STK,Healthcare-Products,"Consumer, Non-cyclical",Medical Products,COMMON,true,SIBN
337722877,VRRM,USD,NASDAQ,US,VERRA MOBILITY CORP,STK,Commercial Services,"Consumer, Non-cyclical",Commercial Services,COMMON,true,VRRM
339001919,STNE,USD,NASDAQ,US,STONECO LTD-A,STK,Commercial Services,"Consumer, Non-cyclical",Commercial Serv-Finance,COMMON,true,STNE
339974449,TWST,USD,NASDAQ,US,TWIST BIOSCIENCE CORP,STK,Healthcare-Products,"Consumer, Non-cyclical",Diagnostic Equipment,COMMON,true,TWST
339976304,IMOS,USD,NASDAQ,US,CHIPMOS TECHNOLOGIES INC-ADR,STK,Semiconductors,Technology,Electronic Compo-Semicon,ADR,true,IMOS
340390091,FDNI,USD,NASDAQ,US,FIRST TRUST DOW JONES INTL,STK,,,,ETF,true,FDNI
341214703,ETON,USD,NASDAQ,US,ETON PHARMACEUTICALS INC,STK,Pharmaceuticals,"Consumer, Non-cyclical",Medical-Drugs,COMMON,true,ETON
341758615,DMAC,USD,NASDAQ,US,DIAMEDICA THERAPEUTICS INC,STK,Biotechnology,"Consumer, Non-cyclical",Medical-Biomedical/Gene,COMMON,true,DMAC
341758681,BGRN,USD,NASDAQ,US,ISHARES USD GREEN BOND ETF,STK,,,,ETF,false,BGRN
342701470,MCFT,USD,NASDAQ,US,MASTERCRAFT BOAT HOLDINGS IN,STK,Leisure Time,"Consumer, Cyclical",Recreational Vehicles,COMMON,true,MCFT
343696665,EBIZ,USD,NASDAQ,US,GLOBAL X E-COMMERCE ETF,STK,,,,ETF,true,EBIZ
344162255,MFIC,USD,NASDAQ,US,MIDCAP FINANCIAL INVESTMENT,STK,Investment Companies,Financial,Investment Companies,COMMON,true,MFIC
344784312,BBCP,USD,NASDAQ,US,CONCRETE PUMPING HOLDINGS IN,STK,Engineering&amp;Construction,Industrial,Building&amp;Construct-Misc,COMMON,true,BBCP
344809106,MRNA,USD,NASDAQ,US,MODERNA INC,STK,Biotechnology,"Consumer, Non-cyclical",Medical-Biomedical/Gene,COMMON,true,MRNA
344997557,QFIN,USD,NASDAQ,US,QFIN HOLDINGS INC-ADR,STK,Diversified Finan Serv,Financial,Finance-Consumer Loans,ADR,true,QFIN
345828545,LEGH,USD,NASDAQ,US,LEGACY HOUSING CORP,STK,Real Estate,Financial,Real Estate Oper/Develop,COMMON,true,LEGH
345965276,ORGO,USD,NASDAQ,US,ORGANOGENESIS HOLDINGS INC,STK,Biotechnology,"Consumer, Non-cyclical",Medical-Biomedical/Gene,COMMON,true,ORGO
349869086,CRDL,USD,NASDAQ,US,CARDIOL THERAPEUTICS INC-A,STK,Biotechnology,"Consumer, Non-cyclical",Medical-Biomedical/Gene,COMMON,true,CRDL
353292987,EPSN,USD,NASDAQ,US,EPSILON ENERGY LTD,STK,Oil&amp;Gas,Energy,Oil Comp-Explor&amp;Prodtn,COMMON,true,EPSN
346727816,QYLD,USD,NASDAQ,US,GLOBAL X NASD 100 COV CALL,STK,,,,ETF,true,QYLD
346727821,DAX,USD,NASDAQ,US,GLOBAL X DAX GERMANY ETF,STK,,,,ETF,true,DAX
347411991,APYX,USD,NASDAQ,US,APYX MEDICAL CORP,STK,Healthcare-Products,"Consumer, Non-cyclical",Medical Instruments,COMMON,true,APYX
348173135,HROW,USD,NASDAQ,US,HARROW INC,STK,Pharmaceuticals,"Consumer, Non-cyclical",Medical-Drugs,COMMON,true,HROW
348573506,AUGO,USD,NASDAQ,US,AURA MINERALS INC,STK,Mining,Basic Materials,Gold Mining,COMMON,true,AUGO
348593570,LDSF,USD,NASDAQ,US,FIRST TR LOW DURATION ST-ETF,STK,,,,ETF,false,LDSF
349982751,RBKB,USD,NASDAQ,US,RHINEBECK BANCORP INC,STK,Banks,Financial,Commer Banks Non-US,COMMON,false,RBKB
351897863,NFE,USD,NASDAQ,US,NEW FORTRESS ENERGY INC,STK,Pipelines,Energy,Pipelines,COMMON,true,NFE
352320417,INMB,USD,NASDAQ,US,INMUNE BIO INC,STK,Biotechnology,"Consumer, Non-cyclical",Medical-Biomedical/Gene,COMMON,true,INMB
352677820,ALEC,USD,NASDAQ,US,ALECTOR INC,STK,Biotechnology,"Consumer, Non-cyclical",Medical-Biomedical/Gene,COMMON,true,ALEC
352937297,GOSS,USD,NASDAQ,US,GOSSAMER BIO INC,STK,Biotechnology,"Consumer, Non-cyclical",Medical-Biomedical/Gene,COMMON,true,GOSS
353042531,CLDX,USD,NASDAQ,US,CELLDEX THERAPEUTICS INC,STK,Biotechnology,"Consumer, Non-cyclical",Medical-Biomedical/Gene,COMMON,true,CLDX
355718896,AGNCM,USD,NASDAQ,US,AGNC INVESTMENT CORP,STK,REITS,Financial,REITS-Mortgage,PREFERRED,false,AGNCM
355726732,BIOX,USD,NASDAQ,US,BIOCERES CROP SOLUTIONS CORP,STK,Biotechnology,"Consumer, Non-cyclical",Agricultural Biotech,COMMON,true,BIOX
355866757,UFOX,USD,NASDAQ,US,DEFIANCE CONNECTIVE TECH ETF,STK,,,,ETF,true,UFOX
355965337,ENLV,USD,NASDAQ,US,ENLIVEX LTD,STK,Biotechnology,"Consumer, Non-cyclical",Medical-Biomedical/Gene,COMMON,true,ENLV
356068332,FUTU,USD,NASDAQ,US,FUTU HOLDINGS LTD-ADR,STK,Diversified Finan Serv,Financial,Finance-Invest Bnkr/Brkr,ADR,true,FUTU
356101472,EWJV,USD,NASDAQ,US,ISHARES MSCI JAPAN VALUE ETF,STK,,,,ETF,false,EWJV
382623883,NGEN,USD,NASDAQ,US,NERVGEN PHARMA CORP,STK,Biotechnology,"Consumer, Non-cyclical",Medical-Biomedical/Gene,COMMON,true,NGEN
356857464,TIGR,USD,NASDAQ,US,UP FINTECH HOLDING LTD - ADR,STK,Diversified Finan Serv,Financial,Finance-Invest Bnkr/Brkr,ADR,true,TIGR
356858007,FOX,USD,NASDAQ,US,FOX CORP - CLASS B,STK,Media,Communications,Broadcast Serv/Program,COMMON,true,FOX
356858008,FOXA,USD,NASDAQ,US,FOX CORP - CLASS A,STK,Media,Communications,Broadcast Serv/Program,COMMON,true,FOXA
357194949,PDSB,USD,NASDAQ,US,PDS BIOTECHNOLOGY CORP,STK,Biotechnology,"Consumer, Non-cyclical",Medical-Biomedical/Gene,COMMON,true,PDSB
357194964,TH,USD,NASDAQ,US,TARGET HOSPITALITY CORP,STK,Commercial Services,"Consumer, Non-cyclical",Commercial Services,COMMON,true,TH
357214541,CRMD,USD,NASDAQ,US,CORMEDIX INC,STK,Pharmaceuticals,"Consumer, Non-cyclical",Therapeutics,COMMON,true,CRMD
358042174,BHFAP,USD,NASDAQ,US,BRIGHTHOUSE FINANCIAL IN,STK,Insurance,Financial,Life/Health Insurance,PREFERRED,false,BHFAP
358053703,OSW,USD,NASDAQ,US,ONESPAWORLD HOLDINGS LTD,STK,Leisure Time,"Consumer, Cyclical",Recreational Centers,COMMON,true,OSW
358393318,BPYPP,USD,NASDAQ,US,BROOKFIELD PROPERTY PART,STK,Real Estate,Financial,Real Estate Oper/Develop,PREFERRED,false,BPYPP
358913768,FLNA,USD,NASDAQ,US,FILANA THERAPEUTICS INC,STK,Biotechnology,"Consumer, Non-cyclical",Medical-Biomedical/Gene,COMMON,true,FLNA
359130923,LYFT,USD,NASDAQ,US,LYFT INC-A,STK,Internet,Communications,E-Commerce/Services,COMMON,true,LYFT
359693017,TW,USD,NASDAQ,US,TRADEWEB MARKETS INC-CLASS A,STK,Diversified Finan Serv,Financial,Finance-Invest Bnkr/Brkr,COMMON,true,TW
360505969,UFO,USD,NASDAQ,US,PROCURE SPACE ETF,STK,,,,ETF,true,UFO
360975905,CLOU,USD,NASDAQ,US,GLOBAL X CLOUD COMPUTING ETF,STK,,,,ETF,true,CLOU
361098080,PLMR,USD,NASDAQ,US,PALOMAR HOLDINGS INC,STK,Insurance,Financial,Property/Casualty Ins,COMMON,true,PLMR
361102890,BWAY,USD,NASDAQ,US,BRAINSWAY LTD-ADR,STK,Healthcare-Products,"Consumer, Non-cyclical",Medical Products,ADR,true,BWAY
361181057,ZM,USD,NASDAQ,US,ZOOM COMMUNICATIONS INC,STK,Software,Technology,Communications Software,COMMON,true,ZM
362159430,MREO,USD,NASDAQ,US,MEREO BIOPHARMA GROUP PL-ADR,STK,Biotechnology,"Consumer, Non-cyclical",Medical-Biomedical/Gene,ADR,true,MREO
362283658,SY,USD,NASDAQ,US,SO-YOUNG INTERNATIONAL-ADR,STK,Internet,Communications,E-Commerce/Services,ADR,true,SY
362876451,PAYS,USD,NASDAQ,US,PAYSIGN INC,STK,Diversified Finan Serv,Financial,Finance-Consumer Loans,COMMON,true,PAYS
363426492,REKR,USD,NASDAQ,US,REKOR SYSTEMS INC,STK,Software,Technology,Enterprise Software/Serv,COMMON,true,REKR
363449958,WAFU,USD,NASDAQ,US,WAH FU EDUCATION GROUP LTD,STK,Internet,Communications,Internet Content-Info/Ne,COMMON,false,WAFU
363998835,BLIN,USD,NASDAQ,US,BRIDGELINE DIGITAL INC,STK,Internet,Communications,Internet Applic Sftwr,COMMON,false,BLIN
364036112,BYND,USD,NASDAQ,US,BEYOND MEAT INC,STK,Food,"Consumer, Non-cyclical",Food-Misc/Diversified,COMMON,true,BYND
364036140,TMDX,USD,NASDAQ,US,TRANSMEDICS GROUP INC,STK,Healthcare-Products,"Consumer, Non-cyclical",Medical Products,COMMON,true,TMDX
364036151,TRVI,USD,NASDAQ,US,TREVI THERAPEUTICS INC,STK,Pharmaceuticals,"Consumer, Non-cyclical",Therapeutics,COMMON,true,TRVI
364402913,ECOW,USD,NASDAQ,US,PACER EMERGING MARKETS CASH,STK,,,,ETF,true,ECOW
364402923,RRBI,USD,NASDAQ,US,RED RIVER BANCSHARES INC,STK,Banks,Financial,Commer Banks-Southern US,COMMON,false,RRBI
364719326,HERD,USD,NASDAQ,US,PACER CASH COWS FUND OF FUND,STK,,,,ETF,false,HERD
365037210,IHRT,USD,NASDAQ,US,IHEARTMEDIA INC - CLASS A,STK,Media,Communications,Radio,COMMON,true,IHRT
365328968,MIST,USD,NASDAQ,US,MILESTONE PHARMACEUTICALS IN,STK,Pharmaceuticals,"Consumer, Non-cyclical",Medical-Drugs,COMMON,true,MIST
365328979,SPFI,USD,NASDAQ,US,SOUTH PLAINS FINANCIAL INC,STK,Banks,Financial,Commer Banks-Western US,COMMON,true,SPFI
365328982,SUSL,USD,NASDAQ,US,ISHARES ESG MSCI USA LEADERS,STK,,,,ETF,true,SUSL
365588076,SMTI,USD,NASDAQ,US,SANARA MEDTECH INC,STK,Healthcare-Products,"Consumer, Non-cyclical",Disposable Medical Prod,COMMON,false,SMTI
365598061,NVAX,USD,NASDAQ,US,NOVAVAX INC,STK,Biotechnology,"Consumer, Non-cyclical",Medical-Biomedical/Gene,COMMON,true,NVAX
365606136,JFIN,USD,NASDAQ,US,JIAYIN GROUP INC-ADR,STK,Diversified Finan Serv,Financial,Finance-Consumer Loans,ADR,true,JFIN
365788675,FSV,USD,NASDAQ,US,FIRSTSERVICE CORP,STK,Real Estate,Financial,Real Estate Mgmnt/Servic,COMMON,true,FSV
366131373,FSLY,USD,NASDAQ,US,FASTLY INC - CLASS A,STK,Software,Technology,Computer Software,COMMON,true,FSLY
366266198,NBN,USD,NASDAQ,US,NORTHEAST BANK,STK,Banks,Financial,Commer Banks-Eastern US,COMMON,false,NBN
367728019,BCYC,USD,NASDAQ,US,BICYCLE THERAPEUTICS PLC-ADR,STK,Biotechnology,"Consumer, Non-cyclical",Medical-Biomedical/Gene,ADR,true,BCYC
367728022,IDYA,USD,NASDAQ,US,IDEAYA BIOSCIENCES INC,STK,Biotechnology,"Consumer, Non-cyclical",Medical-Biomedical/Gene,COMMON,true,IDYA
368642027,NXTG,USD,NASDAQ,US,FIRST TRUST INDXX NEXTG ETF,STK,,,,ETF,true,NXTG
369897882,CAPR,USD,NASDAQ,US,CAPRICOR THERAPEUTICS INC,STK,Biotechnology,"Consumer, Non-cyclical",Medical-Biomedical/Gene,COMMON,true,CAPR
370691445,STRR,USD,NASDAQ,US,STAR EQUITY HOLDINGS INC,STK,Commercial Services,"Consumer, Non-cyclical",Human Resources,COMMON,false,STRR
370757467,CRWD,USD,NASDAQ,US,CROWDSTRIKE HOLDINGS INC - A,STK,Computers,Technology,Computer Data Security,COMMON,true,CRWD
370883175,UEVM,USD,NASDAQ,US,VICTORYSHARES EMERGING MARKE,STK,,,,ETF,false,UEVM
370883176,ULVM,USD,NASDAQ,US,VICTORYSHARES US VALUE MOMEN,STK,,,,ETF,false,ULVM
370883181,USVM,USD,NASDAQ,US,VICTORYSHARES US SMALL MID C,STK,,,,ETF,false,USVM
370883187,UIVM,USD,NASDAQ,US,VICTORYSHARES INTERNATIONAL,STK,,,,ETF,false,UIVM
370883193,USTB,USD,NASDAQ,US,VICTORYSHARES SHORT-TERM BON,STK,,,,ETF,false,USTB
370883196,UITB,USD,NASDAQ,US,VICTORYSHARES CORE INTERMEDI,STK,,,,ETF,false,UITB
370889432,ARCT,USD,NASDAQ,US,ARCTURUS THERAPEUTICS HOLDIN,STK,Biotechnology,"Consumer, Non-cyclical",Medical-Biomedical/Gene,COMMON,true,ARCT
371277110,INBKZ,USD,NASDAQ,US,FIRST INTERNET BANCORP,STK,Banks,Financial,Commer Banks-Central US,PREFERRED,false,INBKZ
371470388,STOK,USD,NASDAQ,US,STOKE THERAPEUTICS INC,STK,Biotechnology,"Consumer, Non-cyclical",Medical-Biomedical/Gene,COMMON,true,STOK
371602099,GO,USD,NASDAQ,US,GROCERY OUTLET HOLDING CORP,STK,Food,"Consumer, Non-cyclical",Food-Retail,COMMON,true,GO
371604322,PSNL,USD,NASDAQ,US,PERSONALIS INC,STK,Healthcare-Services,"Consumer, Non-cyclical",Medical Labs&amp;Testing Srv,COMMON,true,PSNL
372849716,ADPT,USD,NASDAQ,US,ADAPTIVE BIOTECHNOLOGIES,STK,Healthcare-Products,"Consumer, Non-cyclical",Diagnostic Equipment,COMMON,true,ADPT
372849723,BBIO,USD,NASDAQ,US,BRIDGEBIO PHARMA INC,STK,Biotechnology,"Consumer, Non-cyclical",Medical-Biomedical/Gene,COMMON,true,BBIO
373210998,REAL,USD,NASDAQ,US,REALREAL INC/THE,STK,Internet,Communications,E-Commerce/Products,COMMON,true,REAL
373296363,ATYR,USD,NASDAQ,US,ATYR PHARMA INC,STK,Pharmaceuticals,"Consumer, Non-cyclical",Therapeutics,COMMON,true,ATYR
373296373,USIO,USD,NASDAQ,US,USIO INC,STK,Internet,Communications,Internet Financial Svcs,COMMON,true,USIO
373516508,RMBI,USD,NASDAQ,US,RICHMOND MUTUAL BANCORPORATI,STK,Banks,Financial,Commer Banks-Central US,COMMON,false,RMBI
373639037,PCB,USD,NASDAQ,US,PCB BANCORP,STK,Banks,Financial,Commer Banks-Western US,COMMON,true,PCB
374344574,NEPH,USD,NASDAQ,US,NEPHROS INC,STK,Healthcare-Products,"Consumer, Non-cyclical",Medical Instruments,COMMON,false,NEPH
374554989,RPAY,USD,NASDAQ,US,REPAY HOLDINGS CORP,STK,Commercial Services,"Consumer, Non-cyclical",Commercial Serv-Finance,COMMON,true,RPAY
374555074,FLUX,USD,NASDAQ,US,FLUX POWER HOLDINGS INC,STK,Energy-Alternate Sources,Energy,Energy-Alternate Sources,COMMON,true,FLUX
374687582,HLAL,USD,NASDAQ,US,WAHED FTSE USA SHARIAH ETF,STK,,,,ETF,false,HLAL
374964157,XPEL,USD,NASDAQ,US,XPEL INC,STK,Auto Parts&amp;Equipment,"Consumer, Cyclical",Auto/Trk Prts&amp;Equip-Repl,COMMON,true,XPEL
374786138,FULC,USD,NASDAQ,US,FULCRUM THERAPEUTICS INC,STK,Pharmaceuticals,"Consumer, Non-cyclical",Medical-Drugs,COMMON,true,FULC
374786143,MIRM,USD,NASDAQ,US,MIRUM PHARMACEUTICALS INC,STK,Pharmaceuticals,"Consumer, Non-cyclical",Medical-Drugs,COMMON,true,MIRM
374786147,PBFS,USD,NASDAQ,US,PIONEER BANCORP INC/NY,STK,Banks,Financial,Commer Banks Non-US,COMMON,false,PBFS
374970583,AFYA,USD,NASDAQ,US,AFYA LTD-CLASS A,STK,Commercial Services,"Consumer, Non-cyclical",Schools,COMMON,true,AFYA
375779192,NTRB,USD,NASDAQ,US,NUTRIBAND INC,STK,Pharmaceuticals,"Consumer, Non-cyclical",Medical-Drugs,COMMON,false,NTRB
375789572,CSTL,USD,NASDAQ,US,CASTLE BIOSCIENCES INC,STK,Healthcare-Products,"Consumer, Non-cyclical",Diagnostic Kits,COMMON,true,CSTL
375789579,HCAT,USD,NASDAQ,US,HEALTH CATALYST INC,STK,Software,Technology,Medical Information Sys,COMMON,true,HCAT
375796353,XRX,USD,NASDAQ,US,XEROX HOLDINGS CORP,STK,Office/Business Equip,Technology,Office Automation&amp;Equip,COMMON,true,XRX
376225768,SLNG,USD,NASDAQ,US,STABILIS SOLUTIONS INC,STK,Pipelines,Energy,Pipelines,COMMON,false,SLNG
376496231,RCAT,USD,NASDAQ,US,RED CAT HOLDINGS INC,STK,Aerospace/Defense,Industrial,Aerospace/Defense-Equip,COMMON,true,RCAT
376499910,KRUS,USD,NASDAQ,US,KURA SUSHI USA INC-CLASS A,STK,Retail,"Consumer, Cyclical",Retail-Restaurants,COMMON,false,KRUS
377057504,ATEX,USD,NASDAQ,US,ANTERIX INC,STK,Telecommunications,Communications,Wireless Equipment,COMMON,true,ATEX
378066054,INMD,USD,NASDAQ,US,INMODE LTD,STK,Healthcare-Products,"Consumer, Non-cyclical",Medical Products,COMMON,true,INMD
378605914,AGAE,USD,NASDAQ,US,ALLIED GAMING & ENTERTAINMEN,STK,Entertainment,"Consumer, Cyclical",Resorts/Theme Parks,COMMON,false,AGAE
379205631,BPYPO,USD,NASDAQ,US,BROOKFIELD PROPERTY PART,STK,Real Estate,Financial,Real Estate Oper/Develop,PREFERRED,false,BPYPO
380121499,IPWR,USD,NASDAQ,US,IDEAL POWER INC,STK,Electronics,Industrial,Electronic Compo-Misc,COMMON,false,IPWR
381157134,FITBP,USD,NASDAQ,US,FIFTH THIRD BANK 6 PERP PFD,STK,Banks,Financial,Super-Regional Banks-US,PREFERRED,false,FITBP
381624576,ICMB,USD,NASDAQ,US,INVESTCORP CREDIT MANAGEMENT,STK,Investment Companies,Financial,Investment Companies,COMMON,true,ICMB
382189619,WCLD,USD,NASDAQ,US,WISDOMTREE CLOUD COMPUTING,STK,,,,ETF,true,WCLD
382532121,CAPS,USD,NASDAQ,US,CAPSTONE HOLDING CORP,STK,Retail,"Consumer, Cyclical",Retail-Building Products,COMMON,false,CAPS
382626850,AIFC,USD,NASDAQ,US,AI FINANCIAL CORP,STK,Commercial Services,"Consumer, Non-cyclical",Commercial Serv-Finance,COMMON,true,AIFC
382633636,HQI,USD,NASDAQ,US,HIREQUEST INC,STK,Commercial Services,"Consumer, Non-cyclical",Consulting Services,COMMON,false,HQI
382846986,BSJR,USD,NASDAQ,US,INVESCO BULLETSHARES 2027 HY,STK,,,,ETF,false,BSJR
382846991,BSCT,USD,NASDAQ,US,INVESCO BULLETSHARES 2029 CB,STK,,,,ETF,false,BSCT
382846993,TXG,USD,NASDAQ,US,10X GENOMICS INC-CLASS A,STK,Healthcare-Products,"Consumer, Non-cyclical",Diagnostic Equipment,COMMON,true,TXG
383302044,CRNC,USD,NASDAQ,US,CERENCE INC,STK,Software,Technology,Applications Software,COMMON,true,CRNC
383858515,DDOG,USD,NASDAQ,US,DATADOG INC - CLASS A,STK,Software,Technology,Computer Software,COMMON,true,DDOG
383858521,XGN,USD,NASDAQ,US,EXAGEN INC,STK,Biotechnology,"Consumer, Non-cyclical",Medical-Biomedical/Gene,COMMON,true,XGN
383858528,PNTG,USD,NASDAQ,US,PENNANT GROUP INC/THE,STK,Healthcare-Services,"Consumer, Non-cyclical",Medical-Nursing Homes,COMMON,true,PNTG
383974280,RILYN,USD,NASDAQ,US,B RILEY FINANCIAL INC,STK,Diversified Finan Serv,Financial,Finance-Invest Bnkr/Brkr,PREFERRED,false,RILYN
384931859,SVC,USD,NASDAQ,US,SERVICE PROPERTIES TRUST,STK,REITS,Financial,REITS-Hotels,REIT,true,SVC
384944190,BSMQ,USD,NASDAQ,US,INVESCO BULLETSHARES 2026 MB,STK,,,,ETF,false,BSMQ
384944195,BSMR,USD,NASDAQ,US,INVESCO BULLETSHARES 2027 MB,STK,,,,ETF,false,BSMR
384944198,BSMS,USD,NASDAQ,US,INVESCO BULLETSHARES 2028 MB,STK,,,,ETF,false,BSMS
384944201,BSMT,USD,NASDAQ,US,INVESCO BULLETSHARES 2029 MB,STK,,,,ETF,false,BSMT
384944204,OPRT,USD,NASDAQ,US,OPORTUN FINANCIAL CORP,STK,Diversified Finan Serv,Financial,Finance-Consumer Loans,COMMON,true,OPRT
385087203,PTON,USD,NASDAQ,US,PELOTON INTERACTIVE INC-A,STK,Leisure Time,"Consumer, Cyclical",Athletic Equipment,COMMON,true,PTON
385426799,GOODN,USD,NASDAQ,US,GLADSTONE COMMERCIAL CORP PFD,STK,REITS,Financial,REITS-Diversified,PREFERRED,false,GOODN
385549233,RLMD,USD,NASDAQ,US,RELMADA THERAPEUTICS INC,STK,Pharmaceuticals,"Consumer, Non-cyclical",Medical-Drugs,COMMON,true,RLMD
385552436,OCGN,USD,NASDAQ,US,OCUGEN INC,STK,Pharmaceuticals,"Consumer, Non-cyclical",Therapeutics,COMMON,true,OCGN
385817777,AGNCO,USD,NASDAQ,US,AGNC INVESTMENT CORP,STK,REITS,Financial,REITS-Mortgage,PREFERRED,false,AGNCO
385818294,AIOT,USD,NASDAQ,US,POWERFLEET INC,STK,Telecommunications,Communications,Wireless Equipment,COMMON,true,AIOT
385829554,FITBO,USD,NASDAQ,US,FIFTH THIRD BANCORP,STK,Banks,Financial,Super-Regional Banks-US,PREFERRED,false,FITBO
458549817,DCBO,USD,NASDAQ,US,DOCEBO INC,STK,Computers,Technology,Computer Services,COMMON,true,DCBO
386552959,RILYP,USD,NASDAQ,US,B RILEY FINANCIAL INC,STK,Diversified Finan Serv,Financial,Finance-Invest Bnkr/Brkr,PREFERRED,false,RILYP
386752917,BNTX,USD,NASDAQ,US,BIONTECH SE-ADR,STK,Biotechnology,"Consumer, Non-cyclical",Medical-Biomedical/Gene,ADR,true,BNTX
387014894,HBT,USD,NASDAQ,US,HBT FINANCIAL INC/DE,STK,Banks,Financial,Commer Banks-Central US,COMMON,true,HBT
387014896,VIR,USD,NASDAQ,US,VIR BIOTECHNOLOGY INC,STK,Biotechnology,"Consumer, Non-cyclical",Medical-Biomedical/Gene,COMMON,true,VIR
387124699,ADAMM,USD,NASDAQ,US,ADAMAS TRUST INC,STK,REITS,Financial,REITS-Mortgage,PREFERRED,false,ADAMM
387131317,PROF,USD,NASDAQ,US,PROFOUND MEDICAL CORP,STK,Healthcare-Products,"Consumer, Non-cyclical",Medical Products,COMMON,true,PROF
387860655,IPHA,USD,NASDAQ,US,INNATE PHARMA SA-SPONS ADR,STK,Biotechnology,"Consumer, Non-cyclical",Medical-Biomedical/Gene,ADR,false,IPHA
387870428,LTBR,USD,NASDAQ,US,LIGHTBRIDGE CORP,STK,Machinery-Constr&amp;Mining,Industrial,Machinery-Electric Util,COMMON,true,LTBR
388549086,DCTH,USD,NASDAQ,US,DELCATH SYSTEMS INC,STK,Healthcare-Products,"Consumer, Non-cyclical",Disposable Medical Prod,COMMON,true,DCTH
388550694,NNDM,USD,NASDAQ,US,NANO DIMENSION LTD - ADR,STK,Computers,Technology,Computers-Other,ADR,true,NNDM
388820727,BWIN,USD,NASDAQ,US,BALDWIN INSURANCE GROUP INC/,STK,Insurance,Financial,Insurance Brokers,COMMON,true,BWIN
389073030,CABA,USD,NASDAQ,US,CABALETTA BIO INC,STK,Biotechnology,"Consumer, Non-cyclical",Medical-Biomedical/Gene,COMMON,true,CABA
389073036,PHAT,USD,NASDAQ,US,PHATHOM PHARMACEUTICALS INC,STK,Biotechnology,"Consumer, Non-cyclical",Medical-Biomedical/Gene,COMMON,true,PHAT
389073042,PGNY,USD,NASDAQ,US,PROGYNY INC,STK,Commercial Services,"Consumer, Non-cyclical",Commercial Services,COMMON,true,PGNY
389399404,GTEC,USD,NASDAQ,US,GREENLAND TECHNOLOGIES-A,STK,Machinery-Diversified,Industrial,Machinery-Material Handl,COMMON,false,GTEC
389399745,BUG,USD,NASDAQ,US,GLOBAL X CYBERSECURITY ETF,STK,,,,ETF,true,BUG
389399748,GXDW,USD,NASDAQ,US,GLOBAL X DORSEY WRIGHT THEMA,STK,,,,ETF,true,GXDW
389399755,HERO,USD,NASDAQ,US,GLOBAL X VIDEO GAMES& ESPORT,STK,,,,ETF,true,HERO
390332321,TCOM,USD,NASDAQ,US,TRIP.COM GROUP LTD-ADR,STK,Internet,Communications,E-Commerce/Services,ADR,true,TCOM
390036931,NTRSO,USD,NASDAQ,US,NORTHERN TRUST CORP,STK,Banks,Financial,Fiduciary Banks,PREFERRED,false,NTRSO
390332324,GEN,USD,NASDAQ,US,GEN DIGITAL INC,STK,Internet,Communications,Internet Security,COMMON,true,GEN
390872440,SLS,USD,NASDAQ,US,SELLAS LIFE SCIENCES GROUP I,STK,Pharmaceuticals,"Consumer, Non-cyclical",Medical-Drugs,COMMON,true,SLS
390910785,TELA,USD,NASDAQ,US,TELA BIO INC,STK,Biotechnology,"Consumer, Non-cyclical",Medical-Biomedical/Gene,COMMON,true,TELA
391048323,AHCO,USD,NASDAQ,US,ADAPTHEALTH CORP,STK,Pharmaceuticals,"Consumer, Non-cyclical",Medical-Whsle Drug Dist,COMMON,true,AHCO
391525016,CAN,USD,NASDAQ,US,CANAAN INC.,STK,Semiconductors,Technology,Electronic Compo-Semicon,ADR,true,CAN
392585451,SITM,USD,NASDAQ,US,SITIME CORP,STK,Semiconductors,Technology,Electronic Compo-Semicon,COMMON,true,SITM
393116125,CPZ,USD,NASDAQ,US,CALAMOS LNG/SHRT EQTY & DYN,STK,,,,CLOSED-END FUND,false,CPZ
393993727,CMPR,USD,NASDAQ,US,CIMPRESS PLC,STK,Commercial Services,"Consumer, Non-cyclical",Printing-Commercial,COMMON,true,CMPR
394961312,EH,USD,NASDAQ,US,EHANG HOLDINGS LTD-SPS ADR,STK,Engineering&amp;Construction,Industrial,Airport Develop/Maint,ADR,true,EH
398917965,UROY,USD,NASDAQ,US,URANIUM ROYALTY CORP,STK,Mining,Basic Materials,Non-Ferrous Metals,COMMON,true,UROY
395179962,CLSK,USD,NASDAQ,US,CLEANSPARK INC,STK,Investment Companies,Financial,Investment Companies,COMMON,true,CLSK
395194484,XP,USD,NASDAQ,US,XP INC - CLASS A,STK,Diversified Finan Serv,Financial,Finance-Invest Bnkr/Brkr,COMMON,true,XP
395194491,NHPAP,USD,NASDAQ,US,HEALTHCARE TRUST,STK,REITS,Financial,REITS-Health Care,PREFERRED,false,NHPAP
395576614,SPT,USD,NASDAQ,US,SPROUT SOCIAL INC - CLASS A,STK,Software,Technology,Applications Software,COMMON,true,SPT
395881767,WFRD,USD,NASDAQ,US,WEATHERFORD INTERNATIONAL PL,STK,Oil&amp;Gas,Energy,Oil&amp;Gas Drilling,COMMON,true,WFRD
396161597,ESEA,USD,NASDAQ,US,EUROSEAS LTD,STK,Transportation,Industrial,Transport-Marine,COMMON,false,ESEA
396161615,IMVT,USD,NASDAQ,US,IMMUNOVANT INC,STK,Biotechnology,"Consumer, Non-cyclical",Medical-Biomedical/Gene,COMMON,true,IMVT
397187853,QUIK,USD,NASDAQ,US,QUICKLOGIC CORP,STK,Semiconductors,Technology,Electronic Compo-Semicon,COMMON,true,QUIK
397281388,JOYY,USD,NASDAQ,US,JOYY INC-ADR,STK,Internet,Communications,Internet Content-Entmnt,ADR,true,JOYY
397514103,DWUS,USD,NASDAQ,US,ADVISORSHARES D/W FSM CORE,STK,,,,ETF,false,DWUS
397514109,DWAW,USD,NASDAQ,US,ADVISORSHARES D/W FSM CAP,STK,,,,ETF,false,DWAW
397803941,DHC,USD,NASDAQ,US,DIVERSIFIED HEALTHCARE TRUST,STK,REITS,Financial,REITS-Health Care,REIT,true,DHC
397813613,PRDO,USD,NASDAQ,US,PERDOCEO EDUCATION CORP,STK,Commercial Services,"Consumer, Non-cyclical",Schools,COMMON,true,PRDO
397813698,MDIA,USD,NASDAQ,US,MEDIACO HOLDING INC-CL A,STK,Media,Communications,Radio,COMMON,false,MDIA
397999651,CG,USD,NASDAQ,US,CARLYLE GROUP INC/THE,STK,Private Equity,Financial,Private Equity,COMMON,true,CG
398009023,DHCNL,USD,NASDAQ,US,DIVERSIFIED HEALTHCARE TRUST,STK,REITS,Financial,REITS-Health Care,PREFERRED,false,DHCNL
398009046,DHCNI,USD,NASDAQ,US,DIVERSIFIED HEALTHCARE TRUST,STK,REITS,Financial,REITS-Health Care,PREFERRED,false,DHCNI
398136378,USEG,USD,NASDAQ,US,U S ENERGY CORP - DELAWARE,STK,Oil&amp;Gas,Energy,Oil Comp-Explor&amp;Prodtn,COMMON,false,USEG
398851030,NBP,USD,NASDAQ,US,NOVABRIDGE BIOSCIENCES,STK,Biotechnology,"Consumer, Non-cyclical",Medical-Biomedical/Gene,ADR,true,NBP
399459628,AIRTP,USD,NASDAQ,US,AIR T FUNDING,STK,Transportation,Industrial,Transport-Services,PREFERRED,false,AIRTP
399652856,BSBK,USD,NASDAQ,US,BOGOTA FINANCIAL CORP,STK,Banks,Financial,Commer Banks Non-US,COMMON,false,BSBK
399765349,DUOT,USD,NASDAQ,US,DUOS TECHNOLOGIES GROUP INC,STK,Software,Technology,Enterprise Software/Serv,COMMON,true,DUOT
399913084,GNSS,USD,NASDAQ,US,GENASYS INC,STK,Software,Technology,Communications Software,COMMON,true,GNSS
401796959,BDTX,USD,NASDAQ,US,BLACK DIAMOND THERAPEUTICS I,STK,Biotechnology,"Consumer, Non-cyclical",Medical-Biomedical/Gene,COMMON,true,BDTX
402077924,ARQT,USD,NASDAQ,US,ARCUTIS BIOTHERAPEUTICS INC,STK,Biotechnology,"Consumer, Non-cyclical",Medical-Biomedical/Gene,COMMON,true,ARQT
402183626,REYN,USD,NASDAQ,US,REYNOLDS CONSUMER PRODUCTS I,STK,Household Products/Wares,"Consumer, Non-cyclical",Consumer Products-Misc,COMMON,true,REYN
402333216,OPCH,USD,NASDAQ,US,OPTION CARE HEALTH INC,STK,Healthcare-Services,"Consumer, Non-cyclical",Medical-Outptnt/Home Med,COMMON,true,OPCH
402333233,PGEN,USD,NASDAQ,US,PRECIGEN INC,STK,Biotechnology,"Consumer, Non-cyclical",Medical-Biomedical/Gene,COMMON,true,PGEN
402361687,CCAP,USD,NASDAQ,US,CRESCENT CAPITAL BDC INC,STK,Investment Companies,Financial,Investment Companies,COMMON,true,CCAP
402511860,FLRZ,USD,NASDAQ,US,F5 FINISHES INC,STK,Engineering&amp;Construction,Industrial,Building&amp;Construct-Misc,COMMON,false,FLRZ
402800754,BEAM,USD,NASDAQ,US,BEAM THERAPEUTICS INC,STK,Biotechnology,"Consumer, Non-cyclical",Medical-Biomedical/Gene,COMMON,true,BEAM
402800760,SDGR,USD,NASDAQ,US,SCHRODINGER INC,STK,Software,Technology,Medical Information Sys,COMMON,true,SDGR
403081760,AGNCP,USD,NASDAQ,US,AGNC INVESTMENT CORP,STK,REITS,Financial,REITS-Mortgage,PREFERRED,false,AGNCP
403103961,ONEW,USD,NASDAQ,US,ONEWATER MARINE INC-CL A,STK,Retail,"Consumer, Cyclical",Retail-Misc/Diversified,COMMON,true,ONEW
403103964,LDEM,USD,NASDAQ,US,ISHARES ESG MSCI EM LEADERS,STK,,,,ETF,true,LDEM
403248168,OXLCP,USD,NASDAQ,US,OXFORD LANE CAPITAL CORP,STK,Closed-end Funds,Financial,Closed-end Funds,PREFERRED,false,OXLCP
403519527,CLPT,USD,NASDAQ,US,CLEARPOINT NEURO INC,STK,Healthcare-Products,"Consumer, Non-cyclical",Medical Products,COMMON,true,CLPT
403645590,BPYPN,USD,NASDAQ,US,BROOKFIELD PROPERTY PART,STK,Real Estate,Financial,Real Estate Oper/Develop,PREFERRED,false,BPYPN
403666731,RVMD,USD,NASDAQ,US,REVOLUTION MEDICINES INC,STK,Biotechnology,"Consumer, Non-cyclical",Medical-Biomedical/Gene,COMMON,true,RVMD
406006516,IBTJ,USD,NASDAQ,US,ISHARES IBONDS DEC 2029 TERM,STK,,,,ETF,false,IBTJ
406006833,IBTI,USD,NASDAQ,US,ISHARES IBONDS DEC 2028 TERM,STK,,,,ETF,false,IBTI
406007063,IBTH,USD,NASDAQ,US,ISHARES IBONDS DEC 2027 TERM,STK,,,,ETF,false,IBTH
406008783,IBTG,USD,NASDAQ,US,ISHARES IBONDS DEC 2026 TERM,STK,,,,ETF,false,IBTG
407620533,GDYN,USD,NASDAQ,US,GRID DYNAMICS HOLDINGS INC,STK,Computers,Technology,Computer Services,COMMON,true,GDYN
450862191,LANDO,USD,NASDAQ,US,GLADSTONE LAND CORP,STK,REITS,Financial,REITS-Diversified,PREFERRED,false,LANDO
408542617,FCNCP,USD,NASDAQ,US,FIRST CITIZENS BANCSHARE,STK,Banks,Financial,Commer Banks-Southern US,PREFERRED,false,FCNCP
411917900,IGIC,USD,NASDAQ,US,INTERNATIONAL GENERAL INSURA,STK,Insurance,Financial,Reinsurance,COMMON,true,IGIC
412791848,USAU,USD,NASDAQ,US,US GOLD CORP,STK,Mining,Basic Materials,Gold Mining,COMMON,true,USAU
415881332,ZNTL,USD,NASDAQ,US,ZENTALIS PHARMACEUTICALS INC,STK,Biotechnology,"Consumer, Non-cyclical",Medical-Biomedical/Gene,COMMON,true,ZNTL
416323113,KROS,USD,NASDAQ,US,KEROS THERAPEUTICS INC,STK,Biotechnology,"Consumer, Non-cyclical",Medical-Biomedical/Gene,COMMON,true,KROS
419239304,ORIC,USD,NASDAQ,US,ORIC PHARMACEUTICALS INC,STK,Pharmaceuticals,"Consumer, Non-cyclical",Medical-Drugs,COMMON,true,ORIC
420845068,UFPI,USD,NASDAQ,US,UFP INDUSTRIES INC,STK,Building Materials,Industrial,Bldg Prod-Wood,COMMON,true,UFPI
421139451,KC,USD,NASDAQ,US,KINGSOFT CLOUD HOLDINGS-ADR,STK,Software,Technology,Computer Software,ADR,true,KC
421142478,CRDF,USD,NASDAQ,US,CARDIFF ONCOLOGY INC,STK,Biotechnology,"Consumer, Non-cyclical",Medical-Biomedical/Gene,COMMON,true,CRDF
421359914,TARA,USD,NASDAQ,US,PROTARA THERAPEUTIC INC,STK,Biotechnology,"Consumer, Non-cyclical",Medical-Biomedical/Gene,COMMON,true,TARA
421359919,SJ,USD,NASDAQ,US,SCIENJOY HOLDING CORP-A,STK,Software,Technology,Applications Software,COMMON,false,SJ
422308268,BCAL,USD,NASDAQ,US,CALIFORNIA BANCORP,STK,Banks,Financial,Commer Banks-Western US,COMMON,false,BCAL
422308274,IPM,USD,NASDAQ,US,INTELLIGENT PROTECTION MANAG,STK,Internet,Communications,Internet Content-Entmnt,COMMON,false,IPM
423045183,RDNW,USD,NASDAQ,US,RIDENOW GROUP INC,STK,Retail,"Consumer, Cyclical",Retail-Automobile,COMMON,true,RDNW
423228384,NEOV,USD,NASDAQ,US,NEOVOLTA INC,STK,Energy-Alternate Sources,Energy,Energy-Alternate Sources,COMMON,true,NEOV
423505812,RAND,USD,NASDAQ,US,RAND CAPITAL CORP,STK,Investment Companies,Financial,Investment Companies,COMMON,false,RAND
423521960,BHFAO,USD,NASDAQ,US,BRIGHTHOUSE FINANCIAL IN,STK,Insurance,Financial,Life/Health Insurance,PREFERRED,false,BHFAO
424537791,LRMR,USD,NASDAQ,US,LARIMAR THERAPEUTICS INC,STK,Biotechnology,"Consumer, Non-cyclical",Medical-Biomedical/Gene,COMMON,true,LRMR
424737148,SWBI,USD,NASDAQ,US,SMITH & WESSON BRANDS INC,STK,Miscellaneous Manufactur,Industrial,Firearms&amp;Ammunition,COMMON,true,SWBI
424890313,WMG,USD,NASDAQ,US,WARNER MUSIC GROUP CORP-CL A,STK,Entertainment,"Consumer, Cyclical",Music,COMMON,true,WMG
424996630,PLRX,USD,NASDAQ,US,PLIANT THERAPEUTICS INC,STK,Biotechnology,"Consumer, Non-cyclical",Medical-Biomedical/Gene,COMMON,true,PLRX
425203222,GTM,USD,NASDAQ,US,ZOOMINFO TECHNOLOGIES INC,STK,Software,Technology,Computer Software,COMMON,true,GTM
425569443,LEGN,USD,NASDAQ,US,LEGEND BIOTECH CORP-ADR,STK,Biotechnology,"Consumer, Non-cyclical",Medical-Biomedical/Gene,ADR,true,LEGN
426129872,UCL,USD,NASDAQ,US,UCLOUDLINK GROUP INC,STK,Telecommunications,Communications,Cellular Telecom,ADR,false,UCL
426480582,GRPN,USD,NASDAQ,US,GROUPON INC,STK,Internet,Communications,E-Commerce/Services,COMMON,true,GRPN
426537589,LTRN,USD,NASDAQ,US,LANTERN PHARMA INC,STK,Biotechnology,"Consumer, Non-cyclical",Medical-Biomedical/Gene,COMMON,true,LTRN
426545710,LPRO,USD,NASDAQ,US,OPEN LENDING CORP,STK,Internet,Communications,Internet Financial Svcs,COMMON,true,LPRO
426832794,PCVX,USD,NASDAQ,US,VAXCYTE INC,STK,Pharmaceuticals,"Consumer, Non-cyclical",Medical-Drugs,COMMON,true,PCVX
427387265,RPRX,USD,NASDAQ,US,ROYALTY PHARMA PLC- CL A,STK,Biotechnology,"Consumer, Non-cyclical",Medical-Biomedical/Gene,COMMON,true,RPRX
427745233,HWCPZ,USD,NASDAQ,US,HANCOCK WHITNEY CORP,STK,Banks,Financial,Commer Banks-Southern US,PREFERRED,false,HWCPZ
427788900,DMXF,USD,NASDAQ,US,ISHARES ESG ADVANC MSCI EAFE,STK,,,,ETF,false,DMXF
427788907,USXF,USD,NASDAQ,US,ISHARES ESG ADVANCE MSCI USA,STK,,,,ETF,true,USXF
427795577,VRME,USD,NASDAQ,US,VERIFYME INC,STK,Software,Technology,Applications Software,COMMON,false,VRME
429339834,SSSS,USD,NASDAQ,US,SURO CAPITAL CORP,STK,Private Equity,Financial,Venture Capital,COMMON,true,SSSS
429435231,CEFA,USD,NASDAQ,US,GLOBAL X S&P CATH VAL DEVEL,STK,,,,ETF,false,CEFA
429563695,API,USD,NASDAQ,US,AGORA INC-ADR,STK,Software,Technology,Communications Software,ADR,true,API
430252818,MTCH,USD,NASDAQ,US,MATCH GROUP INC,STK,Internet,Communications,E-Commerce/Services,COMMON,true,MTCH
430625907,RCEL,USD,NASDAQ,US,AVITA MEDICAL INC,STK,Healthcare-Products,"Consumer, Non-cyclical",Medical Products,COMMON,true,RCEL
430755197,MGNI,USD,NASDAQ,US,MAGNITE INC,STK,Internet,Communications,E-Marketing/Info,COMMON,true,MGNI
430797705,DDI,USD,NASDAQ,US,DOUBLEDOWN INTERACTIVE -ADR,STK,Software,Technology,Entertainment Software,ADR,false,DDI
430976304,WSC,USD,NASDAQ,US,WILLSCOT HOLDINGS CORP,STK,Commercial Services,"Consumer, Non-cyclical",Rental Auto/Equipment,COMMON,true,WSC
431111549,IMTX,USD,NASDAQ,US,IMMATICS NV,STK,Biotechnology,"Consumer, Non-cyclical",Medical-Biomedical/Gene,COMMON,true,IMTX
431495220,SNEX,USD,NASDAQ,US,STONEX GROUP INC,STK,Diversified Finan Serv,Financial,Finance-Invest Bnkr/Brkr,COMMON,true,SNEX
433117881,JAKK,USD,NASDAQ,US,JAKKS PACIFIC INC,STK,Toys/Games/Hobbies,"Consumer, Cyclical",Toys,COMMON,true,JAKK
433163489,IVA,USD,NASDAQ,US,INVENTIVA SA - ADR,STK,Biotechnology,"Consumer, Non-cyclical",Medical-Biomedical/Gene,ADR,true,IVA
433163492,NKTX,USD,NASDAQ,US,NKARTA INC,STK,Biotechnology,"Consumer, Non-cyclical",Medical-Biomedical/Gene,COMMON,true,NKTX
434693577,RLAY,USD,NASDAQ,US,RELAY THERAPEUTICS INC,STK,Biotechnology,"Consumer, Non-cyclical",Medical-Biomedical/Gene,COMMON,true,RLAY
434693586,IBTK,USD,NASDAQ,US,ISHARES IBONDS DEC 2030 TREA,STK,,,,ETF,false,IBTK
435216185,SCYX,USD,NASDAQ,US,SCYNEXIS INC,STK,Pharmaceuticals,"Consumer, Non-cyclical",Medical-Drugs,COMMON,true,SCYX
435240552,ALXO,USD,NASDAQ,US,ALX ONCOLOGY HOLDINGS INC,STK,Biotechnology,"Consumer, Non-cyclical",Medical-Biomedical/Gene,COMMON,true,ALXO
435774408,CZR,USD,NASDAQ,US,CAESARS ENTERTAINMENT INC,STK,Entertainment,"Consumer, Cyclical",Casino Services,COMMON,true,CZR
436070370,EDTK,USD,NASDAQ,US,SKILLFUL CRAFTSMAN EDUCATION,STK,Commercial Services,"Consumer, Non-cyclical",Schools,COMMON,false,EDTK
436368245,ANNX,USD,NASDAQ,US,ANNEXON INC,STK,Biotechnology,"Consumer, Non-cyclical",Medical-Biomedical/Gene,COMMON,true,ANNX
436537017,NRIX,USD,NASDAQ,US,NURIX THERAPEUTICS INC,STK,Biotechnology,"Consumer, Non-cyclical",Medical-Biomedical/Gene,COMMON,true,NRIX
436736647,CFBK,USD,NASDAQ,US,CF BANKSHARES INC,STK,Savings&amp;Loans,Financial,S&amp;L/Thrifts-Central US,COMMON,false,CFBK
436736648,KLXE,USD,NASDAQ,US,KLX ENERGY SERVICES HOLDING,STK,Oil&amp;Gas Services,Energy,Oil-Field Services,COMMON,true,KLXE
436736653,PRTS,USD,NASDAQ,US,CARPARTS.COM INC,STK,Internet,Communications,E-Commerce/Products,COMMON,true,PRTS
436823014,VERX,USD,NASDAQ,US,VERTEX INC - CLASS A,STK,Software,Technology,Enterprise Software/Serv,COMMON,true,VERX
436980133,LI,USD,NASDAQ,US,LI AUTO INC - ADR,STK,Auto Manufacturers,"Consumer, Cyclical",Auto-Cars/Light Trucks,ADR,true,LI
471225379,AYA,USD,NASDAQ,US,AYA GOLD & SILVER INC,STK,Mining,Basic Materials,Silver Mining,COMMON,false,AYA
437395849,ACHV,USD,NASDAQ,US,ACHIEVE LIFE SCIENCES INC,STK,Biotechnology,"Consumer, Non-cyclical",Medical-Biomedical/Gene,COMMON,true,ACHV
437449291,FTHM,USD,NASDAQ,US,FATHOM HOLDINGS INC,STK,Real Estate,Financial,Real Estate Mgmnt/Servic,COMMON,true,FTHM
437449296,VITL,USD,NASDAQ,US,VITAL FARMS INC,STK,Agriculture,"Consumer, Non-cyclical",Agricultural Operations,COMMON,true,VITL
438186706,CMRC,USD,NASDAQ,US,COMMERCE.COM INC,STK,Software,Technology,Applications Software,COMMON,true,CMRC
438220546,RXT,USD,NASDAQ,US,RACKSPACE TECHNOLOGY INC,STK,Software,Technology,Computer Software,COMMON,true,RXT
438873315,IBEX,USD,NASDAQ,US,IBEX LTD,STK,Software,Technology,Applications Software,COMMON,true,IBEX
438896979,AOUT,USD,NASDAQ,US,AMERICAN OUTDOOR BRANDS INC,STK,Leisure Time,"Consumer, Cyclical",Athletic Equipment,COMMON,true,AOUT
56538397,CBC,USD,NASDAQ,US,CENTRAL BANCOMPANY,STK,Banks,Financial,Commer Banks-Central US,COMMON,true,CBC
440504396,BIS,USD,NASDAQ,US,PROSHARES ULTRASHORT NAS BIO,STK,,,,ETF,true,BIS
440610039,HRMY,USD,NASDAQ,US,HARMONY BIOSCIENCES HOLDINGS,STK,Pharmaceuticals,"Consumer, Non-cyclical",Medical-Drugs,COMMON,true,HRMY
441337440,KYMR,USD,NASDAQ,US,KYMERA THERAPEUTICS INC,STK,Biotechnology,"Consumer, Non-cyclical",Medical-Biomedical/Gene,COMMON,true,KYMR
441466857,NNOX,USD,NASDAQ,US,NANO-X IMAGING LTD,STK,Healthcare-Services,"Consumer, Non-cyclical",MRI/Medical Diag Imaging,COMMON,true,NNOX
441488596,HPK,USD,NASDAQ,US,HIGHPEAK ENERGY INC,STK,Oil&amp;Gas,Energy,Oil Comp-Explor&amp;Prodtn,COMMON,true,HPK
442464642,GBLI,USD,NASDAQ,US,GLOBAL INDEMNITY GROUP LLC-A,STK,Insurance,Financial,Property/Casualty Ins,COMMON,false,GBLI
443222312,CCNEP,USD,NASDAQ,US,CNB FINANCIAL CORP/PA,STK,Banks,Financial,Commer Banks-Eastern US,PREFERRED,false,CCNEP
443955612,SLN,USD,NASDAQ,US,SILENCE THERAPEUTICS PLC-ADR,STK,Biotechnology,"Consumer, Non-cyclical",Medical-Biomedical/Gene,ADR,true,SLN
443955633,RILYL,USD,NASDAQ,US,B RILEY FINANCIAL INC,STK,Diversified Finan Serv,Financial,Finance-Invest Bnkr/Brkr,PREFERRED,false,RILYL
444857009,PLTR,USD,NASDAQ,US,PALANTIR TECHNOLOGIES INC-A,STK,Software,Technology,Enterprise Software/Serv,COMMON,true,PLTR
445212073,TOMZ,USD,NASDAQ,US,TOMI ENVIRONMENTAL SOLUTIONS,STK,Chemicals,Basic Materials,Chemicals-Specialty,COMMON,false,TOMZ
445235342,BEEM,USD,NASDAQ,US,BEAM GLOBAL,STK,Energy-Alternate Sources,Energy,Energy-Alternate Sources,COMMON,true,BEEM
445419984,BSJS,USD,NASDAQ,US,INVESCO BULLETSHARES 2028 HY,STK,,,,ETF,false,BSJS
445419989,BSCU,USD,NASDAQ,US,INVESCO BULLETSHARES 2030 CB,STK,,,,ETF,false,BSCU
445419994,BSMU,USD,NASDAQ,US,INVESCO BULLETSHARES 2030 MB,STK,,,,ETF,false,BSMU
445419999,FROG,USD,NASDAQ,US,JFROG LTD,STK,Software,Technology,Applications Software,COMMON,true,FROG
445420003,STEP,USD,NASDAQ,US,STEPSTONE GROUP INC-CLASS A,STK,Diversified Finan Serv,Financial,Invest Mgmnt/Advis Serv,COMMON,true,STEP
445423552,MNSBP,USD,NASDAQ,US,MAINSTREET BANCSHARES INC,STK,Banks,Financial,Commer Banks-Southern US,PREFERRED,false,MNSBP
445554112,TDSC,USD,NASDAQ,US,EXCHANGE LISTED FUNDS TRUST,STK,,,,ETF,true,TDSC
445554129,TDSB,USD,NASDAQ,US,ETC CABANA TARGET BETA ETF,STK,,,,ETF,false,TDSB
445554142,DYN,USD,NASDAQ,US,DYNE THERAPEUTICS INC,STK,Biotechnology,"Consumer, Non-cyclical",Medical-Biomedical/Gene,COMMON,true,DYN
446091350,CMPS,USD,NASDAQ,US,COMPASS PATHWAYS PLC,STK,Pharmaceuticals,"Consumer, Non-cyclical",Medical-Drugs,ADR,true,CMPS
500265667,NYXH,USD,NASDAQ,US,NYXOAH SA,STK,Healthcare-Products,"Consumer, Non-cyclical",Medical Instruments,COMMON,false,NYXH
446220126,LNSR,USD,NASDAQ,US,LENSAR INC,STK,Healthcare-Products,"Consumer, Non-cyclical",Medical Instruments,COMMON,true,LNSR
446220213,SMMT,USD,NASDAQ,US,SUMMIT THERAPEUTICS INC,STK,Biotechnology,"Consumer, Non-cyclical",Medical-Biomedical/Gene,COMMON,true,SMMT
446336329,QYLG,USD,NASDAQ,US,GLOBAL X NASDAQ 100 COVC GRW,STK,,,,ETF,true,QYLG
446864692,BSY,USD,NASDAQ,US,BENTLEY SYSTEMS INC-CLASS B,STK,Software,Technology,Computer Aided Design,COMMON,true,BSY
446864699,GDRX,USD,NASDAQ,US,GOODRX HOLDINGS INC-CLASS A,STK,Pharmaceuticals,"Consumer, Non-cyclical",Medical-Whsle Drug Dist,COMMON,true,GDRX
446872191,CRSR,USD,NASDAQ,US,CORSAIR GAMING INC,STK,Computers,Technology,Computers-Other,COMMON,true,CRSR
446986948,TSHA,USD,NASDAQ,US,TAYSHA GENE THERAPIES INC,STK,Biotechnology,"Consumer, Non-cyclical",Medical-Biomedical/Gene,COMMON,true,TSHA
447350216,GLSI,USD,NASDAQ,US,GREENWICH LIFESCIENCES INC,STK,Biotechnology,"Consumer, Non-cyclical",Medical-Biomedical/Gene,COMMON,false,GLSI
447350230,PRLD,USD,NASDAQ,US,PRELUDE THERAPEUTICS INC,STK,Biotechnology,"Consumer, Non-cyclical",Medical-Biomedical/Gene,COMMON,true,PRLD
447372793,PMVP,USD,NASDAQ,US,PMV PHARMACEUTICALS INC,STK,Pharmaceuticals,"Consumer, Non-cyclical",Medical-Drugs,COMMON,true,PMVP
447551368,GIFT,USD,NASDAQ,US,GIFTIFY INC,STK,Retail,"Consumer, Cyclical",Retail-Restaurants,COMMON,false,GIFT
448082198,AVO,USD,NASDAQ,US,MISSION PRODUCE INC,STK,Food,"Consumer, Non-cyclical",Food-Wholesale/Distrib,COMMON,true,AVO
448082201,LUNG,USD,NASDAQ,US,PULMONX CORP,STK,Healthcare-Products,"Consumer, Non-cyclical",Medical Instruments,COMMON,true,LUNG
448085837,THRY,USD,NASDAQ,US,THRYV HOLDINGS INC,STK,Media,Communications,Publishing-Periodicals,COMMON,true,THRY
448085873,CCCC,USD,NASDAQ,US,C4 THERAPEUTICS INC,STK,Biotechnology,"Consumer, Non-cyclical",Medical-Biomedical/Gene,COMMON,true,CCCC
448366616,IMNM,USD,NASDAQ,US,IMMUNOME INC,STK,Biotechnology,"Consumer, Non-cyclical",Medical-Biomedical/Gene,COMMON,true,IMNM
448389035,ASO,USD,NASDAQ,US,ACADEMY SPORTS & OUTDOORS IN,STK,Retail,"Consumer, Cyclical",Retail-Sporting Goods,COMMON,true,ASO
449048800,ELUT,USD,NASDAQ,US,ELUTIA INC,STK,Biotechnology,"Consumer, Non-cyclical",Medical-Biomedical/Gene,COMMON,false,ELUT
449074361,EMXF,USD,NASDAQ,US,ISHARES ESG ADV MSCI EM ETF,STK,,,,ETF,false,EMXF
449354987,STTK,USD,NASDAQ,US,SHATTUCK LABS INC,STK,Biotechnology,"Consumer, Non-cyclical",Medical-Biomedical/Gene,COMMON,true,STTK
449548910,RZLT,USD,NASDAQ,US,REZOLUTE INC,STK,Biotechnology,"Consumer, Non-cyclical",Medical-Biomedical/Gene,COMMON,true,RZLT
449738108,QQQM,USD,NASDAQ,US,INVESCO NASDAQ 100 ETF,STK,,,,ETF,true,QQQM
449738115,QQQJ,USD,NASDAQ,US,INVESCO NASDAQ NEXT GEN 100,STK,,,,ETF,true,QQQJ
450017186,BTBT,USD,NASDAQ,US,BIT DIGITAL INC,STK,Investment Companies,Financial,Investment Companies,COMMON,true,BTBT
450017209,CURI,USD,NASDAQ,US,CURIOSITYSTREAM INC,STK,Media,Communications,Broadcast Serv/Program,COMMON,true,CURI
450042702,ARRY,USD,NASDAQ,US,ARRAY TECHNOLOGIES INC,STK,Energy-Alternate Sources,Energy,Energy-Alternate Sources,COMMON,true,ARRY
450042709,EBC,USD,NASDAQ,US,EASTERN BANKSHARES INC,STK,Banks,Financial,Commer Banks-Eastern US,COMMON,true,EBC
450042719,SPEL,USD,NASDAQ,US,SPINAL ELEMENTS HOLDINGS INC,STK,Healthcare-Products,"Consumer, Non-cyclical",Medical Products,COMMON,false,SPEL
450583329,TARS,USD,NASDAQ,US,TARSUS PHARMACEUTICALS INC,STK,Biotechnology,"Consumer, Non-cyclical",Medical-Biomedical/Gene,COMMON,true,TARS
679110496,KSPI,USD,NASDAQ,US,JSC KASPI.KZ ADR,STK,Commercial Services,"Consumer, Non-cyclical",Commercial Serv-Finance,ADR,true,KSPI
451304573,GLBS,USD,NASDAQ,US,GLOBUS MARITIME LIMITED,STK,Transportation,Industrial,Transport-Marine,COMMON,true,GLBS
451730057,FHTX,USD,NASDAQ,US,FOGHORN THERAPEUTICS INC,STK,Pharmaceuticals,"Consumer, Non-cyclical",Medical-Drugs,COMMON,true,FHTX
452350605,MVNR,USD,NASDAQ,US,MAVENIR PRIVATE HOLD II-CL A,STK,Software,Technology,Computer Software,COMMON,false,MVNR
452380681,ALGM,USD,NASDAQ,US,ALLEGRO MICROSYSTEMS INC,STK,Semiconductors,Technology,Semiconductor Equipment,COMMON,true,ALGM
452380718,DTCR,USD,NASDAQ,US,GLOBAL X DATA CENTER & DIGIT,STK,,,,ETF,true,DTCR
452821503,AVIR,USD,NASDAQ,US,ATEA PHARMACEUTICALS INC,STK,Biotechnology,"Consumer, Non-cyclical",Medical-Biomedical/Gene,COMMON,true,AVIR
453311116,FULTP,USD,NASDAQ,US,FULTON FINANCIAL CORP,STK,Banks,Financial,Commer Banks-Eastern US,PREFERRED,false,FULTP
453313506,DEMZ,USD,NASDAQ,US,DEMOCRATIC LARGE CAP CORE,STK,,,,ETF,false,DEMZ
453924737,IRD,USD,NASDAQ,US,OPUS GENETICS INC,STK,Biotechnology,"Consumer, Non-cyclical",Medical-Biomedical/Gene,COMMON,true,IRD
454156939,COGT,USD,NASDAQ,US,COGENT BIOSCIENCES INC,STK,Biotechnology,"Consumer, Non-cyclical",Medical-Biomedical/Gene,COMMON,true,COGT
454859695,VTRS,USD,NASDAQ,US,VIATRIS INC,STK,Pharmaceuticals,"Consumer, Non-cyclical",Medical-Generic Drugs,COMMON,true,VTRS
455229146,CMPX,USD,NASDAQ,US,COMPASS THERAPEUTICS INC,STK,Biotechnology,"Consumer, Non-cyclical",Medical-Biomedical/Gene,COMMON,true,CMPX
455415330,ONDS,USD,NASDAQ,US,ONDAS INC,STK,Aerospace/Defense,Industrial,Aerospace/Defense,COMMON,true,ONDS
455425136,CNXC,USD,NASDAQ,US,CONCENTRIX CORP,STK,Software,Technology,Applications Software,COMMON,true,CNXC
455429072,PRTC,USD,PINK,US,PURETECH HEALTH PLC - ADR,STK,Biotechnology,"Consumer, Non-cyclical",Medical-Biomedical/Gene,ADR,false,PRTCY
455592457,EOSE,USD,NASDAQ,US,EOS ENERGY ENTERPRISES INC,STK,Energy-Alternate Sources,Energy,Energy-Alternate Sources,COMMON,true,EOSE
455805463,GCMG,USD,NASDAQ,US,GCM GROSVENOR INC - CLASS A,STK,Diversified Finan Serv,Financial,Invest Mgmnt/Advis Serv,COMMON,true,GCMG
455946293,TVTX,USD,NASDAQ,US,TRAVERE THERAPEUTICS INC,STK,Biotechnology,"Consumer, Non-cyclical",Medical-Biomedical/Gene,COMMON,true,TVTX
455969680,TLS,USD,NASDAQ,US,TELOS CORPORATION,STK,Computers,Technology,Computers-Integrated Sys,COMMON,true,TLS
455975116,OLMA,USD,NASDAQ,US,OLEMA PHARMACEUTICALS INC,STK,Biotechnology,"Consumer, Non-cyclical",Medical-Biomedical/Gene,COMMON,true,OLMA
456473636,MRVI,USD,NASDAQ,US,MARAVAI LIFESCIENCES HLDGS-A,STK,Biotechnology,"Consumer, Non-cyclical",Medical-Biomedical/Gene,COMMON,true,MRVI
456517746,CHRD,USD,NASDAQ,US,CHORD ENERGY CORP,STK,Oil&amp;Gas,Energy,Oil Comp-Explor&amp;Prodtn,COMMON,true,CHRD
456524004,SHC,USD,NASDAQ,US,SOTERA HEALTH CO,STK,Healthcare-Services,"Consumer, Non-cyclical",Medical Labs&amp;Testing Srv,COMMON,true,SHC
456711363,BHFAN,USD,NASDAQ,US,BRIGHTHOUSE FINANCIAL IN,STK,Insurance,Financial,Life/Health Insurance,PREFERRED,false,BHFAN
456801241,CARE,USD,NASDAQ,US,CARTER BANKSHARES INC,STK,Banks,Financial,Commer Banks-Southern US,COMMON,true,CARE
457061693,BLCN,USD,NASDAQ,US,SIREN NXGN ECNMY ETF-USD INC,STK,,,,ETF,true,BLCN
457599435,QS,USD,NASDAQ,US,QUANTUMSCAPE CORP,STK,Auto Parts&amp;Equipment,"Consumer, Cyclical",Auto/Trk Prts&amp;Equip-Orig,COMMON,true,QS
458208427,NCSM,USD,NASDAQ,US,NCS MULTISTAGE HOLDINGS INC,STK,Oil&amp;Gas Services,Energy,Oil-Field Services,COMMON,false,NCSM
458373061,GTOQ,USD,NASDAQ,US,INV HIG YELD SYS BND ETF-USD,STK,,,,ETF,false,GTOQ
458895916,SPRY,USD,NASDAQ,US,ARS PHARMACEUTICALS INC,STK,Biotechnology,"Consumer, Non-cyclical",Medical-Biomedical/Gene,COMMON,true,SPRY
458917918,SEER,USD,NASDAQ,US,SEER INC,STK,Biotechnology,"Consumer, Non-cyclical",Medical-Biomedical/Gene,COMMON,true,SEER
459090588,WFCF,USD,NASDAQ,US,WHERE FOOD COMES FROM INC,STK,Commercial Services,"Consumer, Non-cyclical",Commercial Services,COMMON,false,WFCF
459113823,SIGIP,USD,NASDAQ,US,SELECTIVE INSURANCE GROU,STK,Insurance,Financial,Property/Casualty Ins,PREFERRED,false,SIGIP
459309417,DASH,USD,NASDAQ,US,DOORDASH INC - A,STK,Internet,Communications,E-Commerce/Services,COMMON,true,DASH
459450984,EYPT,USD,NASDAQ,US,EYEPOINT INC,STK,Biotechnology,"Consumer, Non-cyclical",Medical-Biomedical/Gene,COMMON,true,EYPT
459468268,PUBM,USD,NASDAQ,US,PUBMATIC INC-CLASS A,STK,Software,Technology,Applications Software,COMMON,true,PUBM
459530964,ABNB,USD,NASDAQ,US,AIRBNB INC-CLASS A,STK,Internet,Communications,E-Commerce/Services,COMMON,true,ABNB
459873599,CERT,USD,NASDAQ,US,CERTARA INC,STK,Biotechnology,"Consumer, Non-cyclical",Medical-Biomedical/Gene,COMMON,true,CERT
459919775,FDMT,USD,NASDAQ,US,4D MOLECULAR THERAPEUTICS IN,STK,Biotechnology,"Consumer, Non-cyclical",Medical-Biomedical/Gene,COMMON,true,FDMT
459919952,ABCL,USD,NASDAQ,US,ABCELLERA BIOLOGICS INC,STK,Biotechnology,"Consumer, Non-cyclical",Medical-Biomedical/Gene,COMMON,true,ABCL
459951634,NBTX,USD,NASDAQ,US,NANOBIOTIX SA - ADR,STK,Healthcare-Products,"Consumer, Non-cyclical",Medical Products,ADR,false,NBTX
460320153,OPEN,USD,NASDAQ,US,OPENDOOR TECHNOLOGIES INC,STK,Internet,Communications,E-Commerce/Services,COMMON,true,OPEN
460492606,XOMAP,USD,NASDAQ,US,XOMA CORP,STK,Biotechnology,"Consumer, Non-cyclical",Medical-Biomedical/Gene,PREFERRED,false,XOMAP
460492614,FICS,USD,NASDAQ,US,FT INTERNATIONAL DEV CAP STR,STK,,,,ETF,false,FICS
460492620,UPST,USD,NASDAQ,US,UPSTART HOLDINGS INC,STK,Diversified Finan Serv,Financial,Finance-Consumer Loans,COMMON,true,UPST
460497697,SPCK,USD,NASDAQ,US,SPAC & NEW ISSUE ETF,STK,,,,ETF,true,SPCK
461318696,MASS,USD,NASDAQ,US,908 DEVICES INC,STK,Engineering&amp;Construction,Industrial,Engineering/R&amp;D Services,COMMON,true,MASS
461913632,LBRDP,USD,NASDAQ,US,LIBERTY BROADBAND CORP PREFERRED SER A,STK,Media,Communications,Cable/Satellite TV,PREFERRED,false,LBRDP
462108952,ARKO,USD,NASDAQ,US,ARKO CORP,STK,Retail,"Consumer, Cyclical",Retail-Convenience Store,COMMON,true,ARKO
462118422,ASLE,USD,NASDAQ,US,AERSALE CORP,STK,Aerospace/Defense,Industrial,Aerospace/Defense,COMMON,true,ASLE
462139537,PHAR,USD,NASDAQ,US,PHARMING GROUP NV - ADR,STK,Biotechnology,"Consumer, Non-cyclical",Medical-Biomedical/Gene,ADR,false,PHAR
462277065,PRCH,USD,NASDAQ,US,PORCH GROUP INC,STK,Software,Technology,Applications Software,COMMON,true,PRCH
462584489,ZVRA,USD,NASDAQ,US,ZEVRA THERAPEUTICS INC,STK,Biotechnology,"Consumer, Non-cyclical",Medical-Biomedical/Gene,COMMON,true,ZVRA
462781819,MRM,USD,NASDAQ,US,MEDIROM HEALTHCARE TECHNOLOG,STK,Pharmaceuticals,"Consumer, Non-cyclical",Medical-Whsle Drug Dist,ADR,false,MRM
462788893,GEG,USD,NASDAQ,US,GREAT ELM GROUP INC,STK,Diversified Finan Serv,Financial,Invest Mgmnt/Advis Serv,COMMON,false,GEG
463066165,AHG,USD,NASDAQ,US,AKSO HEALTH GROUP,STK,Diversified Finan Serv,Financial,Finance-Consumer Loans,ADR,false,AHG
463435022,TULP,USD,NASDAQ,US,BLOOMIA HOLDINGS INC,STK,Investment Companies,Financial,Investment Companies,COMMON,false,TULP
463435024,PFX,USD,NASDAQ,US,PHENIXFIN CORP,STK,Investment Companies,Financial,Investment Companies,COMMON,false,PFX
463646377,ELDN,USD,NASDAQ,US,ELEDON PHARMACEUTICALS INC,STK,Biotechnology,"Consumer, Non-cyclical",Medical-Biomedical/Gene,COMMON,true,ELDN
464040647,CLOV,USD,NASDAQ,US,CLOVER HEALTH INVESTMENTS CO,STK,Healthcare-Services,"Consumer, Non-cyclical",Medical-HMO,COMMON,true,CLOV
464052248,GBFH,USD,NASDAQ,US,GBANK FINANCIAL HOLDINGS INC,STK,Banks,Financial,Commer Banks-Western US,COMMON,true,GBFH
464416105,CGEM,USD,NASDAQ,US,CULLINAN THERAPEUTICS INC,STK,Biotechnology,"Consumer, Non-cyclical",Medical-Biomedical/Gene,COMMON,true,CGEM
464675647,LEXX,USD,NASDAQ,US,LEXARIA BIOSCIENCE CORP,STK,Biotechnology,"Consumer, Non-cyclical",Medical-Biomedical/Gene,COMMON,false,LEXX
465119069,AFRM,USD,NASDAQ,US,AFFIRM HOLDINGS INC,STK,Commercial Services,"Consumer, Non-cyclical",Commercial Serv-Finance,COMMON,true,AFRM
465131383,WOOF,USD,NASDAQ,US,PETCO HEALTH AND WELLNESS CO,STK,Retail,"Consumer, Cyclical",Retail-Pet Food&amp;Supplies,COMMON,true,WOOF
465324096,ALTO,USD,NASDAQ,US,ALTO INGREDIENTS INC,STK,Energy-Alternate Sources,Energy,Energy-Alternate Sources,COMMON,true,ALTO
465362637,DRVN,USD,NASDAQ,US,DRIVEN BRANDS HOLDINGS INC,STK,Commercial Services,"Consumer, Non-cyclical",Auto Repair Centers,COMMON,true,DRVN
465362703,PLTK,USD,NASDAQ,US,PLAYTIKA HOLDING CORP,STK,Software,Technology,Entertainment Software,COMMON,true,PLTK
466719251,VRDN,USD,NASDAQ,US,VIRIDIAN THERAPEUTICS INC,STK,Biotechnology,"Consumer, Non-cyclical",Medical-Biomedical/Gene,COMMON,true,VRDN
466877031,AFBI,USD,NASDAQ,US,AFFINITY BANCSHARES INC,STK,Banks,Financial,Commer Banks-Southern US,COMMON,false,AFBI
466888853,SKYU,USD,NASDAQ,US,PROSHARES ULTRA CLOUD COMP,STK,,,,ETF,true,SKYU
466888870,UCYB,USD,NASDAQ,US,PROSHARES ULTRA NASDAQ CYBR,STK,,,,ETF,true,UCYB
467238078,PAX,USD,NASDAQ,US,PATRIA INVESTMENTS LTD-A,STK,Private Equity,Financial,Private Equity,COMMON,true,PAX
467270305,HUDI,USD,NASDAQ,US,HUADI INTERNATIONAL GROUP CO,STK,Iron/Steel,Basic Materials,Steel-Producers,COMMON,false,HUDI
467270315,MNTK,USD,NASDAQ,US,MONTAUK RENEWABLES INC,STK,Energy-Alternate Sources,Energy,Energy-Alternate Sources,COMMON,true,MNTK
467746552,CGNT,USD,NASDAQ,US,COGNYTE SOFTWARE LTD,STK,Software,Technology,Enterprise Software/Serv,COMMON,true,CGNT
467756084,RILYT,USD,NASDAQ,US,B RILEY FINANCIAL INC,STK,Diversified Finan Serv,Financial,Finance-Invest Bnkr/Brkr,PREFERRED,false,RILYT
467911567,SHLS,USD,NASDAQ,US,SHOALS TECHNOLOGIES GROUP -A,STK,Energy-Alternate Sources,Energy,Energy-Alternate Sources,COMMON,true,SHLS
468054780,VINP,USD,NASDAQ,US,VINCI COMPASS INVESTMENTS LT,STK,Private Equity,Financial,Private Equity,COMMON,true,VINP
468091276,WCBR,USD,NASDAQ,US,WISDOMTREE CYBERSECURITY FND,STK,,,,ETF,true,WCBR
468533653,TRIN,USD,NASDAQ,US,TRINITY CAPITAL INC,STK,Investment Companies,Financial,Investment Companies,COMMON,true,TRIN
469317814,SANA,USD,NASDAQ,US,SANA BIOTECHNOLOGY INC,STK,Biotechnology,"Consumer, Non-cyclical",Medical-Biomedical/Gene,COMMON,true,SANA
469676858,HBANP,USD,NASDAQ,US,HUNTINGTON BANCSHARES,STK,Banks,Financial,Super-Regional Banks-US,PREFERRED,false,HBANP
469692627,IMCR,USD,NASDAQ,US,IMMUNOCORE HOLDINGS PLC-ADR,STK,Biotechnology,"Consumer, Non-cyclical",Medical-Biomedical/Gene,ADR,true,IMCR
469692630,PHVS,USD,NASDAQ,US,PHARVARIS NV,STK,Pharmaceuticals,"Consumer, Non-cyclical",Medical-Drugs,COMMON,true,PHVS
470279270,ADAG,USD,NASDAQ,US,ADAGENE INC-ADR,STK,Biotechnology,"Consumer, Non-cyclical",Medical-Biomedical/Gene,ADR,false,ADAG
470458975,EXE,USD,NASDAQ,US,EXPAND ENERGY CORP,STK,Oil&amp;Gas,Energy,Oil Comp-Explor&amp;Prodtn,COMMON,true,EXE
470458979,DSP,USD,NASDAQ,US,VIANT TECHNOLOGY INC-A,STK,Software,Technology,Applications Software,COMMON,true,DSP
470646846,PLBY,USD,NASDAQ,US,PLAYBOY INC,STK,Apparel,"Consumer, Cyclical",Apparel Manufacturers,COMMON,true,PLBY
470659032,AFCG,USD,NASDAQ,US,ADVANCED FLOWER CAPITAL INC,STK,Investment Companies,Financial,Investment Companies,COMMON,true,AFCG
470659037,BVS,USD,NASDAQ,US,BIOVENTUS INC - A,STK,Healthcare-Products,"Consumer, Non-cyclical",Medical Products,COMMON,true,BVS
470659041,BMBL,USD,NASDAQ,US,BUMBLE INC-A,STK,Internet,Communications,E-Commerce/Services,COMMON,true,BMBL
470659054,WAFDP,USD,NASDAQ,US,WASHINGTON FEDERAL INC,STK,Savings&amp;Loans,Financial,S&amp;L/Thrifts-Western US,PREFERRED,false,WAFDP
471589537,AMPG,USD,NASDAQ,US,AMPLITECH GROUP INC,STK,Telecommunications,Communications,Wireless Equipment,COMMON,true,AMPG
471602176,PPTA,USD,NASDAQ,US,PERPETUA RESOURCES CORP,STK,Mining,Basic Materials,Gold Mining,COMMON,true,PPTA
472693173,LFMD,USD,NASDAQ,US,LIFEMD INC,STK,Healthcare-Services,"Consumer, Non-cyclical",Medical Labs&amp;Testing Srv,COMMON,true,LFMD
473982570,REIT,USD,NASDAQ,US,ALPS ACTIVE REIT ETF,STK,,,,ETF,false,REIT
474219659,MARA,USD,NASDAQ,US,MARA HOLDINGS INC,STK,Investment Companies,Financial,Investment Companies,COMMON,true,MARA
474235953,AMAL,USD,NASDAQ,US,AMALGAMATED FINANCIAL CORP,STK,Banks,Financial,Commer Banks-Eastern US,COMMON,true,AMAL
474515500,APA,USD,NASDAQ,US,APA CORP,STK,Oil&amp;Gas,Energy,Oil Comp-Explor&amp;Prodtn,COMMON,true,APA
474517455,LEE,USD,NASDAQ,US,LEE ENTERPRISES,STK,Media,Communications,Publishing-Newspapers,COMMON,false,LEE
474517460,TCBIO,USD,NASDAQ,US,TEXAS CAPITAL BANCSHARES,STK,Banks,Financial,Commer Banks-Central US,PREFERRED,false,TCBIO
474820888,INNV,USD,NASDAQ,US,INNOVAGE HOLDING CORP,STK,Healthcare-Services,"Consumer, Non-cyclical",Medical-Nursing Homes,COMMON,true,INNV
682636976,EPRX,USD,NASDAQ,US,EUPRAXIA PHARMACEUTICALS INC,STK,Biotechnology,"Consumer, Non-cyclical",Medical-Biomedical/Gene,COMMON,false,EPRX
475836040,OBTC,USD,NASDAQ,US,OSPREY BITCOIN TRUST,STK,,,,ETF,false,OBTC
475852081,IBRX,USD,NASDAQ,US,IMMUNITYBIO INC,STK,Biotechnology,"Consumer, Non-cyclical",Medical-Biomedical/Gene,COMMON,true,IBRX
476061807,JEMA,USD,NASDAQ,US,JPMORGAN ACTIVEBUILDERS EMER,STK,,,,ETF,false,JEMA
477149039,MBINN,USD,NASDAQ,US,MERCHANTS BANCORP,STK,Banks,Financial,Commer Banks-Central US,PREFERRED,false,MBINN
477149077,PCT,USD,NASDAQ,US,PURECYCLE TECHNOLOGIES INC,STK,Environmental Control,Industrial,Recycling,COMMON,true,PCT
477149082,OXLCL,USD,NASDAQ,US,OXFORD LANE CAPITAL CORP,STK,Closed-end Funds,Financial,Closed-end Funds,PREFERRED,false,OXLCL
477154165,PCTTU,USD,NASDAQ,US,PURECYCLE TECHNOLOGIES INC,STK,Environmental Control,Industrial,Recycling,UNIT,false,PCTTU
477167054,GANX,USD,NASDAQ,US,GAIN THERAPEUTICS INC,STK,Biotechnology,"Consumer, Non-cyclical",Medical-Biomedical/Gene,COMMON,true,GANX
477989203,NOTV,USD,NASDAQ,US,INOTIV INC,STK,Healthcare-Products,"Consumer, Non-cyclical",Diagnostic Equipment,COMMON,true,NOTV
478483396,DRS,USD,NASDAQ,US,LEONARDO DRS INC,STK,Aerospace/Defense,Industrial,Aerospace/Defense,COMMON,true,DRS
478647583,CALQU,USD,NASDAQ,US,CALLODINE ACQUISITION CORP,STK,Holding Companies-Divers,Diversified,Specified Purpose Acquis,UNIT,false,CALQU
478647608,JAAC,USD,NASDAQ,US,JUST ANOTHER ACQUISITION COR,STK,Holding Companies-Divers,Diversified,Specified Purpose Acquis,COMMON,false,JAAC
478647655,GFLDU,USD,NASDAQ,US,GEFEN LANDA ACQUISITION CORP,STK,Holding Companies-Divers,Diversified,Specified Purpose Acquis,UNIT,false,GFLDU
478807161,CRCT,USD,NASDAQ,US,CRICUT INC - CLASS A,STK,Computers,Technology,Computers-Other,COMMON,true,CRCT
478811042,ALHC,USD,NASDAQ,US,ALIGNMENT HEALTHCARE INC,STK,Healthcare-Services,"Consumer, Non-cyclical",Medical-HMO,COMMON,true,ALHC
478811047,EWTX,USD,NASDAQ,US,EDGEWISE THERAPEUTICS INC,STK,Biotechnology,"Consumer, Non-cyclical",Medical-Biomedical/Gene,COMMON,true,EWTX
479219815,DSGN,USD,NASDAQ,US,DESIGN THERAPEUTICS INC,STK,Biotechnology,"Consumer, Non-cyclical",Medical-Biomedical/Gene,COMMON,true,DSGN
479220668,TDUP,USD,NASDAQ,US,THREDUP INC - CLASS A,STK,Distribution/Wholesale,"Consumer, Cyclical",Distribution/Wholesale,COMMON,true,TDUP
479630108,CNAQU,USD,NASDAQ,US,CHARDAN NEXTECH ACQUISITION,STK,Holding Companies-Divers,Diversified,Specified Purpose Acquis,UNIT,false,CNAQU
479630112,RMGDU,USD,NASDAQ,US,RMG ACQUISITION CORP IV,STK,Holding Companies-Divers,Diversified,Specified Purpose Acquis,UNIT,false,RMGDU
479630122,KLTR,USD,NASDAQ,US,KALTURA INC,STK,Software,Technology,Applications Software,COMMON,true,KLTR
479786418,KARO,USD,NASDAQ,US,KAROOOOO LTD,STK,Software,Technology,Computer Software,COMMON,false,KARO
479798353,FRST,USD,NASDAQ,US,PRIMIS FINANCIAL CORP,STK,Banks,Financial,Commer Banks-Southern US,COMMON,true,FRST
479807369,IINN,USD,NASDAQ,US,QTREX QUANTUM LTD,STK,Healthcare-Products,"Consumer, Non-cyclical",Medical Products,COMMON,false,QTEX
479807378,KVSD,USD,NASDAQ,US,KHOSLA VENTURES ACQ CO IV-A,STK,Holding Companies-Divers,Diversified,Specified Purpose Acquis,COMMON,false,KVSD
479807383,QWNBU,USD,NASDAQ,US,QUEEN'S GAMBIT GROWTH CAPITA,STK,Holding Companies-Divers,Diversified,Specified Purpose Acquis,UNIT,false,QWNBU
479986284,ULCC,USD,NASDAQ,US,FRONTIER GROUP HOLDINGS INC,STK,Airlines,"Consumer, Cyclical",Airlines,COMMON,true,ULCC
480284698,CCLD,USD,NASDAQ,US,CARECLOUD INC,STK,Software,Technology,Medical Information Sys,COMMON,true,CCLD
480646439,INVZ,USD,NASDAQ,US,INNOVIZ TECHNOLOGIES LTD,STK,Auto Parts&amp;Equipment,"Consumer, Cyclical",Auto/Trk Prts&amp;Equip-Orig,COMMON,true,INVZ
480745767,ASTS,USD,NASDAQ,US,AST SPACEMOBILE INC,STK,Telecommunications,Communications,Satellite Telecom,COMMON,true,ASTS
481274783,AQWA,USD,NASDAQ,US,GLOBAL X CLEAN WATER ETF,STK,,,,ETF,true,AQWA
481476177,KRT,USD,NASDAQ,US,KARAT PACKAGING INC,STK,Packaging&amp;Containers,Industrial,Containers-Paper/Plastic,COMMON,false,KRT
481480630,XOMAO,USD,NASDAQ,US,XOMA CORP,STK,Biotechnology,"Consumer, Non-cyclical",Medical-Biomedical/Gene,PREFERRED,false,XOMAO
481480681,ALKT,USD,NASDAQ,US,ALKAMI TECHNOLOGY INC,STK,Software,Technology,Applications Software,COMMON,true,ALKT
481691285,COIN,USD,NASDAQ,US,COINBASE GLOBAL INC -CLASS A,STK,Diversified Finan Serv,Financial,Finance-Other Services,COMMON,true,COIN
481863631,DAPP,USD,NASDAQ,US,VANECK DIGITAL TRANSFORMATIO,STK,,,,ETF,true,DAPP
481863646,APP,USD,NASDAQ,US,APPLOVIN CORP-CLASS A,STK,Internet,Communications,E-Marketing/Info,COMMON,true,APP
482017090,BMEA,USD,NASDAQ,US,BIOMEA FUSION INC,STK,Biotechnology,"Consumer, Non-cyclical",Medical-Biomedical/Gene,COMMON,true,BMEA
482017113,RXRX,USD,NASDAQ,US,RECURSION PHARMACEUTICALS-A,STK,Biotechnology,"Consumer, Non-cyclical",Medical-Biomedical/Gene,COMMON,true,RXRX
482685086,NSPR,USD,NASDAQ,US,INSPIREMD INC,STK,Healthcare-Products,"Consumer, Non-cyclical",Medical Products,COMMON,true,NSPR
482880511,SWIM,USD,NASDAQ,US,LATHAM GROUP INC,STK,Engineering&amp;Construction,Industrial,Building&amp;Construct-Misc,COMMON,true,SWIM
482880554,NPCE,USD,NASDAQ,US,NEUROPACE INC,STK,Healthcare-Products,"Consumer, Non-cyclical",Medical Products,COMMON,true,NPCE
482880559,SKYT,USD,NASDAQ,US,SKYWATER TECHNOLOGY INC,STK,Semiconductors,Technology,Semiconductor Equipment,COMMON,true,SKYT
483492393,MRVL,USD,NASDAQ,US,MARVELL TECHNOLOGY INC,STK,Semiconductors,Technology,Electronic Compo-Semicon,COMMON,true,MRVL
483668198,TMCI,USD,NASDAQ,US,TREACE MEDICAL CONCEPTS INC,STK,Healthcare-Products,"Consumer, Non-cyclical",Medical Products,COMMON,true,TMCI
484030303,FGBIP,USD,NASDAQ,US,FIRST GUARANTY BACSHRS,STK,Banks,Financial,Commer Banks-Southern US,PREFERRED,false,FGBIP
484239750,AVAH,USD,NASDAQ,US,AVEANNA HEALTHCARE HOLDINGS,STK,Healthcare-Services,"Consumer, Non-cyclical",Medical-Outptnt/Home Med,COMMON,true,AVAH
484414864,BYRN,USD,NASDAQ,US,BYRNA TECHNOLOGIES INC,STK,Miscellaneous Manufactur,Industrial,Firearms&amp;Ammunition,COMMON,true,BYRN
484596186,RMCO,USD,NASDAQ,US,ROYALTY MANAGEMENT HOLDING C,STK,Investment Companies,Financial,Investment Companies,COMMON,false,RMCO
484596198,VEMCU,USD,NASDAQ,US,VELOCITY MERGER CORP,STK,Holding Companies-Divers,Diversified,Specified Purpose Acquis,UNIT,false,VEMCU
484596201,HOWL,USD,NASDAQ,US,WEREWOLF THERAPEUTICS INC,STK,Biotechnology,"Consumer, Non-cyclical",Medical-Biomedical/Gene,COMMON,true,HOWL
484743820,PRVA,USD,NASDAQ,US,PRIVIA HEALTH GROUP INC,STK,Healthcare-Services,"Consumer, Non-cyclical",Medical Labs&amp;Testing Srv,COMMON,true,PRVA
486830044,BRNS,USD,NASDAQ,US,BARINTHUS BIOTHERAPEUTICS PL,STK,Biotechnology,"Consumer, Non-cyclical",Medical-Biomedical/Gene,ADR,false,BRNS
489137076,FSBC,USD,NASDAQ,US,FIVE STAR BANCORP,STK,Banks,Financial,Commer Banks-Western US,COMMON,true,FSBC
489137083,HNST,USD,NASDAQ,US,HONEST CO INC/THE,STK,Cosmetics/Personal Care,"Consumer, Non-cyclical",Cosmetics&amp;Toiletries,COMMON,true,HNST
509704891,BRAG,USD,NASDAQ,US,BRAGG GAMING GROUP INC,STK,Software,Technology,Applications Software,COMMON,true,BRAG
489542038,SKIN,USD,NASDAQ,US,SKINHEALTH SYSTEMS INC,STK,Cosmetics/Personal Care,"Consumer, Non-cyclical",Cosmetics&amp;Toiletries,COMMON,true,SKIN
489579935,VALN,USD,NASDAQ,US,VALNEVA SE - ADR,STK,Biotechnology,"Consumer, Non-cyclical",Medical-Biomedical/Gene,ADR,false,VALN
489579948,BWMN,USD,NASDAQ,US,BOWMAN CONSULTING GROUP LTD,STK,Engineering&amp;Construction,Industrial,Engineering/R&amp;D Services,COMMON,true,BWMN
490138491,SRTA,USD,NASDAQ,US,STRATA CRITICAL MEDICAL INC,STK,Healthcare-Services,"Consumer, Non-cyclical",Medical-Outptnt/Home Med,COMMON,true,SRTA
490162111,GLBE,USD,NASDAQ,US,GLOBAL-E ONLINE LTD,STK,Software,Technology,Applications Software,COMMON,true,GLBE
490639140,ACT,USD,NASDAQ,US,ENACT HOLDINGS INC,STK,Diversified Finan Serv,Financial,Finance-Mtge Loan/Banker,COMMON,true,ACT
490798918,HITI,USD,NASDAQ,US,HIGH TIDE INC,STK,Pharmaceuticals,"Consumer, Non-cyclical",Medical-Whsle Drug Dist,COMMON,true,HITI
490817929,DTST,USD,NASDAQ,US,DATA STORAGE CORP,STK,Computers,Technology,Computer Services,COMMON,false,DTST
490852688,VERA,USD,NASDAQ,US,VERA THERAPEUTICS INC,STK,Biotechnology,"Consumer, Non-cyclical",Medical-Biomedical/Gene,COMMON,true,VERA
491653063,IAC,USD,NASDAQ,US,IAC INC,STK,Internet,Communications,Internet Content-Info/Ne,COMMON,true,IAC
491665433,QQQA,USD,NASDAQ,US,PROSHARES NSDQ 100 D/W MOM,STK,,,,ETF,true,QQQA
491932113,STX,USD,NASDAQ,US,SEAGATE TECHNOLOGY HOLDINGS,STK,Computers,Technology,Computers-Memory Devices,COMMON,true,STX
491932135,TWCGU,USD,NASDAQ,US,GALLIOT ACQUISITION CORP,STK,Holding Companies-Divers,Diversified,Specified Purpose Acquis,UNIT,false,TWCGU
491932153,CGABL,USD,NASDAQ,US,CARLYLE FINANCE LLC,STK,Private Equity,Financial,Private Equity,PREFERRED,false,CGABL
492769418,OXSQG,USD,NASDAQ,US,OXFORD SQUARE CAPITAL CORP,STK,Investment Companies,Financial,Investment Companies,PREFERRED,false,OXSQG
492993364,FNWD,USD,NASDAQ,US,FINWARD BANCORP,STK,Savings&amp;Loans,Financial,S&amp;L/Thrifts-Central US,COMMON,false,FNWD
493119079,FLYW,USD,NASDAQ,US,FLYWIRE CORP-VOTING,STK,Commercial Services,"Consumer, Non-cyclical",Commercial Serv-Finance,COMMON,true,FLYW
493119094,POWWP,USD,NASDAQ,US,AMMO INC,STK,Miscellaneous Manufactur,Industrial,Firearms&amp;Ammunition,PREFERRED,false,POWWP
493427753,SPBC,USD,NASDAQ,US,SIMPLIFY US EQTY PL BITCOIN,STK,,,,ETF,true,SPBC
493464107,SVNIU,USD,NASDAQ,US,SEVEN ISLANDS INC,STK,Holding Companies-Divers,Diversified,Specified Purpose Acquis,UNIT,false,SVNIU
494067036,TRST,USD,NASDAQ,US,TRUSTCO BANK CORP NY,STK,Banks,Financial,Commer Banks-Eastern US,COMMON,true,TRST
494162724,SOFI,USD,NASDAQ,US,SOFI TECHNOLOGIES INC,STK,Diversified Finan Serv,Financial,Finance-Consumer Loans,COMMON,true,SOFI
494184555,CNTA,USD,NASDAQ,US,CENTESSA PHARMACEUTICALS-ADR,STK,Pharmaceuticals,"Consumer, Non-cyclical",Medical-Drugs,ADR,true,CNTA
494184570,DLO,USD,NASDAQ,US,DLOCAL LTD,STK,Commercial Services,"Consumer, Non-cyclical",Commercial Serv-Finance,COMMON,true,DLO
494398800,REAX,USD,NASDAQ,US,REAL BROKERAGE INC/THE,STK,Real Estate,Financial,Real Estate Mgmnt/Servic,COMMON,true,REAX
495264677,CLGN,USD,NASDAQ,US,COLLPLANT BIOTECHNOLOGIES LT,STK,Healthcare-Products,"Consumer, Non-cyclical",Medical Products,COMMON,true,CLGN
495306457,ACGLN,USD,NASDAQ,US,ARCH CAPITAL GROUP LTD,STK,Insurance,Financial,Property/Casualty Ins,PREFERRED,false,ACGLN
495763817,MQ,USD,NASDAQ,US,MARQETA INC-A,STK,Commercial Services,"Consumer, Non-cyclical",Commercial Serv-Finance,COMMON,true,MQ
495763826,DIBS,USD,NASDAQ,US,1STDIBS.COM INC,STK,Internet,Communications,E-Commerce/Products,COMMON,true,DIBS
495763831,MNDY,USD,NASDAQ,US,MONDAY.COM LTD,STK,Software,Technology,Applications Software,COMMON,true,MNDY
495923492,LFST,USD,NASDAQ,US,LIFESTANCE HEALTH GROUP INC,STK,Healthcare-Services,"Consumer, Non-cyclical",Medical Labs&amp;Testing Srv,COMMON,true,LFST
495923502,TASK,USD,NASDAQ,US,TASKUS INC-A,STK,Computers,Technology,Computer Services,COMMON,true,TASK
495923504,HBANM,USD,NASDAQ,US,HUNTINGTON BANCSHARES,STK,Banks,Financial,Super-Regional Banks-US,PREFERRED,false,HBANM
496078388,NAUT,USD,NASDAQ,US,NAUTILUS BIOTECHNOLOGY INC,STK,Healthcare-Products,"Consumer, Non-cyclical",Diagnostic Equipment,COMMON,true,NAUT
496085608,IBBQ,USD,NASDAQ,US,INVESCO NASDAQ BIOTECH ETF,STK,,,,ETF,true,IBBQ
496085613,SOXQ,USD,NASDAQ,US,INVESCO PHLX SEMICONDUCTOR,STK,,,,ETF,true,SOXQ
496085619,JANX,USD,NASDAQ,US,JANUX THERAPEUTICS INC,STK,Biotechnology,"Consumer, Non-cyclical",Medical-Biomedical/Gene,COMMON,true,JANX
496085622,BZ,USD,NASDAQ,US,KANZHUN LTD - ADR,STK,Internet,Communications,E-Commerce/Services,ADR,true,BZ
496401901,QSI,USD,NASDAQ,US,QUANTUM-SI INC,STK,Healthcare-Products,"Consumer, Non-cyclical",Diagnostic Equipment,COMMON,true,QSI
496414757,INDI,USD,NASDAQ,US,INDIE SEMICONDUCTOR INC-A,STK,Auto Parts&amp;Equipment,"Consumer, Cyclical",Auto/Trk Prts&amp;Equip-Orig,COMMON,true,INDI
496625255,SQFTP,USD,NASDAQ,US,"PRESIDIO PROPERTY TRUST, INC. PREFERRED",STK,REITS,Financial,REITS-Diversified,PREFERRED,false,SQFTP
496646908,MOLN,USD,NASDAQ,US,MOLECULAR PARTNERS AG -ADR,STK,Biotechnology,"Consumer, Non-cyclical",Medical-Biomedical/Gene,ADR,false,MOLN
496873934,ATLCP,USD,NASDAQ,US,ATLANTICUS HOLDINGS CORP,STK,Diversified Finan Serv,Financial,Finance-Consumer Loans,PREFERRED,false,ATLCP
497046302,FEMY,USD,NASDAQ,US,FEMASYS INC,STK,Healthcare-Products,"Consumer, Non-cyclical",Medical Instruments,COMMON,false,FEMY
497222711,IPSC,USD,NASDAQ,US,CENTURY THERAPEUTICS INC,STK,Biotechnology,"Consumer, Non-cyclical",Medical-Biomedical/Gene,COMMON,true,IPSC
497299673,MYPS,USD,NASDAQ,US,PLAYSTUDIOS INC,STK,Software,Technology,Entertainment Software,COMMON,true,MYPS
847911627,PLSM,USD,NASDAQ,US,PULSENMORE LTD,STK,Healthcare-Products,"Consumer, Non-cyclical",Medical Imaging Systems,COMMON,false,PLSM
498661851,GHRS,USD,NASDAQ,US,GH RESEARCH PLC,STK,Biotechnology,"Consumer, Non-cyclical",Medical-Biomedical/Gene,COMMON,true,GHRS
498809005,TALK,USD,NASDAQ,US,TALKSPACE INC,STK,Software,Technology,Medical Information Sys,COMMON,true,TALK
498814979,GOODO,USD,NASDAQ,US,GLADSTONE COMMER,STK,REITS,Financial,REITS-Diversified,PREFERRED,false,GOODO
498854126,FA,USD,NASDAQ,US,FIRST ADVANTAGE CORP,STK,Commercial Services,"Consumer, Non-cyclical",Human Resources,COMMON,true,FA
498854143,GLUE,USD,NASDAQ,US,MONTE ROSA THERAPEUTICS INC,STK,Biotechnology,"Consumer, Non-cyclical",Medical-Biomedical/Gene,COMMON,true,GLUE
498854145,SSR,USD,NASDAQ,US,SOULGATE INC,STK,Software,Technology,Applications Software,ADR,false,SSR
498854155,MCW,USD,VALUE,US,MISTER CAR WASH INC,STK,Commercial Services,"Consumer, Non-cyclical",Auto Repair Centers,COMMON,false,MCW
498975548,GECCO,USD,NASDAQ,US,GREAT ELM CAPITAL CORP,STK,Investment Companies,Financial,Investment Companies,PREFERRED,false,GECCO
499023780,VOTE,USD,NASDAQ,US,TCW TRANSFORM 500 ETF,STK,,,,ETF,false,VOTE
499023807,TKNO,USD,NASDAQ,US,ALPHA TEKNOVA INC,STK,Biotechnology,"Consumer, Non-cyclical",Medical-Biomedical/Gene,COMMON,true,TKNO
499429364,PWP,USD,NASDAQ,US,PERELLA WEINBERG PARTNERS,STK,Diversified Finan Serv,Financial,Finance-Invest Bnkr/Brkr,COMMON,true,PWP
499478696,ATAT,USD,NASDAQ,US,ATOUR LIFESTYLE HOLDINGS-ADR,STK,Lodging,"Consumer, Cyclical",Hotels&amp;Motels,ADR,true,ATAT
499621117,PAYO,USD,NASDAQ,US,PAYONEER GLOBAL INC,STK,Commercial Services,"Consumer, Non-cyclical",Commercial Serv-Finance,COMMON,true,PAYO
499640666,CVRX,USD,NASDAQ,US,CVRX INC,STK,Healthcare-Products,"Consumer, Non-cyclical",Medical Products,COMMON,true,CVRX
499640675,XMTR,USD,NASDAQ,US,XOMETRY INC-A,STK,Metal Fabricate/Hardware,Industrial,Metal Processors&amp;Fabrica,COMMON,true,XMTR
499901350,ABOS,USD,NASDAQ,US,ACUMEN PHARMACEUTICALS INC,STK,Biotechnology,"Consumer, Non-cyclical",Medical-Biomedical/Gene,COMMON,true,ABOS
499901362,INTA,USD,NASDAQ,US,INTAPP INC,STK,Software,Technology,Enterprise Software/Serv,COMMON,true,INTA
499901393,EVCM,USD,NASDAQ,US,EVERCOMMERCE INC,STK,Software,Technology,Applications Software,COMMON,true,EVCM
499901396,DNUT,USD,NASDAQ,US,KRISPY KREME INC,STK,Retail,"Consumer, Cyclical",Retail-Restaurants,COMMON,true,DNUT
500046666,TBLA,USD,NASDAQ,US,TABOOLA.COM LTD,STK,Advertising,Communications,Advertising Services,COMMON,true,TBLA
500070617,LZ,USD,NASDAQ,US,LEGALZOOMCOM INC,STK,Commercial Services,"Consumer, Non-cyclical",Commercial Services,COMMON,true,LZ
500073318,BAFN,USD,NASDAQ,US,BAYFIRST FINANCIAL CORP,STK,Banks,Financial,Commer Banks-Southern US,COMMON,false,BAFN
500073351,LEXI,USD,NASDAQ,US,ALEXIS PRACTICAL TACTICAL ET,STK,,,,ETF,false,LEXI
500073386,HEPS,USD,NASDAQ,US,D-MARKET ELECTRONIC SERV-ADR,STK,Internet,Communications,E-Commerce/Products,ADR,true,HEPS
500073391,WAVE,USD,NASDAQ,US,ECO WAVE POWER GLOBAL AB-ADR,STK,Energy-Alternate Sources,Energy,Energy-Alternate Sources,ADR,false,WAVE
500073393,GGRP,USD,NASDAQ,US,GLIMPSE GROUP INC/THE,STK,Software,Technology,Computer Software,COMMON,true,GGRP
500269724,CDZIP,USD,NASDAQ,US,CADIZ INC,STK,Commercial Services,"Consumer, Non-cyclical",Commercial Services,PREFERRED,false,CDZIP
511477158,SGML,USD,NASDAQ,US,SIGMA LITHIUM CORP,STK,Mining,Basic Materials,Diversified Minerals,COMMON,true,SGML
500289391,HTZ,USD,NASDAQ,US,HERTZ GLOBAL HLDGS INC,STK,Commercial Services,"Consumer, Non-cyclical",Rental Auto/Equipment,COMMON,true,HTZ
500588337,AVPT,USD,NASDAQ,US,AVEPOINT INC,STK,Software,Technology,Computer Software,COMMON,true,AVPT
500588375,EVGO,USD,NASDAQ,US,EVGO INC,STK,Retail,"Consumer, Cyclical",Retail-Misc/Diversified,COMMON,true,EVGO
501314679,ADAML,USD,NASDAQ,US,NEW YORK MORTGAGE TRUST,STK,REITS,Financial,REITS-Mortgage,PREFERRED,false,ADAML
501511384,LDOC,USD,NASDAQ,US,LINKDOC TECHNOLOGY LTD,STK,Software,Technology,Applications Software,ADR,false,LDOC
501785740,NECB,USD,NASDAQ,US,NORTHEAST COMMUNITY BANCORP,STK,Banks,Financial,Commer Banks Non-US,COMMON,true,NECB
501785841,PMCB,USD,NASDAQ,US,PHARMACYTE BIOTECH INC,STK,Biotechnology,"Consumer, Non-cyclical",Medical-Biomedical/Gene,COMMON,true,PMCB
501809423,VOXR,USD,NASDAQ,US,VOX ROYALTY CORP,STK,Mining,Basic Materials,Precious Metals,COMMON,true,VOXR
502056032,CLSM,USD,NASDAQ,US,EXCHANGE LISTED FUNDS TRUST,STK,,,,ETF,false,CLSM
502056059,PECO,USD,NASDAQ,US,PHILLIPS EDISON & COMPANY IN,STK,REITS,Financial,REITS-Shopping Centers,REIT,true,PECO
502252061,ENVX,USD,NASDAQ,US,ENOVIX CORP,STK,Electronics,Industrial,Electronic Compo-Misc,COMMON,true,ENVX
502252181,ERAS,USD,NASDAQ,US,ERASCA INC,STK,Biotechnology,"Consumer, Non-cyclical",Medical-Biomedical/Gene,COMMON,true,ERAS
502252195,RPID,USD,NASDAQ,US,RAPID MICRO BIOSYSTEMS INC-A,STK,Healthcare-Products,"Consumer, Non-cyclical",Drug Detection Systems,COMMON,false,RPID
502252198,SERA,USD,NASDAQ,US,SERA PROGNOSTICS INC-A,STK,Healthcare-Products,"Consumer, Non-cyclical",Diagnostic Equipment,COMMON,true,SERA
502252201,TCBS,USD,NASDAQ,US,TEXAS COMMUNITY BANCSHARES,STK,Banks,Financial,Commer Banks Non-US,COMMON,false,TCBS
502252204,IBTL,USD,NASDAQ,US,ISHARES IBONDS DEC 2031 TERM,STK,,,,ETF,false,IBTL
502252224,DYCU,USD,NASDAQ,US,DYNACURE SA -SPONSORED ADR,STK,Biotechnology,"Consumer, Non-cyclical",Medical-Biomedical/Gene,ADR,false,DYCU
502252229,RGC,USD,NASDAQ,US,REGENCELL BIOSCIENCE HOLDING,STK,Biotechnology,"Consumer, Non-cyclical",Medical-Biomedical/Gene,COMMON,true,RGC
502404267,HLMN,USD,NASDAQ,US,HILLMAN SOLUTIONS CORP,STK,Metal Fabricate/Hardware,Industrial,Metal Processors&amp;Fabrica,COMMON,true,HLMN
502415297,MGYR,USD,NASDAQ,US,MAGYAR BANCORP INC,STK,Savings&amp;Loans,Financial,S&amp;L/Thrifts-Eastern US,COMMON,false,MGYR
502415468,SGHT,USD,NASDAQ,US,SIGHT SCIENCES INC,STK,Miscellaneous Manufactur,Industrial,Miscellaneous Manufactur,COMMON,true,SGHT
502415501,SCAN,USD,NASDAQ,US,PERSPECTUM GROUP PLC,STK,Biotechnology,"Consumer, Non-cyclical",Medical-Biomedical/Gene,ADR,false,SCAN
502415507,TCRX,USD,NASDAQ,US,TSCAN THERAPEUTICS INC,STK,Biotechnology,"Consumer, Non-cyclical",Medical-Biomedical/Gene,COMMON,false,TCRX
502415510,UKWIU,USD,NASDAQ,US,UK WISDOM LTD,STK,Holding Companies-Divers,Diversified,Specified Purpose Acquis,UNIT,false,UKWIU
503286174,EVLV,USD,NASDAQ,US,EVOLV TECHNOLOGIES HOLDINGS,STK,Electronics,Industrial,Electronic Secur Devices,COMMON,true,EVLV
504091755,GAMB,USD,NASDAQ,US,GAMBLING.COM GROUP LTD,STK,Internet,Communications,E-Marketing/Info,COMMON,true,GAMB
504091760,CRBU,USD,NASDAQ,US,CARIBOU BIOSCIENCES INC,STK,Biotechnology,"Consumer, Non-cyclical",Medical-Biomedical/Gene,COMMON,true,CRBU
504091770,LIEN,USD,NASDAQ,US,CHICAGO ATLANTIC BDC INC,STK,Investment Companies,Financial,Investment Companies,COMMON,false,LIEN
504091775,SOPH,USD,NASDAQ,US,SOPHIA GENETICS SA,STK,Software,Technology,Medical Information Sys,COMMON,true,SOPH
504239576,ABSI,USD,NASDAQ,US,ABSCI CORP,STK,Biotechnology,"Consumer, Non-cyclical",Medical-Biomedical/Gene,COMMON,true,ABSI
504240273,ELTX,USD,NASDAQ,US,ELICIO THERAPEUTICS INC,STK,Biotechnology,"Consumer, Non-cyclical",Medical-Biomedical/Gene,COMMON,true,ELTX
504262517,TEAD,USD,NASDAQ,US,TEADS HOLDING CO,STK,Software,Technology,Applications Software,COMMON,true,TEAD
504262800,CADL,USD,NASDAQ,US,CANDEL THERAPEUTICS INC,STK,Pharmaceuticals,"Consumer, Non-cyclical",Medical-Drugs,COMMON,true,CADL
504262805,CTKB,USD,NASDAQ,US,CYTEK BIOSCIENCES INC,STK,Biotechnology,"Consumer, Non-cyclical",Medical-Biomedical/Gene,COMMON,true,CTKB
504546674,HOOD,USD,NASDAQ,US,ROBINHOOD MARKETS INC - A,STK,Internet,Communications,Internet Brokers,COMMON,true,HOOD
504717050,MVST,USD,NASDAQ,US,MICROVAST HOLDINGS INC,STK,Auto Parts&amp;Equipment,"Consumer, Cyclical",Auto/Trk Prts&amp;Equip-Orig,COMMON,true,MVST
505002141,BPYPM,USD,NASDAQ,US,NEW LP PREFERRED UNITS CAD,STK,Real Estate,Financial,Real Estate Oper/Develop,PREFERRED,false,BPYPM
505002175,CNTX,USD,NASDAQ,US,CONTEXT THERAPEUTICS INC,STK,Biotechnology,"Consumer, Non-cyclical",Medical-Biomedical/Gene,COMMON,false,CNTX
505002183,DUOL,USD,NASDAQ,US,DUOLINGO,STK,Software,Technology,Educational Software,COMMON,true,DUOL
505227356,TBLD,USD,NASDAQ,US,THORNBURG INCOME BUILDER OPP,STK,,,,CLOSED-END FUND,false,TBLD
505227406,IMRX,USD,NASDAQ,US,IMMUNEERING CORP - CLASS A,STK,Pharmaceuticals,"Consumer, Non-cyclical",Medical-Drugs,COMMON,true,IMRX
505227430,RXST,USD,NASDAQ,US,RXSIGHT INC,STK,Healthcare-Products,"Consumer, Non-cyclical",Medical Products,COMMON,true,RXST
505356981,NUVL,USD,NASDAQ,US,NUVALENT INC-A,STK,Biotechnology,"Consumer, Non-cyclical",Medical-Biomedical/Gene,COMMON,true,NUVL
505382625,RSVR,USD,NASDAQ,US,RESERVOIR MEDIA INC,STK,Entertainment,"Consumer, Cyclical",Music,COMMON,true,RSVR
505405416,CCC,USD,NASDAQ,US,CCC INTELLIGENT SOLUTIONS HO,STK,Software,Technology,Applications Software,COMMON,true,CCC
505405587,RANI,USD,NASDAQ,US,RANI THERAPEUTICS HOLDINGS-A,STK,Biotechnology,"Consumer, Non-cyclical",Medical-Biomedical/Gene,COMMON,true,RANI
505405596,TNYA,USD,NASDAQ,US,TENAYA THERAPEUTICS INC,STK,Biotechnology,"Consumer, Non-cyclical",Medical-Biomedical/Gene,COMMON,true,TNYA
506295782,STGW,USD,NASDAQ,US,STAGWELL INC,STK,Advertising,Communications,Advertising Services,COMMON,true,STGW
506295812,MOMO,USD,NASDAQ,US,HELLO GROUP INC -SPN ADR,STK,Internet,Communications,E-Commerce/Services,ADR,true,MOMO
506295834,SPRX,USD,NASDAQ,US,SPEAR ALPHA ETF,STK,,,,ETF,true,SPRX
506295839,WCGC,USD,NASDAQ,US,WCG CLINICAL INC,STK,Biotechnology,"Consumer, Non-cyclical",Medical-Biomedical/Gene,COMMON,false,WCGC
506665692,CLYM,USD,NASDAQ,US,CLIMB BIO INC,STK,Biotechnology,"Consumer, Non-cyclical",Medical-Biomedical/Gene,COMMON,true,CLYM
506993770,IVVD,USD,NASDAQ,US,INVIVYD INC,STK,Biotechnology,"Consumer, Non-cyclical",Medical-Biomedical/Gene,COMMON,true,IVVD
507228858,RILYZ,USD,NASDAQ,US,B RILEY FINANCIAL INC,STK,Diversified Finan Serv,Financial,Finance-Invest Bnkr/Brkr,PREFERRED,false,RILYZ
507487620,RNXT,USD,NASDAQ,US,RENOVORX INC,STK,Biotechnology,"Consumer, Non-cyclical",Medical-Biomedical/Gene,COMMON,false,RNXT
507643527,TNGX,USD,NASDAQ,US,TANGO THERAPEUTICS INC,STK,Biotechnology,"Consumer, Non-cyclical",Medical-Biomedical/Gene,COMMON,true,TNGX
507645507,VIASP,USD,NASDAQ,US,VIA RENEWABLES INC,STK,Electric,Utilities,Electric-Distribution,PREFERRED,false,VIASP
507653343,ODYS,USD,NASDAQ,US,ODYSIGHT.AI INC,STK,Miscellaneous Manufactur,Industrial,Photo Equipment&amp;Supplies,COMMON,false,ODYS
507821825,FINW,USD,NASDAQ,US,FINWISE BANCORP,STK,Banks,Financial,Commer Banks Non-US,COMMON,false,FINW
508090309,OXLCO,USD,NASDAQ,US,OXFORD LANE CAP CORP PFD SER 2029,STK,Closed-end Funds,Financial,Closed-end Funds,PREFERRED,false,OXLCO
508626121,BTCS,USD,NASDAQ,US,BTCS INC,STK,Commercial Services,"Consumer, Non-cyclical",Commercial Serv-Finance,COMMON,true,BTCS
508645270,WHLRL,USD,NASDAQ,US,WHEELER REAL ESTATE INVESTMENT TRUST INC,STK,REITS,Financial,REITS-Shopping Centers,CONVPREFERRED,false,WHLRL
508646131,CNOBP,USD,NASDAQ,US,CONNECTONE BANCRP INC NEW DEP SHS R,STK,Banks,Financial,Commer Banks-Eastern US,PREFERRED,false,CNOBP
508791987,BWBBP,USD,NASDAQ,US,BRIDGEWATER BANCSHARES,STK,Banks,Financial,Commer Banks-Central US,PREFERRED,false,BWBBP
509704864,GAINZ,USD,NASDAQ,US,GLADSTONE INVESTMENT CORP,STK,Investment Companies,Financial,Investment Companies,PREFERRED,false,GAINZ
509896544,SLNHP,USD,NASDAQ,US,SOLUNA HOLDINGS INC,STK,Telecommunications,Communications,Telecom Services,PREFERRED,false,SLNHP
510474994,RNW,USD,NASDAQ,US,RENEW ENERGY GLOBAL PLC-A,STK,Electric,Utilities,Electric-Generation,COMMON,true,RNW
510711385,QCLR,USD,NASDAQ,US,GLOBAL X NASDAQ 100 COLLAR 9,STK,,,,ETF,false,QCLR
510711388,QTR,USD,NASDAQ,US,GLOBAL X NASDAQ 100 TAIL RIS,STK,,,,ETF,false,QTR
510711392,QRMI,USD,NASDAQ,US,GLOBAL X NASDAQ 100 RISK MAN,STK,,,,ETF,true,QRMI
510900095,BCIC,USD,NASDAQ,US,BCP INVESTMENT CORP,STK,Investment Companies,Financial,Investment Companies,COMMON,true,BCIC
511263210,WHWK,USD,NASDAQ,US,WHITEHAWK THERAPEUTICS INC,STK,Biotechnology,"Consumer, Non-cyclical",Medical-Biomedical/Gene,COMMON,true,WHWK
511289575,HUMA,USD,NASDAQ,US,HUMACYTE INC,STK,Biotechnology,"Consumer, Non-cyclical",Medical-Biomedical/Gene,COMMON,true,HUMA
511470142,CIFR,USD,NASDAQ,US,CIPHER DIGITAL INC,STK,Investment Companies,Financial,Investment Companies,COMMON,true,CIFR
511811243,CLBT,USD,NASDAQ,US,CELLEBRITE DI LTD,STK,Software,Technology,Applications Software,COMMON,true,CLBT
512772887,TMC,USD,NASDAQ,US,TMC THE METALS CO INC,STK,Mining,Basic Materials,Metal-Diversified,COMMON,true,TMC
513610886,SRAD,USD,NASDAQ,US,SPORTRADAR GROUP AG-A,STK,Entertainment,"Consumer, Cyclical",Internet Gambling,COMMON,true,SRAD
513880593,TYRA,USD,NASDAQ,US,TYRA BIOSCIENCES INC,STK,Biotechnology,"Consumer, Non-cyclical",Medical-Biomedical/Gene,COMMON,true,TYRA
514318680,DH,USD,NASDAQ,US,DEFINITIVE HEALTHCARE CORP,STK,Software,Technology,Medical Information Sys,COMMON,true,DH
514318685,PRCT,USD,NASDAQ,US,PROCEPT BIOROBOTICS CORP,STK,Healthcare-Products,"Consumer, Non-cyclical",Medical Instruments,COMMON,true,PRCT
514484979,BSJT,USD,NASDAQ,US,INVESCO BULLETSHARES 2029 HY,STK,,,,ETF,false,BSJT
514484982,BSCV,USD,NASDAQ,US,INVESCO BULLETSHARES 2031 CB,STK,,,,ETF,false,BSCV
514484985,BSMV,USD,NASDAQ,US,INVESCO BULLETSHARES 2031 MB,STK,,,,ETF,false,BSMV
515658485,FRSH,USD,NASDAQ,US,FRESHWORKS INC-CL A,STK,Software,Technology,Enterprise Software/Serv,COMMON,true,FRSH
516097379,CUSD,USD,NASDAQ,US,CROSSINGBRIDGE ULTRA-SHORT D,STK,,,,ETF,true,CUSD
587082842,NYAX,USD,NASDAQ,US,NAYAX LTD,STK,Diversified Finan Serv,Financial,Finance-Credit Card,COMMON,false,NYAX
516382767,BRLT,USD,NASDAQ,US,BRILLIANT EARTH GROUP INC-A,STK,Retail,"Consumer, Cyclical",Retail-Jewelry,COMMON,true,BRLT
516382772,RELY,USD,NASDAQ,US,REMITLY GLOBAL INC,STK,Commercial Services,"Consumer, Non-cyclical",Commercial Serv-Finance,COMMON,true,RELY
516928558,AMPL,USD,NASDAQ,US,AMPLITUDE INC-CLASS A,STK,Software,Technology,Applications Software,COMMON,true,AMPL
517203800,CCSI,USD,NASDAQ,US,CONSENSUS CLOUD SOLUTION,STK,Software,Technology,Communications Software,COMMON,true,CCSI
517203809,OLPX,USD,NASDAQ,US,OLAPLEX HOLDINGS INC,STK,Cosmetics/Personal Care,"Consumer, Non-cyclical",Cosmetics&amp;Toiletries,COMMON,true,OLPX
517641765,DJT,USD,NASDAQ,US,TRUMP MEDIA & TECHNOLOGY GRO,STK,Internet,Communications,Internet Content-Entmnt,COMMON,true,DJT
517641777,FWRG,USD,NASDAQ,US,FIRST WATCH RESTAURANT GROUP,STK,Retail,"Consumer, Cyclical",Retail-Restaurants,COMMON,true,FWRG
518304339,SEVN,USD,NASDAQ,US,SEVEN HILLS REALTY TRUST,STK,REITS,Financial,REITS-Mortgage,REIT,true,SEVN
518304342,ROIV,USD,NASDAQ,US,ROIVANT SCIENCES LTD,STK,Biotechnology,"Consumer, Non-cyclical",Medical-Biomedical/Gene,COMMON,true,ROIV
518627821,GIPR,USD,NASDAQ,US,GENERATION INCOME PROPERTIES,STK,Private Equity,Financial,Private Equity,COMMON,false,GIPR
518943118,UBND,USD,NASDAQ,US,VICTORYSHARES CORE PLUS BOND,STK,,,,ETF,false,UBND
518943120,UCRD,USD,NASDAQ,US,VICTORYSHARES CORPORATE BOND,STK,,,,ETF,false,UCRD
518943139,IFIT,USD,NASDAQ,US,IFIT HEALTH & FITNESS INC-A,STK,Leisure Time,"Consumer, Cyclical",Athletic Equipment,COMMON,false,IFIT
518943160,LFMDP,USD,NASDAQ,US,LIFEMD INC,STK,Healthcare-Services,"Consumer, Non-cyclical",Medical Labs&amp;Testing Srv,PREFERRED,false,LFMDP
519131055,XERS,USD,NASDAQ,US,XERIS BIOPHARMA HOLDINGS INC,STK,Pharmaceuticals,"Consumer, Non-cyclical",Medical-Drugs,COMMON,true,XERS
519270915,NHPBP,USD,NASDAQ,US,HEALTHCARE TRUST,STK,REITS,Financial,REITS-Health Care,PREFERRED,false,NHPBP
519322007,PYXS,USD,NASDAQ,US,PYXIS ONCOLOGY INC,STK,Biotechnology,"Consumer, Non-cyclical",Medical-Biomedical/Gene,COMMON,true,PYXS
519322279,GTR,USD,NASDAQ,US,WISDOMTREE TARGET RANGE FUND,STK,,,,ETF,false,GTR
519322294,CGTX,USD,NASDAQ,US,COGNITION THERAPEUTICS INC,STK,Pharmaceuticals,"Consumer, Non-cyclical",Medical-Drugs,COMMON,false,CGTX
519629451,ARBE,USD,NASDAQ,US,ARBE ROBOTICS LTD,STK,Auto Parts&amp;Equipment,"Consumer, Cyclical",Auto/Trk Prts&amp;Equip-Orig,COMMON,true,ARBE
519909140,CLST,USD,NASDAQ,US,CATALYST BANCORP INC,STK,Investment Companies,Financial,Investment Companies,COMMON,false,CLST
520181553,BEAT,USD,NASDAQ,US,HEARTBEAM INC,STK,Healthcare-Products,"Consumer, Non-cyclical",Medical Products,COMMON,false,BEAT
520181556,LUCD,USD,NASDAQ,US,LUCID DIAGNOSTICS INC,STK,Healthcare-Products,"Consumer, Non-cyclical",Diagnostic Kits,COMMON,false,LUCD
520512263,GTLB,USD,NASDAQ,US,GITLAB INC-CL A,STK,Software,Technology,Applications Software,COMMON,true,GTLB
520534374,GREEL,USD,NASDAQ,US,GREENIDGE GENERATION HOLDINGS INC,STK,Commercial Services,"Consumer, Non-cyclical",Building-Maint&amp;Service,PREFERRED,false,GREEL
522127785,ASTL,USD,NASDAQ,US,ALGOMA STEEL GROUP INC,STK,Iron/Steel,Basic Materials,Steel-Producers,COMMON,true,ASTL
522128117,NVTS,USD,NASDAQ,US,NAVITAS SEMICONDUCTOR CORP,STK,Semiconductors,Technology,Electronic Compo-Semicon,COMMON,true,NVTS
522320539,COCO,USD,NASDAQ,US,VITA COCO CO INC/THE,STK,Beverages,"Consumer, Non-cyclical",Beverages-Non-alcoholic,COMMON,true,COCO
522320552,TLSA,USD,NASDAQ,US,TIZIANA LIFE SCIENCES LTD,STK,Biotechnology,"Consumer, Non-cyclical",Medical-Biomedical/Gene,COMMON,true,TLSA
522320577,PTLO,USD,NASDAQ,US,PORTILLO'S INC-CL A,STK,Retail,"Consumer, Cyclical",Retail-Restaurants,COMMON,true,PTLO
522320753,RWAY,USD,NASDAQ,US,RUNWAY GROWTH FINANCE CORP,STK,Investment Companies,Financial,Investment Companies,COMMON,true,RWAY
522806232,HNNAZ,USD,NASDAQ,US,HENNESSY ADVISORS INC,STK,Diversified Finan Serv,Financial,Invest Mgmnt/Advis Serv,PREFERRED,false,HNNAZ
523185660,AIP,USD,NASDAQ,US,ARTERIS INC,STK,Semiconductors,Technology,Electronic Compo-Semicon,COMMON,true,AIP
523222467,BRTX,USD,NASDAQ,US,BIORESTORATIVE THERAPIES INC,STK,Biotechnology,"Consumer, Non-cyclical",Medical-Biomedical/Gene,COMMON,false,BRTX
523222599,QQMG,USD,NASDAQ,US,INVESCO ESG NASDAQ 100,STK,,,,ETF,false,QQMG
523222617,CDLA,USD,NASDAQ,US,CANDELA MEDICAL INC,STK,Healthcare-Products,"Consumer, Non-cyclical",Medical Products,COMMON,false,CDLA
523222620,FLNC,USD,NASDAQ,US,FLUENCE ENERGY INC,STK,Energy-Alternate Sources,Energy,Energy-Alternate Sources,COMMON,true,FLNC
523222624,GFS,USD,NASDAQ,US,GLOBALFOUNDRIES INC,STK,Semiconductors,Technology,Electronic Compo-Semicon,COMMON,true,GFS
523408649,AURA,USD,NASDAQ,US,AURA BIOSCIENCES INC,STK,Biotechnology,"Consumer, Non-cyclical",Medical-Biomedical/Gene,COMMON,true,AURA
523450844,OFSSH,USD,NASDAQ,US,OFS CAPITAL CORP,STK,Investment Companies,Financial,Investment Companies,PREFERRED,false,OFSSH
523755827,AIRS,USD,NASDAQ,US,AIRSCULPT TECHNOLOGIES INC,STK,Commercial Services,"Consumer, Non-cyclical",Commercial Services,COMMON,true,AIRS
523755830,TRDA,USD,NASDAQ,US,ENTRADA THERAPEUTICS INC,STK,Biotechnology,"Consumer, Non-cyclical",Medical-Biomedical/Gene,COMMON,true,TRDA
523778418,NN,USD,NASDAQ,US,NEXTNAV INC,STK,Computers,Technology,Computers-Other,COMMON,true,NN
542699775,ZTEK,USD,NASDAQ,US,ZENTEK LTD,STK,Miscellaneous Manufactur,Industrial,Advanced Materials/Prd,COMMON,false,ZTEK
523804870,OZKAP,USD,NASDAQ,US,BANK OZK,STK,Banks,Financial,Commer Banks-Southern US,PREFERRED,false,OZKAP
524330845,SURG,USD,NASDAQ,US,SURGEPAYS INC,STK,Commercial Services,"Consumer, Non-cyclical",Commercial Serv-Finance,COMMON,true,SURG
524337268,NRDS,USD,NASDAQ,US,NERDWALLET INC-CL A,STK,Diversified Finan Serv,Financial,Finance-Consumer Loans,COMMON,true,NRDS
524337275,ESMV,USD,NASDAQ,US,ISHARES ESG OPTIMIZED MSCI U,STK,,,,ETF,false,ESMV
524517600,ARHS,USD,NASDAQ,US,ARHAUS INC,STK,Home Furnishings,"Consumer, Cyclical",Home Furnishings,COMMON,true,ARHS
524706371,AUR,USD,NASDAQ,US,AURORA INNOVATION INC,STK,Auto Parts&amp;Equipment,"Consumer, Cyclical",Auto/Trk Prts&amp;Equip-Orig,COMMON,true,AUR
524980965,FLXE,USD,NASDAQ,US,FLEXENERGY GREEN SOLUTIONS I,STK,Energy-Alternate Sources,Energy,Energy-Alternate Sources,COMMON,false,FLXE
525552748,SANG,USD,NASDAQ,US,SANGOMA TECHNOLOGIES CORP,STK,Telecommunications,Communications,Networking Products,COMMON,false,SANG
525260308,DCGO,USD,NASDAQ,US,DOCGO INC,STK,Healthcare-Services,"Consumer, Non-cyclical",Medical-Outptnt/Home Med,COMMON,true,DCGO
525260348,SWAG,USD,NASDAQ,US,STRAN & CO INC,STK,Advertising,Communications,Direct Marketing,COMMON,false,SWAG
525552569,LGO,USD,NASDAQ,US,LARGO INC,STK,Mining,Basic Materials,Metal-Diversified,COMMON,true,LGO
525552660,EXFY,USD,NASDAQ,US,EXPENSIFY INC - A,STK,Software,Technology,Enterprise Software/Serv,COMMON,true,EXFY
525552685,BLZE,USD,NASDAQ,US,BACKBLAZE INC-A,STK,Internet,Communications,Internet Applic Sftwr,COMMON,true,BLZE
525768800,RIVN,USD,NASDAQ,US,RIVIAN AUTOMOTIVE INC-A,STK,Auto Manufacturers,"Consumer, Cyclical",Auto-Cars/Light Trucks,COMMON,true,RIVN
525938862,BHFAM,USD,NASDAQ,US,BRIGHTHOUSE FINANCIAL IN,STK,Insurance,Financial,Life/Health Insurance,PREFERRED,false,BHFAM
526175559,DERM,USD,NASDAQ,US,JOURNEY MEDICAL CORP,STK,Pharmaceuticals,"Consumer, Non-cyclical",Medical-Drugs,COMMON,true,DERM
526206290,BTBD,USD,NASDAQ,US,BT BRANDS INC,STK,Retail,"Consumer, Cyclical",Retail-Restaurants,COMMON,false,BTBD
526399290,EFSCP,USD,NASDAQ,US,ENTERPRISE FINANCIAL SER,STK,Banks,Financial,Commer Banks-Central US,PREFERRED,false,EFSCP
526424674,TOI,USD,NASDAQ,US,ONCOLOGY INSTITUTE INC/THE,STK,Healthcare-Services,"Consumer, Non-cyclical",Medical-Outptnt/Home Med,COMMON,true,TOI
526726594,TROO,USD,NASDAQ,US,TROOPS INC,STK,Diversified Finan Serv,Financial,Finance-Mtge Loan/Banker,COMMON,true,TROO
526726669,PFXNZ,USD,NASDAQ,US,PHENIXFIN CORP,STK,Investment Companies,Financial,Investment Companies,PREFERRED,false,PFXNZ
526726705,BRZE,USD,NASDAQ,US,BRAZE INC-A,STK,Software,Technology,Applications Software,COMMON,true,BRZE
526906130,IREN,USD,NASDAQ,US,IREN LTD,STK,Investment Companies,Financial,Investment Companies,COMMON,true,IREN
527803231,TSAT,USD,NASDAQ,US,TELESAT CORP,STK,Telecommunications,Communications,Satellite Telecom,COMMON,true,TSAT
527091259,ADAMZ,USD,NASDAQ,US,ADAMAS TRUST INC,STK,REITS,Financial,REITS-Mortgage,PREFERRED,false,ADAMZ
528431473,ATLCL,USD,NASDAQ,US,ATLANTICUS HOLDINGS CORP,STK,Diversified Finan Serv,Financial,Finance-Consumer Loans,PREFERRED,false,ATLCL
528660542,IMPPP,USD,NASDAQ,US,IMPERIAL PETROLEUM INC,STK,Transportation,Industrial,Transport-Marine,PREFERRED,false,IMPPP
530090935,CDRO,USD,NASDAQ,US,CODERE ONLINE LUXEMBOURG SA,STK,Entertainment,"Consumer, Cyclical",Internet Gambling,COMMON,false,CDRO
530091808,NVCT,USD,NASDAQ,US,NUVECTIS PHARMA INC,STK,Pharmaceuticals,"Consumer, Non-cyclical",Medical-Drugs,COMMON,true,NVCT
530319709,GRAB,USD,NASDAQ,US,GRAB HOLDINGS LTD - CL A,STK,Internet,Communications,E-Commerce/Services,COMMON,true,GRAB
531047526,RILYG,USD,NASDAQ,US,B RILEY FINANCIAL INC,STK,Diversified Finan Serv,Financial,Finance-Invest Bnkr/Brkr,PREFERRED,false,RILYG
531212328,REFI,USD,NASDAQ,US,CHICAGO ATLANTIC REAL ESTATE,STK,REITS,Financial,REITS-Mortgage,REIT,true,REFI
531494850,OCCIN,USD,NASDAQ,US,OFS CR CO INC TERM PFD STK SER E %,STK,Closed-end Funds,Financial,Closed-end Funds,PREFERRED,false,OCCIN
531495030,NRSN,USD,NASDAQ,US,NEUROSENSE THERAPEUTICS LTD,STK,Biotechnology,"Consumer, Non-cyclical",Medical-Biomedical/Gene,COMMON,false,NRSN
531693453,SLDP,USD,NASDAQ,US,SOLID POWER INC,STK,Auto Parts&amp;Equipment,"Consumer, Cyclical",Auto/Trk Prts&amp;Equip-Orig,COMMON,true,SLDP
532497563,WULF,USD,NASDAQ,US,TERAWULF INC,STK,Investment Companies,Financial,Investment Companies,COMMON,true,WULF
532497638,GNTA,USD,NASDAQ,US,GENENTA SCIENCE SPA - ADR,STK,Biotechnology,"Consumer, Non-cyclical",Medical-Biomedical/Gene,ADR,false,GNTA
532497655,IMMX,USD,NASDAQ,US,IMMIX BIOPHARMA INC,STK,Biotechnology,"Consumer, Non-cyclical",Medical-Biomedical/Gene,COMMON,true,IMMX
532824225,GFGF,USD,NASDAQ,US,GURU FAVORITE STOCKS ETF,STK,,,,ETF,false,GFGF
532829485,NXGL,USD,NASDAQ,US,NEXGEL INC,STK,Pharmaceuticals,"Consumer, Non-cyclical",Medical-Drugs,COMMON,false,NXGL
533620436,FCFS,USD,NASDAQ,US,FIRSTCASH HOLDINGS INC,STK,Retail,"Consumer, Cyclical",Retail-Misc/Diversified,COMMON,true,FCFS
533724935,SSSSL,USD,NASDAQ,US,SURO CAPITAL CORP,STK,Private Equity,Financial,Venture Capital,PREFERRED,false,SSSSL
534453483,HOUR,USD,NASDAQ,US,HOUR LOOP INC,STK,Internet,Communications,E-Commerce/Products,COMMON,false,HOUR
534577583,HYPR,USD,NASDAQ,US,HYPERFINE INC,STK,Healthcare-Products,"Consumer, Non-cyclical",Medical Imaging Systems,COMMON,true,HYPR
534614320,ADSE,USD,NASDAQ,US,ADS-TEC ENERGY PLC,STK,Auto Parts&amp;Equipment,"Consumer, Cyclical",Auto/Trk Prts&amp;Equip-Orig,COMMON,true,ADSE
535392551,BRFH,USD,NASDAQ,US,BARFRESH FOOD GROUP INC,STK,Beverages,"Consumer, Non-cyclical",Beverages-Non-alcoholic,COMMON,false,BRFH
535516214,USCB,USD,NASDAQ,US,USCB FINANCIAL HOLDINGS INC,STK,Commercial Services,"Consumer, Non-cyclical",Commercial Serv-Finance,COMMON,false,USCB
535526231,PPI,USD,NASDAQ,US,ASTORIA REAL ASSETS ETF,STK,,,,ETF,true,PPI
536542030,FCNCO,USD,NASDAQ,US,PFD FIRST CTZNS BANCS *<,STK,Banks,Financial,Commer Banks-Southern US,PREFERRED,false,FCNCO
536581807,AMLX,USD,NASDAQ,US,AMYLYX PHARMACEUTICALS INC,STK,Pharmaceuticals,"Consumer, Non-cyclical",Medical-Drugs,COMMON,true,AMLX
536918639,UMMA,USD,NASDAQ,US,WAHED DOW JONES ISLAMIC WRLD,STK,,,,ETF,false,UMMA
536918672,CURR,USD,NASDAQ,US,CURRENC GROUP INC,STK,Commercial Services,"Consumer, Non-cyclical",Commercial Serv-Finance,COMMON,false,CURR
537162956,NCNO,USD,NASDAQ,US,NCINO INC,STK,Software,Technology,Applications Software,COMMON,true,NCNO
537567399,OXLCZ,USD,NASDAQ,US,OXFORD LANE CAPITAL CORP,STK,Closed-end Funds,Financial,Closed-end Funds,PREFERRED,false,OXLCZ
537638912,TPG,USD,NASDAQ,US,TPG INC,STK,Diversified Finan Serv,Financial,Invest Mgmnt/Advis Serv,COMMON,true,TPG
538132976,CEG,USD,NASDAQ,US,CONSTELLATION ENERGY,STK,Electric,Utilities,Electric-Generation,COMMON,true,CEG
538132986,NSTS,USD,NASDAQ,US,NSTS BANCORP INC,STK,Banks,Financial,Commer Banks Non-US,COMMON,false,NSTS
538132991,SUNFU,USD,NASDAQ,US,SUNFIRE ACQUISITION CORP LTD,STK,Holding Companies-Divers,Diversified,Specified Purpose Acquis,UNIT,false,SUNFU
538837881,SMSA,USD,NASDAQ,US,SAMSARA VISION INC,STK,Healthcare-Products,"Consumer, Non-cyclical",Medical Products,COMMON,false,SMSA
539071831,RHDM,USD,NASDAQ,US,RHODIUM ENTERPRISES INC,STK,Software,Technology,Applications Software,COMMON,false,RHDM
540920354,EART,USD,NASDAQ,US,GX RARE EARTH CRIT MATERIALS,STK,,,,ETF,true,EART
540938309,TCHI,USD,NASDAQ,US,ISHARES MSCI CHINA TECH,STK,,,,ETF,true,TCHI
541265127,CRDO,USD,NASDAQ,US,CREDO TECHNOLOGY GROUP HOLDI,STK,Telecommunications,Communications,Telecommunication Equip,COMMON,true,CRDO
541824027,PDLB,USD,NASDAQ,US,PONCE FINANCIAL GROUP INC,STK,Banks,Financial,Commer Banks-Eastern US,COMMON,true,PDLB
542224936,MTEK,USD,NASDAQ,US,MARIS - TECH LTD,STK,Software,Technology,Applications Software,COMMON,false,MTEK
542225016,NVX,USD,NASDAQ,US,NOVONIX LTD-ADR,STK,Electrical Compo&amp;Equip,Industrial,Batteries/Battery Sys,ADR,true,NVX
542420722,RDTXU,USD,NASDAQ,US,ROMAN DBDR TECH ACQUISITION,STK,Holding Companies-Divers,Diversified,Specified Purpose Acquis,UNIT,false,RDTXU
542577766,PWRD,USD,NASDAQ,US,TCW TRANSFORM SYSTEMS ETF,STK,,,,ETF,true,PWRD
543046219,FLD,USD,NASDAQ,US,FOLD HOLDINGS INC,STK,Diversified Finan Serv,Financial,Finance-Other Services,COMMON,true,FLD
543283590,WRND,USD,NASDAQ,US,NYLI GLOBAL EQ R&D LEAD ETF,STK,,,,ETF,false,WRND
543283593,LRND,USD,NASDAQ,US,NYLI US LRG CAP R&D LEAD-USD,STK,,,,ETF,true,LRND
543500004,PABU,USD,NASDAQ,US,ISHR PAR-ALND CLIM OPT MUE-U,STK,,,,ETF,false,PABU
543507571,WGMI,USD,NASDAQ,US,COINSHARES BITCOIN MINING ET,STK,,,,ETF,true,WGMI
543663098,ALOHA,USD,NASDAQ,US,CARILOHA INC,STK,Retail,"Consumer, Cyclical",Retail-Home Furnishings,COMMON,false,ALOHA
543859614,SKYX,USD,NASDAQ,US,SKYX PLATFORMS CORP,STK,Electronics,Industrial,Electronic Compo-Misc,COMMON,false,SKYX
544787081,ONBPP,USD,NASDAQ,US,FIRST MIDWEST BANCORP,STK,Banks,Financial,Commer Banks-Central US,PREFERRED,false,ONBPP
544927173,ONBPO,USD,NASDAQ,US,OLD NATL BANCORP,STK,Banks,Financial,Commer Banks-Central US,PREFERRED,false,ONBPO
546982670,PULM,USD,NASDAQ,US,PULMATRIX INC,STK,Biotechnology,"Consumer, Non-cyclical",Medical-Biomedical/Gene,COMMON,false,PULM
547618418,POET,USD,NASDAQ,US,POET TECHNOLOGIES INC,STK,Semiconductors,Technology,Electronic Compo-Semicon,COMMON,true,POET
547246854,GECC,USD,NASDAQ,US,GREAT ELM CAPITAL CORP,STK,Investment Companies,Financial,Investment Companies,COMMON,false,GECC
547605251,RGTI,USD,NASDAQ,US,RIGETTI COMPUTING INC,STK,Computers,Technology,Computers,COMMON,true,RGTI
548883324,DRTS,USD,NASDAQ,US,ALPHA TAU MEDICAL LTD,STK,Healthcare-Products,"Consumer, Non-cyclical",X-Ray Equipment,COMMON,true,DRTS
551564629,EMBC,USD,NASDAQ,US,EMBECTA CORP,STK,Healthcare-Products,"Consumer, Non-cyclical",Medical Products,COMMON,true,EMBC
552352768,EKG,USD,NASDAQ,US,FIRST TRUST NASDAQ LUX DIGIT,STK,,,,ETF,true,EKG
552594883,ANTX,USD,NASDAQ,US,AN2 THERAPEUTICS INC,STK,Biotechnology,"Consumer, Non-cyclical",Medical-Biomedical/Gene,COMMON,false,ANTX
554208351,WBD,USD,NASDAQ,US,WARNER BROS DISCOVERY INC,STK,Media,Communications,Broadcast Serv/Program,COMMON,true,WBD
554384637,FRMEP,USD,NASDAQ,US,FIRST MERCHANTS CORP,STK,Banks,Financial,Commer Banks-Central US,PREFERRED,false,FRMEP
554991172,MLTX,USD,NASDAQ,US,MOONLAKE IMMUNOTHERAPEUTICS,STK,Biotechnology,"Consumer, Non-cyclical",Medical-Biomedical/Gene,COMMON,true,MLTX
555711197,ODDS,USD,NASDAQ,US,PACER BLUESTAR DIG ENTERTAIN,STK,,,,ETF,true,ODDS
556067819,APLD,USD,NASDAQ,US,APPLIED DIGITAL CORP,STK,Telecommunications,Communications,Telecom Services,COMMON,true,APLD
556236441,BULD,USD,NASDAQ,US,PACER BLUESTAR ENG FUTURE,STK,,,,ETF,false,BULD
557542298,ARVR,USD,NASDAQ,US,FIRST TRUST INDXX METAVERSE,STK,,,,ETF,true,ARVR
557715643,FDIG,USD,NASDAQ,US,FIDELITY CRYPTO INDU & DGTL,STK,,,,ETF,true,FDIG
557715646,FMET,USD,NASDAQ,US,FIDELITY METAVERSE ETF,STK,,,,ETF,true,FMET
558207322,BLTE,USD,NASDAQ,US,BELITE BIO INC - ADR,STK,Biotechnology,"Consumer, Non-cyclical",Medical-Biomedical/Gene,ADR,false,BLTE
558456273,EVMT,USD,NASDAQ,US,INVESCO ELECT VEH MET COM ST,STK,,,,ETF,true,EVMT
558869874,SOUN,USD,NASDAQ,US,SOUNDHOUND AI INC-A,STK,Software,Technology,Applications Software,COMMON,true,SOUN
559931429,JF,USD,NASDAQ,US,J AND FRIENDS HOLDINGS LTD,STK,Internet,Communications,E-Commerce/Services,ADR,false,JF
559931479,JEPQ,USD,NASDAQ,US,JPM NASDAQ EQUITY PREMIUM,STK,,,,ETF,true,JEPQ
560105364,DKNG,USD,NASDAQ,US,DRAFTKINGS INC-CL A,STK,Entertainment,"Consumer, Cyclical",Internet Gambling,COMMON,true,DKNG
560105384,SOSH,USD,NASDAQ,US,SOS HYDRATION INC,STK,Beverages,"Consumer, Non-cyclical",Beverages-Non-alcoholic,COMMON,false,SOSH
560345118,PEPG,USD,NASDAQ,US,PEPGEN INC,STK,Biotechnology,"Consumer, Non-cyclical",Medical-Biomedical/Gene,COMMON,true,PEPG
560548585,TXMD,USD,NASDAQ,US,THERAPEUTICSMD INC,STK,Pharmaceuticals,"Consumer, Non-cyclical",Medical-Drugs,COMMON,true,TXMD
561196594,ACDC,USD,NASDAQ,US,PROFRAC HOLDING CORP-A,STK,Oil&amp;Gas Services,Energy,Oil-Field Services,COMMON,true,ACDC
561253251,ASPPU,USD,NASDAQ,US,ABRI SPAC 2 INC,STK,Holding Companies-Divers,Diversified,Specified Purpose Acquis,UNIT,false,ASPPU
561253257,ZTOPU,USD,NASDAQ,US,ZI TOPRUN ACQUISITION CORP,STK,Holding Companies-Divers,Diversified,Specified Purpose Acquis,UNIT,false,ZTOPU
561593411,PXS,USD,NASDAQ,US,PYXIS TANKERS INC,STK,Transportation,Industrial,Transport-Marine,COMMON,false,PXS
561593420,RMTI,USD,NASDAQ,US,ROCKWELL MEDICAL INC,STK,Biotechnology,"Consumer, Non-cyclical",Medical-Biomedical/Gene,COMMON,true,RMTI
562463325,KGEI,USD,NASDAQ,US,KOLIBRI GLOBAL ENERGY INC,STK,Oil&amp;Gas,Energy,Oil Comp-Explor&amp;Prodtn,COMMON,false,KGEI
562463370,MOOD,USD,NASDAQ,US,RELATIVE SENTIMENT TACT ALLO,STK,,,,ETF,false,MOOD
562463375,TUGN,USD,NASDAQ,US,STF TACTICAL GROWTH INCOME,STK,,,,ETF,false,TUGN
562463377,TUG,USD,NASDAQ,US,STF TACTICAL GROWTH ETF,STK,,,,ETF,false,TUG
564354644,TOP,USD,NASDAQ,US,TOP FINANCIAL GROUP LTD A,STK,Diversified Finan Serv,Financial,Finance-Invest Bnkr/Brkr,COMMON,false,TOP
564679274,BTMD,USD,NASDAQ,US,BIOTE CORP -A,STK,Healthcare-Services,"Consumer, Non-cyclical",Medical Labs&amp;Testing Srv,COMMON,false,BTMD
564701585,QDEL,USD,NASDAQ,US,QUIDELORTHO CORP,STK,Healthcare-Products,"Consumer, Non-cyclical",Diagnostic Kits,COMMON,true,QDEL
565846817,DOMH,USD,NASDAQ,US,DOMINARI HOLDINGS INC,STK,Diversified Finan Serv,Financial,Invest Mgmnt/Advis Serv,COMMON,true,DOMH
566188877,SYM,USD,NASDAQ,US,SYMBOTIC INC,STK,Machinery-Diversified,Industrial,Industrial Automat/Robot,COMMON,true,SYM
566646082,AFRI,USD,NASDAQ,US,FORAFRIC GLOBAL PLC,STK,Biotechnology,"Consumer, Non-cyclical",Agricultural Biotech,COMMON,false,AFRI
567121076,PETZ,USD,NASDAQ,US,TDH HOLDINGS INC,STK,Food,"Consumer, Non-cyclical",Food-Misc/Diversified,COMMON,false,PETZ
567591004,OXLCN,USD,NASDAQ,US,OXFORD LANE CAP CORP PFD SER 2029 7,STK,Closed-end Funds,Financial,Closed-end Funds,PREFERRED,false,OXLCN
567638367,ALVO,USD,NASDAQ,US,ALVOTECH SA,STK,Biotechnology,"Consumer, Non-cyclical",Medical-Biomedical/Gene,COMMON,false,ALVO
568719600,NERV,USD,NASDAQ,US,MINERVA NEUROSCIENCES INC,STK,Pharmaceuticals,"Consumer, Non-cyclical",Medical-Drugs,COMMON,false,NERV
568735689,IPX,USD,NASDAQ,US,IPERIONX LTD - ADR,STK,Mining,Basic Materials,Metal-Diversified,ADR,true,IPX
568735880,GEGGL,USD,NASDAQ,US,GREAT ELM GROUP INC,STK,Diversified Finan Serv,Financial,Invest Mgmnt/Advis Serv,PREFERRED,false,GEGGL
569346115,INTR,USD,NASDAQ,US,INTER & CO INC - CL A,STK,Banks,Financial,Commer Banks Non-US,COMMON,true,INTR
569570295,ONFO,USD,NASDAQ,US,ONFOLIO HOLDINGS INC,STK,Investment Companies,Financial,Investment Companies,COMMON,false,ONFO
570458255,UTSI,USD,NASDAQ,US,UTSTARCOM HOLDINGS CORP,STK,Telecommunications,Communications,Telecommunication Equip,COMMON,false,UTSI
570487101,AOTG,USD,NASDAQ,US,AOT GROWTH AND INNOVATION,STK,,,,ETF,false,AOTG
570487251,IONR,USD,NASDAQ,US,IONEER LTD - ADR,STK,Mining,Basic Materials,Diversified Minerals,ADR,false,IONR
571221112,ABEO,USD,NASDAQ,US,ABEONA THERAPEUTICS INC,STK,Biotechnology,"Consumer, Non-cyclical",Medical-Biomedical/Gene,COMMON,true,ABEO
571281683,USEA,USD,NASDAQ,US,UNITED MARITIME CORP,STK,Transportation,Industrial,Transport-Marine,COMMON,false,USEA
572125070,IBTM,USD,NASDAQ,US,ISHARES IBNDS DEC 2032 TT,STK,,,,ETF,false,IBTM
572349097,ADTN,USD,NASDAQ,US,ADTRAN HOLDINGS INC,STK,Telecommunications,Communications,Networking Products,COMMON,true,ADTN
573167031,FIP,USD,NASDAQ,US,FTAI INFRASTRUCTURE INC,STK,Commercial Services,"Consumer, Non-cyclical",Public Thoroughfares,COMMON,true,FIP
575413853,OPAL,USD,NASDAQ,US,OPAL FUELS INC-A,STK,Retail,"Consumer, Cyclical",Retail-Petroleum Prod,COMMON,true,OPAL
575890378,SNDL,USD,NASDAQ,US,SNDL INC,STK,Food,"Consumer, Non-cyclical",Food-Retail,COMMON,true,SNDL
576007164,ECBK,USD,NASDAQ,US,ECB BANCORP INC,STK,Banks,Financial,Commer Banks Non-US,COMMON,false,ECBK
576106699,GRNQ,USD,NASDAQ,US,GREENPRO CAPITAL CORP,STK,Diversified Finan Serv,Financial,Finance-Invest Bnkr/Brkr,COMMON,false,GRNQ
576107732,NCRA,USD,NASDAQ,US,NOCERA INC,STK,Environmental Control,Industrial,Environ Consulting&amp;Eng,COMMON,false,NCRA
576124824,WALD,USD,NASDAQ,US,WALDENCAST PLC-A,STK,Cosmetics/Personal Care,"Consumer, Non-cyclical",Cosmetics&amp;Toiletries,COMMON,false,WALD
577461729,RWAYL,USD,NASDAQ,US,RUNWAY GROWTH FINANCE CORP,STK,Investment Companies,Financial,Investment Companies,PREFERRED,false,RWAYL
577609680,FSUN,USD,NASDAQ,US,FIRSTSUN CAPITAL BANCORP,STK,Banks,Financial,Commer Banks-Central US,COMMON,false,FSUN
577724631,SUIG,USD,NASDAQ,US,SUI GROUP HOLDINGS LTD,STK,Investment Companies,Financial,Investment Companies,COMMON,true,SUIG
578561419,AAPU,USD,NASDAQ,US,DIREXION DAILY AAPL BULL 2X,STK,,,,ETF,true,AAPU
578561422,AAPD,USD,NASDAQ,US,DIREXION DAILY AAPL BEAR 1X,STK,,,,ETF,true,AAPD
578561429,TSLL,USD,NASDAQ,US,DIRX DLY TSLA BUL 2X ETF-AUI,STK,,,,ETF,true,TSLL
578561449,TSL,USD,NASDAQ,US,GRANITESHARES 1.25 LONG TSLA,STK,,,,ETF,true,TSL
578561452,CONL,USD,NASDAQ,US,GRANITESH 2X LNG COIN ETF-US,STK,,,,ETF,true,CONL
578561458,AAPB,USD,NASDAQ,US,GRANITESHARES 2X LONG AAPL D,STK,,,,ETF,true,AAPB
578561469,UTEN,USD,NASDAQ,US,F/M US TREASURY 10 YEAR NOTE,STK,,,,ETF,true,UTEN
578561472,UTWO,USD,NASDAQ,US,F/M US TREASURY 2 YEAR NOTE,STK,,,,ETF,true,UTWO
578561477,TBIL,USD,NASDAQ,US,F/M US TREASURY 3 MONTH BILL,STK,,,,ETF,true,TBIL
578832132,SNTG,USD,NASDAQ,US,SENTAGE HOLDINGS INC,STK,Diversified Finan Serv,Financial,Finance-Other Services,COMMON,false,SNTG
579315774,ROOT,USD,NASDAQ,US,ROOT INC/OH -CLASS A,STK,Insurance,Financial,Property/Casualty Ins,COMMON,true,ROOT
579683988,AMID,USD,NASDAQ,US,ARGENT MID CAP ETF,STK,,,,ETF,false,AMID
579848128,GCT,USD,NASDAQ,US,GIGACLOUD TECHNOLOGY INC - A,STK,Software,Technology,Applications Software,COMMON,true,GCT
581259222,MSBIP,USD,NASDAQ,US,MIDL.STS BANC.INC ILL DEP.SHS REPST,STK,Banks,Financial,Commer Banks-Central US,PREFERRED,false,MSBIP
581445011,PDBA,USD,NASDAQ,US,INVESCO AGRICULTURE CMDTYK-1,STK,,,,ETF,true,PDBA
582044908,SLNO,USD,VALUE,US,SOLENO THERAPEUTICS INC,STK,Biotechnology,"Consumer, Non-cyclical",Medical-Biomedical/Gene,COMMON,false,SLNO
582325897,WEST,USD,NASDAQ,US,WESTROCK COFFEE CO,STK,Beverages,"Consumer, Non-cyclical",Coffee,COMMON,true,WEST
582530280,JUNS,USD,NASDAQ,US,JUPITER NEUROSCIENCES INC,STK,Biotechnology,"Consumer, Non-cyclical",Medical-Biomedical/Gene,COMMON,false,JUNS
582720597,VANI,USD,NASDAQ,US,VIVANI MEDICAL INC,STK,Healthcare-Products,"Consumer, Non-cyclical",Medical Products,COMMON,true,VANI
583996482,AMZD,USD,NASDAQ,US,DIREXION DAILY AMZN BEAR 1X,STK,,,,ETF,true,AMZD
583996487,AMZU,USD,NASDAQ,US,DIRE DLY AMZN BUL 2X ETF-USD,STK,,,,ETF,true,AMZU
583996488,GGLL,USD,NASDAQ,US,DIREXION DAILY GOOGL BULL 2X,STK,,,,ETF,true,GGLL
583996493,GGLS,USD,NASDAQ,US,DIREXION DAILY GOOGL BEAR 1X,STK,,,,ETF,true,GGLS
583996499,MSFD,USD,NASDAQ,US,DIRXN DLY MSFT BEAR 1X E-USI,STK,,,,ETF,true,MSFD
583996502,MSFU,USD,NASDAQ,US,DIREXION DAILY MSFT BULL 2X,STK,,,,ETF,true,MSFU
584128134,BSJU,USD,NASDAQ,US,INVESCO BULLETSHARES 2030 HY,STK,,,,ETF,false,BSJU
584128137,BSCW,USD,NASDAQ,US,INVESCO BULLETSHARES 2032 CB,STK,,,,ETF,false,BSCW
695299875,ZOOZ,USD,NASDAQ,US,ZOOZ STRATEGY LTD,STK,Electrical Compo&amp;Equip,Industrial,Power Conv/Supply Equip,COMMON,false,ZOOZ
585010756,ADEA,USD,NASDAQ,US,ADEIA INC,STK,Software,Technology,Computer Software,COMMON,true,ADEA
585033148,EU,USD,NASDAQ,US,ENCORE ENERGY CORP,STK,Mining,Basic Materials,Non-Ferrous Metals,COMMON,true,EU
585306004,LSTA,USD,NASDAQ,US,LISATA THERAPEUTICS INC,STK,Healthcare-Services,"Consumer, Non-cyclical",Medical Labs&amp;Testing Srv,COMMON,false,LSTA
585323042,AGNCL,USD,NASDAQ,US,AGNC INVT CORP DEP SHS REPSTG 1/100,STK,REITS,Financial,REITS-Mortgage,PREFERRED,false,AGNCL
585323059,SILO,USD,NASDAQ,US,SILO PHARMA INC,STK,Biotechnology,"Consumer, Non-cyclical",Medical-Biomedical/Gene,COMMON,false,SILO
586067695,NXL,USD,NASDAQ,US,NEXALIN TECHNOLOGY INC,STK,Healthcare-Products,"Consumer, Non-cyclical",Medical Products,COMMON,false,NXL
586264441,RUM,USD,NASDAQ,US,RUMBLE INC,STK,Internet,Communications,Internet Content-Info/Ne,COMMON,true,RUM
587052099,CCSO,USD,NASDAQ,US,CRBN CLCTV CLM SOL US EQY,STK,,,,ETF,false,CCSO
587842002,SBC,USD,NASDAQ,US,SBC MEDICAL GROUP HOLDINGS I,STK,Healthcare-Services,"Consumer, Non-cyclical",Medical Labs&amp;Testing Srv,COMMON,false,SBC
588177199,MBINM,USD,NASDAQ,US,MERCHANTS BANCORP IND DEP SHS REPST,STK,Banks,Financial,Commer Banks-Central US,PREFERRED,false,MBINM
588188171,GLDI,USD,NASDAQ,US,UBS AG ET GL SHR COVR CL ETN,STK,,,,ETF,false,GLDI
588188244,SLVO,USD,NASDAQ,US,UBS AG ETRACS SL SH CO C ETN,STK,,,,ETF,false,SLVO
588188278,USOI,USD,NASDAQ,US,UBS AG ETR CR OIL SHAR COV,STK,,,,ETF,false,USOI
588579233,DIVD,USD,NASDAQ,US,ALTRIUS GLOBAL DIVIDEND ETF,STK,,,,ETF,false,DIVD
588624356,LASE,USD,NASDAQ,US,LASER PHOTONICS CORP,STK,Machinery-Diversified,Industrial,Machinery-General Indust,COMMON,true,LASE
589098774,MAXI,USD,NASDAQ,US,SIMPLIFY BITCOIN STR PL INC,STK,,,,ETF,true,MAXI
589316218,BHRB,USD,NASDAQ,US,BURKE & HERBERT FINANCIAL SE,STK,Banks,Financial,Commer Banks-Southern US,COMMON,false,BHRB
589316251,TEAM,USD,NASDAQ,US,ATLASSIAN CORP-CL A,STK,Software,Technology,Enterprise Software/Serv,COMMON,true,TEAM
589640494,ZYME,USD,NASDAQ,US,ZYMEWORKS INC,STK,Biotechnology,"Consumer, Non-cyclical",Medical-Biomedical/Gene,COMMON,true,ZYME
590251704,ALPX,USD,NASDAQ,US,ALOPEXX INC,STK,Biotechnology,"Consumer, Non-cyclical",Medical-Biomedical/Gene,COMMON,false,ALPX
590686140,COCP,USD,NASDAQ,US,COCRYSTAL PHARMA INC,STK,Pharmaceuticals,"Consumer, Non-cyclical",Medical-Generic Drugs,COMMON,false,COCP
590844633,MODL,USD,NASDAQ,US,VICTORYSHARES WESTEND US SEC,STK,,,,ETF,false,MODL
591000342,SDSI,USD,NASDAQ,US,AMER CENT SH DUR STRAT INC,STK,,,,ETF,false,SDSI
591000345,QQQS,USD,NASDAQ,US,INVESCO NASDAQ FUT GEN 200,STK,,,,ETF,false,QQQS
591000348,BRNY,USD,NASDAQ,US,BURNEY US FACTOR ROTATION,STK,,,,ETF,false,BRNY
592234878,ASPI,USD,NASDAQ,US,ASP ISOTOPES INC,STK,Energy-Alternate Sources,Energy,Energy-Alternate Sources,COMMON,true,ASPI
592307579,PRME,USD,NASDAQ,US,PRIME MEDICINE INC,STK,Biotechnology,"Consumer, Non-cyclical",Medical-Biomedical/Gene,COMMON,true,PRME
593186022,UYLD,USD,NASDAQ,US,ANGEL OAK ULTRASHORT INCOME,STK,,,,ETF,false,UYLD
593186034,OABI,USD,NASDAQ,US,OMNIAB INC,STK,Healthcare-Products,"Consumer, Non-cyclical",Diagnostic Equipment,COMMON,true,OABI
593660024,MBLY,USD,NASDAQ,US,MOBILEYE GLOBAL INC-A,STK,Auto Parts&amp;Equipment,"Consumer, Cyclical",Auto/Trk Prts&amp;Equip-Orig,COMMON,true,MBLY
593821783,HOTH,USD,NASDAQ,US,HOTH THERAPEUTICS INC,STK,Biotechnology,"Consumer, Non-cyclical",Medical-Biomedical/Gene,COMMON,false,HOTH
593821841,TLPH,USD,NASDAQ,US,TALPHERA INC,STK,Pharmaceuticals,"Consumer, Non-cyclical",Medical-Drugs,COMMON,true,TLPH
593850388,FTGS,USD,NASDAQ,US,FIRST TRUST GRWTH STRGTH ETF,STK,,,,ETF,false,FTGS
594322579,SLDB,USD,NASDAQ,US,SOLID BIOSCIENCES INC,STK,Biotechnology,"Consumer, Non-cyclical",Medical-Biomedical/Gene,COMMON,true,SLDB
594761657,DVAL,USD,NASDAQ,US,BRANDYWINEGLOBAL DYN US LCV,STK,,,,ETF,false,DVAL
594969286,AMBR,USD,NASDAQ,US,AMBER INTERNATIONAL HOLDING,STK,Banks,Financial,Fiduciary Banks,ADR,true,AMBR
595177728,POCI,USD,NASDAQ,US,PRECISION OPTICS CORP INC,STK,Healthcare-Products,"Consumer, Non-cyclical",Optical Supplies,COMMON,false,POCI
595398654,EFRA,USD,NASDAQ,US,ISHARES ENV INFR AND INDUST,STK,,,,ETF,false,EFRA
596111491,CARY,USD,NASDAQ,US,ANGEL OAK INCOME ETF,STK,,,,ETF,false,CARY
596365120,ALAR,USD,NASDAQ,US,ALARUM TECHNOLOGIES LTD-ADR,STK,Computers,Technology,Computer Data Security,ADR,false,ALAR
596545577,GDC,USD,NASDAQ,US,GD CULTURE GROUP LTD,STK,Environmental Control,Industrial,Pollution Control,COMMON,false,GDC
596545634,SNAL,USD,NASDAQ,US,SNAIL INC - CLASS A,STK,Software,Technology,Entertainment Software,COMMON,false,SNAL
596739232,ACRV,USD,NASDAQ,US,ACRIVON THERAPEUTICS INC,STK,Biotechnology,"Consumer, Non-cyclical",Medical-Biomedical/Gene,COMMON,false,ACRV
596740384,MSGM,USD,NASDAQ,US,MOTORSPORT GAMES INC-A,STK,Software,Technology,Entertainment Software,COMMON,false,MSGM
596991409,RNTX,USD,NASDAQ,US,REIN THERAPEUTICS INC,STK,Biotechnology,"Consumer, Non-cyclical",Medical-Biomedical/Gene,COMMON,false,RNTX
597016366,FTAI,USD,NASDAQ,US,FTAI AVIATION LTD,STK,Aerospace/Defense,Industrial,Aerospace/Defense-Equip,COMMON,true,FTAI
597278827,FTAIN,USD,NASDAQ,US,FTAI AVIATION CUM PFD SHS SER C,STK,Aerospace/Defense,Industrial,Aerospace/Defense-Equip,PREFERRED,false,FTAIN
597690534,PSHG,USD,NASDAQ,US,PERFORMANCE SHIPPING INC,STK,Transportation,Industrial,Transport-Marine,COMMON,false,PSHG
597691628,OBIL,USD,NASDAQ,US,F/M US TREASURY 12 MONTH BIL,STK,,,,ETF,false,OBIL
597954936,HIDE,USD,NASDAQ,US,ALPHA ARC HIGH INF & DEF ETF,STK,,,,ETF,false,HIDE
598082589,ERET,USD,NASDAQ,US,ISHARES ENV AWARE RE ESTATE,STK,,,,ETF,false,ERET
598680080,GOCO,USD,NASDAQ,US,GOHEALTH INC-CLASS A,STK,Insurance,Financial,Life/Health Insurance,COMMON,false,GOCO
598714460,ALMU,USD,NASDAQ,US,AELUMA INC,STK,Semiconductors,Technology,Electronic Compo-Semicon,COMMON,true,ALMU
599226320,EBON,USD,NASDAQ,US,EBANG INTERNATIONAL HLDGS-A,STK,Computers,Technology,Computers,COMMON,false,EBON
599376426,NAMS,USD,NASDAQ,US,NEWAMSTERDAM PHARMA CO NV,STK,Biotechnology,"Consumer, Non-cyclical",Medical-Biomedical/Gene,COMMON,true,NAMS
599857966,ASTC,USD,NASDAQ,US,ASTROTECH CORP,STK,Aerospace/Defense,Industrial,Aerospace/Defense,COMMON,false,ASTC
599866827,MBAI,USD,NASDAQ,US,CHECK CAP LTD,STK,Healthcare-Products,"Consumer, Non-cyclical",Medical Imaging Systems,COMMON,false,MBAI
600801557,TARK,USD,NASDAQ,US,TRADR 2X LONG INNOVATION ETF,STK,,,,ETF,true,TARK
601755345,LCFY,USD,NASDAQ,US,LOCAFY LTD,STK,Software,Technology,Applications Software,COMMON,false,LCFY
601776304,SODR,USD,NASDAQ,US,SONDORS INC,STK,Leisure Time,"Consumer, Cyclical",Motorcycle/Motor Scooter,COMMON,false,SODR
601776309,GEHC,USD,NASDAQ,US,GE HEALTHCARE TECHNOLOGY,STK,Healthcare-Products,"Consumer, Non-cyclical",Medical Imaging Systems,COMMON,true,GEHC
602261422,FBL,USD,NASDAQ,US,GRANITESH 2XLNG META ETF-USD,STK,,,,ETF,true,FBL
602261424,NVDL,USD,NASDAQ,US,GRANITESH 2X LNG NVDA ETF,STK,,,,ETF,true,NVDL
602261429,BABX,USD,NASDAQ,US,GRANITESH 2XLNG BABA ETF-USD,STK,,,,ETF,true,BABX
602419760,FGNXP,USD,NASDAQ,US,FG FINANCIAL GROUP INC,STK,Insurance,Financial,Property/Casualty Ins,PREFERRED,false,FGNXP
602439344,BKCH,USD,NASDAQ,US,GLOBAL X BLOCKCHAIN ETF,STK,,,,ETF,true,BKCH
602747216,BITS,USD,NASDAQ,US,GLOBAL X BLOCK & BIT STRAT,STK,,,,ETF,true,BITS
602747255,SRET,USD,NASDAQ,US,GLOBAL X SUPERDIVIDEND REIT,STK,,,,ETF,true,SRET
603558693,COSM,USD,NASDAQ,US,COSMOS HEALTH INC,STK,Pharmaceuticals,"Consumer, Non-cyclical",Medical-Drugs,COMMON,true,COSM
604408699,MDWD,USD,NASDAQ,US,MEDIWOUND LTD,STK,Pharmaceuticals,"Consumer, Non-cyclical",Pharmacy Services,COMMON,true,MDWD
604571755,HUAK,USD,NASDAQ,US,HUAKE HOLDING BIOLOGY CO-A,STK,,,,COMMON,false,HUAK
604572036,ECX,USD,NASDAQ,US,ECARX HOLDINGS INC-CL A,STK,Auto Parts&amp;Equipment,"Consumer, Cyclical",Auto/Trk Prts&amp;Equip-Orig,COMMON,false,ECX
604737263,COWG,USD,NASDAQ,US,PACER US LRG CAP COWS GR LD,STK,,,,ETF,true,COWG
604993469,ATLX,USD,NASDAQ,US,ATLAS LITHIUM INC,STK,Mining,Basic Materials,Diversified Minerals,COMMON,true,ATLX
605219344,STNC,USD,NASDAQ,US,HENNESSY SUSTAINABLE ETF,STK,,,,ETF,false,STNC
605334225,AEI,USD,NASDAQ,US,ALSET INC,STK,Real Estate,Financial,Real Estate Oper/Develop,COMMON,false,AEI
605552357,COYA,USD,NASDAQ,US,COYA THERAPEUTICS INC,STK,Biotechnology,"Consumer, Non-cyclical",Medical-Biomedical/Gene,COMMON,true,COYA
605953782,IRON,USD,NASDAQ,US,DISC MEDICINE INC,STK,Biotechnology,"Consumer, Non-cyclical",Medical-Biomedical/Gene,COMMON,true,IRON
606796367,AYTU,USD,NASDAQ,US,AYTU BIOPHARMA INC,STK,Pharmaceuticals,"Consumer, Non-cyclical",Medical-Drugs,COMMON,false,AYTU
606796369,DAVE,USD,NASDAQ,US,DAVE INC,STK,Diversified Finan Serv,Financial,Finance-Consumer Loans,COMMON,true,DAVE
607067934,ATHE,USD,NASDAQ,US,ALTERITY THERAPEUTICS-ADR,STK,Biotechnology,"Consumer, Non-cyclical",Medical-Biomedical/Gene,ADR,false,ATHE
607501710,BPRN,USD,NASDAQ,US,PRINCETON BANCORP INC,STK,Banks,Financial,Commer Banks Non-US,COMMON,false,BPRN
607676694,CLOA,USD,NASDAQ,US,ISHARES AAA CLO ACT ETF-USDI,STK,,,,ETF,false,CLOA
608013070,SKWD,USD,NASDAQ,US,SKYWARD SPECIALTY INSURANCE,STK,Insurance,Financial,Property/Casualty Ins,COMMON,true,SKWD
608473700,JFU,USD,NASDAQ,US,9F INC - ADR,STK,Diversified Finan Serv,Financial,Finance-Invest Bnkr/Brkr,ADR,false,JFU
608754324,BFRG,USD,NASDAQ,US,BULLFROG AI HOLDINGS INC,STK,Biotechnology,"Consumer, Non-cyclical",Medical-Biomedical/Gene,COMMON,false,BFRG
608754331,HERE,USD,NASDAQ,US,HERE GROUP LTD,STK,Toys/Games/Hobbies,"Consumer, Cyclical",Toys,ADR,false,HERE
609539190,FSEA,USD,NASDAQ,US,FIRST SEACOAST BANCORP INC,STK,Banks,Financial,Commer Banks-Eastern US,COMMON,false,FSEA
609748235,OCSL,USD,NASDAQ,US,OAKTREE SPECIALTY LENDING CO,STK,Investment Companies,Financial,Investment Companies,COMMON,true,OCSL
610416456,BAER,USD,NASDAQ,US,BRIDGER AEROSPACE GROUP HOLD,STK,Engineering&amp;Construction,Industrial,Airport Develop/Maint,COMMON,false,BAER
610690103,SWVL,USD,NASDAQ,US,SWVL HOLDINGS CORP,STK,Internet,Communications,Internet Content-Info/Ne,COMMON,false,SWVL
610714371,GNLX,USD,NASDAQ,US,GENELUX CORP,STK,Biotechnology,"Consumer, Non-cyclical",Medical-Biomedical/Gene,COMMON,true,GNLX
610715913,LRE,USD,NASDAQ,US,LEAD REAL ESTATE CO LTD,STK,Home Builders,"Consumer, Cyclical",Bldg-Residential/Commer,ADR,false,LRE
610948477,MRKR,USD,NASDAQ,US,MARKER THERAPEUTICS INC,STK,Biotechnology,"Consumer, Non-cyclical",Medical-Biomedical/Gene,COMMON,false,MRKR
610948488,OBIO,USD,NASDAQ,US,ORCHESTRA BIOMED HOLDINGS IN,STK,Healthcare-Products,"Consumer, Non-cyclical",Medical Products,COMMON,true,OBIO
611166235,CRGO,USD,NASDAQ,US,FREIGHTOS LTD,STK,Transportation,Industrial,Transport-Services,COMMON,false,CRGO
611462812,MEDX,USD,NASDAQ,US,HORIZON KINETICS MEDICAL ETF,STK,,,,ETF,false,MEDX
611462816,SPAQ,USD,NASDAQ,US,HORIZON KINETICS SPAC ACTIVE,STK,,,,ETF,false,SPAQ
611584552,SETM,USD,NASDAQ,US,SPROTT CRITICAL MATERIAL ETF,STK,,,,ETF,false,SETM
611584557,COPJ,USD,NASDAQ,US,SPROTT JR COPPER MINERS ETF,STK,,,,ETF,true,COPJ
611584563,URNJ,USD,NASDAQ,US,SPROTT JR URANIUM MINERS ETF,STK,,,,ETF,true,URNJ
611584566,LITP,USD,NASDAQ,US,SPROTT LITHIUM MINERS ETF,STK,,,,ETF,false,LITP
611992952,GPCR,USD,NASDAQ,US,STRUCTURE THERAPEUTICS INC,STK,Biotechnology,"Consumer, Non-cyclical",Medical-Biomedical/Gene,ADR,true,GPCR
612730018,UNIY,USD,NASDAQ,US,WT VOYA YLD ENH USD UNIV BND,STK,,,,ETF,false,UNIY
613031001,HSAI,USD,NASDAQ,US,HESAI GROUP,STK,Electronics,Industrial,Electronic Measur Instr,ADR,true,HSAI
613058308,NXT,USD,NASDAQ,US,NEXTPOWER INC-CL A,STK,Energy-Alternate Sources,Energy,Energy-Alternate Sources,COMMON,true,NXT
613058315,MLYS,USD,NASDAQ,US,MINERALYS THERAPEUTICS INC,STK,Biotechnology,"Consumer, Non-cyclical",Medical-Biomedical/Gene,COMMON,true,MLYS
613335259,GFAI,USD,NASDAQ,US,GUARDFORCE AI CO LTD,STK,Commercial Services,"Consumer, Non-cyclical",Security Services,COMMON,false,GFAI
613575601,APRE,USD,NASDAQ,US,APREA THERAPEUTICS INC ,STK,Biotechnology,"Consumer, Non-cyclical",Medical-Biomedical/Gene,COMMON,false,APRE
613575628,VYNE,USD,NASDAQ,US,VYNE THERAPEUTICS INC,STK,Biotechnology,"Consumer, Non-cyclical",Medical-Biomedical/Gene,COMMON,false,VYNE
613910253,CRBP,USD,NASDAQ,US,CORBUS PHARMACEUTICALS HOLDI,STK,Pharmaceuticals,"Consumer, Non-cyclical",Medical-Drugs,COMMON,true,CRBP
613910262,LUNR,USD,NASDAQ,US,INTUITIVE MACHINES INC,STK,Aerospace/Defense,Industrial,Aerospace/Defense,COMMON,true,LUNR
613919720,SUPP,USD,NASDAQ,US,TCW TRANSFORM SUPPLY CHAIN E,STK,,,,ETF,false,SUPP
613919734,TORO,USD,NASDAQ,US,TORO CORP,STK,Transportation,Industrial,Transport-Marine,COMMON,true,TORO
614039290,ECOR,USD,NASDAQ,US,ELECTROCORE INC,STK,Biotechnology,"Consumer, Non-cyclical",Medical-Biomedical/Gene,COMMON,false,ECOR
614232395,SHIP,USD,NASDAQ,US,SEANERGY MARITIME HOLDINGS,STK,Transportation,Industrial,Transport-Marine,COMMON,true,SHIP
614233496,VGAS,USD,NASDAQ,US,VERDE CLEAN FUELS INC,STK,Energy-Alternate Sources,Energy,Energy-Alternate Sources,COMMON,false,VGAS
626106921,BTQ,USD,NASDAQ,US,BTQ TECHNOLOGIES CORP,STK,Computers,Technology,Computer Services,COMMON,true,BTQ
615079830,VEON,USD,NASDAQ,US,VEON LTD,STK,Telecommunications,Communications,Telecom Services,ADR,true,VEON
615910428,AMST,USD,NASDAQ,US,AMESITE INC,STK,Software,Technology,Medical Information Sys,COMMON,false,AMST
616131334,ELVN,USD,NASDAQ,US,ENLIVEN THERAPEUTICS INC,STK,Pharmaceuticals,"Consumer, Non-cyclical",Medical-Drugs,COMMON,true,ELVN
616507089,TPCS,USD,NASDAQ,US,TECHPRECISION CORP,STK,Metal Fabricate/Hardware,Industrial,Metal Processors&amp;Fabrica,COMMON,false,TPCS
616692510,NYX,USD,NASDAQ,US,NYIAX INC,STK,Advertising,Communications,Advertising Services,COMMON,false,NYX
616868642,APM,USD,NASDAQ,US,APTORUM GROUP LTD-CLASS A,STK,Biotechnology,"Consumer, Non-cyclical",Medical-Biomedical/Gene,COMMON,false,APM
617155599,LIN,USD,NASDAQ,US,LINDE PLC,STK,Chemicals,Basic Materials,Industrial Gases,COMMON,true,LIN
617184867,CD,USD,NASDAQ,US,CHAINCE DIGITAL HOLDINGS INC,STK,Commercial Services,"Consumer, Non-cyclical",Human Resources,COMMON,true,CD
617188360,BMR,USD,NASDAQ,US,BEAMR IMAGING LTD,STK,Software,Technology,Applications Software,COMMON,false,BMR
617189826,HBANL,USD,NASDAQ,US,HUNTINGTON BANCSHARES,STK,Banks,Financial,Super-Regional Banks-US,PREFERRED,false,HBANL
617303504,RKDA,USD,NASDAQ,US,ARCADIA BIOSCIENCES INC,STK,Biotechnology,"Consumer, Non-cyclical",Agricultural Biotech,COMMON,false,RKDA
617333308,BSMW,USD,NASDAQ,US,INVESCO BULLETSHARES 2032 MB,STK,,,,ETF,false,BSMW
617462335,CXAI,USD,NASDAQ,US,CXAPP INC,STK,Software,Technology,Enterprise Software/Serv,COMMON,true,CXAI
617701348,OCS,USD,NASDAQ,US,OCULIS HOLDING AG,STK,Biotechnology,"Consumer, Non-cyclical",Medical-Biomedical/Gene,COMMON,true,OCS
618187454,MAKO,USD,NASDAQ,US,MAKO MINING CORP,STK,Mining,Basic Materials,Diversified Minerals,COMMON,false,MAKO
618189401,XBIL,USD,NASDAQ,US,F/M US TREASURY 6 MONTH BILL,STK,,,,ETF,true,XBIL
618449783,ADAM,USD,NASDAQ,US,ADAMAS TRUST INC,STK,REITS,Financial,REITS-Mortgage,REIT,true,ADAM
618681637,FTAIM,USD,NASDAQ,US,FTAI AVIATION LTD,STK,Aerospace/Defense,Industrial,Aerospace/Defense-Equip,PREFERRED,false,FTAIM
618978009,BSVO,USD,NASDAQ,US,EA BRIDGEWAY OMNI SM-CP VAL,STK,,,,ETF,true,BSVO
619557147,IZM,USD,NASDAQ,US,ICZOOM GROUP INC -CLASS A,STK,Internet,Communications,E-Commerce/Products,COMMON,false,IZM
619792997,ICG,USD,NASDAQ,US,INTCHAINS GROUP LTD-ADR,STK,Semiconductors,Technology,Electronic Compo-Semicon,ADR,false,ICG
620888438,CALC,USD,NASDAQ,US,CALCIMEDICA INC,STK,Pharmaceuticals,"Consumer, Non-cyclical",Medical-Drugs,COMMON,true,CALC
620888534,AENT,USD,NASDAQ,US,ALLIANCE ENTERTAINMENT HOLDI,STK,Distribution/Wholesale,"Consumer, Cyclical",Distribution/Wholesale,COMMON,false,AENT
620917098,NB,USD,NASDAQ,US,NIOCORP DEVELOPMENTS LTD,STK,Mining,Basic Materials,Diversified Minerals,COMMON,true,NB
621514176,ZURA,USD,NASDAQ,US,ZURA BIO LTD,STK,Biotechnology,"Consumer, Non-cyclical",Medical-Biomedical/Gene,COMMON,true,ZURA
621705680,BAOS,USD,NASDAQ,US,BAOSHENG MEDIA GROUP HOLDING,STK,Internet,Communications,E-Marketing/Info,COMMON,false,BAOS
621734916,NIKL,USD,NASDAQ,US,SPROTT NICKEL MINERS ETF,STK,,,,ETF,false,NIKL
621937566,STHO,USD,NASDAQ,US,STAR HOLDINGS,STK,Real Estate,Financial,Real Estate Oper/Develop,COMMON,true,STHO
622469947,CREX,USD,NASDAQ,US,CREATIVE REALITIES INC,STK,Home Furnishings,"Consumer, Cyclical",Audio/Video Products,COMMON,false,CREX
622498017,UTRE,USD,NASDAQ,US,F/M US TREASURY 3 YEAR NOTE,STK,,,,ETF,false,UTRE
622498020,UTWY,USD,NASDAQ,US,F/M US TREASURY 20 YEAR BOND,STK,,,,ETF,true,UTWY
622498027,UTHY,USD,NASDAQ,US,F/M US TREASURY 30 YEAR BOND,STK,,,,ETF,true,UTHY
622498030,UFIV,USD,NASDAQ,US,F/M US TREASURY 5 YEAR NOTE,STK,,,,ETF,false,UFIV
622498037,ETEC,USD,NASDAQ,US,ISHARES BRKTHR ENVIR SOL ETF,STK,,,,ETF,false,ETEC
622831777,USVN,USD,NASDAQ,US,F/M US TREASURY 7 YEAR NOTE,STK,,,,ETF,false,USVN
622831780,HLP,USD,NASDAQ,US,HONGLI GROUP INC,STK,Iron/Steel,Basic Materials,Steel-Producers,COMMON,false,HLP
623526584,MGIH,USD,NASDAQ,US,MILLENNIUM GROUP INTERNATION,STK,Packaging&amp;Containers,Industrial,Containers-Paper/Plastic,COMMON,false,MGIH
623590540,SFWL,USD,NASDAQ,US,SHENGFENG DEVELOPMENT LTD-A,STK,Transportation,Industrial,Transport-Services,COMMON,false,SFWL
624068889,ISPR,USD,NASDAQ,US,ISPIRE TECHNOLOGY INC,STK,Agriculture,"Consumer, Non-cyclical",Tobacco,COMMON,true,ISPR
624402271,IBOT,USD,NASDAQ,US,VANECK ROBOTICS ETF,STK,,,,ETF,true,IBOT
625090661,MKAM,USD,NASDAQ,US,MKAM ETF,STK,,,,ETF,false,MKAM
625287728,GDTC,USD,NASDAQ,US,CYTOMED THERAPEUTICS LTD,STK,Biotechnology,"Consumer, Non-cyclical",Medical-Biomedical/Gene,COMMON,false,GDTC
625287738,OUST,USD,NASDAQ,US,OUSTER INC,STK,Semiconductors,Technology,Electronic Compo-Semicon,COMMON,true,OUST
625545608,BTDR,USD,NASDAQ,US,BITDEER TECHNOLOGIES GROUP-A,STK,Investment Companies,Financial,Investment Companies,COMMON,true,BTDR
625793092,LITS,USD,NASDAQ,US,LITE STRATEGY INC,STK,Biotechnology,"Consumer, Non-cyclical",Medical-Biomedical/Gene,COMMON,true,LITS
625793104,FIEE,USD,NASDAQ,US,FIEE INC,STK,Telecommunications,Communications,Telecommunication Equip,COMMON,false,FIEE
625797633,SSII,USD,NASDAQ,US,SS INNOVATIONS INTERNATIONAL,STK,Healthcare-Products,"Consumer, Non-cyclical",Medical Instruments,COMMON,false,SSII
626448008,USGO,USD,NASDAQ,US,US GOLDMINING INC,STK,Mining,Basic Materials,Gold Mining,COMMON,false,USGO
627816288,ALTI,USD,NASDAQ,US,ALTI GLOBAL INC,STK,Diversified Finan Serv,Financial,Invest Mgmnt/Advis Serv,COMMON,true,ALTI
628616566,IMPP,USD,NASDAQ,US,IMPERIAL PETROLEUM INC,STK,Transportation,Industrial,Transport-Marine,COMMON,true,IMPP
629043852,CAFG,USD,NASDAQ,US,PACER US SC CASH COW GR LEAD,STK,,,,ETF,true,CAFG
629256622,WGS,USD,NASDAQ,US,GENEDX HOLDINGS CORP ,STK,Healthcare-Services,"Consumer, Non-cyclical",Medical Labs&amp;Testing Srv,COMMON,true,WGS
630412606,BDGS,USD,NASDAQ,US,BRIDGES CAPITAL TACT ETF,STK,,,,ETF,false,BDGS
630679737,LPCN,USD,NASDAQ,US,LIPOCINE INC,STK,Pharmaceuticals,"Consumer, Non-cyclical",Medical-Drugs,COMMON,false,LPCN
630918363,XBIO,USD,NASDAQ,US,XENETIC BIOSCIENCES INC,STK,Biotechnology,"Consumer, Non-cyclical",Medical-Biomedical/Gene,COMMON,false,XBIO
631231362,GREE,USD,NASDAQ,US,GREENIDGE GENERATION HOLDING ,STK,Commercial Services,"Consumer, Non-cyclical",Building-Maint&amp;Service,COMMON,false,GREE
631232085,CYCN,USD,NASDAQ,US,CYCLERION THERAPEUTICS INC ,STK,Pharmaceuticals,"Consumer, Non-cyclical",Medical-Drugs,COMMON,false,CYCN
631370187,LAES,USD,NASDAQ,US,SEALSQ CORP,STK,Semiconductors,Technology,Electronic Compo-Semicon,COMMON,true,LAES
631537059,SDA,USD,NASDAQ,US,SUNCAR TECHNOLOGY GROUP IN-A,STK,Internet,Communications,E-Commerce/Services,COMMON,false,SDA
631538926,TLN,USD,NASDAQ,US,TALEN ENERGY CORP,STK,Electric,Utilities,Electric-Generation,COMMON,true,TLN
632432458,OKYO,USD,NASDAQ,US,OKYO PHARMA LTD,STK,Biotechnology,"Consumer, Non-cyclical",Medical-Biomedical/Gene,COMMON,false,OKYO
633091097,XMAX,USD,NASDAQ,US,XMAX INC,STK,Home Furnishings,"Consumer, Cyclical",Home Furnishings,COMMON,false,XMAX
633093052,TYGO,USD,NASDAQ,US,TIGO ENERGY INC,STK,Energy-Alternate Sources,Energy,Energy-Alternate Sources,COMMON,false,TYGO
633584566,DYTA,USD,NASDAQ,US,SGI DYNAMIC TACTICAL ETF,STK,,,,ETF,false,DYTA
633584590,LIQT,USD,NASDAQ,US,LIQTECH INTERNATIONAL INC,STK,Miscellaneous Manufactur,Industrial,Filtration/Separat Prod,COMMON,false,LIQT
634513127,VSTM,USD,NASDAQ,US,VERASTEM INC,STK,Biotechnology,"Consumer, Non-cyclical",Medical-Biomedical/Gene,COMMON,true,VSTM
634517119,CBUS,USD,NASDAQ,US,CIBUS INC,STK,Biotechnology,"Consumer, Non-cyclical",Agricultural Biotech,COMMON,true,CBUS
634524697,SBGI,USD,NASDAQ,US,SINCLAIR INC,STK,Media,Communications,Television,COMMON,true,SBGI
635067341,LIXT,USD,NASDAQ,US,LIXTE BIOTECHNOLOGY HOLDINGS,STK,Healthcare-Products,"Consumer, Non-cyclical",Diagnostic Kits,COMMON,false,LIXT
635082176,WPRT,USD,NASDAQ,US,WESTPORT FUEL SYSTEMS INC,STK,Auto Parts&amp;Equipment,"Consumer, Cyclical",Auto/Trk Prts&amp;Equip-Orig,COMMON,true,WPRT
635441634,VTGN,USD,NASDAQ,US,VISTAGEN THERAPEUTICS INC,STK,Biotechnology,"Consumer, Non-cyclical",Medical-Biomedical/Gene,COMMON,true,VTGN
635449249,RUNN,USD,NASDAQ,US,RUNNING OAK EFFICIENT GR ETF,STK,,,,ETF,true,RUNN
635680438,USCL,USD,NASDAQ,US,ISHARES CLIMATE CONSCIOUS,STK,,,,ETF,false,USCL
635945022,CNVS,USD,NASDAQ,US,CINEVERSE CORP,STK,Internet,Communications,Internet Content-Entmnt,COMMON,true,CNVS
636166576,CELZ,USD,NASDAQ,US,CREATIVE MEDICAL TECHNOLOGY ,STK,Biotechnology,"Consumer, Non-cyclical",Medical-Biomedical/Gene,COMMON,false,CELZ
636172065,FBOT,USD,NASDAQ,US,FIDELITY DISRUPT AUTOMAT ETF,STK,,,,ETF,true,FBOT
636172068,FDCF,USD,NASDAQ,US,FIDELITY DISRUPTIVE COMM ETF,STK,,,,ETF,true,FDCF
636172075,FDFF,USD,NASDAQ,US,FIDELITY DISRUPT FINAN ETF,STK,,,,ETF,true,FDFF
636172078,FMED,USD,NASDAQ,US,FIDELITY DISRUPT MEDICIN ETF,STK,,,,ETF,true,FMED
636172080,FDTX,USD,NASDAQ,US,FIDELITY DISRUPT TECH ETF,STK,,,,ETF,true,FDTX
636384970,REAI,USD,NASDAQ,US,TIDAL TRUST I INTELLIGENT RE,STK,,,,ETF,true,REAI
636473747,FTRE,USD,NASDAQ,US,FORTREA HOLDINGS INC,STK,Healthcare-Services,"Consumer, Non-cyclical",Medical Labs&amp;Testing Srv,COMMON,true,FTRE
636473750,METC,USD,NASDAQ,US,RAMACO RESOURCES INC-A,STK,Coal,Energy,Coal,COMMON,true,METC
702304865,FER,USD,NASDAQ,US,FERROVIAL NV,STK,Engineering&amp;Construction,Industrial,Building-Heavy Construct,COMMON,true,FER
636686763,ELVA,USD,NASDAQ,US,ELECTROVAYA INC,STK,Electrical Compo&amp;Equip,Industrial,Batteries/Battery Sys,COMMON,true,ELVA
637485480,IZEA,USD,NASDAQ,US,IZEA WORLDWIDE INC,STK,Advertising,Communications,Advertising Services,COMMON,true,IZEA
637504696,BOF,USD,NASDAQ,US,BRANCHOUT FOOD INC/OR,STK,Food,"Consumer, Non-cyclical",Food-Confectionery,COMMON,false,BOF
637504701,METCB,USD,NASDAQ,US,RAMACO RESOURCES INC-B,STK,Coal,Energy,Coal,COMMON,false,METCB
637687686,EFOI,USD,NASDAQ,US,ENERGY FOCUS INC,STK,Building Materials,Industrial,Bldg Prod-Light Fixtures,COMMON,false,EFOI
637699126,FDIF,USD,NASDAQ,US,FIDELITY DISRUPTORS ETF,STK,,,,ETF,false,FDIF
638351887,CYPH,USD,NASDAQ,US,CYPHERPUNK TECHNOLOGIES INC,STK,Pharmaceuticals,"Consumer, Non-cyclical",Medical-Drugs,COMMON,true,CYPH
638354698,DTI,USD,NASDAQ,US,DRILLING TOOLS INTERNATIONAL,STK,Oil&amp;Gas Services,Energy,Oil-Field Services,COMMON,false,DTI
638569706,VFLO,USD,NASDAQ,US,VICTORYSHARES FREE CASH FLOW,STK,,,,ETF,false,VFLO
638977464,ICOP,USD,NASDAQ,US,ISHARES COPPER AND METALS,STK,,,,ETF,true,ICOP
638982481,ILIT,USD,NASDAQ,US,ISHARES LITH MNRS AND PROD,STK,,,,ETF,true,ILIT
639087275,LANDP,USD,NASDAQ,US,GLADSTONE LAND CORP,STK,REITS,Financial,REITS-Diversified,PREFERRED,false,LANDP
639336258,GENK,USD,NASDAQ,US,GEN RESTAURANT GROUP INC,STK,Retail,"Consumer, Cyclical",Retail-Restaurants,COMMON,false,GENK
639607109,IBTO,USD,NASDAQ,US,ISHARES IBONDS DEC 2033 TRES,STK,,,,ETF,false,IBTO
639935476,IKT,USD,NASDAQ,US,INHIBIKASE THERAPEUTICS INC,STK,Pharmaceuticals,"Consumer, Non-cyclical",Medical-Drugs,COMMON,false,IKT
640118308,WKEY,USD,NASDAQ,US,WISEKEY INTL HOLDINGS-ADR ,STK,Semiconductors,Technology,Electronic Compo-Semicon,ADR,false,WKEY
640318253,BGC,USD,NASDAQ,US,BGC GROUP INC-A,STK,Diversified Finan Serv,Financial,Finance-Invest Bnkr/Brkr,COMMON,true,BGC
640550551,BFRI,USD,NASDAQ,US,BIOFRONTERA INC,STK,Pharmaceuticals,"Consumer, Non-cyclical",Medical-Drugs,COMMON,false,BFRI
640646542,TRON,USD,NASDAQ,US,TRON INC,STK,Toys/Games/Hobbies,"Consumer, Cyclical",Toys,COMMON,true,TRON
640796125,PDYN,USD,NASDAQ,US,PALLADYNE AI CORP,STK,Machinery-Diversified,Industrial,Industrial Automat/Robot,COMMON,true,PDYN
641104407,DEFT,USD,NASDAQ,US,DEFI TECHNOLOGIES INC,STK,Diversified Finan Serv,Financial,Finance-Other Services,COMMON,true,DEFT
641331274,AUID,USD,NASDAQ,US,AUTHID INC,STK,Computers,Technology,Computer Data Security,COMMON,false,AUID
641568851,HIVE,USD,NASDAQ,US,HIVE DIGITAL TECHNOLOGIES LT,STK,Investment Companies,Financial,Investment Companies,COMMON,true,HIVE
641665724,BATRA,USD,NASDAQ,US,ATLANTA BRAVES HOLDINGS IN-A,STK,Entertainment,"Consumer, Cyclical",Professional Sports,COMMON,true,BATRA
641665729,BATRK,USD,NASDAQ,US,ATLANTA BRAVES HOLDINGS IN-C,STK,Entertainment,"Consumer, Cyclical",Professional Sports,COMMON,true,BATRK
641842650,DRUG,USD,NASDAQ,US,BRIGHT MINDS BIOSCIENCES INC,STK,Biotechnology,"Consumer, Non-cyclical",Medical-Biomedical/Gene,COMMON,false,DRUG
641848900,PSWD,USD,NASDAQ,US,XTRACKERS CYBERSECURITY ETF,STK,,,,ETF,true,PSWD
641848907,CHPS,USD,NASDAQ,US,XTRACKERS SEMICONDUCTOR ETF,STK,,,,ETF,true,CHPS
641848910,UPGR,USD,NASDAQ,US,XTRACKERS US GREEN INFRA ETF,STK,,,,ETF,true,UPGR
641851449,APGE,USD,NASDAQ,US,APOGEE THERAPEUTICS INC,STK,Biotechnology,"Consumer, Non-cyclical",Medical-Biomedical/Gene,COMMON,true,APGE
642161554,CALI,USD,NASDAQ,US,ISHRS SH-TRM CA MUNI ACT ETF,STK,,,,ETF,false,CALI
642161559,SGMT,USD,NASDAQ,US,SAGIMET BIOSCIENCES INC-A,STK,Pharmaceuticals,"Consumer, Non-cyclical",Medical-Drugs,COMMON,true,SGMT
642414849,PSCE,USD,NASDAQ,US,INVESCO S&P SMALLCAP ENERGY ,STK,,,,ETF,true,PSCE
642706634,SPWR,USD,NASDAQ,US,SUNPOWER INC,STK,Energy-Alternate Sources,Energy,Energy-Alternate Sources,COMMON,false,SPWR
642846199,ODD,USD,NASDAQ,US,ODDITY TECH LTD-CL A,STK,Cosmetics/Personal Care,"Consumer, Non-cyclical",Cosmetics&amp;Toiletries,COMMON,true,ODD
644107358,KVACU,USD,NASDAQ,US,KEEN VISION ACQUISITION CORP,STK,Holding Companies-Divers,Diversified,Specified Purpose Acquis,UNIT,false,KVACU
644574597,ABVC,USD,NASDAQ,US,ABVC BIOPHARMA INC ,STK,Biotechnology,"Consumer, Non-cyclical",Medical-Biomedical/Gene,COMMON,true,ABVC
644574609,IMDX,USD,NASDAQ,US,INSIGHT MOLECULAR DIAGNOSTIC,STK,Biotechnology,"Consumer, Non-cyclical",Medical-Biomedical/Gene,COMMON,true,IMDX
644692706,BNTC,USD,NASDAQ,US,BENITEC BIOPHARMA INC,STK,Biotechnology,"Consumer, Non-cyclical",Medical-Biomedical/Gene,COMMON,true,BNTC
644840991,FWONA,USD,NASDAQ,US,LIBERTY MEDIA CORP-FORMULA-A,STK,Entertainment,"Consumer, Cyclical",Professional Sports,TRACKING STK,true,FWONA
644846722,USFI,USD,NASDAQ,US,BRANDYWINEGLOBAL U.S. FI ETF,STK,,,,ETF,false,USFI
644855266,PRZO,USD,NASDAQ,US,PARAZERO TECHNOLOGIES LTD,STK,Electronics,Industrial,Electronic Compo-Misc,COMMON,false,PRZO
645229574,KPLT,USD,NASDAQ,US,KATAPULT HOLDINGS INC ,STK,Commercial Services,"Consumer, Non-cyclical",Commercial Serv-Finance,COMMON,false,KPLT
645673197,JPEF,USD,NASDAQ,US,JPMORGAN EQUITY FOCUS ETF,STK,,,,ETF,false,JPEF
645893482,BVFL,USD,NASDAQ,US,BV FINANCIAL INC ,STK,Savings&amp;Loans,Financial,S&amp;L/Thrifts-Eastern US,COMMON,false,BVFL
645904203,ROE,USD,NASDAQ,US,AST US EQ WGT QLTY KINGS ETF,STK,,,,ETF,true,ROE
646083430,MIRA,USD,NASDAQ,US,MIRA PHARMACEUTICALS INC,STK,Biotechnology,"Consumer, Non-cyclical",Medical-Biomedical/Gene,COMMON,false,MIRA
646534810,NCMI,USD,NASDAQ,US,NATIONAL CINEMEDIA INC,STK,Advertising,Communications,Advertising Services,COMMON,true,NCMI
646549324,FWONK,USD,NASDAQ,US,LIBERTY MEDIA CORP-FORMULA-C,STK,Entertainment,"Consumer, Cyclical",Professional Sports,TRACKING STK,true,FWONK
647600482,PRHIZ,USD,NASDAQ,US,PRESURANCE HOLDINGS INC,STK,Insurance,Financial,Property/Casualty Ins,PREFERRED,false,PRHIZ
647600521,TLSI,USD,NASDAQ,US,TRISALUS LIFE SCIENCES INC,STK,Biotechnology,"Consumer, Non-cyclical",Medical-Biomedical/Gene,COMMON,false,TLSI
648093140,VFS,USD,NASDAQ,US,VINFAST AUTO LTD,STK,Auto Manufacturers,"Consumer, Cyclical",Auto-Cars/Light Trucks,COMMON,true,VFS
648232499,CANC,USD,NASDAQ,US,TEMA ONCOLOGY ETF,STK,,,,ETF,false,CANC
648405019,CRVO,USD,NASDAQ,US,CERVOMED INC,STK,Biotechnology,"Consumer, Non-cyclical",Medical-Biomedical/Gene,COMMON,false,CRVO
648434877,SEZL,USD,NASDAQ,US,SEZZLE INC,STK,Commercial Services,"Consumer, Non-cyclical",Commercial Serv-Finance,COMMON,true,SEZL
649166469,ABLV,USD,NASDAQ,US,ABLE VIEW GLOBAL INC-B,STK,Internet,Communications,E-Commerce/Products,COMMON,false,ABLV
649392142,REGCO,USD,NASDAQ,US,PFD REGENCY CTRS CORP BE<,STK,REITS,Financial,REITS-Shopping Centers,PREFERRED,false,REGCO
649400943,REGCP,USD,NASDAQ,US,PFD REGENCY CTRS CORP BE<,STK,REITS,Financial,REITS-Shopping Centers,PREFERRED,false,REGCP
649964878,TSLR,USD,NASDAQ,US,GRANITESH 2X LNG TSLA ETF,STK,,,,ETF,true,TSLR
650082829,LGRO,USD,NASDAQ,US,LEVEL FOUR LARGE CAP GROWTH,STK,,,,ETF,false,LGRO
650217279,BTCT,USD,NASDAQ,US,BTC DIGITAL LTD,STK,Investment Companies,Financial,Investment Companies,COMMON,false,BTCT
650529495,NIXX,USD,NASDAQ,US,NIXXY INC,STK,Internet,Communications,E-Commerce/Services,COMMON,false,NIXX
650722945,BEEP,USD,NASDAQ,US,MOBILE INFRASTRUCTURE CORP,STK,Real Estate,Financial,Real Estate Oper/Develop,COMMON,false,BEEP
651359249,PODC,USD,NASDAQ,US,PODCASTONE INC,STK,Advertising,Communications,Advertising Sales,COMMON,false,PODC
651680279,AXG,USD,NASDAQ,US,SOLOWIN HOLDINGS-CL A,STK,Diversified Finan Serv,Financial,Finance-Invest Bnkr/Brkr,COMMON,false,AXG
651680342,NEWTI,USD,NASDAQ,US,NEWTEKONE INC,STK,Banks,Financial,Commer Banks-Southern US,PREFERRED,false,NEWTI
651680348,WHFCL,USD,NASDAQ,US,WHITEHORSE FINANCE INC,STK,Investment Companies,Financial,Investment Companies,PREFERRED,false,WHFCL
652376140,ZHOG,USD,NASDAQ,US,F/M OPPORTUNISTIC INC,STK,,,,ETF,false,ZHOG
652827247,SKYE,USD,NASDAQ,US,SKYE BIOSCIENCE INC,STK,Pharmaceuticals,"Consumer, Non-cyclical",Medical-Drugs,COMMON,true,SKYE
652828849,SYRE,USD,NASDAQ,US,SPYRE THERAPEUTICS INC,STK,Pharmaceuticals,"Consumer, Non-cyclical",Medical-Drugs,COMMON,true,SYRE
652831447,ACFN,USD,NASDAQ,US,ACORN ENERGY INC ,STK,Computers,Technology,Computer Services,COMMON,false,ACFN
653032827,ABAT,USD,NASDAQ,US,AMERICAN BATTERY TECHNOLOGY,STK,Mining,Basic Materials,Diversified Minerals,COMMON,true,ABAT
653069047,NWGL,USD,NASDAQ,US,CL WORKSHOP GROUP LTD,STK,Forest Products&amp;Paper,Basic Materials,Forestry,ADR,false,NWGL
653377335,DNTH,USD,NASDAQ,US,DIANTHUS THERAPEUTICS INC,STK,Biotechnology,"Consumer, Non-cyclical",Medical-Biomedical/Gene,COMMON,true,DNTH
653382252,MDAI,USD,NASDAQ,US,SPECTRAL AI INC,STK,Healthcare-Products,"Consumer, Non-cyclical",Medical Imaging Systems,COMMON,false,MDAI
653397269,WETH,USD,NASDAQ,US,WETOUCH TECHNOLOGY INC ,STK,Electronics,Industrial,Electronic Compo-Misc,COMMON,false,WETH
653400472,ARM,USD,NASDAQ,US,ARM HOLDINGS PLC-ADR,STK,Semiconductors,Technology,Electronic Compo-Semicon,ADR,true,ARM
653576397,NVDU,USD,NASDAQ,US,DIREXION DAILY NVDA BULL 2X,STK,,,,ETF,true,NVDU
653579430,COWS,USD,NASDAQ,US,AMPLIFY CSH FLW DVD LDRS ETF,STK,,,,ETF,true,COWS
653754336,SMRI,USD,NASDAQ,US,BUSHIDO CAP US EQUITY ETF,STK,,,,ETF,false,SMRI
653757705,JGLO,USD,NASDAQ,US,JPMORGAN GLBL SLCT EQ ETF,STK,,,,ETF,false,JGLO
653757708,JIVE,USD,NASDAQ,US,JPM INTERNTL VALUE ETF,STK,,,,ETF,false,JIVE
653757719,KVAC,USD,NASDAQ,US,KEEN VISION ACQUISITION CORP,STK,Holding Companies-Divers,Diversified,Specified Purpose Acquis,COMMON,false,KVAC
654500635,SOGP,USD,NASDAQ,US,SOUND GROUP INC,STK,Software,Technology,Applications Software,ADR,true,SOGP
654514947,NMRA,USD,NASDAQ,US,NEUMORA THERAPEUTICS INC,STK,Biotechnology,"Consumer, Non-cyclical",Medical-Biomedical/Gene,COMMON,true,NMRA
654719469,CCG,USD,NASDAQ,US,CHECHE GROUP INC,STK,Insurance,Financial,Property/Casualty Ins,COMMON,false,CCG
654750904,SRBK,USD,NASDAQ,US,SR BANCORP INC,STK,Banks,Financial,Commer Banks Non-US,COMMON,false,SRBK
655310909,CART,USD,NASDAQ,US,MAPLEBEAR INC,STK,Internet,Communications,E-Commerce/Services,COMMON,true,CART
655310922,BSJV,USD,NASDAQ,US,INVESCO BULLETSHARES 2031 HY,STK,,,,ETF,false,BSJV
655310927,BSCX,USD,NASDAQ,US,INVESCO BULLETSHARES 2033 CB,STK,,,,ETF,false,BSCX
655310929,BSSX,USD,NASDAQ,US,INVESCO BULLETSHARES 2033 MB,STK,,,,ETF,false,BSSX
655443255,MYSE,USD,NASDAQ,US,MYSEUMAI INC,STK,Computers,Technology,Computer Data Security,COMMON,false,MYSE
655443294,HCOW,USD,NASDAQ,US,AMPLIFY COWS COVER CALL ETF,STK,,,,ETF,false,HCOW
655443298,FDIV,USD,NASDAQ,US,MARKETDSK FOCUSED US DVD ETF,STK,,,,ETF,false,FDIV
655443304,WABF,USD,NASDAQ,US,WESTERN ASSET BOND ETF,STK,,,,ETF,false,WABF
655618227,SMTK,USD,NASDAQ,US,SMARTKEM INC ,STK,Semiconductors,Technology,Semiconductor Equipment,COMMON,false,SMTK
655624645,RDZN,USD,NASDAQ,US,ROADZEN INC,STK,Insurance,Financial,Insurance Brokers,COMMON,false,RDZN
655624704,PYPD,USD,NASDAQ,US,POLYPID LTD,STK,Pharmaceuticals,"Consumer, Non-cyclical",Medical-Drugs,COMMON,true,PYPD
655647236,MDBH,USD,NASDAQ,US,MDB CAPITAL HOLDINGS LLC,STK,Investment Companies,Financial,Investment Companies,COMMON,false,MDBH
655647243,TURB,USD,NASDAQ,US,TURBO ENERGY SA,STK,Energy-Alternate Sources,Energy,Energy-Alternate Sources,ADR,false,TURB
655918931,NTRP,USD,NASDAQ,US,NEXTTRIP INC,STK,Internet,Communications,E-Commerce/Services,COMMON,false,NTRP
655918944,PRPO,USD,NASDAQ,US,PRECIPIO INC,STK,Healthcare-Services,"Consumer, Non-cyclical",Medical Labs&amp;Testing Srv,COMMON,false,PRPO
656157885,XJET,USD,NASDAQ,US,XJET LTD,STK,,,,COMMON,false,XJET
656169170,NCTY,USD,NASDAQ,US,THE9 LTD-ADR,STK,Software,Technology,Entertainment Software,ADR,false,NCTY
656769395,XWEL,USD,NASDAQ,US,XWELL INC,STK,Commercial Services,"Consumer, Non-cyclical",Commercial Services,COMMON,false,XWEL
656777398,TMET,USD,NASDAQ,US,ISHARES TE METALS ETF,STK,,,,ETF,false,TMET
657105349,CRIS,USD,NASDAQ,US,CURIS INC,STK,Biotechnology,"Consumer, Non-cyclical",Medical-Biomedical/Gene,COMMON,false,CRIS
657138790,ANL,USD,NASDAQ,US,ADLAI NORTYE LTD-ADR,STK,Biotechnology,"Consumer, Non-cyclical",Medical-Biomedical/Gene,ADR,false,ANL
657351583,ESLA,USD,NASDAQ,US,ESTRELLA IMMUNOPHARMA INC,STK,Biotechnology,"Consumer, Non-cyclical",Medical-Biomedical/Gene,COMMON,false,ESLA
657517423,COCH,USD,NASDAQ,US,ENVOY MEDICAL INC,STK,Healthcare-Products,"Consumer, Non-cyclical",Medical Products,COMMON,false,COCH
657917222,SPKLU,USD,NASDAQ,US,SPARK I ACQUISITION CORP,STK,Holding Companies-Divers,Diversified,Specified Purpose Acquis,UNIT,false,SPKLU
658122148,JTEK,USD,NASDAQ,US,JPMORGAN US TECH LEADERS,STK,,,,ETF,false,JTEK
658409786,FBYD,USD,NASDAQ,US,FALCON'S BEYOND GLOBAL INC-A,STK,Entertainment,"Consumer, Cyclical",Resorts/Theme Parks,COMMON,false,FBYD
658421035,QETAU,USD,NASDAQ,US,QUETTA ACQUISITION CORP,STK,Holding Companies-Divers,Diversified,Specified Purpose Acquis,UNIT,false,QETAU
658666488,PMEC,USD,NASDAQ,US,PRIMECH HOLDINGS LTD,STK,Commercial Services,"Consumer, Non-cyclical",Building-Maint&amp;Service,COMMON,false,PMEC
658813606,FBIO,USD,NASDAQ,US,FORTRESS BIOTECH INC,STK,Pharmaceuticals,"Consumer, Non-cyclical",Medical-Drugs,COMMON,true,FBIO
659057942,EDSA,USD,NASDAQ,US,EDESA BIOTECH INC,STK,Biotechnology,"Consumer, Non-cyclical",Medical-Biomedical/Gene,COMMON,false,EDSA
659068177,FEPI,USD,NASDAQ,US,REX FANG INNOV PREM INC ETF,STK,,,,ETF,true,FEPI
659498616,SWKHL,USD,NASDAQ,US,SWK HOLDINGS CORP,STK,Investment Companies,Financial,Investment Companies,PREFERRED,false,SWKHL
659517246,MNY,USD,NASDAQ,US,MONEYHERO LTD-A,STK,Internet,Communications,E-Commerce/Services,COMMON,true,MNY
659764468,SLNH,USD,NASDAQ,US,SOLUNA HOLDINGS INC,STK,Telecommunications,Communications,Telecom Services,COMMON,false,SLNH
659764500,AQB,USD,NASDAQ,US,AQUABOUNTY TECHNOLOGIES,STK,Food,"Consumer, Non-cyclical",Fisheries,COMMON,false,AQB
659764497,PROP,USD,NASDAQ,US,PRAIRIE OPERATING CO,STK,Oil&amp;Gas,Energy,Oil Comp-Explor&amp;Prodtn,COMMON,true,PROP
659766845,MIND,USD,NASDAQ,US,MIND TECHNOLOGY INC,STK,Oil&amp;Gas Services,Energy,Oil-Field Services,COMMON,false,MIND
659766899,JCSE,USD,NASDAQ,US,JE CLEANTECH HOLDINGS LTD,STK,Machinery-Diversified,Industrial,Machinery-General Indust,COMMON,false,JCSE
659767142,VHC,USD,NASDAQ,US,VIRNETX HOLDING CORP,STK,Internet,Communications,Internet Applic Sftwr,COMMON,false,VHC
659928898,IMTE,USD,NASDAQ,US,INTEGRATED MEDIA TECHNOLOGY,STK,Electronics,Industrial,Electronic Compo-Misc,COMMON,false,IMTE
659928921,CPBI,USD,NASDAQ,US,CENTRAL PLAINS BANCSHARES IN,STK,Banks,Financial,Commer Banks Non-US,COMMON,false,CPBI
660143702,REE,USD,NASDAQ,US,REE AUTOMOTIVE LTD - CLASS A,STK,Auto Manufacturers,"Consumer, Cyclical",Auto-Med&amp;Heavy Duty Trks,COMMON,true,REE
660328706,ABVX,USD,NASDAQ,US,ABIVAX SA-ADR,STK,Pharmaceuticals,"Consumer, Non-cyclical",Medical-Drugs,ADR,true,ABVX
661246911,ADXN,USD,NASDAQ,US,ADDEX THERAPEUTICS LTD,STK,Biotechnology,"Consumer, Non-cyclical",Medical-Biomedical/Gene,ADR,false,ADXN
662192144,GPIQ,USD,NASDAQ,US,GS NASDAQ-100 PR INC ETF-USD,STK,,,,ETF,true,GPIQ
662192149,GPIX,USD,NASDAQ,US,GLDM SA S&P 500 PR IN ETF-US,STK,,,,ETF,true,GPIX
662195179,BLCR,USD,NASDAQ,US,ISHARES LRG CP CR ACT ETF-UI,STK,,,,ETF,false,BLCR
662521302,VVOS,USD,NASDAQ,US,VIVOS THERAPEUTICS INC,STK,Biotechnology,"Consumer, Non-cyclical",Medical-Biomedical/Gene,COMMON,false,VVOS
662521386,CPOP,USD,NASDAQ,US,POP CULTURE GROUP CO LTD-A,STK,Commercial Services,"Consumer, Non-cyclical",Commercial Services,COMMON,false,CPOP
662521562,JWEL,USD,NASDAQ,US,JOWELL GLOBAL LTD,STK,Internet,Communications,E-Commerce/Products,COMMON,false,JWEL
662780319,TRVG,USD,NASDAQ,US,TRIVAGO NV - ADR,STK,Internet,Communications,E-Commerce/Services,ADR,true,TRVG
663134311,GYRE,USD,NASDAQ,US,GYRE THERAPEUTICS INC,STK,Pharmaceuticals,"Consumer, Non-cyclical",Medical-Drugs,COMMON,true,GYRE
663174503,SHIM,USD,NASDAQ,US,SHIMMICK CORP,STK,Engineering&amp;Construction,Industrial,Building-Heavy Construct,COMMON,false,SHIM
663368041,BYFC,USD,NASDAQ,US,BROADWAY FINANCIAL CORP/DE,STK,Savings&amp;Loans,Financial,S&amp;L/Thrifts-Western US,COMMON,false,BYFC
663593005,JDOC,USD,NASDAQ,US,JPMORGAN HEALTHCARE LEAD ETF,STK,,,,ETF,false,JDOC
663911268,LXEO,USD,NASDAQ,US,LEXEO THERAPEUTICS INC,STK,Biotechnology,"Consumer, Non-cyclical",Medical-Biomedical/Gene,COMMON,true,LXEO
664163659,KRRO,USD,NASDAQ,US,KORRO BIO INC,STK,Biotechnology,"Consumer, Non-cyclical",Medical-Biomedical/Gene,COMMON,true,KRRO
664510437,DOGZ,USD,NASDAQ,US,DOGNESS INTERNATIONAL CORP-A,STK,Retail,"Consumer, Cyclical",Retail-Pet Food&amp;Supplies,COMMON,false,DOGZ
664690505,OPTX,USD,NASDAQ,US,SYNTEC OPTICS HOLDINGS INC,STK,Miscellaneous Manufactur,Industrial,Miscellaneous Manufactur,COMMON,false,OPTX
664690514,DFGP,USD,NASDAQ,US,DIMENSIONAL GLBL CORE PL FIX,STK,,,,ETF,false,DFGP
664690519,DGCB,USD,NASDAQ,US,DIMENSIONAL GLOBAL CREDIT,STK,,,,ETF,false,DGCB
664690520,DFGX,USD,NASDAQ,US,DIMSNL INTR CF IN ETF-USD IN,STK,,,,ETF,false,DFGX
664690525,BEEZ,USD,NASDAQ,US,HONEYTREE US EQUITY ETF,STK,,,,ETF,false,BEEZ
664694289,AERT,USD,NASDAQ,US,AERIES TECHNOLOGY INC,STK,Computers,Technology,Computer Services,COMMON,false,AERT
664694597,ONMD,USD,NASDAQ,US,ONEMEDNET CORP,STK,Software,Technology,Medical Information Sys,COMMON,false,ONMD
664875913,ANSCU,USD,NASDAQ,US,AGRICULTURE & NATURAL SOLUTI,STK,Holding Companies-Divers,Diversified,Specified Purpose Acquis,UNIT,false,ANSCU
668251931,MDXH,USD,NASDAQ,US,MDXHEALTH,STK,Healthcare-Services,"Consumer, Non-cyclical",Medical Labs&amp;Testing Srv,COMMON,false,MDXH
665394694,PRE,USD,NASDAQ,US,PRENETICS GLOBAL LTD-CL A,STK,Biotechnology,"Consumer, Non-cyclical",Medical-Biomedical/Gene,COMMON,true,PRE
665630494,HYMC,USD,NASDAQ,US,HYCROFT MINING HOLDING CO-A,STK,Mining,Basic Materials,Precious Metals,COMMON,true,HYMC
665643508,RR,USD,NASDAQ,US,RICHTECH ROBOTICS INC-CL B,STK,Machinery-Diversified,Industrial,Industrial Automat/Robot,COMMON,true,RR
665789081,BODI,USD,NASDAQ,US,BEACHBODY CO INC/THE,STK,Pharmaceuticals,"Consumer, Non-cyclical",Vitamins&amp;Nutrition Prod,COMMON,false,BODI
666960335,RGS,USD,NASDAQ,US,REGIS CORP,STK,Retail,"Consumer, Cyclical",Retail-Hair Salons,COMMON,false,RGS
666965271,VTVT,USD,NASDAQ,US,VTV THERAPEUTICS INC- CL A,STK,Pharmaceuticals,"Consumer, Non-cyclical",Medical-Drugs,COMMON,false,VTVT
667415396,IBIO,USD,NASDAQ,US,IBIO INC,STK,Biotechnology,"Consumer, Non-cyclical",Medical-Biomedical/Gene,COMMON,false,IBIO
667434005,HRTS,USD,NASDAQ,US,TEMA HEART & HEALTH ETF,STK,,,,ETF,true,HRTS
667891543,LBTYK,USD,NASDAQ,US,LIBERTY GLOBAL LTD-C,STK,Media,Communications,Cable/Satellite TV,COMMON,true,LBTYK
667891544,LBTYA,USD,NASDAQ,US,LIBERTY GLOBAL LTD-A,STK,Media,Communications,Cable/Satellite TV,COMMON,true,LBTYA
667891553,LBTYB,USD,NASDAQ,US,LIBERTY GLOBAL LTD-B,STK,Media,Communications,Cable/Satellite TV,COMMON,false,LBTYB
667894609,SPKL,USD,NASDAQ,US,SPARK I ACQUISITION CORP,STK,Holding Companies-Divers,Diversified,Specified Purpose Acquis,COMMON,false,SPKL
668243595,VSTD,USD,NASDAQ,US,VESTAND INC,STK,Retail,"Consumer, Cyclical",Retail-Restaurants,COMMON,false,VSTD
668310162,NMFCZ,USD,NASDAQ,US,NEW MOUNTAIN FINANCE COR,STK,Investment Companies,Financial,Investment Companies,PREFERRED,false,NMFCZ
668439731,PRAX,USD,NASDAQ,US,PRAXIS PRECISION MEDICINES I,STK,Biotechnology,"Consumer, Non-cyclical",Medical-Biomedical/Gene,COMMON,true,PRAX
668631584,SMCO,USD,NASDAQ,US,HILTON SMALL-MIDCAP OPP ETF,STK,,,,ETF,false,SMCO
668631601,QETAR,USD,NASDAQ,US,QUETTA ACQUISITION CORP-RTS,STK,Holding Companies-Divers,Diversified,Specified Purpose Acquis,RIGHT,false,QETAR
668631604,QETA,USD,NASDAQ,US,QUETTA ACQUISITION CORP,STK,Holding Companies-Divers,Diversified,Specified Purpose Acquis,COMMON,false,QETA
668806769,FEBO,USD,NASDAQ,US,FENBO HOLDINGS LTD-CLASS A,STK,Home Furnishings,"Consumer, Cyclical",Appliances,COMMON,false,FEBO
669228291,HUT,USD,NASDAQ,US,HUT 8 CORP,STK,Investment Companies,Financial,Investment Companies,COMMON,true,HUT
669231281,AFJKU,USD,NASDAQ,US,AIMEI HEALTH TECH CO LTD,STK,Holding Companies-Divers,Diversified,Specified Purpose Acquis,UNIT,false,AFJKU
669475146,VGSR,USD,NASDAQ,US,VERT GLB SUST RE ETF,STK,,,,ETF,false,VGSR
669987628,XOS,USD,NASDAQ,US,XOS INC,STK,Auto Manufacturers,"Consumer, Cyclical",Auto-Med&amp;Heavy Duty Trks,COMMON,false,XOS
669995112,HQGO,USD,NASDAQ,US,HARTFORD US QULTY GRWTH ETF,STK,,,,ETF,false,HQGO
669995117,QOWZ,USD,NASDAQ,US,INVESCO NAQ FREE CH FL A ETF,STK,,,,ETF,false,QOWZ
670171440,TIL,USD,NASDAQ,US,INSTIL BIO INC,STK,Biotechnology,"Consumer, Non-cyclical",Medical-Biomedical/Gene,COMMON,false,TIL
670192081,NSI,USD,NASDAQ,US,NAT SEC EMERG MARK INDEX ETF,STK,,,,ETF,false,NSI
670192084,VPLS,USD,NASDAQ,US,VANGUARD CORE-PLUS BOND ETF,STK,,,,ETF,true,VPLS
670519106,JG,USD,NASDAQ,US,AURORA MOBILE LTD-ADR,STK,Software,Technology,Applications Software,ADR,false,JG
670526622,SPAM,USD,NASDAQ,US,THEMES CYBERSECURITY ETF,STK,,,,ETF,false,SPAM
670526626,WISE,USD,NASDAQ,US,THEMES GENERAT ARTIF INTEL,STK,,,,ETF,true,WISE
670780653,TDI,USD,NASDAQ,US,TOUCHSTONE DYNAMIC INTL ETF,STK,,,,ETF,false,TDI
671097117,BUFC,USD,NASDAQ,US,AB CONSERVATIVE BUFFER ETF,STK,,,,ETF,false,BUFC
671097121,CPLS,USD,NASDAQ,US,AB CORE PLUS BOND ETF,STK,,,,ETF,false,CPLS
671097124,EYEG,USD,NASDAQ,US,AB CORPORATE BOND ETF,STK,,,,ETF,false,EYEG
671338667,SRZN,USD,NASDAQ,US,SURROZEN INC,STK,Biotechnology,"Consumer, Non-cyclical",Medical-Biomedical/Gene,COMMON,false,SRZN
671344090,BRTR,USD,NASDAQ,US,ISHARES TOTAL RETURN ACT ETF,STK,,,,ETF,false,BRTR
671347140,AUMI,USD,NASDAQ,US,THEMES GOLD MINERS ETF,STK,,,,ETF,false,AUMI
671347147,CZAR,USD,NASDAQ,US,THEMES NATURAL MONOPOLY ETF,STK,,,,ETF,false,CZAR
671347150,LGCF,USD,NASDAQ,US,THEMES US CASH FLOW CHAMP,STK,,,,ETF,false,LGCF
671347152,USRD,USD,NASDAQ,US,THEMES US R&D CHAMPIONS ETF,STK,,,,ETF,true,USRD
671347157,SMCF,USD,NASDAQ,US,THEMES US S/C CSH FLW CHAMP,STK,,,,ETF,true,SMCF
671347162,VCRB,USD,NASDAQ,US,VANGUARD CORE BOND ETF,STK,,,,ETF,false,VCRB
672370088,VRAX,USD,NASDAQ,US,VIRAX BIOLABS GROUP LTD,STK,Biotechnology,"Consumer, Non-cyclical",Medical-Biomedical/Gene,COMMON,false,VRAX
672370108,YQ,USD,NASDAQ,US,17 EDUCATION & TECHNOLOGY GR,STK,Software,Technology,Educational Software,ADR,true,YQ
672387372,CLOD,USD,NASDAQ,US,THEMES CLOUD COMPUTING ETF,STK,,,,ETF,false,CLOD
672387383,GSIB,USD,NASDAQ,US,THEMES GLBL SYST IMPRT BNKS,STK,,,,ETF,false,GSIB
672387402,ABCS,USD,NASDAQ,US,ALPHA BLUE CAP US S-M DYN,STK,,,,ETF,false,ABCS
672767478,NGNE,USD,NASDAQ,US,NEUROGENE INC,STK,Pharmaceuticals,"Consumer, Non-cyclical",Medical-Drugs,COMMON,true,NGNE
672770425,BAYAU,USD,NASDAQ,US,BAYVIEW ACQUISITION CORP,STK,Holding Companies-Divers,Diversified,Specified Purpose Acquis,UNIT,false,BAYAU
673368851,SCOR,USD,NASDAQ,US,COMSCORE INC,STK,Advertising,Communications,Advertising Services,COMMON,false,SCOR
673368857,SIDU,USD,NASDAQ,US,SIDUS SPACE INC-CL A,STK,Telecommunications,Communications,Satellite Telecom,COMMON,true,SIDU
673392035,CGC,USD,NASDAQ,US,CANOPY GROWTH CORP,STK,Pharmaceuticals,"Consumer, Non-cyclical",Medical-Drugs,COMMON,true,CGC
673668345,WTBN,USD,NASDAQ,US,WISDOMTREE BIANCO TR FUND,STK,,,,ETF,false,WTBN
673814675,MFICL,USD,NASDAQ,US,MIDCAP FINANCIAL INVEST,STK,Investment Companies,Financial,Investment Companies,PREFERRED,false,MFICL
673829596,SFLO,USD,NASDAQ,US,VS SM CAP FREE CASH FLOW ETF,STK,,,,ETF,false,SFLO
674129254,AISP,USD,NASDAQ,US,AIRSHIP AI HOLDINGS INC,STK,Software,Technology,Applications Software,COMMON,true,AISP
674366989,LIDR,USD,NASDAQ,US,AEYE INC,STK,Auto Parts&amp;Equipment,"Consumer, Cyclical",Auto/Trk Prts&amp;Equip-Orig,COMMON,false,LIDR
674641498,NBBK,USD,NASDAQ,US,NB BANCORP INC,STK,Banks,Financial,Commer Banks Non-US,COMMON,true,NBBK
674693864,AVTX,USD,NASDAQ,US,AVALO THERAPEUTICS INC,STK,Biotechnology,"Consumer, Non-cyclical",Medical-Biomedical/Gene,COMMON,true,AVTX
674701617,BBB,USD,NASDAQ,US,CYBER HORNET S&P 500 AND BIT,STK,,,,ETF,true,BBB
675122973,KTTA,USD,NASDAQ,US,PASITHEA THERAPEUTICS CORP,STK,Biotechnology,"Consumer, Non-cyclical",Medical-Biomedical/Gene,COMMON,false,KTTA
675380982,TENX,USD,NASDAQ,US,TENAX THERAPEUTICS INC,STK,Biotechnology,"Consumer, Non-cyclical",Medical-Biomedical/Gene,COMMON,true,TENX
675381376,PRSO,USD,NASDAQ,US,PERASO INC,STK,Semiconductors,Technology,Electronic Compo-Semicon,COMMON,false,PRSO
675388456,BAYAR,USD,NASDAQ,US,BAYVIEW ACQUISITION CORP,STK,Holding Companies-Divers,Diversified,Specified Purpose Acquis,RIGHT,false,BAYAR
675388461,BAYA,USD,NASDAQ,US,BAYVIEW ACQUISITION CORP-A,STK,Holding Companies-Divers,Diversified,Specified Purpose Acquis,COMMON,false,BAYA
675610210,JSPR,USD,NASDAQ,US,JASPER THERAPEUTICS INC,STK,Biotechnology,"Consumer, Non-cyclical",Medical-Biomedical/Gene,COMMON,true,JSPR
675624486,ANSC,USD,NASDAQ,US,AGRICULTURE & NATURAL SOLUTI,STK,Holding Companies-Divers,Diversified,Specified Purpose Acquis,COMMON,false,ANSC
675765102,SABS,USD,NASDAQ,US,SAB BIOTHERAPEUTICS INC,STK,Biotechnology,"Consumer, Non-cyclical",Medical-Biomedical/Gene,COMMON,true,SABS
675773447,SKRE,USD,NASDAQ,US,TUTTLE CAP DLY 2X INV REG,STK,,,,ETF,true,SKRE
676597161,MESO,USD,NASDAQ,US,MESOBLAST LTD- SPON ADR,STK,Biotechnology,"Consumer, Non-cyclical",Medical-Biomedical/Gene,ADR,true,MESO
676612584,ROMA,USD,NASDAQ,US,ROMA GREEN FINANCE LTD-A,STK,Commercial Services,"Consumer, Non-cyclical",Consulting Services,COMMON,false,ROMA
676783267,DYFI,USD,NASDAQ,US,IDX DYNAMIC FIXED INCOME ETF,STK,,,,ETF,false,DYFI
676783270,ZTEN,USD,NASDAQ,US,F/M 10-YEAR INV G CORP B ETF,STK,,,,ETF,false,ZTEN
676783273,ZTWO,USD,NASDAQ,US,F/M 2-YEAR INV G CORP B ETF,STK,,,,ETF,false,ZTWO
676783276,ZTRE,USD,NASDAQ,US,F/M 3-YEAR INV GR CORP B ETF,STK,,,,ETF,false,ZTRE
677027908,MCHS,USD,NASDAQ,US,MATTH CH INNOVATORS ACTIV-UI,STK,,,,ETF,true,MCHS
677037673,IBIT,USD,NASDAQ,US,ISHARES BITCOIN TRUST ETF,STK,,,,ETF,true,IBIT
677037676,BRRR,USD,NASDAQ,US,COINSHARES BITCOIN ETF,STK,,,,ETF,false,BRRR
677037682,MEMS,USD,NASDAQ,US,MATTHEWS EM DISCOVERY,STK,,,,ETF,false,MEMS
677344932,UXIN,USD,NASDAQ,US,UXIN LTD - ADR,STK,Internet,Communications,E-Commerce/Services,ADR,false,UXIN
677554679,PTHRU,USD,NASDAQ,US,PONO CAPITAL THREE INC,STK,Holding Companies-Divers,Diversified,Specified Purpose Acquis,UNIT,false,PTHRU
677571902,HOVR,USD,NASDAQ,US,NEW HORIZON AIRCRAFT LTD,STK,Aerospace/Defense,Industrial,Aerospace/Defense,COMMON,false,HOVR
678901863,REBN,USD,NASDAQ,US,REBORN COFFEE INC,STK,Beverages,"Consumer, Non-cyclical",Coffee,COMMON,false,REBN
678917249,PABD,USD,NASDAQ,US,ISHARES PARIS-ALIGNED CLIMAT,STK,,,,ETF,false,PABD
678917259,AFJK,USD,NASDAQ,US,AIMEI HEALTH TECHNOLOGY CO,STK,Holding Companies-Divers,Diversified,Specified Purpose Acquis,COMMON,false,AFJK
678917262,AFJKR,USD,NASDAQ,US,AIMEI HEALTH TECHNOLOGY CO L,STK,Holding Companies-Divers,Diversified,Specified Purpose Acquis,RIGHT,false,AFJKR
679696407,INSG,USD,NASDAQ,US,INSEEGO CORP,STK,Telecommunications,Communications,Networking Products,COMMON,true,INSG
679966965,INO,USD,NASDAQ,US,INOVIO PHARMACEUTICALS INC,STK,Biotechnology,"Consumer, Non-cyclical",Medical-Biomedical/Gene,COMMON,true,INO
679998205,CORZ,USD,NASDAQ,US,CORE SCIENTIFIC INC,STK,Investment Companies,Financial,Investment Companies,COMMON,true,CORZ
680176947,CGON,USD,NASDAQ,US,CG ONCOLOGY INC,STK,Biotechnology,"Consumer, Non-cyclical",Medical-Biomedical/Gene,COMMON,true,CGON
680176953,YIBO,USD,NASDAQ,US,PLANET IMAGE INTERNATIONAL L,STK,Chemicals,Basic Materials,Coatings/Paint,COMMON,false,YIBO
680176956,QMID,USD,NASDAQ,US,WISDOMTREE U.S. MDCP QTY G F,STK,,,,ETF,false,QMID
680176961,QSML,USD,NASDAQ,US,WISDOMTREE U.S. SMALCP Q GF,STK,,,,ETF,false,QSML
680620603,BTSG,USD,NASDAQ,US,BRIGHTSPRING HEALTH SERVICES,STK,Healthcare-Services,"Consumer, Non-cyclical",Medical Labs&amp;Testing Srv,COMMON,true,BTSG
680623528,AVBP,USD,NASDAQ,US,ARRIVENT BIOPHARMA INC,STK,Biotechnology,"Consumer, Non-cyclical",Medical-Biomedical/Gene,COMMON,true,AVBP
680623533,BTSGU,USD,NASDAQ,US,BRIGHTSPRING HEALTH SERVICES INC,STK,Healthcare-Services,"Consumer, Non-cyclical",Medical Labs&amp;Testing Srv,CONVPREFERRED,false,BTSGU
681156829,QQQI,USD,NASDAQ,US,NEOS NASDAQ-100 HIGH INC ETF,STK,,,,ETF,true,QQQI
681372697,ATLCZ,USD,NASDAQ,US,ATLANTICUS HOLDINGS CORP,STK,Diversified Finan Serv,Financial,Finance-Consumer Loans,PREFERRED,false,ATLCZ
681579639,STEX,USD,NASDAQ,US,STREAMEX CORP,STK,Diversified Finan Serv,Financial,Finance-Other Services,COMMON,true,STEX
681889684,GTBP,USD,NASDAQ,US,GT BIOPHARMA INC,STK,Biotechnology,"Consumer, Non-cyclical",Medical-Biomedical/Gene,COMMON,false,GTBP
681901264,GUTS,USD,NASDAQ,US,FRACTYL HEALTH INC,STK,Healthcare-Products,"Consumer, Non-cyclical",Medical Products,COMMON,false,GUTS
682841031,BRLS,USD,NASDAQ,US,BOREALIS FOODS INC,STK,Food,"Consumer, Non-cyclical",Food-Canned,COMMON,false,BRLS
682850050,KYTX,USD,NASDAQ,US,KYVERNA THERAPEUTICS INC,STK,Biotechnology,"Consumer, Non-cyclical",Medical-Biomedical/Gene,COMMON,true,KYTX
683180033,ASMB,USD,NASDAQ,US,ASSEMBLY BIOSCIENCES INC,STK,Biotechnology,"Consumer, Non-cyclical",Medical-Biomedical/Gene,COMMON,true,ASMB
683189310,SGLY,USD,NASDAQ,US,SINGULARITY FUTURE TECHNOLOG,STK,Transportation,Industrial,Transport-Marine,COMMON,false,SGLY
683200234,MGX,USD,NASDAQ,US,METAGENOMI THERAPEUTICS INC,STK,Biotechnology,"Consumer, Non-cyclical",Medical-Biomedical/Gene,COMMON,false,MGX
683200239,TELO,USD,NASDAQ,US,TELOMIR PHARMACEUTICALS INC,STK,Pharmaceuticals,"Consumer, Non-cyclical",Medical-Drugs,COMMON,false,TELO
683765525,DTIL,USD,NASDAQ,US,PRECISION BIOSCIENCES INC,STK,Biotechnology,"Consumer, Non-cyclical",Medical-Biomedical/Gene,COMMON,true,DTIL
683785629,CANQ,USD,NASDAQ,US,CALAMOS NASDAQ EQUITY & INCO,STK,,,,ETF,false,CANQ
684178495,UCFI,USD,NASDAQ,US,CN HEALTHY FOOD TECH GROUP C,STK,Food,"Consumer, Non-cyclical",Food-Wholesale/Distrib,COMMON,false,UCFI
684987288,ACB,USD,NASDAQ,US,AURORA CANNABIS INC,STK,Pharmaceuticals,"Consumer, Non-cyclical",Medical-Drugs,COMMON,true,ACB
684998541,SELX,USD,NASDAQ,US,SEMILUX INTERNATIONAL LTD,STK,Electronics,Industrial,Electronic Compo-Misc,COMMON,false,SELX
685217803,COO,USD,NASDAQ,US,COOPER COS INC/THE,STK,Healthcare-Products,"Consumer, Non-cyclical",Medical Products,COMMON,true,COO
685218918,AOHY,USD,NASDAQ,US,ANGEL OAK HIGH YILD OPPO ETF,STK,,,,ETF,false,AOHY
685218921,MBS,USD,NASDAQ,US,ANGEL OAK MORTG-BCKED SE ETF,STK,,,,ETF,false,MBS
686134858,TRIB,USD,NASDAQ,US,TRINITY BIOTECH PLC-SPON ADR,STK,Healthcare-Products,"Consumer, Non-cyclical",Diagnostic Kits,ADR,true,TRIB
686445340,LOT,USD,NASDAQ,US,LOTUS TECHNOLOGY INC,STK,Auto Manufacturers,"Consumer, Cyclical",Auto-Cars/Light Trucks,ADR,false,LOT
686766281,FLDB,USD,NASDAQ,US,FIDELITY LOW DURAT BND ETF,STK,,,,ETF,false,FLDB
686766296,PHUN,USD,NASDAQ,US,PHUNWARE INC,STK,Software,Technology,Enterprise Software/Serv,COMMON,true,PHUN
687074840,IFBD,USD,NASDAQ,US,INFOBIRD CO LTD,STK,Software,Technology,Applications Software,COMMON,false,IFBD
687077467,NRES,USD,NASDAQ,US,XTRACKERS RREEF GLB NAT RES,STK,,,,ETF,false,NRES
687087914,SMXT,USD,NASDAQ,US,SOLARMAX TECHNOLOGY INC,STK,Energy-Alternate Sources,Energy,Energy-Alternate Sources,COMMON,false,SMXT
687135429,MTRS,USD,NASDAQ,US,METROS DEVELOPMENT CO LTD,STK,Real Estate,Financial,Real Estate Mgmnt/Servic,COMMON,false,MTRS
687273279,CELU,USD,NASDAQ,US,CELULARITY INC-A,STK,Biotechnology,"Consumer, Non-cyclical",Medical-Biomedical/Gene,COMMON,true,CELU
687273967,CRML,USD,NASDAQ,US,CRITICAL METALS CORP,STK,Mining,Basic Materials,Diversified Minerals,COMMON,true,CRML
687497135,USDX,USD,NASDAQ,US,SGI ENHANCED CORE ETF,STK,,,,ETF,false,USDX
687497137,GINX,USD,NASDAQ,US,SGI ENH GL INC ETF,STK,,,,ETF,false,GINX
687934987,FUFU,USD,NASDAQ,US,BITFUFU INC-A,STK,Computers,Technology,Computer Services,COMMON,false,FUFU
688590892,TPGXL,USD,NASDAQ,US,TPG OPERATING GROUP II LP,STK,Diversified Finan Serv,Financial,Invest Mgmnt/Advis Serv,PREFERRED,false,TPGXL
688825736,NCPB,USD,NASDAQ,US,NUVEEN CORE PLUS BOND ETF,STK,,,,ETF,false,NCPB
688825741,NPFI,USD,NASDAQ,US,NUVEEN PREFERRED & INCOME,STK,,,,ETF,false,NPFI
688825747,NUSB,USD,NASDAQ,US,NUVEEN ULTRA SHORT INCOME,STK,,,,ETF,false,NUSB
688829890,COPP,USD,NASDAQ,US,SPROTT COPPER MINERS ETF,STK,,,,ETF,true,COPP
689013099,GXAI,USD,NASDAQ,US,GAXOS.AI INC,STK,Software,Technology,Entertainment Software,COMMON,false,GXAI
689013120,CISO,USD,NASDAQ,US,CISO GLOBAL INC,STK,Computers,Technology,Computer Data Security,COMMON,false,CISO
689365099,PGY,USD,NASDAQ,US,PAGAYA TECHNOLOGIES LTD -A,STK,Software,Technology,Enterprise Software/Serv,COMMON,true,PGY
689676896,SERV,USD,NASDAQ,US,SERVE ROBOTICS INC,STK,Internet,Communications,E-Commerce/Services,COMMON,true,SERV
689684505,LMFA,USD,NASDAQ,US,LM FUNDING AMERICA INC,STK,Diversified Finan Serv,Financial,Finance-Commercial,COMMON,false,LMFA
689982377,GAME,USD,NASDAQ,US,GAMESQUARE HOLDINGS INC,STK,Software,Technology,Entertainment Software,COMMON,false,GAME
690184960,AEVA,USD,NASDAQ,US,AEVA TECHNOLOGIES INC,STK,Auto Parts&amp;Equipment,"Consumer, Cyclical",Auto/Trk Prts&amp;Equip-Orig,COMMON,true,AEVA
690184975,OTLK,USD,NASDAQ,US,OUTLOOK THERAPEUTICS INC,STK,Pharmaceuticals,"Consumer, Non-cyclical",Therapeutics,COMMON,true,OTLK
690219197,NTHI,USD,NASDAQ,US,NEONC TECHNOLOGIES HOLDINGS,STK,Biotechnology,"Consumer, Non-cyclical",Medical-Biomedical/Gene,COMMON,false,NTHI
690389000,RAN,USD,NASDAQ,US,RANMARINE TECHNOLOGY BV,STK,Electronics,Industrial,Instruments-Controls,ADR,false,RAN
690397597,USSH,USD,NASDAQ,US,WISDOMTREE 1-3 Y LAD TRY FD,STK,,,,ETF,false,USSH
690398339,USIN,USD,NASDAQ,US,WT 7-10 YR LDR TRSY FD,STK,,,,ETF,false,USIN
690408428,ZEO,USD,NASDAQ,US,ZEO ENERGY CORP,STK,Energy-Alternate Sources,Energy,Energy-Alternate Sources,COMMON,false,ZEO
691146951,AIRJ,USD,NASDAQ,US,AIRJOULE TECHNOLOGIES CORP,STK,Building Materials,Industrial,Bldg Prod-Air&amp;Heating,COMMON,true,AIRJ
691439807,AMZZ,USD,NASDAQ,US,GRANITESHARES 2XL AMZN ETF,STK,,,,ETF,true,AMZZ
691439810,MSFL,USD,NASDAQ,US,GRANITESHARES 2X LONG MSFT,STK,,,,ETF,true,MSFL
691439815,AMDL,USD,NASDAQ,US,GRANITESHARES 2XLONG AMD ETF,STK,,,,ETF,true,AMDL
692015426,SNT,USD,NASDAQ,US,SENSTAR TECHNOLOGIES CORP,STK,Electronics,Industrial,Electronic Secur Devices,COMMON,false,SNT
692173637,IQQQ,USD,NASDAQ,US,PROSHARES NDX HIGH INCOM ETF,STK,,,,ETF,false,IQQQ
692173647,AVXC,USD,NASDAQ,US,AVANTIS EMG MKT EX CHINA ETF,STK,,,,ETF,false,AVXC
692196414,ALAB,USD,NASDAQ,US,ASTERA LABS INC,STK,Semiconductors,Technology,Semiconductor Equipment,COMMON,true,ALAB
692389348,DOYU,USD,NASDAQ,US,DOUYU INTERNATIONAL HOLD-ADR,STK,Internet,Communications,Internet Content-Info/Ne,ADR,false,DOYU
692393950,LENZ,USD,NASDAQ,US,LENZ THERAPEUTICS INC,STK,Biotechnology,"Consumer, Non-cyclical",Medical-Biomedical/Gene,COMMON,true,LENZ
692396102,ATER,USD,NASDAQ,US,ATERIAN INC,STK,Home Furnishings,"Consumer, Cyclical",Appliances,COMMON,true,ATER
692396119,IBAT,USD,NASDAQ,US,ISHARES ENERGY STRG MATS ETF,STK,,,,ETF,false,IBAT
692396129,MRNO,USD,NASDAQ,US,MURANO GLOBAL INVESTMENTS PL,STK,Real Estate,Financial,Real Estate Oper/Develop,COMMON,false,MRNO
692416434,BKHAU,USD,NASDAQ,US,BLACK HAWK ACQUISITION CORP,STK,Holding Companies-Divers,Diversified,Specified Purpose Acquis,UNIT,false,BKHAU
692770368,INTZ,USD,NASDAQ,US,INTRUSION INC,STK,Computers,Technology,Computer Data Security,COMMON,false,INTZ
692770378,COOT,USD,NASDAQ,US,AUSTRALIAN OILSEEDS HOLDINGS,STK,Food,"Consumer, Non-cyclical",Food-Flour&amp;Grain,COMMON,false,COOT
693100229,QTTB,USD,NASDAQ,US,Q32 BIO INC,STK,Biotechnology,"Consumer, Non-cyclical",Medical-Biomedical/Gene,COMMON,false,QTTB
693392306,CTRM,USD,NASDAQ,US,CASTOR MARITIME INC,STK,Transportation,Industrial,Transport-Marine,COMMON,true,CTRM
693392312,LGVN,USD,NASDAQ,US,LONGEVERON INC-A,STK,Biotechnology,"Consumer, Non-cyclical",Medical-Biomedical/Gene,COMMON,false,LGVN
693599939,KEAT,USD,NASDAQ,US,KEATING ACTIVE ETF,STK,,,,ETF,false,KEAT
693600294,NOVS,USD,NASDAQ,US,NOVUSTERRA INC,STK,Miscellaneous Manufactur,Industrial,Advanced Materials/Prd,COMMON,false,NOVS
693604529,BCG,USD,NASDAQ,US,BINAH CAPITAL GROUP INC,STK,Investment Companies,Financial,Investment Companies,COMMON,false,BCG
693809628,PLUR,USD,NASDAQ,US,PLURI INC,STK,Pharmaceuticals,"Consumer, Non-cyclical",Therapeutics,COMMON,false,PLUR
693810751,INRO,USD,NASDAQ,US,ISHARES US IN RO ACT ETF-USD,STK,,,,ETF,true,INRO
693841531,BOLD,USD,NASDAQ,US,BOUNDLESS BIO INC,STK,Biotechnology,"Consumer, Non-cyclical",Medical-Biomedical/Gene,COMMON,false,BOLD
694151583,NRXP,USD,NASDAQ,US,NRX PHARMACEUTICALS INC,STK,Biotechnology,"Consumer, Non-cyclical",Medical-Biomedical/Gene,COMMON,true,NRXP
694263952,CWBC,USD,NASDAQ,US,COMMUNITY WEST BANCSHARES,STK,Banks,Financial,Commer Banks-Western US,COMMON,true,CWBC
694302925,TRINZ,USD,NASDAQ,US,TRINITY CAPITAL INC,STK,Investment Companies,Financial,Investment Companies,PREFERRED,false,TRINZ
694601320,RENT,USD,NASDAQ,US,RENT THE RUNWAY INC-A,STK,Retail,"Consumer, Cyclical",Retail-Apparel/Shoe,COMMON,false,RENT
694607256,EHLS,USD,NASDAQ,US,EVEN HERD LONG SHORT ETF,STK,,,,ETF,false,EHLS
694607261,MAMO,USD,NASDAQ,US,MASSIMO GROUP,STK,Leisure Time,"Consumer, Cyclical",Recreational Vehicles,COMMON,false,MAMO
694625709,ZBAO,USD,NASDAQ,US,ZHIBAO TECHNOLOGY INC,STK,Insurance,Financial,Insurance Brokers,COMMON,false,ZBAO
694946600,GLAD,USD,NASDAQ,US,GLADSTONE CAPITAL CORP,STK,Investment Companies,Financial,Investment Companies,COMMON,true,GLAD
694946620,RNAC,USD,NASDAQ,US,CARTESIAN THERAPEUTICS INC,STK,Biotechnology,"Consumer, Non-cyclical",Medical-Biomedical/Gene,COMMON,true,RNAC
694946625,TAOX,USD,NASDAQ,US,TAO SYNERGIES INC,STK,Biotechnology,"Consumer, Non-cyclical",Medical-Biomedical/Gene,COMMON,false,TAOX
695292112,CTNM,USD,NASDAQ,US,CONTINEUM THERAPEUTICS INC-A,STK,Biotechnology,"Consumer, Non-cyclical",Medical-Biomedical/Gene,COMMON,true,CTNM
695292122,PALI,USD,NASDAQ,US,PALISADE BIO INC,STK,Biotechnology,"Consumer, Non-cyclical",Medical-Biomedical/Gene,COMMON,false,PALI
695574812,CDTG,USD,NASDAQ,US,CDT ENVIRONMENTAL TECHNOLOGY,STK,Environmental Control,Industrial,Water Treatment Systems,COMMON,false,CDTG
696323316,SMSI,USD,NASDAQ,US,SMITH MICRO SOFTWARE INC,STK,Software,Technology,Enterprise Software/Serv,COMMON,true,SMSI
696183669,AGEN,USD,NASDAQ,US,AGENUS INC,STK,Biotechnology,"Consumer, Non-cyclical",Medical-Biomedical/Gene,COMMON,true,AGEN
696183679,FLNT,USD,NASDAQ,US,FLUENT INC,STK,Advertising,Communications,Advertising Services,COMMON,false,FLNT
696511292,DVLT,USD,NASDAQ,US,DATAVAULT AI INC,STK,Software,Technology,Applications Software,COMMON,false,DVLT
696511300,CCSB,USD,NASDAQ,US,CARBON COLLECTIVE SH DUR ETF,STK,,,,ETF,false,CCSB
696511307,NEWZ,USD,NASDAQ,US,STCKSPS AI-PW S US ALL C ETF,STK,,,,ETF,false,NEWZ
696511327,GRRR,USD,NASDAQ,US,GORILLA TECHNOLOGY GROUP INC,STK,Computers,Technology,Computer Services,COMMON,true,GRRR
697300490,KNDI,USD,NASDAQ,US,KANDI TECHNOLOGIES GROUP INC,STK,Leisure Time,"Consumer, Cyclical",Recreational Vehicles,COMMON,true,KNDI
697319656,SUPX,USD,NASDAQ,US,SUPERX AI TECHNOLOGY LTD,STK,Computers,Technology,Computer Services,COMMON,false,SUPX
697516392,GSUN,USD,NASDAQ,US,GOLDEN SUN TECHNOLOGY GRO-A,STK,Municipal,Government,Municipal-Education,COMMON,false,GSUN
697566577,GECCI,USD,NASDAQ,US,GREAT ELM CAPITAL CORP,STK,Investment Companies,Financial,Investment Companies,PREFERRED,false,GECCI
698258868,TRSG,USD,NASDAQ,US,TUNGRAY TECHNOLOGIES INC-A,STK,Electronics,Industrial,Electronic Compo-Misc,COMMON,false,TRSG
698435457,MYSZ,USD,NASDAQ,US,MY SIZE INC,STK,Software,Technology,Applications Software,COMMON,false,MYSZ
698511234,BOTT,USD,NASDAQ,US,THEMES HUMANOID ROBOTICS ETF,STK,,,,ETF,false,BOTT
699029987,OPTZ,USD,NASDAQ,US,OPTIMIZE STRATEGY INDEX ETF,STK,,,,ETF,false,OPTZ
699378300,MRX,USD,NASDAQ,US,MAREX GROUP PLC,STK,Diversified Finan Serv,Financial,Finance-Invest Bnkr/Brkr,COMMON,true,MRX
700289495,RCON,USD,NASDAQ,US,RECON TECHNOLOGY LTD-CLASS A,STK,Oil&amp;Gas Services,Energy,Oil Field Mach&amp;Equip,COMMON,true,RCON
700289515,SOPA,USD,PINK,US,SOCIETY PASS INC,STK,Internet,Communications,E-Marketing/Info,COMMON,false,SOPAQ
700337401,PSTR,USD,NASDAQ,US,PEAKSHARES SECTOR ROTAT ETF,STK,,,,ETF,false,PSTR
700337440,IBACR,USD,NASDAQ,US,IB ACQUISITION CORP-RTS,STK,Holding Companies-Divers,Diversified,Specified Purpose Acquis,RIGHT,false,IBACR
700337445,IBAC,USD,NASDAQ,US,IB ACQUISITION CORP,STK,Holding Companies-Divers,Diversified,Specified Purpose Acquis,COMMON,false,IBAC
700520968,WEEI,USD,NASDAQ,US,WSTWD SAL ENHNC ENGY INM ETF,STK,,,,ETF,false,WEEI
700612615,SHMD,USD,NASDAQ,US,SCHMID GROUP NV,STK,Machinery-Diversified,Industrial,Industrial Automat/Robot,COMMON,false,SHMD
700734989,CCIXU,USD,NASDAQ,US,CHURCHILL CAPITAL CORP IX,STK,Holding Companies-Divers,Diversified,Specified Purpose Acquis,UNIT,false,CCIXU
700948531,OLB,USD,NASDAQ,US,OLB GROUP INC,STK,Commercial Services,"Consumer, Non-cyclical",Commercial Serv-Finance,COMMON,false,OLB
700948534,BZFD,USD,NASDAQ,US,BUZZFEED INC,STK,Internet,Communications,Internet Content-Info/Ne,COMMON,true,BZFD
701222504,BNR,USD,NASDAQ,US,BURNING ROCK BIOTECH LTD-ADR,STK,Biotechnology,"Consumer, Non-cyclical",Medical-Biomedical/Gene,ADR,false,BNR
701271196,AGMI,USD,NASDAQ,US,THEMES SILVER MINERS ETF,STK,,,,ETF,false,AGMI
701271200,AIFD,USD,NASDAQ,US,TCW ARTIFICIAL INTEL ETF,STK,,,,ETF,true,AIFD
701271205,GRW,USD,NASDAQ,US,TCW DURABLE GROWTH ETF,STK,,,,ETF,false,GRW
701518202,NNE,USD,NASDAQ,US,NANO NUCLEAR ENERGY INC,STK,Machinery-Constr&amp;Mining,Industrial,Machinery-Electric Util,COMMON,true,NNE
702139986,SVCO,USD,NASDAQ,US,SILVACO GROUP INC,STK,Software,Technology,Applications Software,COMMON,false,SVCO
702296817,PAL,USD,NASDAQ,US,PROFICIENT AUTO LOGISTICS IN,STK,Transportation,Industrial,Transport-Truck,COMMON,true,PAL
702296820,INDH,USD,NASDAQ,US,WISDOMTREE INDIA HEDG EQ,STK,,,,ETF,false,INDH
702332673,GPATU,USD,NASDAQ,US,GP-ACT III ACQUISITION CORP,STK,Holding Companies-Divers,Diversified,Specified Purpose Acquis,UNIT,false,GPATU
702622948,USOY,USD,NASDAQ,US,DEFIANCE OIL END OPT INC ETF,STK,,,,ETF,true,USOY
702639558,BKHAR,USD,NASDAQ,US,BLACK HAWK ACQUISITION C-RTS,STK,Holding Companies-Divers,Diversified,Specified Purpose Acquis,RIGHT,false,BKHAR
702643061,BKHA,USD,NASDAQ,US,BLACK HAWK ACQUISITION COR-A,STK,Holding Companies-Divers,Diversified,Specified Purpose Acquis,COMMON,false,BKHA
702659937,LRTX,USD,NASDAQ,US,LIRUM THERAPEUTICS INC,STK,Biotechnology,"Consumer, Non-cyclical",Medical-Biomedical/Gene,COMMON,false,LRTX
703246362,BTOC,USD,NASDAQ,US,ARMLOGI HOLDING CORP,STK,Storage/Warehousing,"Consumer, Cyclical",Storage/Warehousing,COMMON,false,BTOC
703392731,PDC,USD,NASDAQ,US,PERPETUALS.COM LTD,STK,Software,Technology,Applications Software,ADR,false,PDC
703618181,HSCS,USD,NASDAQ,US,HEARTSCIENCES INC,STK,Healthcare-Products,"Consumer, Non-cyclical",Medical Products,COMMON,false,HSCS
704403546,RFAIU,USD,NASDAQ,US,RF ACQUISITION CORP II,STK,Holding Companies-Divers,Diversified,Specified Purpose Acquis,UNIT,false,RFAIU
704403597,HDL,USD,NASDAQ,US,SUPER HI INTERNATIONAL HOLDI,STK,Retail,"Consumer, Cyclical",Retail-Restaurants,ADR,false,HDL
704621472,SCNI,USD,NASDAQ,US,SCINAI IMMUNOTHERAPEUTICS LT,STK,Pharmaceuticals,"Consumer, Non-cyclical",Medical-Drugs,ADR,false,SCNI
705140936,INBX,USD,NASDAQ,US,INHIBRX BIOSCIENCES INC,STK,Biotechnology,"Consumer, Non-cyclical",Medical-Biomedical/Gene,COMMON,true,INBX
705166785,OZEM,USD,NASDAQ,US,ROUNDHILL GLP-1 & WGT LS ETF,STK,,,,ETF,true,OZEM
705924553,SINT,USD,NASDAQ,US,SINTX TECHNOLOGIES INC,STK,Miscellaneous Manufactur,Industrial,Advanced Materials/Prd,COMMON,false,SINT
705924556,CNTN,USD,NASDAQ,US,CANTON STRATEGIC HOLDINGS IN,STK,Biotechnology,"Consumer, Non-cyclical",Medical-Biomedical/Gene,COMMON,false,CNTN
706149062,GV,USD,NASDAQ,US,VISIONARY HOLDINGS INC,STK,Commercial Services,"Consumer, Non-cyclical",Schools,COMMON,false,GV
706502141,BCDA,USD,NASDAQ,US,BIOCARDIA INC,STK,Biotechnology,"Consumer, Non-cyclical",Medical-Biomedical/Gene,COMMON,false,BCDA
737891283,BHST,USD,NASDAQ,US,BIOHARVEST SCIENCES INC,STK,Biotechnology,"Consumer, Non-cyclical",Medical-Biomedical/Gene,COMMON,false,BHST
707175452,NAKA,,,,NAKAMOTO INC,STK,Healthcare-Services,"Consumer, Non-cyclical",Medical Labs&amp;Testing Srv,COMMON,false,
707179883,NEWTG,USD,NASDAQ,US,NEWTEKONE INC,STK,Banks,Financial,Commer Banks-Southern US,PREFERRED,false,NEWTG
707638934,AIPI,USD,NASDAQ,US,REX AI EQUITY PREM INC ETF,STK,,,,ETF,true,AIPI
707875909,SNGX,USD,NASDAQ,US,SOLIGENIX INC,STK,Pharmaceuticals,"Consumer, Non-cyclical",Medical-Drugs,COMMON,false,SNGX
707923154,BGRO,USD,NASDAQ,US,ISHARES LRG CAP GRWT ACT ETF,STK,,,,ETF,false,BGRO
707923159,METD,USD,NASDAQ,US,DIREX DLY META BR 1X ETF-USI,STK,,,,ETF,false,METD
707923160,METU,USD,NASDAQ,US,DIREX DLY META BUL 2X ETF-US,STK,,,,ETF,true,METU
708058620,BNC,USD,NASDAQ,US,CEA INDUSTRIES INC,STK,Investment Companies,Financial,Investment Companies,COMMON,true,BNC
708074659,GAUZ,USD,NASDAQ,US,GAUZY LTD,STK,Auto Parts&amp;Equipment,"Consumer, Cyclical",Auto/Trk Prts&amp;Equip-Orig,COMMON,false,GAUZ
708088137,LIF,USD,NASDAQ,US,LIFE360 INC,STK,Software,Technology,Applications Software,COMMON,true,LIF
708088152,GRAL,USD,NASDAQ,US,GRAIL INC,STK,Healthcare-Products,"Consumer, Non-cyclical",Diagnostic Kits,COMMON,true,GRAL
708404959,RAPP,USD,NASDAQ,US,RAPPORT THERAPEUTICS INC,STK,Biotechnology,"Consumer, Non-cyclical",Medical-Biomedical/Gene,COMMON,true,RAPP
708404963,WAY,USD,NASDAQ,US,WAYSTAR HOLDING CORP,STK,Software,Technology,Medical Information Sys,COMMON,true,WAY
708629177,KPRX,USD,NASDAQ,US,KIORA PHARMACEUTICALS INC,STK,Pharmaceuticals,"Consumer, Non-cyclical",Medical-Drugs,COMMON,false,KPRX
708643376,ALFUU,USD,NASDAQ,US,CENTURION ACQUISITION CORP,STK,Holding Companies-Divers,Diversified,Specified Purpose Acquis,UNIT,false,ALFUU
708873988,PCSC,USD,NASDAQ,US,PERCEPTIVE CAPITAL SOLUTIONS,STK,Holding Companies-Divers,Diversified,Specified Purpose Acquis,COMMON,false,PCSC
709029632,BSJW,USD,NASDAQ,US,INVESCO BULLETSHARES 2032 HY,STK,,,,ETF,false,BSJW
709029637,BSCY,USD,NASDAQ,US,INVESCO BULLETSHARES 2034 CB,STK,,,,ETF,false,BSCY
709038571,IBTP,USD,NASDAQ,US,ISHARES IBONDS DEC 2034 ETF,STK,,,,ETF,false,IBTP
709038574,IBGA,USD,NASDAQ,US,ISHARES IBONDS DEC 2044 ETF,STK,,,,ETF,false,IBGA
709038576,IBGK,USD,NASDAQ,US,ISHARES IBONDS DEC 2054 ETF,STK,,,,ETF,false,IBGK
709038586,CCIX,USD,NASDAQ,US,CHURCHILL CAPITAL CORP IX,STK,Holding Companies-Divers,Diversified,Specified Purpose Acquis,COMMON,false,CCIX
709237125,TEM,USD,NASDAQ,US,TEMPUS AI INC-CL A,STK,Healthcare-Products,"Consumer, Non-cyclical",Diagnostic Kits,COMMON,true,TEM
709555343,HYDR,USD,NASDAQ,US,GLOBAL X HYDROGEN ETF,STK,,,,ETF,true,HYDR
709593507,EVSD,USD,NASDAQ,US,EATON VANCE SHRT DUR INC,STK,,,,ETF,false,EVSD
709593593,FSHPU,USD,NASDAQ,US,FLAG SHIP ACQUISITION CORP,STK,Holding Companies-Divers,Diversified,Specified Purpose Acquis,UNIT,false,FSHPU
709603520,TLX,USD,NASDAQ,US,TELIX PHARMACEUTICALS LTD,STK,Biotechnology,"Consumer, Non-cyclical",Medical-Biomedical/Gene,ADR,false,TLX
709872772,QXQ,USD,NASDAQ,US,SGI ENHANCED NASDAQ-100 ETF,STK,,,,ETF,false,QXQ
709896491,NVA,USD,NASDAQ,US,NOVA MINERALS LTD-ADR,STK,Mining,Basic Materials,Precious Metals,ADR,true,NVA
710196235,ATRA,USD,NASDAQ,US,ATARA BIOTHERAPEUTICS INC,STK,Biotechnology,"Consumer, Non-cyclical",Medical-Biomedical/Gene,COMMON,false,ATRA
710220644,BRHY,USD,NASDAQ,US,ISHARES HIGH YILD ACTIVE ETF,STK,,,,ETF,false,BRHY
710220800,BELT,USD,NASDAQ,US,ISHARES U.S. SELECT EQUITY A,STK,,,,ETF,true,BELT
710220805,CUBWU,USD,NASDAQ,US,LIONHEART HOLDINGS,STK,Holding Companies-Divers,Diversified,Specified Purpose Acquis,UNIT,false,CUBWU
710220890,MACIU,USD,NASDAQ,US,MELAR ACQUISITION CORP I,STK,Holding Companies-Divers,Diversified,Specified Purpose Acquis,UNIT,false,MACIU
710386081,BGM,USD,NASDAQ,US,BGM GROUP LTD,STK,Pharmaceuticals,"Consumer, Non-cyclical",Medical-Drugs,COMMON,false,BGM
710386084,TECX,USD,NASDAQ,US,TECTONIC THERAPEUTIC INC,STK,Biotechnology,"Consumer, Non-cyclical",Medical-Biomedical/Gene,COMMON,true,TECX
711265165,QQQT,USD,NASDAQ,US,DEFIANCE NASDAQ 100 IN T ETF,STK,,,,ETF,true,QQQT
711265171,RECT,USD,NASDAQ,US,RECTITUDE HOLDINGS LTD,STK,Electronics,Industrial,Electronic Secur Devices,COMMON,false,RECT
711265189,ATLN,USD,NASDAQ,US,ATLANTIC INTERNATIONAL CORP,STK,Biotechnology,"Consumer, Non-cyclical",Medical-Biomedical/Gene,COMMON,false,ATLN
711280662,GLOW,USD,NASDAQ,US,VS WESTEND GLOBAL EQUITY ETF,STK,,,,ETF,false,GLOW
712118383,VSEE,USD,NASDAQ,US,VSEE HEALTH INC,STK,Software,Technology,Medical Information Sys,COMMON,false,VSEE
712374801,RIGL,USD,NASDAQ,US,RIGEL PHARMACEUTICALS INC,STK,Biotechnology,"Consumer, Non-cyclical",Medical-Biomedical/Gene,COMMON,true,RIGL
712565953,WBTN,USD,NASDAQ,US,WEBTOON ENTERTAINMENT INC,STK,Entertainment,"Consumer, Cyclical",Motion Pictures&amp;Services,COMMON,true,WBTN
712857719,DARE,USD,NASDAQ,US,DARE BIOSCIENCE INC,STK,Pharmaceuticals,"Consumer, Non-cyclical",Medical-Drugs,COMMON,false,DARE
712953347,KNSA,USD,NASDAQ,US,KINIKSA PHARMACEUTICALS INTE,STK,Biotechnology,"Consumer, Non-cyclical",Medical-Biomedical/Gene,COMMON,true,KNSA
712982364,LSH,USD,NASDAQ,US,LAKESIDE HOLDING LTD,STK,Transportation,Industrial,Transport-Services,COMMON,false,LSH
712984808,ABVE,USD,NASDAQ,US,ABOVE FOOD INGREDIENTS INC,STK,Food,"Consumer, Non-cyclical",Food-Misc/Diversified,COMMON,true,ABVE
712999999,ALMS,USD,NASDAQ,US,ALUMIS INC,STK,Biotechnology,"Consumer, Non-cyclical",Medical-Biomedical/Gene,COMMON,true,ALMS
713229041,GPAT,USD,NASDAQ,US,GP-ACT III ACQUISITION-A,STK,Holding Companies-Divers,Diversified,Specified Purpose Acquis,COMMON,false,GPAT
713229044,QBUF,USD,NASDAQ,US,INNV NASDAQ -100 10 B - QRT,STK,,,,ETF,false,QBUF
713437851,NUTX,USD,NASDAQ,US,NUTEX HEALTH INC,STK,Software,Technology,Enterprise Software/Serv,COMMON,false,NUTX
713442352,MDRR,USD,NASDAQ,US,MEDALIST DIVERSIFIED INC,STK,REITS,Financial,REITS-Diversified,REIT,false,MDRR
713451066,TOYO,USD,NASDAQ,US,TOYO CO LTD,STK,Energy-Alternate Sources,Energy,Energy-Alternate Sources,COMMON,true,TOYO
713456459,EURKU,USD,NASDAQ,US,EUREKA ACQUISITION CORP,STK,Holding Companies-Divers,Diversified,Specified Purpose Acquis,UNIT,false,EURKU
713456582,FCTE,USD,NASDAQ,US,SMI 3FOURTEEN FULL-CYCL TRND,STK,,,,ETF,false,FCTE
713604569,PHIO,USD,NASDAQ,US,PHIO PHARMACEUTICALS CORP,STK,Biotechnology,"Consumer, Non-cyclical",Medical-Biomedical/Gene,COMMON,false,PHIO
713621646,RFAI,USD,NASDAQ,US,RF ACQUISITION CORP II,STK,Holding Companies-Divers,Diversified,Specified Purpose Acquis,COMMON,false,RFAI
713621648,RFAIR,USD,NASDAQ,US,RF ACQUISITION CORP II,STK,Holding Companies-Divers,Diversified,Specified Purpose Acquis,RIGHT,false,RFAIR
713917504,ADAMI,USD,NASDAQ,US,NEW YORK MORTGAGE TRUST INC,STK,REITS,Financial,REITS-Mortgage,PREFERRED,false,ADAMI
713926070,SUNS,USD,NASDAQ,US,SUNRISE REALTY TRUST INC,STK,REITS,Financial,REITS-Mortgage,REIT,true,SUNS
714626950,SIMAU,USD,NASDAQ,US,SIM ACQUISITION CORP I,STK,Holding Companies-Divers,Diversified,Specified Purpose Acquis,UNIT,false,SIMAU
714777894,IMCC,USD,NASDAQ,US,IM CANNABIS CORP,STK,Household Products/Wares,"Consumer, Non-cyclical",Consumer Products-Misc,COMMON,false,IMCC
714787558,CLNN,USD,NASDAQ,US,CLENE INC,STK,Biotechnology,"Consumer, Non-cyclical",Medical-Biomedical/Gene,COMMON,false,CLNN
714792004,TAXE,USD,NASDAQ,US,T ROWE PRICE INTERMED MUNP B,STK,,,,ETF,false,TAXE
714990776,OXLCI,USD,NASDAQ,US,OXFORD LANE CAPITAL CORP,STK,Closed-end Funds,Financial,Closed-end Funds,PREFERRED,false,OXLCI
715002751,CLMT,USD,NASDAQ,US,CALUMET INC,STK,Chemicals,Basic Materials,Chemicals-Specialty,COMMON,true,CLMT
715040953,CCNR,USD,NASDAQ,US,ALPS CORECOMMODITY NTRL RES,STK,,,,ETF,false,CCNR
715040956,DUKH,USD,NASDAQ,US,OCEAN PARK HIGH INCOME ETF,STK,,,,ETF,false,DUKH
715040961,DUKX,USD,NASDAQ,US,OCEAN PARK INTERNATIONL ETF,STK,,,,ETF,false,DUKX
715359863,LPAAU,USD,NASDAQ,US,LAUNCH ONE ACQUISITION CORP,STK,Holding Companies-Divers,Diversified,Specified Purpose Acquis,UNIT,false,LPAAU
715611622,MBAVU,USD,NASDAQ,US,M3-BRIGADE ACQUISITION V COR,STK,Holding Companies-Divers,Diversified,Specified Purpose Acquis,UNIT,false,MBAVU
715916503,MACI,USD,NASDAQ,US,MELAR ACQUISITION CORP I-A,STK,Holding Companies-Divers,Diversified,Specified Purpose Acquis,COMMON,false,MACI
716121766,TCRT,USD,NASDAQ,US,ALAUNOS THERAPEUTICS INC,STK,Biotechnology,"Consumer, Non-cyclical",Medical-Biomedical/Gene,COMMON,false,TCRT
716121772,LUCY,USD,NASDAQ,US,INNOVATIVE EYEWEAR INC,STK,Retail,"Consumer, Cyclical",Retail-Vision Serv Cntr,COMMON,false,LUCY
716128038,QQA,USD,NASDAQ,US,INVESCO QQQ INCOME ADV ETF,STK,,,,ETF,false,QQA
716374381,TWFG,USD,NASDAQ,US,TWFG INC,STK,Insurance,Financial,Property/Casualty Ins,COMMON,false,TWFG
716375736,AGIX,USD,NASDAQ,US,KRANESHARES AI & TECH ETF,STK,,,,ETF,true,AGIX
717119839,ARTV,USD,NASDAQ,US,ARTIVA BIOTHERAPEUTICS INC,STK,Biotechnology,"Consumer, Non-cyclical",Medical-Biomedical/Gene,COMMON,false,ARTV
717310478,TRINI,USD,NASDAQ,US,TRINITY CAPITAL INC,STK,Investment Companies,Financial,Investment Companies,PREFERRED,false,TRINI
717828992,ETHA,USD,NASDAQ,US,ISHARES ETHEREUM TRUST ETF,STK,,,,ETF,true,ETHA
717838551,KQQQ,USD,NASDAQ,US,KURV TECH TITANS SELECT ETF,STK,,,,ETF,false,KQQQ
717996015,SNES,USD,NASDAQ,US,SENESTECH INC,STK,Biotechnology,"Consumer, Non-cyclical",Medical-Biomedical/Gene,COMMON,false,SNES
718027325,ACTU,USD,NASDAQ,US,ACTUATE THERAPEUTICS INC,STK,Pharmaceuticals,"Consumer, Non-cyclical",Medical-Drugs,COMMON,false,ACTU
718208933,EVGN,USD,NASDAQ,US,EVOGENE LTD,STK,Biotechnology,"Consumer, Non-cyclical",Agricultural Biotech,COMMON,false,EVGN
718209235,DTSQU,USD,NASDAQ,US,DT CLOUD STAR ACQUISITION CO,STK,Holding Companies-Divers,Diversified,Specified Purpose Acquis,UNIT,false,DTSQU
718209238,LINE,USD,NASDAQ,US,LINEAGE INC,STK,REITS,Financial,REITS-Warehouse/Industr,REIT,true,LINE
718650441,NIPG,USD,NASDAQ,US,NIP GROUP INC,STK,Entertainment,"Consumer, Cyclical",Professional Sports,ADR,false,NIPG
718981016,XAIX,USD,NASDAQ,US,XTRACKERS AI & BIG DATA ETF,STK,,,,ETF,true,XAIX
719274784,VLYPN,USD,NASDAQ,US,VALLEY NATIONAL BANCROP,STK,Banks,Financial,Commer Banks-Eastern US,PREFERRED,false,VLYPN
719418309,QQQY,USD,NASDAQ,US,DEFIANCE NASDAQ 100 WEEKLY D,STK,,,,ETF,true,QQQY
719474032,ALF,USD,NASDAQ,US,CENTURION ACQUISITION CORP,STK,Holding Companies-Divers,Diversified,Specified Purpose Acquis,COMMON,false,ALF
719710259,NCPL,USD,NASDAQ,US,NETCAPITAL INC,STK,Diversified Finan Serv,Financial,Invest Mgmnt/Advis Serv,COMMON,false,NCPL
719715529,ADGM,USD,NASDAQ,US,ADAGIO MEDICAL HOLDINGS INC,STK,Healthcare-Products,"Consumer, Non-cyclical",Medical Products,COMMON,false,ADGM
719720362,FDSB,USD,NASDAQ,US,FIFTH DISTRICT BANCORP INC,STK,Banks,Financial,Commer Banks Non-US,COMMON,false,FDSB
719720379,GPRF,USD,NASDAQ,US,ACCESS PREFERRED AND HYBRID,STK,,,,ETF,false,GPRF
720338007,HPAI,USD,NASDAQ,US,HELPORT AI LTD,STK,Software,Technology,Enterprise Software/Serv,COMMON,false,HPAI
721095494,SBFM,USD,NASDAQ,US,SUNSHINE BIOPHARMA INC,STK,Pharmaceuticals,"Consumer, Non-cyclical",Medical-Drugs,COMMON,false,SBFM
721288785,CING,USD,NASDAQ,US,CINGULATE INC,STK,Biotechnology,"Consumer, Non-cyclical",Medical-Biomedical/Gene,COMMON,true,CING
721315837,LCDS,USD,NASDAQ,US,JPMORGAN FNDM DATA SCI L ETF,STK,,,,ETF,false,LCDS
721315842,MCDS,USD,NASDAQ,US,JPM FUNDMTL DATA SC M C ETF,STK,,,,ETF,false,MCDS
721315847,SCDS,USD,NASDAQ,US,JPMORGAN FUNDAMENTAL DTA SSC,STK,,,,ETF,false,SCDS
721685390,CUB,USD,NASDAQ,US,LIONHEART HOLDINGS - CL A,STK,Holding Companies-Divers,Diversified,Specified Purpose Acquis,COMMON,false,CUB
721685392,VACHU,USD,NASDAQ,US,VOYAGER ACQUISITION CORP,STK,Holding Companies-Divers,Diversified,Specified Purpose Acquis,UNIT,false,VACHU
721993642,MNPR,USD,NASDAQ,US,MONOPAR THERAPEUTICS INC,STK,Biotechnology,"Consumer, Non-cyclical",Medical-Biomedical/Gene,COMMON,false,MNPR
721996237,AIFF,USD,NASDAQ,US,FIREFLY NEUROSCIENCE INC,STK,Computers,Technology,Computer Services,COMMON,false,AIFF
722312982,CTOR,USD,NASDAQ,US,CITIUS ONCOLOGY INC,STK,Biotechnology,"Consumer, Non-cyclical",Medical-Biomedical/Gene,COMMON,false,CTOR
722489363,ASTI,USD,NASDAQ,US,ASCENT SOLAR TECHNOLOGIES,STK,Energy-Alternate Sources,Energy,Energy-Alternate Sources,COMMON,false,ASTI
722492723,ALP,USD,NASDAQ,US,ALPHA COMPUTE CORP,STK,Diversified Finan Serv,Financial,Finance-Other Services,COMMON,false,ALP
722493614,QNTM,USD,NASDAQ,US,QUANTUM BIOPHARMA-B SUB VOT,STK,Pharmaceuticals,"Consumer, Non-cyclical",Medical-Drugs,COMMON,false,QNTM
722503375,FSHP,USD,NASDAQ,US,FLAG SHIP ACQUISITION CORP,STK,Holding Companies-Divers,Diversified,Specified Purpose Acquis,COMMON,false,FSHP
722503377,FSHPR,USD,NASDAQ,US,FLAG SHIP ACQUISITION CORP,STK,Holding Companies-Divers,Diversified,Specified Purpose Acquis,RIGHT,false,FSHPR
722696513,TSPY,USD,NASDAQ,US,TAPPALPHA S&P 500 GR & DI-US,STK,,,,ETF,true,TSPY
722696516,ORBS,USD,NASDAQ,US,EIGHTCO HOLDINGS INC,STK,Diversified Finan Serv,Financial,Finance-Other Services,COMMON,true,ORBS
722705694,ZENA,USD,NASDAQ,US,ZENATECH INC,STK,Software,Technology,Enterprise Software/Serv,COMMON,true,ZENA
722740637,YQQQ,USD,NASDAQ,US,YIELDMAX N100 SHORT OPT INC,STK,,,,ETF,true,YQQQ
722740641,YHNAU,USD,NASDAQ,US,YHN ACQUISITION I LTD,STK,Holding Companies-Divers,Diversified,Specified Purpose Acquis,UNIT,false,YHNAU
723404704,BETR,USD,NASDAQ,US,BETTER HOME & FINANCE HOLDIN,STK,Diversified Finan Serv,Financial,Finance-Mtge Loan/Banker,COMMON,true,BETR
723432892,RZLV,USD,NASDAQ,US,REZOLVE AI PLC,STK,Software,Technology,Applications Software,COMMON,true,RZLV
723432897,FFAI,USD,NASDAQ,US,FARADAY FUTURE INTELLIGENT E,STK,Auto Manufacturers,"Consumer, Cyclical",Auto-Cars/Light Trucks,COMMON,true,FFAI
723463963,YXT,USD,NASDAQ,US,YXT.COM GROUP HOLDING LTD,STK,Software,Technology,Applications Software,ADR,false,YXT
723467866,WRD,USD,NASDAQ,US,WERIDE INC-ADR,STK,Auto Parts&amp;Equipment,"Consumer, Cyclical",Auto/Trk Prts&amp;Equip-Orig,ADR,true,WRD
723644365,ALGS,USD,NASDAQ,US,ALIGOS THERAPEUTICS INC,STK,Biotechnology,"Consumer, Non-cyclical",Medical-Biomedical/Gene,COMMON,false,ALGS
723652239,RDHL,USD,NASDAQ,US,REDHILL BIOPHARMA LTD-SP ADR,STK,Biotechnology,"Consumer, Non-cyclical",Medical-Biomedical/Gene,ADR,false,RDHL
723652244,CVKD,USD,NASDAQ,US,CADRENAL THERAPEUTICS INC,STK,Pharmaceuticals,"Consumer, Non-cyclical",Medical-Drugs,COMMON,false,CVKD
723653290,RITR,USD,NASDAQ,US,REITAR LOGTECH HOLDINGS LTD,STK,Transportation,Industrial,Transport-Services,COMMON,false,RITR
724297194,ADUR,USD,NASDAQ,US,ADURO CLEAN TECHNOLOGIES INC,STK,Environmental Control,Industrial,Non-hazardous Waste Disp,COMMON,true,ADUR
724308994,QHDG,USD,NASDAQ,US,INNOVATOR HDGD NASDAQ100 ETF,STK,,,,ETF,false,QHDG
724308999,QQQG,USD,NASDAQ,US,PACER NDQ 100 TOP 50 CSH CW,STK,,,,ETF,false,QQQG
724669384,AVGX,USD,NASDAQ,US,DEFIANCE DLY TRG 2X LNG AVGO,STK,,,,ETF,true,AVGX
724676985,SPCB,USD,NASDAQ,US,SUPERCOM LTD,STK,Electronics,Industrial,Identification Sys/Dev,COMMON,false,SPCB
724986052,TWAV,USD,NASDAQ,US,TAOWEAVE INC,STK,Telecommunications,Communications,Telecom Services,COMMON,false,TWAV
725237355,QMCO,USD,NASDAQ,US,QUANTUM CORP,STK,Computers,Technology,Computers-Memory Devices,COMMON,false,QMCO
725238096,CCEC,USD,NASDAQ,US,CAPITAL CLEAN ENERGY CARRIER,STK,Transportation,Industrial,Transport-Marine,COMMON,true,CCEC
725468685,DPRO,USD,NASDAQ,US,DRAGANFLY INC,STK,Computers,Technology,Computers-Other,COMMON,true,DPRO
725468694,XCUR,USD,NASDAQ,US,EXICURE INC,STK,Biotechnology,"Consumer, Non-cyclical",Medical-Biomedical/Gene,COMMON,false,XCUR
725468700,FBRX,USD,NASDAQ,US,FORTE BIOSCIENCES INC,STK,Biotechnology,"Consumer, Non-cyclical",Medical-Biomedical/Gene,COMMON,true,FBRX
725492228,JBDI,USD,NASDAQ,US,JBDI HOLDINGS LTD,STK,Packaging&amp;Containers,Industrial,Containers-Metal/Glass,COMMON,false,JBDI
725636689,GDEV,USD,NASDAQ,US,GDEV INC,STK,Software,Technology,Entertainment Software,COMMON,false,GDEV
725643921,SPAI,USD,NASDAQ,US,SAFE PRO GROUP INC,STK,Software,Technology,Enterprise Software/Serv,COMMON,true,SPAI
725673659,SMHX,USD,NASDAQ,US,VANECK FABLES SMICNDCTR ETF,STK,,,,ETF,true,SMHX
725797159,SNOA,USD,NASDAQ,US,SONOMA PHARMACEUTICALS INC,STK,Pharmaceuticals,"Consumer, Non-cyclical",Medical-Drugs,COMMON,false,SNOA
725797171,DMRA,USD,NASDAQ,US,DAMORA THERAPEUTICS INC,STK,Biotechnology,"Consumer, Non-cyclical",Medical-Biomedical/Gene,COMMON,false,DMRA
725809824,XOVR,USD,NASDAQ,US,ERSHARES PRIVATE-PUBLIC CROS,STK,,,,ETF,true,XOVR
725829000,SIMA,USD,NASDAQ,US,SIM ACQUISITION CORP I-A,STK,Holding Companies-Divers,Diversified,Specified Purpose Acquis,COMMON,false,SIMA
726080140,ORKA,USD,NASDAQ,US,ORUKA THERAPEUTICS INC,STK,Biotechnology,"Consumer, Non-cyclical",Medical-Biomedical/Gene,COMMON,true,ORKA
726199663,GLMD,USD,NASDAQ,US,GALMED PHARMACEUTICALS LTD,STK,Pharmaceuticals,"Consumer, Non-cyclical",Medical-Drugs,COMMON,false,GLMD
726222131,LPAA,USD,NASDAQ,US,LAUNCH ONE ACQUISITION CORP,STK,Holding Companies-Divers,Diversified,Specified Purpose Acquis,COMMON,false,LPAA
726429036,ITOC,USD,NASDAQ,US,ITONIC HOLDINGS LTD,STK,Software,Technology,Medical Information Sys,COMMON,false,ITOC
726746684,BIRD,USD,NASDAQ,US,ALLBIRDS INC-CL A,STK,Internet,Communications,E-Commerce/Products,COMMON,false,BIRD
726761165,PTIR,USD,NASDAQ,US,GRANITESHARES 2X PLTR ETF,STK,,,,ETF,true,PTIR
726761171,UBRL,USD,NASDAQ,US,GRANITE 2X LONG UBER ETF,STK,,,,ETF,true,UBRL
726936010,HELP,USD,NASDAQ,US,CYBIN INC,STK,Biotechnology,"Consumer, Non-cyclical",Medical-Biomedical/Gene,COMMON,true,HELP
726936015,TNON,USD,NASDAQ,US,TENON MEDICAL INC,STK,Healthcare-Products,"Consumer, Non-cyclical",Medical Products,COMMON,false,TNON
726945413,EMEQ,USD,NASDAQ,US,NOMURA FOCUSED EMERGING MARK,STK,,,,ETF,false,EMEQ
726945418,XCNY,USD,NASDAQ,US,STATE STREET SPDR S&P EMERGI,STK,,,,ETF,false,XCNY
727317372,POLEU,USD,NASDAQ,US,ANDRETTI ACQUISITION CORP II,STK,Holding Companies-Divers,Diversified,Specified Purpose Acquis,UNIT,false,POLEU
727533422,XCH,USD,NASDAQ,US,XCHG LTD,STK,Electronics,Industrial,Electronic Compo-Misc,ADR,false,XCH
727785544,SIRI,USD,NASDAQ,US,SIRIUS XM HOLDINGS INC,STK,Media,Communications,Cable/Satellite TV,COMMON,true,SIRI
727785549,ALLR,USD,NASDAQ,US,ALLARITY THERAPEUTICS INC,STK,Biotechnology,"Consumer, Non-cyclical",Medical-Biomedical/Gene,COMMON,false,ALLR
727816966,DECO,USD,NASDAQ,US,SA ST GXY DIG AST EC ETF-AUI,STK,,,,ETF,true,DECO
727817003,HECO,USD,NASDAQ,US,SS GLX HD DG AST ECO ETF-USD,STK,,,,ETF,false,HECO
727817006,TEKX,USD,NASDAQ,US,SS GLXY TRANFRM TECH ACC ETF,STK,,,,ETF,false,TEKX
727817046,SJLD,USD,NASDAQ,US,SANJAC ALPH LOW DUR ETF,STK,,,,ETF,false,SJLD
727817089,SJCP,USD,NASDAQ,US,SANJAC ALP CR PLUS BD,STK,,,,ETF,false,SJCP
727817092,NIXT,USD,NASDAQ,US,RA DELETIONS ETF,STK,,,,ETF,false,NIXT
727981248,YJ,USD,NASDAQ,US,YUNJI INC-ADR,STK,Internet,Communications,E-Commerce/Products,ADR,false,YJ
727984309,BSMY,USD,NASDAQ,US,INVESCO BULLETSHARES 2034 MB,STK,,,,ETF,false,BSMY
727984333,EURKR,USD,NASDAQ,US,EUREKA ACQUISITION CORP-RTS,STK,Holding Companies-Divers,Diversified,Specified Purpose Acquis,RIGHT,false,EURKR
727984339,EURK,USD,NASDAQ,US,EUREKA ACQUISITION CORP,STK,Holding Companies-Divers,Diversified,Specified Purpose Acquis,COMMON,false,EURK
727984342,FVNNU,USD,NASDAQ,US,FUTURE VISION II ACQ CORP,STK,Holding Companies-Divers,Diversified,Specified Purpose Acquis,UNIT,false,FVNNU
728168248,HWAY,USD,NASDAQ,US,THEMES US INFRASTRUCTURE ETF,STK,,,,ETF,true,HWAY
728460098,MBX,USD,NASDAQ,US,MBX BIOSCIENCES INC,STK,Biotechnology,"Consumer, Non-cyclical",Medical-Biomedical/Gene,COMMON,true,MBX
728460109,ZBIO,USD,NASDAQ,US,ZENAS BIOPHARMA INC,STK,Biotechnology,"Consumer, Non-cyclical",Medical-Biomedical/Gene,COMMON,true,ZBIO
728460118,BCAX,USD,NASDAQ,US,BICARA THERAPEUTICS INC,STK,Biotechnology,"Consumer, Non-cyclical",Medical-Biomedical/Gene,COMMON,true,BCAX
728481874,SNYR,USD,NASDAQ,US,SYNERGY CHC CORP,STK,Pharmaceuticals,"Consumer, Non-cyclical",Vitamins&amp;Nutrition Prod,COMMON,false,SNYR
728481880,KSCP,USD,NASDAQ,US,KNIGHTSCOPE INC-A,STK,Machinery-Diversified,Industrial,Industrial Automat/Robot,COMMON,false,KSCP
728515723,DTSQ,USD,NASDAQ,US,DT CLOUD STAR ACQUISITION CO,STK,Holding Companies-Divers,Diversified,Specified Purpose Acquis,COMMON,false,DTSQ
728515733,DTSQR,USD,NASDAQ,US,DT CLOUD STAR ACQUISITION CO,STK,Holding Companies-Divers,Diversified,Specified Purpose Acquis,RIGHT,false,DTSQR
728763141,IVDA,USD,NASDAQ,US,IVEDA SOLUTIONS INC,STK,Electronics,Industrial,Electronic Secur Devices,COMMON,false,IVDA
728767531,VEEA,USD,NASDAQ,US,VEEA INC,STK,Telecommunications,Communications,Networking Products,COMMON,false,VEEA
729192258,NEWTH,USD,NASDAQ,US,NEWTEKONE INC,STK,Banks,Financial,Commer Banks-Southern US,PREFERRED,false,NEWTH
729193737,GRML,USD,NASDAQ,US,GREENLAND MINES LTD,STK,Biotechnology,"Consumer, Non-cyclical",Medical-Biomedical/Gene,COMMON,false,GRML
729217612,PATN,USD,NASDAQ,US,PACER NASDAQ INT PAT LDR,STK,,,,ETF,false,PATN
729375123,JMID,USD,NASDAQ,US,JHI MID CAP GROWTH ALPHA ETF,STK,,,,ETF,false,JMID
729382551,GPT,USD,NASDAQ,US,INTELLIGE ALPHA ATLAS ETF-UI,STK,,,,ETF,true,GPT
729382552,RADX,USD,NASDAQ,US,RADIOPHARM THERANOSTICS LTD,STK,Biotechnology,"Consumer, Non-cyclical",Medical-Biomedical/Gene,ADR,false,RADX
729580635,GLE,USD,NASDAQ,US,GLOBAL ENGINE GROUP HOLDIN-A,STK,Computers,Technology,Computer Services,COMMON,false,GLE
730258833,TRAW,USD,NASDAQ,US,TRAWS PHARMA INC,STK,Biotechnology,"Consumer, Non-cyclical",Medical-Biomedical/Gene,COMMON,false,TRAW
730268719,CAPNU,USD,NASDAQ,US,CAYSON ACQUISITION CORP,STK,Holding Companies-Divers,Diversified,Specified Purpose Acquis,UNIT,false,CAPNU
730268731,MBAV,USD,NASDAQ,US,M3-BRIGADE ACQUISITION V-A,STK,Holding Companies-Divers,Diversified,Specified Purpose Acquis,COMMON,false,MBAV
730637242,BBGI,USD,NASDAQ,US,BEASLEY BROADCAST GRP INC -A,STK,Media,Communications,Radio,COMMON,false,BBGI
730640118,PMBS,USD,NASDAQ,US,PIMCO MBS ACTIVE ETF,STK,,,,ETF,false,PMBS
731027860,SCNX,USD,NASDAQ,US,SCIENTURE HOLDINGS INC,STK,Biotechnology,"Consumer, Non-cyclical",Medical-Biomedical/Gene,COMMON,false,SCNX
731077882,ARQQ,USD,NASDAQ,US,ARQIT QUANTUM INC,STK,Computers,Technology,Computer Data Security,COMMON,true,ARQQ
731109149,QSIX,USD,NASDAQ,US,PACR META N100 DVD M 600 ETF,STK,,,,ETF,false,QSIX
731109492,MYCF,USD,NASDAQ,US,STATE STREET MY2026 CORPORAT,STK,,,,ETF,false,MYCF
731109499,MYMF,USD,NASDAQ,US,STATE STREET MY2026 MUNICIPA,STK,,,,ETF,false,MYMF
731109502,MYCG,USD,NASDAQ,US,STATE STREET MY2027 CORPORAT,STK,,,,ETF,false,MYCG
731109505,MYMG,USD,NASDAQ,US,STATE STREET MY2027 MUNICIPA,STK,,,,ETF,false,MYMG
731109508,MYCH,USD,NASDAQ,US,STATE STREET MY2028 CORPORAT,STK,,,,ETF,false,MYCH
731109515,MYMH,USD,NASDAQ,US,STATE STREET MY2028 MUNICIPA,STK,,,,ETF,false,MYMH
731109518,MYCI,USD,NASDAQ,US,STATE STREET MY2029 CORPORAT,STK,,,,ETF,false,MYCI
731109520,MYMI,USD,NASDAQ,US,STATE STREET MY2029 MUNICIPA,STK,,,,ETF,false,MYMI
731109525,MYCJ,USD,NASDAQ,US,STATE STREET MY2030 CORPORAT,STK,,,,ETF,false,MYCJ
731109530,MYMJ,USD,NASDAQ,US,STATE STREET MY2030 MUNICIPA,STK,,,,ETF,false,MYMJ
731109535,MYCK,USD,NASDAQ,US,STATE STREET MY2031 CORPORAT,STK,,,,ETF,false,MYCK
731109539,MYCL,USD,NASDAQ,US,STATE STREET MY2032 CORPORAT,STK,,,,ETF,false,MYCL
731109542,MYCM,USD,NASDAQ,US,STATE STREET MY2033 CORPORAT,STK,,,,ETF,false,MYCM
731109545,MYCN,USD,NASDAQ,US,STATE STREET MY2034 CORPORAT,STK,,,,ETF,false,MYCN
731466419,SMCI,USD,NASDAQ,US,SUPER MICRO COMPUTER INC,STK,Computers,Technology,Computers-Integrated Sys,COMMON,true,SMCI
731478502,FBGL,USD,NASDAQ,US,FBS GLOBAL LTD,STK,Engineering&amp;Construction,Industrial,Building&amp;Construct-Misc,COMMON,false,FBGL
731478572,SWP,USD,NASDAQ,US,SWP GROWTH & INCOME ETF,STK,,,,ETF,false,SWP
731690716,BIOA,USD,NASDAQ,US,BIOAGE LABS INC,STK,Biotechnology,"Consumer, Non-cyclical",Medical-Biomedical/Gene,COMMON,true,BIOA
731716659,GECCH,USD,NASDAQ,US,GREAT ELM CAPITAL CORP,STK,Investment Companies,Financial,Investment Companies,PREFERRED,false,GECCH
732029795,CNET,USD,NASDAQ,US,ZW DATA ACTION TECHNOLOGIES,STK,Internet,Communications,Web Portals/ISP,COMMON,false,CNET
732150429,FOXX,USD,NASDAQ,US,FOXX DEVELOPMENT HOLDINGS IN,STK,Telecommunications,Communications,Wireless Equipment,COMMON,false,FOXX
732296374,ZJK,USD,NASDAQ,US,ZJK INDUSTRIAL CO LTD-A,STK,Metal Fabricate/Hardware,Industrial,Metal Processors&amp;Fabrica,COMMON,false,ZJK
732440574,LRCX,USD,NASDAQ,US,LAM RESEARCH CORP,STK,Semiconductors,Technology,Semiconductor Equipment,COMMON,true,LRCX
732636186,VACH,USD,NASDAQ,US,VOYAGER ACQUISITION CORP,STK,Holding Companies-Divers,Diversified,Specified Purpose Acquis,COMMON,false,VACH
732746841,GQQQ,USD,NASDAQ,US,ASTORIA US QLITY GRW KNG ETF,STK,,,,ETF,false,GQQQ
732767221,HTLM,USD,NASDAQ,US,HOMESTOLIFE LTD,STK,Home Furnishings,"Consumer, Cyclical",Home Furnishings,COMMON,false,HTLM
732935993,KRKR,USD,NASDAQ,US,36KR HOLDINGS INC,STK,Internet,Communications,Internet Content-Info/Ne,ADR,false,KRKR
732957092,UPXI,USD,NASDAQ,US,UPEXI INC,STK,Internet,Communications,E-Commerce/Products,COMMON,true,UPXI
732963103,BDMD,USD,NASDAQ,US,BAIRD MEDICAL INVESTMENT HOL,STK,Healthcare-Products,"Consumer, Non-cyclical",Medical Instruments,COMMON,false,BDMD
733147937,SIFY,USD,NASDAQ,US,SIFY TECHNOLOGIES-SPON ADR,STK,Computers,Technology,Computer Services,ADR,true,SIFY
733152310,INV,USD,NASDAQ,US,INNVENTURE INC,STK,Investment Companies,Financial,Investment Companies,COMMON,true,INV
733168175,NFXS,USD,NASDAQ,US,DIREXION DAILY NFLX BEAR 1X,STK,,,,ETF,false,NFXS
733168177,NFXL,USD,NASDAQ,US,DIRXN DLY NFLX BULL 2X-US IN,STK,,,,ETF,false,NFXL
733168180,TSMX,USD,NASDAQ,US,DIRXN DLY TSM BULL 2X ETF-UI,STK,,,,ETF,false,TSMX
733168195,TSMZ,USD,NASDAQ,US,DIREXION DAILY TSM BEAR 1X E,STK,,,,ETF,false,TSMZ
733468677,FLX,USD,NASDAQ,US,BINGEX LTD,STK,Transportation,Industrial,Transport-Services,ADR,false,FLX
733468687,OKUR,USD,NASDAQ,US,ONKURE THERAPEUTICS INC-A,STK,Pharmaceuticals,"Consumer, Non-cyclical",Medical-Drugs,COMMON,false,OKUR
733716557,RYM,USD,NASDAQ,US,RYTHM INC,STK,Household Products/Wares,"Consumer, Non-cyclical",Consumer Products-Misc,COMMON,false,RYM
733716563,AZ,USD,NASDAQ,US,A2Z CUST2MATE SOLUTIONS CORP,STK,Computers,Technology,Computers-Integrated Sys,COMMON,true,AZ
733969323,GRCE,USD,NASDAQ,US,GRACE THERAPEUTICS INC,STK,Biotechnology,"Consumer, Non-cyclical",Medical-Biomedical/Gene,COMMON,true,GRCE
733975609,TONX,USD,NASDAQ,US,TON STRATEGY CO,STK,Software,Technology,Enterprise Software/Serv,COMMON,true,TONX
733975603,DWTX,USD,NASDAQ,US,DOGWOOD THERAPEUTICS INC,STK,Biotechnology,"Consumer, Non-cyclical",Medical-Biomedical/Gene,COMMON,false,DWTX
733975606,XPON,USD,NASDAQ,US,EXPION360 INC,STK,Electrical Compo&amp;Equip,Industrial,Batteries/Battery Sys,COMMON,false,XPON
733984837,LPBBU,USD,NASDAQ,US,LAUNCH TWO ACQUISITION CORP,STK,Holding Companies-Divers,Diversified,Specified Purpose Acquis,UNIT,false,LPBBU
734422670,AVS,USD,NASDAQ,US,DIRE DLY AVGO BEA 1X ETF-USD,STK,,,,ETF,false,AVS
734422672,AVL,USD,NASDAQ,US,DIREX DAI AV BULL 2X ETF-USD,STK,,,,ETF,true,AVL
734424283,MUU,USD,NASDAQ,US,DIREXION DAILY MU BULL 2X ET,STK,,,,ETF,true,MUU
734448823,SEEM,USD,NASDAQ,US,SEI SELECT EM MRKT EQ,STK,,,,ETF,false,SEEM
734448824,SEIE,USD,NASDAQ,US,SEI SELECT INTL EQUITY,STK,,,,ETF,false,SEIE
734448829,SEIS,USD,NASDAQ,US,SEI SELECT SMALL CAP ETF,STK,,,,ETF,false,SEIS
734770069,UPB,USD,NASDAQ,US,UPSTREAM BIO INC,STK,Biotechnology,"Consumer, Non-cyclical",Medical-Biomedical/Gene,COMMON,true,UPB
734770079,CAMP,USD,NASDAQ,US,CAMP4 THERAPEUTICS CORP,STK,Biotechnology,"Consumer, Non-cyclical",Medical-Biomedical/Gene,COMMON,false,CAMP
734770083,CBLL,USD,NASDAQ,US,CERIBELL INC,STK,Healthcare-Products,"Consumer, Non-cyclical",Medical Products,COMMON,true,CBLL
734776729,RDACU,USD,NASDAQ,US,RISING DRAGON ACQUISITION CO,STK,Holding Companies-Divers,Diversified,Specified Purpose Acquis,UNIT,false,RDACU
734776732,NATO,USD,NASDAQ,US,THEMES TRANSATLANTIC DEFENSE,STK,,,,ETF,false,NATO
735253367,DLPN,USD,NASDAQ,US,DOLPHIN ENTERTAINMENT INC,STK,Media,Communications,Multimedia,COMMON,true,DLPN
735253368,MGRX,USD,NASDAQ,US,MANGOCEUTICALS INC,STK,Retail,"Consumer, Cyclical",Retail-Drug Store,COMMON,false,MGRX
735451377,ILLR,USD,NASDAQ,US,TRILLER GROUP INC,STK,Diversified Finan Serv,Financial,Invest Mgmnt/Advis Serv,COMMON,false,ILLR
735451402,BTGD,USD,NASDAQ,US,STKD 100% BITCO & 100% GOLD,STK,,,,ETF,true,BTGD
735659554,HURA,USD,NASDAQ,US,TUHURA BIOSCIENCES INC,STK,Pharmaceuticals,"Consumer, Non-cyclical",Medical-Drugs,COMMON,false,HURA
735671026,NDAA,USD,NASDAQ,US,NED DR360 DYN ALLOCATION ETF,STK,,,,ETF,false,NDAA
736356966,SNWV,USD,NASDAQ,US,SANUWAVE HEALTH INC,STK,Healthcare-Products,"Consumer, Non-cyclical",Medical Products,COMMON,false,SNWV
736653591,ESN,USD,NASDAQ,US,ESSENTIAL 40 STOCK ETF,STK,,,,ETF,false,ESN
736726746,NAMI,USD,NASDAQ,US,JINXIN TECHNOLOGY HOLDIN-ADR,STK,Internet,Communications,Internet Content-Info/Ne,ADR,false,NAMI
736726751,INEO,USD,NASDAQ,US,INNEOVA HOLDINGS LTD-A,STK,Auto Parts&amp;Equipment,"Consumer, Cyclical",Auto/Trk Prts&amp;Equip-Orig,COMMON,false,INEO
737195472,XMAG,USD,NASDAQ,US,DEFIANCE LE CAP EX-MAG 7 ETF,STK,,,,ETF,true,XMAG
737201070,ALDFU,USD,NASDAQ,US,ALDEL FINANCIAL II INC,STK,Holding Companies-Divers,Diversified,Specified Purpose Acquis,UNIT,false,ALDFU
737201072,HUHU,USD,NASDAQ,US,HUHUTECH INTERNATIONAL GROUP,STK,Electronics,Industrial,Instruments-Controls,COMMON,false,HUHU
737201082,OACCU,USD,NASDAQ,US,OAKTREE ACQUISITION III LIFE,STK,Holding Companies-Divers,Diversified,Specified Purpose Acquis,UNIT,false,OACCU
737381221,DFNS,USD,NASDAQ,US,T3 DEFENSE INC,STK,Aerospace/Defense,Industrial,Aerospace/Defense,COMMON,false,DFNS
737407780,FBLA,USD,NASDAQ,US,FB BANCORP INC,STK,Banks,Financial,Commer Banks Non-US,COMMON,false,FBLA
737407833,CAPN,USD,NASDAQ,US,CAYSON ACQUISITION CORP,STK,Holding Companies-Divers,Diversified,Specified Purpose Acquis,COMMON,false,CAPN
737407836,CAPNR,USD,NASDAQ,US,CAYSON ACQUISITION CORP,STK,Holding Companies-Divers,Diversified,Specified Purpose Acquis,RIGHT,false,CAPNR
737557004,AMIX,USD,NASDAQ,US,AUTONOMIX MEDICAL INC,STK,Healthcare-Products,"Consumer, Non-cyclical",Medical Products,COMMON,false,AMIX
737558518,TTEQ,USD,NASDAQ,US,T ROWE PRICE TECHNOLOGY ETF,STK,,,,ETF,false,TTEQ
737558521,HFSP,USD,NASDAQ,US,TRADERSAI LARGE CAP EQTY ETF,STK,,,,ETF,false,HFSP
737558524,QTOP,USD,NASDAQ,US,ISHARES NSDQ TOP 30 STOCKS,STK,,,,ETF,true,QTOP
737558529,QNXT,USD,NASDAQ,US,ISHARES NSDQ 100 EX TOP 30,STK,,,,ETF,true,QNXT
737563862,BEAGU,USD,NASDAQ,US,BOLD EAGLE ACQUISITION CORP,STK,Holding Companies-Divers,Diversified,Specified Purpose Acquis,UNIT,false,BEAGU
737563865,CHARU,USD,NASDAQ,US,CHARLTON ARIA ACQUISITION CO,STK,Holding Companies-Divers,Diversified,Specified Purpose Acquis,UNIT,false,CHARU
737867629,ALBT,USD,NASDAQ,US,AVALON GLOBOCARE CORP,STK,Healthcare-Services,"Consumer, Non-cyclical",Medical Labs&amp;Testing Srv,COMMON,false,ALBT
737867684,SEPN,USD,NASDAQ,US,SEPTERNA INC,STK,Biotechnology,"Consumer, Non-cyclical",Medical-Biomedical/Gene,COMMON,true,SEPN
737867691,MDCX,USD,NASDAQ,US,MEDICUS PHARMA LTD,STK,Biotechnology,"Consumer, Non-cyclical",Medical-Biomedical/Gene,COMMON,false,MDCX
737891272,POLE,USD,NASDAQ,US,ANDRETTI ACQUISITION CORP -A,STK,Holding Companies-Divers,Diversified,Specified Purpose Acquis,COMMON,false,POLE
738356767,GELS,USD,NASDAQ,US,GELTEQ LTD,STK,Biotechnology,"Consumer, Non-cyclical",Medical-Biomedical/Gene,COMMON,false,GELS
738738796,LFSC,USD,NASDAQ,US,F/M EMR LIFE SCIENCES IN ETF,STK,,,,ETF,false,LFSC
739052924,OCCIM,USD,NASDAQ,US,OFS CREDIT COMPANY INC,STK,Closed-end Funds,Financial,Closed-end Funds,PREFERRED,false,OCCIM
739052934,NVD,USD,NASDAQ,US,GRANITESH 2XSHT NVDA ETF-USD,STK,,,,ETF,true,NVD
739052937,NA,USD,NASDAQ,US,NANO LABS LTD-CL A,STK,Semiconductors,Technology,Electronic Compo-Semicon,COMMON,true,NA
739182197,NTWOU,USD,NASDAQ,US,NEWBURY STREET II ACQUISITIO,STK,Holding Companies-Divers,Diversified,Specified Purpose Acquis,UNIT,false,NTWOU
739182202,FVN,USD,NASDAQ,US,FUTURE VISION II ACQUISITION,STK,Holding Companies-Divers,Diversified,Specified Purpose Acquis,COMMON,false,FVN
739182207,FVNNR,USD,NASDAQ,US,FUTURE VISION II ACQUISI-RTS,STK,Holding Companies-Divers,Diversified,Specified Purpose Acquis,RIGHT,false,FVNNR
739442628,AIXC,USD,NASDAQ,US,AIXCRYPTO HOLDINGS INC,STK,Biotechnology,"Consumer, Non-cyclical",Medical-Biomedical/Gene,COMMON,false,AIXC
739449696,ACOG,USD,NASDAQ,US,ALPHA COGNITION INC,STK,Biotechnology,"Consumer, Non-cyclical",Medical-Biomedical/Gene,COMMON,false,ACOG
739810414,NDRA,USD,NASDAQ,US,ENDRA LIFE SCIENCES INC,STK,Healthcare-Products,"Consumer, Non-cyclical",Medical Imaging Systems,COMMON,false,NDRA
740066858,YHNAR,USD,NASDAQ,US,YHN ACQUISITION I LTD,STK,Holding Companies-Divers,Diversified,Specified Purpose Acquis,RIGHT,false,YHNAR
740066863,YHNA,USD,NASDAQ,US,YHN ACQUISITION I LTD,STK,Holding Companies-Divers,Diversified,Specified Purpose Acquis,COMMON,false,YHNA
740517233,FCEL,USD,NASDAQ,US,FUELCELL ENERGY INC,STK,Energy-Alternate Sources,Energy,Energy-Alternate Sources,COMMON,true,FCEL
740522738,PEPS,USD,NASDAQ,US,PARAMETRIC EQUITY PLUS ETF,STK,,,,ETF,false,PEPS
740528551,ASPCU,USD,NASDAQ,US,A SPAC III ACQUISITION CORP,STK,Holding Companies-Divers,Diversified,Specified Purpose Acquis,UNIT,false,ASPCU
741194657,CRWL,USD,NASDAQ,US,GRANITESHARES 2X L CRWD ETF,STK,,,,ETF,true,CRWL
741194660,MULL,USD,NASDAQ,US,GRANITESHARES 2X LONG MU ETF,STK,,,,ETF,true,MULL
741194667,TSMU,USD,NASDAQ,US,GRANITESHARES 2X L TSM ETF,STK,,,,ETF,true,TSMU
741475250,INM,USD,NASDAQ,US,INMED PHARMACEUTICALS INC,STK,Biotechnology,"Consumer, Non-cyclical",Medical-Biomedical/Gene,COMMON,false,INM
741478918,EXOZ,USD,NASDAQ,US,EXOZYMES INC,STK,Biotechnology,"Consumer, Non-cyclical",Medical-Biomedical/Gene,COMMON,false,EXOZ
741744698,TKLF,USD,NASDAQ,US,TOKYO LIFESTYLE CO LTD,STK,Retail,"Consumer, Cyclical",Retail-Misc/Diversified,ADR,false,TKLF
741751504,HSPTU,USD,NASDAQ,US,HORIZON SPACE ACQUISITION II,STK,Holding Companies-Divers,Diversified,Specified Purpose Acquis,UNIT,false,HSPTU
742768847,BAFE,USD,NASDAQ,US,BROWN FLEX EQUITY ETF,STK,,,,ETF,false,BAFE
742769326,POLA,USD,NASDAQ,US,POLAR POWER INC,STK,Machinery-Constr&amp;Mining,Industrial,Machinery-Electric Util,COMMON,false,POLA
742773715,CGTL,USD,NASDAQ,US,CREATIVE GLOBAL TECHNOLOGY-A,STK,Retail,"Consumer, Cyclical",Retail-Consumer Electron,COMMON,false,CGTL
743326435,MBINL,USD,NASDAQ,US,MERCHANTS BANCORP,STK,Banks,Financial,Commer Banks-Central US,PREFERRED,false,MBINL
743521167,USAF,USD,NASDAQ,US,ATLAS AMERICA FUND,STK,,,,ETF,false,USAF
743522495,RMSG,USD,NASDAQ,US,REAL MESSENGER CORP,STK,Internet,Communications,E-Commerce/Services,COMMON,false,RMSG
743545298,NOEMU,USD,NASDAQ,US,CO2 ENERGY TRANSITION CORP,STK,Holding Companies-Divers,Diversified,Specified Purpose Acquis,UNIT,false,NOEMU
743754432,DYNCU,USD,NASDAQ,US,DYNAMIX CORP,STK,Holding Companies-Divers,Diversified,Specified Purpose Acquis,UNIT,false,DYNCU
744102293,APLM,USD,NASDAQ,US,APOLLOMICS INC,STK,Biotechnology,"Consumer, Non-cyclical",Medical-Biomedical/Gene,COMMON,false,APLM
744107488,MSW,USD,NASDAQ,US,MING SHING GROUP HOLDINGS LT,STK,Building Materials,Industrial,Bldg&amp;Construct Prod-Misc,COMMON,false,MSW
744396773,GMM,USD,NASDAQ,US,GLOBAL MOFY AI LTD-A,STK,Software,Technology,Computer Software,COMMON,false,GMM
744396778,CTXR,USD,NASDAQ,US,CITIUS PHARMACEUTICALS INC,STK,Pharmaceuticals,"Consumer, Non-cyclical",Medical-Drugs,COMMON,true,CTXR
744399447,WYHG,USD,NASDAQ,US,WING YIP FOOD CHINA HOLDINGS,STK,Food,"Consumer, Non-cyclical",Food-Meat Products,ADR,false,WYHG
744406905,CHAR,USD,NASDAQ,US,CHARLTON ARIA ACQUISITI-CL A,STK,Holding Companies-Divers,Diversified,Specified Purpose Acquis,COMMON,false,CHAR
744406908,CHARR,USD,NASDAQ,US,CHARLTON ARIA ACQUISI-RIGHTS,STK,Holding Companies-Divers,Diversified,Specified Purpose Acquis,RIGHT,false,CHARR
744659459,SARK,USD,NASDAQ,US,TRADR 1X SHORT INNOV DLY-USD,STK,,,,ETF,true,SARK
744660019,UBXG,,,,U-BX TECHNOLOGY-A,STK,Computers,Technology,Computer Services,COMMON,false,
744665594,FACTU,USD,NASDAQ,US,FACT II ACQUISITION CORP,STK,Holding Companies-Divers,Diversified,Specified Purpose Acquis,UNIT,false,FACTU
744874061,DBVT,USD,NASDAQ,US,DBV TECHNOLOGIES SA-SPON ADR,STK,Pharmaceuticals,"Consumer, Non-cyclical",Medical-Drugs,ADR,false,DBVT
744874842,PONY,USD,NASDAQ,US,PONY AI INC,STK,Auto Parts&amp;Equipment,"Consumer, Cyclical",Auto/Trk Prts&amp;Equip-Orig,ADR,true,PONY
744906660,LPBB,USD,NASDAQ,US,LAUNCH TWO ACQUISITION- CL A,STK,Holding Companies-Divers,Diversified,Specified Purpose Acquis,COMMON,false,LPBB
745199709,FTCI,USD,NASDAQ,US,FTC SOLAR INC,STK,Energy-Alternate Sources,Energy,Energy-Alternate Sources,COMMON,true,FTCI
745205667,RDACR,USD,NASDAQ,US,RISING DRAGON ACQUISITION CO,STK,Holding Companies-Divers,Diversified,Specified Purpose Acquis,RIGHT,false,RDACR
745205670,RDAC,USD,NASDAQ,US,RISING DRAGON ACQUISITION CO,STK,Holding Companies-Divers,Diversified,Specified Purpose Acquis,COMMON,false,RDAC
745924379,PCMM,USD,NASDAQ,US,BBLX PRIVATE CREDIT CLO ETF,STK,,,,ETF,false,PCMM
745925505,TTGT,USD,NASDAQ,US,TECHTARGET INC,STK,Advertising,Communications,Advertising Services,COMMON,true,TTGT
745953288,QUCY,USD,NASDAQ,US,QUANTUM CYBER NV,STK,Healthcare-Products,"Consumer, Non-cyclical",Diagnostic Kits,COMMON,false,QUCY
746163400,QQLV,USD,NASDAQ,US,INVESCO QQQ LOW VOLATIL ETF,STK,,,,ETF,false,QQLV
746163405,CEPI,USD,NASDAQ,US,REX CRYPTO EQUITY PR INC ETF,STK,,,,ETF,true,CEPI
746163411,GFLW,USD,NASDAQ,US,VS FREE CASH FLOW GROWTH ETF,STK,,,,ETF,false,GFLW
746167162,QBIG,USD,NASDAQ,US,INVESCO TOP QQQ ETF,STK,,,,ETF,false,QBIG
746193370,VOLT,USD,NASDAQ,US,TEMA ELECTRIFICATION,STK,,,,ETF,true,VOLT
746193399,CORO,USD,NASDAQ,US,ISH INTL CTRY ROT ACT ETF,STK,,,,ETF,true,CORO
746193400,PGACU,USD,NASDAQ,US,PANTAGES CAPITAL ACQUISITION,STK,Holding Companies-Divers,Diversified,Specified Purpose Acquis,UNIT,false,PGACU
746211853,METCZ,USD,NASDAQ,US,RAMACO RESOURCES INC,STK,Coal,Energy,Coal,PREFERRED,false,METCZ
746364708,ENSC,USD,NASDAQ,US,ENSYSCE BIOSCIENCES INC,STK,Biotechnology,"Consumer, Non-cyclical",Medical-Biomedical/Gene,COMMON,false,ENSC
746520307,TAVIU,USD,NASDAQ,US,TAVIA ACQUISITION CORP,STK,Holding Companies-Divers,Diversified,Specified Purpose Acquis,UNIT,false,TAVIU
746712758,HUIZ,USD,NASDAQ,US,HUIZE HOLDING LTD-ADR,STK,Insurance,Financial,Life/Health Insurance,ADR,false,HUIZ
747071663,NUAI,USD,NASDAQ,US,NEW ERA ENERGY & DIGITAL INC,STK,Real Estate,Financial,Real Estate Oper/Develop,COMMON,true,NUAI
747339255,DYNC,USD,NASDAQ,US,DYNAMIX CORP,STK,Holding Companies-Divers,Diversified,Specified Purpose Acquis,COMMON,true,DYNC
747347616,BUFI,USD,NASDAQ,US,AB INTERNATIONAL BUFFER ETF,STK,,,,ETF,false,BUFI
747347621,BUFM,USD,NASDAQ,US,AB MODERATE BUFFER ETF,STK,,,,ETF,false,BUFM
747569063,BRKU,USD,NASDAQ,US,DIREXION DAILY BRKB BULL 2X,STK,,,,ETF,false,BRKU
747569075,PLTD,USD,NASDAQ,US,DIRE DLY PLTR BEA 1X ETF-USD,STK,,,,ETF,true,PLTD
747569089,PLTU,USD,NASDAQ,US,DIRE DLY PLTR BUL 2X ETF-USD,STK,,,,ETF,true,PLTU
747582049,CNCK,USD,NASDAQ,US,COINCHECK GROUP NV,STK,Diversified Finan Serv,Financial,Finance-Invest Bnkr/Brkr,COMMON,false,CNCK
747593404,DRDBU,USD,NASDAQ,US,ROMAN DBDR ACQUISITION CORP,STK,Holding Companies-Divers,Diversified,Specified Purpose Acquis,UNIT,false,DRDBU
747747784,DBGI,USD,NASDAQ,US,DIGITAL BRANDS GROUP INC,STK,Retail,"Consumer, Cyclical",Retail-Apparel/Shoe,COMMON,false,DBGI
747750656,TTAN,USD,NASDAQ,US,SERVICETITAN INC-A,STK,Software,Technology,Applications Software,COMMON,true,TTAN
748083101,AVR,USD,NASDAQ,US,ANTERIS TECHNOLOGIES GLOBAL,STK,Healthcare-Products,"Consumer, Non-cyclical",Medical Products,COMMON,true,AVR
748085473,MLACU,USD,NASDAQ,US,MOUNTAIN LAKE ACQUISITION CO,STK,Holding Companies-Divers,Diversified,Specified Purpose Acquis,UNIT,false,MLACU
748085476,NTCL,USD,NASDAQ,US,NETCLASS TECHNOLOGY INC,STK,Computers,Technology,Computer Services,COMMON,false,NTCL
748092528,ALDF,USD,NASDAQ,US,ALDEL FINANCIAL II INC,STK,Holding Companies-Divers,Diversified,Specified Purpose Acquis,COMMON,false,ALDF
748093814,NVDG,USD,NASDAQ,US,LEVERAGE SHARES 2X NVDA,STK,,,,ETF,true,NVDG
748093817,TSLG,USD,NASDAQ,US,LEVERAGE SHARES 2X TSLA,STK,,,,ETF,true,TSLG
748093833,BEAG,USD,NASDAQ,US,BOLD EAGLE ACQUISITION COR-A,STK,Holding Companies-Divers,Diversified,Specified Purpose Acquis,COMMON,false,BEAG
748093836,BEAGR,USD,NASDAQ,US,BOLD EAGLE ACQUISITION CORP,STK,Holding Companies-Divers,Diversified,Specified Purpose Acquis,RIGHT,false,BEAGR
748341959,BEEX,USD,NASDAQ,US,THE BEEHIVE ETF,STK,,,,ETF,false,BEEX
748347031,ANNA,USD,NASDAQ,US,ALEANNA INC,STK,Oil&amp;Gas,Energy,Oil Comp-Explor&amp;Prodtn,COMMON,false,ANNA
748347037,PVLA,USD,NASDAQ,US,PALVELLA THERAPEUTICS INC,STK,Biotechnology,"Consumer, Non-cyclical",Medical-Biomedical/Gene,COMMON,true,PVLA
748347044,AMOD,USD,NASDAQ,US,ALPHA MODUS HOLDINGS INC,STK,Software,Technology,Applications Software,COMMON,false,AMOD
748351575,OACC,USD,NASDAQ,US,OAKTREE ACQUISITION CORP I-A,STK,Holding Companies-Divers,Diversified,Specified Purpose Acquis,COMMON,false,OACC
748616341,MTC,USD,NASDAQ,US,MMTEC INC,STK,Diversified Finan Serv,Financial,Finance-Invest Bnkr/Brkr,COMMON,false,MTC
748617278,DVQQ,USD,NASDAQ,US,WEBS QQQ DEFINED VOLATIL-USD,STK,,,,ETF,true,DVQQ
748617283,DVSP,USD,NASDAQ,US,WEBS SPY DEFINED VOLATIL-USD,STK,,,,ETF,true,DVSP
748617286,FEAT,USD,NASDAQ,US,YIELDMAX DWF 5 INCOME ETF,STK,,,,ETF,false,FEAT
748617289,FIVY,USD,NASDAQ,US,YIELDMAX DORSEY WH 5 INC ETF,STK,,,,ETF,false,FIVY
748810804,GAINI,USD,NASDAQ,US,GLADSTONE INVESTMENT CORP,STK,Investment Companies,Financial,Investment Companies,PREFERRED,false,GAINI
748817555,TAX,USD,NASDAQ,US,CAMBRIA TAX AWARE ETF,STK,,,,ETF,false,TAX
748817558,ZAP,USD,NASDAQ,US,GX US ELECTRIFICATION ETF,STK,,,,ETF,true,ZAP
748817561,TSYY,USD,NASDAQ,US,GRANITE YIELDBOOST TSLA ETF,STK,,,,ETF,true,TSYY
748824002,YSXT,USD,NASDAQ,US,YSX TECH CO LTD,STK,Software,Technology,Applications Software,COMMON,false,YSXT
748824007,LSE,USD,NASDAQ,US,LEISHEN ENERGY HOLDING -A,STK,Energy-Alternate Sources,Energy,Energy-Alternate Sources,COMMON,false,LSE
749047291,FACT,USD,NASDAQ,US,FACT II ACQUISITION CORP,STK,Holding Companies-Divers,Diversified,Specified Purpose Acquis,COMMON,false,FACT
749047294,TAVIR,USD,NASDAQ,US,TAVIA ACQUISITION CORP,STK,Holding Companies-Divers,Diversified,Specified Purpose Acquis,RIGHT,false,TAVIR
749849661,RANGU,USD,NASDAQ,US,RANGE CAPITAL ACQUISITION CO,STK,Holding Companies-Divers,Diversified,Specified Purpose Acquis,UNIT,false,RANGU
750199774,HIT,USD,NASDAQ,US,HEALTH IN TECH INC-CLASS A,STK,Software,Technology,Applications Software,COMMON,false,HIT
750199778,TDACU,USD,NASDAQ,US,TRANSLATIONAL DEVELOPMENT AC,STK,Holding Companies-Divers,Diversified,Specified Purpose Acquis,UNIT,false,TDACU
750199783,NEUP,USD,NASDAQ,US,NEUPHORIA THERAPEUTICS INC,STK,Biotechnology,"Consumer, Non-cyclical",Medical-Biomedical/Gene,COMMON,false,NEUP
751043403,HYBI,USD,NASDAQ,US,NEOS ENHANCED ICS ETF,STK,,,,ETF,false,HYBI
751352151,DFDV,USD,NASDAQ,US,DEFI DEVELOPMENT CORP,STK,Software,Technology,Applications Software,COMMON,true,DFDV
751352176,EGGQ,USD,NASDAQ,US,NESTYIELD VISIONARY ETF,STK,,,,ETF,false,EGGQ
751356938,NTWO,USD,NASDAQ,US,NEWBURY STREET II AC-CLASS A,STK,Holding Companies-Divers,Diversified,Specified Purpose Acquis,COMMON,false,NTWO
751717727,ELBM,USD,NASDAQ,US,ELECTRA BATTERY MATERIALS CO,STK,Mining,Basic Materials,Metal-Diversified,COMMON,false,ELBM
751744948,ONEG,USD,NASDAQ,US,ONECONSTRUCTION GROUP LTD,STK,Engineering&amp;Construction,Industrial,Building&amp;Construct-Misc,COMMON,false,ONEG
751897037,PBQQ,USD,NASDAQ,US,PGIM LADR NSDQ-100 BF 12 ETF,STK,,,,ETF,false,PBQQ
751897043,PQAP,USD,NASDAQ,US,PGIM NSQ-100 B12 ETF - APRIL,STK,,,,ETF,false,PQAP
751897046,PQJA,USD,NASDAQ,US,PGIM NDQ-100 BUFR 12 ETF JAN,STK,,,,ETF,false,PQJA
751897049,PQJL,USD,NASDAQ,US,PGIM NSDQ-100 B 12 ETF - JUL,STK,,,,ETF,false,PQJL
751897052,PQOC,USD,NASDAQ,US,PGIM NASDAQ-100 B12 ETF OCT,STK,,,,ETF,false,PQOC
751897056,TSEL,USD,NASDAQ,US,TOUCHSTONE SANDS SEL GR ETF,STK,,,,ETF,false,TSEL
751897216,RAIN,USD,NASDAQ,US,RAIN ENHANCEMENT TECHNO-CL A,STK,Environmental Control,Industrial,Environ Consulting&amp;Eng,COMMON,false,RAIN
752110113,IDAI,USD,NASDAQ,US,T STAMP INC-CLASS A,STK,Software,Technology,Applications Software,COMMON,false,IDAI
752130694,ASPC,USD,NASDAQ,US,A SPAC III ACQUISITION-CL A,STK,Holding Companies-Divers,Diversified,Specified Purpose Acquis,COMMON,false,ASPC
752131037,ASPCR,USD,NASDAQ,US,A SPAC III ACQUISITION CORP,STK,Holding Companies-Divers,Diversified,Specified Purpose Acquis,RIGHT,false,ASPCR
752430731,SSM,USD,NASDAQ,US,SONO GROUP NV,STK,Auto Manufacturers,"Consumer, Cyclical",Auto-Med&amp;Heavy Duty Trks,COMMON,false,SSM
752735637,CEPO,USD,NASDAQ,US,CANTOR EQUITY PARTNERS I-A,STK,Holding Companies-Divers,Diversified,Specified Purpose Acquis,COMMON,true,CEPO
752736035,ZYBT,USD,NASDAQ,US,ZHENGYE BIOTECHNOLOGY-A,STK,Pharmaceuticals,"Consumer, Non-cyclical",Medical-Drugs,COMMON,false,ZYBT
752955280,DMAAU,USD,NASDAQ,US,DRUGS MADE IN AMERICA ACQUIS,STK,Holding Companies-Divers,Diversified,Specified Purpose Acquis,UNIT,false,DMAAU
753276607,XTIA,USD,NASDAQ,US,XTI AEROSPACE INC,STK,Aerospace/Defense,Industrial,Aerospace/Defense,COMMON,false,XTIA
753278767,THCH,USD,NASDAQ,US,TH INTERNATIONAL LTD/CAYMAN,STK,Retail,"Consumer, Cyclical",Retail-Restaurants,COMMON,true,THCH
753278772,TSDD,USD,NASDAQ,US,GRANITESH 2X SHT TSLA ETF,STK,,,,ETF,true,TSDD
753739682,EVAX,USD,NASDAQ,US,EVAXION A/S,STK,Biotechnology,"Consumer, Non-cyclical",Medical-Biomedical/Gene,ADR,false,EVAX
753752738,RANG,USD,NASDAQ,US,RANGE CAPITAL ACQUISITION CO,STK,Holding Companies-Divers,Diversified,Specified Purpose Acquis,COMMON,false,RANG
753752743,RANGR,USD,NASDAQ,US,RANGE CAPITAL ACQUISITION CO,STK,Holding Companies-Divers,Diversified,Specified Purpose Acquis,RIGHT,false,RANGR
753752749,PLMKU,USD,NASDAQ,US,PLUM ACQUISITION CORP IV,STK,Holding Companies-Divers,Diversified,Specified Purpose Acquis,UNIT,false,PLMKU
754087637,BZAI,USD,NASDAQ,US,BLAIZE HOLDINGS INC,STK,Semiconductors,Technology,Electronic Compo-Semicon,COMMON,true,BZAI
754087839,ARMG,USD,NASDAQ,US,LEVERAGE SHARES 2X ARM,STK,,,,ETF,true,ARMG
754087843,ASMG,USD,NASDAQ,US,LEVERAGE SHARES 2X ASML,STK,,,,ETF,true,ASMG
754087846,TSMG,USD,NASDAQ,US,LEVERAGE SHARES 2X TSM,STK,,,,ETF,true,TSMG
754102225,UFG,USD,NASDAQ,US,UNI-FUELS HOLDINGS LTD,STK,Energy-Alternate Sources,Energy,Energy-Alternate Sources,COMMON,false,UFG
754317555,MBIO,USD,NASDAQ,US,MUSTANG BIO INC,STK,Biotechnology,"Consumer, Non-cyclical",Medical-Biomedical/Gene,COMMON,false,MBIO
754321087,SLVR,USD,NASDAQ,US,SPROTT SLVR MINER & PHY SLVR,STK,,,,ETF,true,SLVR
754328486,HKPD,USD,NASDAQ,US,CELLYAN BIOTECHNOLOGY CO-A,STK,Pharmaceuticals,"Consumer, Non-cyclical",Medical-Whsle Drug Dist,COMMON,false,HKPD
754328489,ORR,USD,NASDAQ,US,MILITIA LONG/SHRT EQUITY ETF,STK,,,,ETF,true,ORR
754328492,RIBBU,USD,NASDAQ,US,RIBBON ACQUISITION CORP,STK,Holding Companies-Divers,Diversified,Specified Purpose Acquis,UNIT,false,RIBBU
754526160,VRM,USD,NASDAQ,US,VROOM INC,STK,Diversified Finan Serv,Financial,Finance-Auto Loans,COMMON,false,VRM
754527238,KBSX,USD,NASDAQ,US,FST CORP,STK,Leisure Time,"Consumer, Cyclical",Golf,COMMON,false,KBSX
754542635,NOEM,USD,NASDAQ,US,CO2 ENERGY TRANSITION CORP,STK,Holding Companies-Divers,Diversified,Specified Purpose Acquis,COMMON,false,NOEM
754542645,NOEMR,USD,NASDAQ,US,CO2 ENERGY TRANSITION CO-RTS,STK,Holding Companies-Divers,Diversified,Specified Purpose Acquis,RIGHT,false,NOEMR
754542650,SOFX,USD,NASDAQ,US,DEFIANCE DLY TRG 2X LNG SOFI,STK,,,,ETF,true,SOFX
754544263,ADAMG,USD,NASDAQ,US,ADAMAS TRUST INC,STK,REITS,Financial,REITS-Mortgage,PREFERRED,false,ADAMG
755308091,HVIIU,USD,NASDAQ,US,HENNESSY CAPITAL INVESTMENT,STK,Holding Companies-Divers,Diversified,Specified Purpose Acquis,UNIT,false,HVIIU
756373041,TJGC,USD,NASDAQ,US,TJGC GROUP LTD,STK,Internet,Communications,E-Marketing/Info,COMMON,false,TJGC
756373271,TXUE,USD,NASDAQ,US,THORNBURG INTERNTIN EQTY ETF,STK,,,,ETF,false,TXUE
756373402,COLAU,USD,NASDAQ,US,COLUMBUS ACQUISITION CORP,STK,Holding Companies-Divers,Diversified,Specified Purpose Acquis,UNIT,false,COLAU
756540488,YI,USD,NASDAQ,US,111 INC,STK,Pharmaceuticals,"Consumer, Non-cyclical",Medical-Generic Drugs,ADR,false,YI
756541189,GEME,USD,NASDAQ,US,PACIFIC NOS GEME ACTIVEETF-U,STK,,,,ETF,false,GEME
756541194,TXUG,USD,NASDAQ,US,THORNBURG INTRNATIN GROW ETF,STK,,,,ETF,false,TXUG
756555613,SKBL,USD,NASDAQ,US,SKYLINE BUILDERS GROUP HOL-A,STK,Engineering&amp;Construction,Industrial,Engineering/R&amp;D Services,COMMON,false,SKBL
756907447,BNGO,USD,NASDAQ,US,BIONANO GENOMICS INC,STK,Healthcare-Products,"Consumer, Non-cyclical",Diagnostic Equipment,COMMON,false,BNGO
756907466,GITS,USD,NASDAQ,US,GLOBAL INTERACTIVE TECHNOLOG,STK,Internet,Communications,Internet Content-Entmnt,COMMON,false,GITS
756909161,HAO,,,,HAOXI HEALTH TECHNOLOGY LTD,STK,Internet,Communications,E-Marketing/Info,COMMON,false,
756915674,AAPG,USD,NASDAQ,US,ASCENTAGE PHARMA GR-ADR,STK,Biotechnology,"Consumer, Non-cyclical",Medical-Biomedical/Gene,ADR,false,AAPG
756915683,AMDG,USD,NASDAQ,US,LEVERAGE SHARES 2X AMD,STK,,,,ETF,true,AMDG
756915966,PGAC,USD,NASDAQ,US,PANTAGES CAPITAL ACQUISITION,STK,Holding Companies-Divers,Diversified,Specified Purpose Acquis,COMMON,false,PGAC
756915968,PGACR,USD,NASDAQ,US,PANTAGES CAPITAL ACQUIS-RT,STK,Holding Companies-Divers,Diversified,Specified Purpose Acquis,RIGHT,false,PGACR
757225126,INKT,USD,NASDAQ,US,MINK THERAPEUTICS INC,STK,Biotechnology,"Consumer, Non-cyclical",Medical-Biomedical/Gene,COMMON,false,INKT
757234349,GMHS,USD,NASDAQ,US,GAMEHAUS HOLDINGS INC,STK,Software,Technology,Entertainment Software,COMMON,false,GMHS
757612274,SFD,USD,NASDAQ,US,SMITHFIELD FOODS INC,STK,Food,"Consumer, Non-cyclical",Food-Meat Products,COMMON,true,SFD
757612279,FGMCU,USD,NASDAQ,US,FG MERGER II CORP,STK,Holding Companies-Divers,Diversified,Specified Purpose Acquis,UNIT,false,FGMCU
757867199,BLRX,USD,NASDAQ,US,BIOLINERX LTD-SPONS ADR,STK,Pharmaceuticals,"Consumer, Non-cyclical",Medical-Drugs,ADR,true,BLRX
758095287,ZKIN,USD,NASDAQ,US,ZK INTERNATIONAL GROUP CO LT,STK,Metal Fabricate/Hardware,Industrial,Steel Pipe&amp;Tube,COMMON,false,ZKIN
758095570,BBNX,USD,NASDAQ,US,BETA BIONICS INC,STK,Healthcare-Products,"Consumer, Non-cyclical",Medical Products,COMMON,true,BBNX
758095965,BCLO,USD,NASDAQ,US,ISHARES BBB-B CLO ACTIVE ETF,STK,,,,ETF,false,BCLO
758099200,FMST,USD,NASDAQ,US,FOREMOST CLEAN ENERGY LTD,STK,Mining,Basic Materials,Diversified Minerals,COMMON,false,FMST
758103710,CSAI,USD,NASDAQ,US,CLOUDASTRUCTURE INC-A,STK,Software,Technology,Applications Software,COMMON,false,CSAI
758103714,SVCCU,USD,NASDAQ,US,STELLAR V CAPITAL CORP,STK,Holding Companies-Divers,Diversified,Specified Purpose Acquis,UNIT,false,SVCCU
758554874,HYPD,USD,NASDAQ,US,HYPERION DEFI INC,STK,Pharmaceuticals,"Consumer, Non-cyclical",Medical-Drugs,COMMON,false,HYPD
758555158,MAZE,USD,NASDAQ,US,MAZE THERAPEUTICS INC,STK,Biotechnology,"Consumer, Non-cyclical",Medical-Biomedical/Gene,COMMON,true,MAZE
758557374,RCT,USD,NASDAQ,US,REDCLOUD HOLDINGS PLC,STK,Software,Technology,Applications Software,COMMON,false,RCT
758564139,PLMK,USD,NASDAQ,US,PLUM ACQUISITION CORP IV,STK,Holding Companies-Divers,Diversified,Specified Purpose Acquis,COMMON,false,PLMK
758564149,MLAC,USD,NASDAQ,US,MOUNTAIN LAKE ACQUISITION-A,STK,Holding Companies-Divers,Diversified,Specified Purpose Acquis,COMMON,false,MLAC
758564154,MLACR,USD,NASDAQ,US,MOUNTAIN LAKE ACQUISITION CO,STK,Holding Companies-Divers,Diversified,Specified Purpose Acquis,RIGHT,false,MLACR
758564159,DRDB,USD,NASDAQ,US,ROMAN DBDR ACQUISITION CORP,STK,Holding Companies-Divers,Diversified,Specified Purpose Acquis,COMMON,false,DRDB
758854533,STRK,USD,NASDAQ,US,MICROSTRATEGY INC PERP STRIKE PFD S,STK,Software,Technology,Enterprise Software/Serv,CONVPREFERRED,false,STRK
759134214,TNXP,USD,NASDAQ,US,TONIX PHARMACEUTICALS HOLDIN,STK,Pharmaceuticals,"Consumer, Non-cyclical",Medical-Drugs,COMMON,true,TNXP
759321565,ATGL,USD,NASDAQ,US,ALPHA TECHNOLOGY GROUP LTD-A,STK,Computers,Technology,Computer Services,COMMON,false,ATGL
759324408,PLUT,USD,NASDAQ,US,PLUTUS FINANCIAL GROUP LTD,STK,Diversified Finan Serv,Financial,Finance-Invest Bnkr/Brkr,COMMON,false,PLUT
759331649,CJMB,USD,NASDAQ,US,CALLAN JMB INC,STK,Transportation,Industrial,Transport-Services,COMMON,false,CJMB
759331652,HSPT,USD,NASDAQ,US,HORIZON SPACE ACQUISITION II,STK,Holding Companies-Divers,Diversified,Specified Purpose Acquis,COMMON,false,HSPT
759331659,HSPTR,USD,NASDAQ,US,HORIZON SPACE ACQUISITION II,STK,Holding Companies-Divers,Diversified,Specified Purpose Acquis,RIGHT,false,HSPTR
759331664,KFIIU,USD,NASDAQ,US,K&F GROWTH ACQUISITION CORP,STK,Holding Companies-Divers,Diversified,Specified Purpose Acquis,UNIT,false,KFIIU
759331669,TPLS,USD,NASDAQ,US,THORNBURG CORE PLUS BOND ETF,STK,,,,ETF,false,TPLS
759331674,TMB,USD,NASDAQ,US,THORNBURG MULTI SECTOR B ETF,STK,,,,ETF,false,TMB
759556501,SDTY,USD,NASDAQ,US,YLDMX S&P 500 0DTE C C S ETF,STK,,,,ETF,false,SDTY
759563009,HVII,USD,NASDAQ,US,HENNESSY CAPITAL INVESTMENT,STK,Holding Companies-Divers,Diversified,Specified Purpose Acquis,COMMON,false,HVII
759563012,HVIIR,USD,NASDAQ,US,HENNESSY CAPITAL INVESTMENT,STK,Holding Companies-Divers,Diversified,Specified Purpose Acquis,RIGHT,false,HVIIR
759904217,SION,USD,NASDAQ,US,SIONNA THERAPEUTICS INC,STK,Biotechnology,"Consumer, Non-cyclical",Medical-Biomedical/Gene,COMMON,true,SION
759913230,FTLF,USD,NASDAQ,US,FITLIFE BRANDS INC,STK,Pharmaceuticals,"Consumer, Non-cyclical",Vitamins&amp;Nutrition Prod,COMMON,false,FTLF
759914780,BTAI,USD,NASDAQ,US,BIOXCEL THERAPEUTICS INC,STK,Pharmaceuticals,"Consumer, Non-cyclical",Medical-Drugs,COMMON,false,BTAI
759914622,RIME,USD,NASDAQ,US,ALGORHYTHM HOLDINGS INC,STK,Software,Technology,Enterprise Software/Serv,COMMON,false,RIME
760229174,GSAT,USD,NASDAQ,US,GLOBALSTAR INC,STK,Telecommunications,Communications,Satellite Telecom,COMMON,true,GSAT
760250490,SNDK,USD,NASDAQ,US,SANDISK CORP,STK,Computers,Technology,Computers-Memory Devices,COMMON,true,SNDK
760255002,FGMCR,USD,NASDAQ,US,FG MERGER II CORP,STK,Holding Companies-Divers,Diversified,Specified Purpose Acquis,RIGHT,false,FGMCR
760255007,FGMC,USD,NASDAQ,US,FG MERGER II CORP,STK,Holding Companies-Divers,Diversified,Specified Purpose Acquis,COMMON,false,FGMC
760569261,GOAI,USD,NASDAQ,US,EVA LIVE INC,STK,Advertising,Communications,Advertising Services,COMMON,false,GOAI
760573608,VBIL,USD,NASDAQ,US,VANGUARD 0-3M T-BILL ETF,STK,,,,ETF,false,VBIL
760573613,VGUS,USD,NASDAQ,US,VANGUARD ULTRA SHRT TREASURY,STK,,,,ETF,false,VGUS
760573619,PUSA,USD,NASDAQ,US,AUREUS GREENWAY HOLDINGS INC,STK,Leisure Time,"Consumer, Cyclical",Golf,COMMON,true,PUSA
760582870,ATIIU,USD,NASDAQ,US,ARCHIMEDES TECH SPAC PARTNER,STK,Holding Companies-Divers,Diversified,Specified Purpose Acquis,UNIT,false,ATIIU
760766121,HYFM,USD,NASDAQ,US,HYDROFARM HOLDINGS GROUP INC,STK,Machinery-Diversified,Industrial,Machinery-Farm,COMMON,false,HYFM
760766124,TANH,USD,NASDAQ,US,TANTECH HOLDINGS LTD-A,STK,Chemicals,Basic Materials,Chemicals-Other,COMMON,false,TANH
760766320,AMDD,USD,NASDAQ,US,DIRX DLY AMD BEAR 1X ETF-USD,STK,,,,ETF,true,AMDD
760766325,AMUU,USD,NASDAQ,US,DIREX DLY AMD BUL 2X ETF-USD,STK,,,,ETF,false,AMUU
760768675,NXXT,USD,NASDAQ,US,NEXTNRG INC,STK,Oil&amp;Gas,Energy,Oil Refining&amp;Marketing,COMMON,false,NXXT
760778281,IPEXU,USD,NASDAQ,US,INFLECTION POINT ACQUISITIO,STK,Holding Companies-Divers,Diversified,Specified Purpose Acquis,UNIT,false,IPEXU
760778284,TDAC,USD,NASDAQ,US,TRANSLATIONAL DEVELOPMENT AC,STK,Holding Companies-Divers,Diversified,Specified Purpose Acquis,COMMON,false,TDAC
760966616,SAIL,USD,NASDAQ,US,SAILPOINT INC,STK,Computers,Technology,Computer Data Security,COMMON,true,SAIL
760966621,AARD,USD,NASDAQ,US,AARDVARK THERAPEUTICS INC,STK,Biotechnology,"Consumer, Non-cyclical",Medical-Biomedical/Gene,COMMON,true,AARD
760970910,QCML,USD,NASDAQ,US,GRANITE 2X LONG QCOM ETF,STK,,,,ETF,true,QCML
760970914,AACBU,USD,NASDAQ,US,ARTIUS II ACQUISITION INC,STK,Holding Companies-Divers,Diversified,Specified Purpose Acquis,UNIT,false,AACBU
760970919,DLLL,USD,NASDAQ,US,GRANITE 2X LONG DELL ETF,STK,,,,ETF,true,DLLL
760970920,INTW,USD,NASDAQ,US,GRANITE 2X LONG INTC ETF,STK,,,,ETF,true,INTW
760970925,QDTY,USD,NASDAQ,US,YIELDMAX NSQ100 CC STRA ETF,STK,,,,ETF,false,QDTY
761715338,NEXN,USD,NASDAQ,US,NEXXEN INTERNATIONAL LTD,STK,Advertising,Communications,Advertising Services,COMMON,true,NEXN
761327699,CYN,USD,NASDAQ,US,CYNGN INC,STK,Software,Technology,Applications Software,COMMON,false,CYN
761329659,OTLY,USD,NASDAQ,US,OATLY GROUP AB,STK,Food,"Consumer, Non-cyclical",Food-Misc/Diversified,ADR,true,OTLY
761329825,FEAM,USD,NASDAQ,US,5E ADVANCED MATERIALS INC,STK,Mining,Basic Materials,Diversified Minerals,COMMON,false,FEAM
761329652,MEGL,USD,NASDAQ,US,MAGIC EMPIRE GLOBAL LTD-A,STK,Diversified Finan Serv,Financial,Invest Mgmnt/Advis Serv,COMMON,false,MEGL
761329977,NCIQ,USD,NASDAQ,US,HASHDEX NASDAQ CME CRYPTO IN,STK,,,,ETF,true,NCIQ
761335619,GCL,USD,NASDAQ,US,GCL GLOBAL HOLDINGS LTD,STK,Software,Technology,Entertainment Software,COMMON,false,GCL
761715307,AGEM,USD,NASDAQ,US,ABRDN EMERGING MAR DIV A ETF,STK,,,,ETF,false,AGEM
761715310,AFSC,USD,NASDAQ,US,ABRDN FCSD US SC A ETF,STK,,,,ETF,false,AFSC
761715333,OSRH,USD,NASDAQ,US,OSR HOLDINGS INC,STK,Biotechnology,"Consumer, Non-cyclical",Medical-Biomedical/Gene,COMMON,false,OSRH
762277018,WGRX,USD,NASDAQ,US,WELLGISTICS HEALTH INC,STK,Pharmaceuticals,"Consumer, Non-cyclical",Medical-Whsle Drug Dist,COMMON,false,WGRX
762277023,RDTY,USD,NASDAQ,US,YIELDMAX RUS2000 CC STRA ETF,STK,,,,ETF,false,RDTY
762285118,NNNN,USD,NASDAQ,US,ANBIO BIOTECHNOLOGY LTD,STK,Healthcare-Products,"Consumer, Non-cyclical",Diagnostic Kits,COMMON,false,NNNN
762543319,QQQH,USD,NASDAQ,US,NEOS NDQ-100 HG EQ INC ETF,STK,,,,ETF,true,QQQH
762543584,GBUG,USD,NASDAQ,US,SPROTT ACTIVE GOLD & SILVER,STK,,,,ETF,true,GBUG
762549334,YOKE,USD,NASDAQ,US,YOKE CORE ETF,STK,,,,ETF,false,YOKE
762557691,HMR,USD,NASDAQ,US,HEIDMAR MARITIME HOLDINGS CO,STK,Investment Companies,Financial,Investment Companies,COMMON,false,HMR
763338965,HWH,USD,NASDAQ,US,HWH INTERNATIONAL INC,STK,Advertising,Communications,Advertising Services,COMMON,false,HWH
763609522,BMGL,USD,NASDAQ,US,BASEL MEDICAL GROUP LTD,STK,Healthcare-Services,"Consumer, Non-cyclical",Medical Labs&amp;Testing Srv,COMMON,false,BMGL
764163981,KPTI,USD,NASDAQ,US,KARYOPHARM THERAPEUTICS INC,STK,Biotechnology,"Consumer, Non-cyclical",Medical-Biomedical/Gene,COMMON,true,KPTI
764164660,RBIL,USD,NASDAQ,US,US TREASURY ULTRA SHORT TIPS,STK,,,,ETF,false,RBIL
764169744,DMAAR,USD,NASDAQ,US,DRUGS MADE IN AMERICA AC-RTS,STK,Holding Companies-Divers,Diversified,Specified Purpose Acquis,RIGHT,false,DMAAR
764169749,DMAA,USD,NASDAQ,US,DRUGS MADE IN AMERICA ACQUIS,STK,Holding Companies-Divers,Diversified,Specified Purpose Acquis,COMMON,false,DMAA
764476535,TQQY,USD,NASDAQ,US,GRANITE YIELDBOOST QQQ,STK,,,,ETF,true,TQQY
764476536,YSPY,USD,NASDAQ,US,GRANITE YIELDBOOST SPY,STK,,,,ETF,false,YSPY
764476541,EBI,USD,NASDAQ,US,LONGVIEW ADVANTAGE ETF,STK,,,,ETF,false,EBI
764476546,RAA,USD,NASDAQ,US,SMI 3FOURTEEN RL ASST ALLOC,STK,,,,ETF,false,RAA
764486299,LZMH,,,,LZ TECHNOLOGY HDS LTD -CL B,STK,Computers,Technology,Computer Services,COMMON,false,
764737916,EVYM,USD,NASDAQ,US,EATON VANCE HIGH INCOME MUNI,STK,,,,ETF,false,EVYM
764737923,RCGE,USD,NASDAQ,US,ROCKCREEK GBL EQUALITY ETF,STK,,,,ETF,false,RCGE
764746136,WETO,USD,NASDAQ,US,WETOUR ROBOTICS LTD,STK,Internet,Communications,E-Commerce/Services,COMMON,false,WETO
765262083,LICN,USD,NASDAQ,US,LICHEN INTERNATIONAL LTD,STK,Commercial Services,"Consumer, Non-cyclical",Consulting Services,COMMON,false,LICN
765274147,FERAU,USD,NASDAQ,US,FIFTH ERA ACQUISITION CORP I,STK,Holding Companies-Divers,Diversified,Specified Purpose Acquis,UNIT,false,FERAU
765274246,LOKVU,USD,NASDAQ,US,LIVE OAK ACQUISITION CORP V,STK,Holding Companies-Divers,Diversified,Specified Purpose Acquis,UNIT,false,LOKVU
765274264,NHICU,USD,NASDAQ,US,NEWHOLD INVESTMENT CORP III,STK,Holding Companies-Divers,Diversified,Specified Purpose Acquis,UNIT,false,NHICU
765534093,OXLCG,USD,NASDAQ,US,OXFORD LANE CAPITAL CORP,STK,Closed-end Funds,Financial,Closed-end Funds,PREFERRED,false,OXLCG
766141364,DGXX,USD,NASDAQ,US,DIGI POWER X INC,STK,Investment Companies,Financial,Investment Companies,COMMON,true,DGXX
766155347,EHLD,USD,NASDAQ,US,EURO-HOLDINGS LTD,STK,Transportation,Industrial,Transport-Marine,COMMON,false,EHLD
766484201,VBIO,USD,NASDAQ,US,VALION BIO INC,STK,Biotechnology,"Consumer, Non-cyclical",Medical-Biomedical/Gene,COMMON,false,VBIO
766489657,ALLW,USD,NASDAQ,US,STATE STREET BRGWTR ALL WTHR,STK,,,,ETF,true,ALLW
766495600,KMTS,USD,NASDAQ,US,KESTRA MEDICAL TECHNOLOGIES,STK,Healthcare-Products,"Consumer, Non-cyclical",Medical Products,COMMON,false,KMTS
766500051,TBH,USD,NASDAQ,US,BRAG HOUSE HOLDINGS INC,STK,Internet,Communications,Internet Content-Entmnt,COMMON,false,TBH
766500054,JFB,USD,NASDAQ,US,JFB CONSTRUCTION HOLDIN-CL A,STK,Real Estate,Financial,Real Estate Oper/Develop,COMMON,false,JFB
766500060,IPEX,USD,NASDAQ,US,INFLECTION POINT ACQUISITION,STK,Holding Companies-Divers,Diversified,Specified Purpose Acquis,COMMON,false,IPEX
766500064,IPEXR,USD,NASDAQ,US,INFLECTION POINT ACQUISITION,STK,Holding Companies-Divers,Diversified,Specified Purpose Acquis,RIGHT,false,IPEXR
766915744,ABTS,USD,NASDAQ,US,ABITS GROUP INC,STK,Internet,Communications,E-Commerce/Products,COMMON,false,ABTS
766916326,MVLL,USD,NASDAQ,US,GRANITE 2X LONG MRVL ETF,STK,,,,ETF,true,MVLL
766923672,RIBBR,USD,NASDAQ,US,RIBBON ACQUISITION CORP,STK,Holding Companies-Divers,Diversified,Specified Purpose Acquis,RIGHT,false,RIBBR
766923677,RIBB,USD,NASDAQ,US,RIBBON ACQUISITION CORP,STK,Holding Companies-Divers,Diversified,Specified Purpose Acquis,COMMON,false,RIBB
766923681,SAGT,USD,NASDAQ,US,SAGTEC GLOBAL LTD-A,STK,Computers,Technology,Computer Services,COMMON,false,SAGT
767579644,BLNE,USD,NASDAQ,US,BEELINE HOLDINGS INC,STK,Diversified Finan Serv,Financial,Finance-Mtge Loan/Banker,COMMON,false,BLNE
767906090,IPDN,USD,NASDAQ,US,PROFESSIONAL DIVERSITY NETWO,STK,Internet,Communications,E-Commerce/Services,COMMON,false,IPDN
767907379,KBAB,USD,NASDAQ,US,KRNESHRS 2X LNG BABA DLY ETF,STK,,,,ETF,false,KBAB
767907382,KPDD,USD,NASDAQ,US,KRANESHRS 2X LONG PDD DL ETF,STK,,,,ETF,true,KPDD
767916095,KFIIR,USD,NASDAQ,US,K&F GROWTH ACQUISITION CORP,STK,Holding Companies-Divers,Diversified,Specified Purpose Acquis,RIGHT,false,KFIIR
767916098,KFII,USD,NASDAQ,US,K&F GROWTH ACQUISITION COR-A,STK,Holding Companies-Divers,Diversified,Specified Purpose Acquis,COMMON,false,KFII
768185577,RKLX,USD,NASDAQ,US,DEFI DAILY TA 2X L RKLB ETF,STK,,,,ETF,true,RKLX
768187087,BMM,USD,NASDAQ,US,BLUE MOON METALS INC,STK,Mining,Basic Materials,Metal-Diversified,COMMON,false,BMM
768194233,MWYN,USD,NASDAQ,US,MARWYNN HOLDINGS INC,STK,Transportation,Industrial,Transport-Services,COMMON,false,MWYN
768534091,QXL,USD,NASDAQ,US,QUANTUM X LABS INC,STK,Software,Technology,Applications Software,COMMON,false,QXL
768534163,SAIH,USD,NASDAQ,US,SAIHEAT LTD,STK,Electronics,Industrial,Electronic Parts Distrib,COMMON,false,SAIH
768537893,NWTG,USD,NASDAQ,US,NEWTON GOLF COMPANY INC,STK,Leisure Time,"Consumer, Cyclical",Golf,COMMON,false,NWTG
768545147,FAMI,USD,NASDAQ,US,FARMMI INC-A,STK,Agriculture,"Consumer, Non-cyclical",Agricultural Operations,COMMON,false,FAMI
768545231,USAR,USD,NASDAQ,US,USA RARE EARTH INC,STK,Mining,Basic Materials,Diversified Minerals,COMMON,true,USAR
768550579,COIG,USD,NASDAQ,US,LEVERAGE SHARES 2X COIN,STK,,,,ETF,true,COIG
768552423,COLA,USD,NASDAQ,US,COLUMBUS ACQUISITION CORP,STK,Holding Companies-Divers,Diversified,Specified Purpose Acquis,COMMON,false,COLA
768552424,COLAR,USD,NASDAQ,US,COLUMBUS ACQUISITION CORP,STK,Holding Companies-Divers,Diversified,Specified Purpose Acquis,RIGHT,false,COLAR
768816884,WKSP,USD,NASDAQ,US,WORKSPORT LTD,STK,Auto Parts&amp;Equipment,"Consumer, Cyclical",Auto/Trk Prts&amp;Equip-Orig,COMMON,false,WKSP
769111690,ANGI,USD,NASDAQ,US,ANGI INC,STK,Internet,Communications,E-Commerce/Services,COMMON,true,ANGI
769131793,QSEAU,USD,NASDAQ,US,QUARTZSEA ACQUISITION CORP,STK,Holding Companies-Divers,Diversified,Specified Purpose Acquis,UNIT,false,QSEAU
769378001,OM,USD,NASDAQ,US,OUTSET MEDICAL INC,STK,Healthcare-Products,"Consumer, Non-cyclical",Medical Products,COMMON,true,OM
769383198,KLRS,USD,NASDAQ,US,KALARIS THERAPEUTICS INC,STK,Biotechnology,"Consumer, Non-cyclical",Medical-Biomedical/Gene,COMMON,false,KLRS
769643890,VIVS,USD,NASDAQ,US,VIVOSIM LABS INC,STK,Biotechnology,"Consumer, Non-cyclical",Medical-Biomedical/Gene,COMMON,false,VIVS
769648056,FATN,USD,NASDAQ,US,FATPIPE INC/UT,STK,Software,Technology,Enterprise Software/Serv,COMMON,false,FATN
769648061,FMTM,USD,NASDAQ,US,MRKTDSK FOC US MMNTM ETF,STK,,,,ETF,false,FMTM
769653646,SOLZ,USD,NASDAQ,US,SOLANA ETF,STK,,,,ETF,true,SOLZ
770378600,SHFS,USD,NASDAQ,US,SHF HOLDINGS INC,STK,Banks,Financial,Commer Banks Non-US,COMMON,false,SHFS
770382717,UPC,USD,NASDAQ,US,UNIVERSE PHARMACEUTICAL-CL A,STK,Pharmaceuticals,"Consumer, Non-cyclical",Medical-Drugs,COMMON,false,UPC
770382793,HOOG,USD,NASDAQ,US,LEVERAGE SHARES 2X HOOD,STK,,,,ETF,true,HOOG
770382796,PANG,USD,NASDAQ,US,LEVERAGE SHARES 2X PANW,STK,,,,ETF,true,PANG
770385177,ADBG,USD,NASDAQ,US,LEVERAGE SHARES 2X ADBE,STK,,,,ETF,true,ADBG
770389951,GSHRU,USD,NASDAQ,US,GESHER ACQUISITION CORP II,STK,Holding Companies-Divers,Diversified,Specified Purpose Acquis,UNIT,false,GSHRU
770389960,SVCC,USD,NASDAQ,US,STELLAR V CAPITAL CORP-CL A,STK,Holding Companies-Divers,Diversified,Specified Purpose Acquis,COMMON,false,SVCC
770598520,XELB,USD,NASDAQ,US,XCEL BRANDS INC,STK,Advertising,Communications,Advertising Agencies,COMMON,false,XELB
770607284,MCHPP,USD,NASDAQ,US,MICROCHIP TECHNOLOGY INC,STK,Semiconductors,Technology,Electronic Compo-Semicon,CONVPREFERRED,false,MCHPP
770608963,STRF,USD,NASDAQ,US,MICROSTRATEGY 10% PERP STRIFE PFD,STK,Software,Technology,Enterprise Software/Serv,PREFERRED,true,STRF
771331872,IONL,USD,NASDAQ,US,GRANITE 2X LONG IONQ ETF,STK,,,,ETF,true,IONL
771331877,RDTL,USD,NASDAQ,US,GRANITE 2X LONG RDDT ETF,STK,,,,ETF,true,RDTL
771331882,VRTL,USD,NASDAQ,US,GRANITE 2X LONG VRT ETF,STK,,,,ETF,true,VRTL
771551303,ELIL,USD,NASDAQ,US,DIREXION DAILY LLY BULL 2X E,STK,,,,ETF,true,ELIL
771552027,PALD,USD,NASDAQ,US,DIREXION DAILY PANW BEAR 1X,STK,,,,ETF,false,PALD
771552030,PALU,USD,NASDAQ,US,DIREXION DAILY PANW BULL 2X,STK,,,,ETF,false,PALU
771558809,EPSM,USD,NASDAQ,US,EPSIUM ENTERPRISE LTD-A,STK,Beverages,"Consumer, Non-cyclical",Beverages-Wine/Spirits,COMMON,false,EPSM
771558812,IBTQ,USD,NASDAQ,US,ISHARES IBONDS DEC 2035 TT,STK,,,,ETF,false,IBTQ
771558816,IBGB,USD,NASDAQ,US,ISHARES IBONDS DEC 2045 TT,STK,,,,ETF,false,IBGB
771558821,IBGL,USD,NASDAQ,US,ISHARES IBONDS DEC 2055 TT,STK,,,,ETF,false,IBGL
771749016,ACON,USD,NASDAQ,US,ACLARION INC,STK,Healthcare-Services,"Consumer, Non-cyclical",MRI/Medical Diag Imaging,COMMON,false,ACON
771750499,AVUQ,USD,NASDAQ,US,AVANTIS US QUALITY EQ ETF,STK,,,,ETF,false,AVUQ
771750502,GLCR,USD,NASDAQ,US,GLACIERSHRES NSQ ICELAND ETF,STK,,,,ETF,false,GLCR
771750505,HEQQ,USD,NASDAQ,US,JPM HED LADDERED OVERLAY ETF,STK,,,,ETF,false,HEQQ
771759645,OMSE,USD,NASDAQ,US,OMS ENERGY TECHNOLOGIES INC,STK,Oil&amp;Gas Services,Energy,Oil-Field Services,COMMON,false,OMSE
771759702,CRWV,USD,NASDAQ,US,COREWEAVE INC-CL A,STK,Software,Technology,Computer Software,COMMON,true,CRWV
772203020,SORA,USD,NASDAQ,US,ASIASTRATEGY,STK,Distribution/Wholesale,"Consumer, Cyclical",Distribution/Wholesale,COMMON,false,SORA
772483470,HWSM,USD,NASDAQ,US,HOT & WILEY SMID CAP DIVD VA,STK,,,,ETF,false,HWSM
772518030,UYSCU,USD,NASDAQ,US,UY SCUTI ACQUISITION CORP,STK,Holding Companies-Divers,Diversified,Specified Purpose Acquis,UNIT,false,UYSCU
772758958,BGIN,USD,NASDAQ,US,BGIN BLOCKCHAIN LTD CL A,STK,Mining,Basic Materials,Mining Services,COMMON,false,BGIN
772782702,WXM,USD,NASDAQ,US,WF INTERNATIONAL LTD,STK,Commercial Services,"Consumer, Non-cyclical",Building-Maint&amp;Service,COMMON,false,WXM
772782719,OGI,USD,NASDAQ,US,ORGANIGRAM GLOBAL INC,STK,Pharmaceuticals,"Consumer, Non-cyclical",Medical-Whsle Drug Dist,COMMON,true,OGI
772782866,ENGS,USD,NASDAQ,US,ENERGYS GROUP LTD,STK,Building Materials,Industrial,Bldg&amp;Construct Prod-Misc,COMMON,false,ENGS
772782871,SDHIU,USD,NASDAQ,US,SIDDHI ACQUISITION CORP,STK,Holding Companies-Divers,Diversified,Specified Purpose Acquis,UNIT,false,SDHIU
772782872,WTF,USD,NASDAQ,US,WATON FINANCIAL LTD,STK,Investment Companies,Financial,Investment Companies,COMMON,false,WTF
773080463,MKTW,USD,NASDAQ,US,MARKETWISE INC,STK,Commercial Services,"Consumer, Non-cyclical",Commercial Serv-Finance,COMMON,false,MKTW
773084726,GLDY,USD,NASDAQ,US,DEFIANCE GOLD ENHNCED OI ETF,STK,,,,ETF,false,GLDY
773219286,SZZLU,USD,NASDAQ,US,SIZZLE ACQUISITION CORP II,STK,Holding Companies-Divers,Diversified,Specified Purpose Acquis,UNIT,false,SZZLU
773298854,SOBR,USD,NASDAQ,US,SOBR SAFE INC,STK,Software,Technology,Applications Software,COMMON,false,SOBR
773302457,GIND,USD,NASDAQ,US,GOLDMAN SACHS INDIA EQTY ETF,STK,,,,ETF,false,GIND
773302460,LHSW,USD,NASDAQ,US,LIANHE SOWELL INTL-A,STK,Machinery-Diversified,Industrial,Machinery-General Indust,COMMON,false,LHSW
773302465,WTMU,USD,NASDAQ,US,WISDOMTREE CORE LADR MUNI FD,STK,,,,ETF,false,WTMU
773302468,WTMY,USD,NASDAQ,US,WSDTREE HIGH IN LADRD MUN FU,STK,,,,ETF,false,WTMY
773302475,WSML,USD,NASDAQ,US,ISHARES MSCI WORLD SMALL CAP,STK,,,,ETF,false,WSML
773321885,ATII,USD,NASDAQ,US,ARCHIMEDES TECH SPAC PARTNER,STK,Holding Companies-Divers,Diversified,Specified Purpose Acquis,COMMON,false,ATII
773321889,CRMG,USD,NASDAQ,US,LEVERAGE SHARES 2X CRM,STK,,,,ETF,true,CRMG
773321892,XYZG,USD,NASDAQ,US,LEVERAGE SHARES 2X XYZ,STK,,,,ETF,true,XYZG
773659680,BGLC,USD,NASDAQ,US,BIONEXUS GENE LAB CORP,STK,Healthcare-Services,"Consumer, Non-cyclical",Medical Labs&amp;Testing Srv,COMMON,false,BGLC
773659695,NEGG,USD,NASDAQ,US,NEWEGG COMMERCE INC,STK,Internet,Communications,E-Commerce/Products,COMMON,false,NEGG
773664977,UZX,USD,NASDAQ,US,LINKAGE GLOBAL INC,STK,Internet,Communications,E-Commerce/Products,COMMON,false,UZX
773665000,SPPL,USD,NASDAQ,US,SIMPPLE LTD,STK,Machinery-Diversified,Industrial,Machinery-General Indust,COMMON,false,SPPL
773701096,BLIV,USD,NASDAQ,US,BELIVE HOLDINGS,STK,Software,Technology,Applications Software,COMMON,false,BLIV
773701101,PYPG,USD,NASDAQ,US,LEVERAGE SHARES 2X PYPL,STK,,,,ETF,true,PYPG
773701110,AACB,USD,NASDAQ,US,ARTIUS II ACQUISITION INC-A,STK,Holding Companies-Divers,Diversified,Specified Purpose Acquis,COMMON,false,AACB
773701113,AACBR,USD,NASDAQ,US,ARTIUS II ACQUISITION INC,STK,Holding Companies-Divers,Diversified,Specified Purpose Acquis,RIGHT,false,AACBR
774122363,HCWB,USD,NASDAQ,US,HCW BIOLOGICS INC,STK,Biotechnology,"Consumer, Non-cyclical",Medical-Biomedical/Gene,COMMON,false,HCWB
774122372,FMUN,USD,NASDAQ,US,FIDELITY SYSTEM MUNI BND ETF,STK,,,,ETF,false,FMUN
774122379,THMZ,USD,NASDAQ,US,LAZARD EQUITY MEGATRENDS ETF,STK,,,,ETF,false,THMZ
774122382,JPY,USD,NASDAQ,US,LAZARD JAPANESE EQUITY ETF,STK,,,,ETF,false,JPY
774122384,TEKY,USD,NASDAQ,US,LAZARD NEXT GEN TECH ETF,STK,,,,ETF,false,TEKY
774122389,CHGX,USD,NASDAQ,US,STANCE SUSTAINABLE BETA ETF,STK,,,,ETF,false,CHGX
774144929,FMUB,USD,NASDAQ,US,FIDELITY MUNI BND OPP ETF,STK,,,,ETF,false,FMUB
774786526,SATL,USD,NASDAQ,US,SATELLOGIC INC-A,STK,Telecommunications,Communications,Satellite Telecom,COMMON,true,SATL
774815526,TPST,USD,NASDAQ,US,TEMPEST THERAPEUTICS INC,STK,Biotechnology,"Consumer, Non-cyclical",Medical-Biomedical/Gene,COMMON,false,TPST
774815552,QNRX,USD,NASDAQ,US,QUOIN PHARMACEUTICALS LT-ADR,STK,Biotechnology,"Consumer, Non-cyclical",Medical-Biomedical/Gene,ADR,false,QNRX
774860780,RYET,USD,NASDAQ,US,RUANYUN EDAI TECHNOLOGY INC,STK,Software,Technology,Educational Software,COMMON,false,RYET
774860786,IPODU,USD,NASDAQ,US,DUNE ACQUISITION CORP II,STK,Holding Companies-Divers,Diversified,Specified Purpose Acquis,UNIT,false,IPODU
775480568,ALIL,USD,NASDAQ,US,ARGENT FOCUSED SMALL CAP ETF,STK,,,,ETF,false,ALIL
775480573,ABIG,USD,NASDAQ,US,ARGENT LARGE CAP ETF,STK,,,,ETF,false,ABIG
775480579,TACHU,USD,NASDAQ,US,TITAN ACQUISITION CORP,STK,Holding Companies-Divers,Diversified,Specified Purpose Acquis,UNIT,false,TACHU
775821309,WBUY,USD,NASDAQ,US,WEBUY GLOBAL LTD-CL A,STK,Internet,Communications,E-Commerce/Services,COMMON,false,WBUY
775821334,AMRN,USD,NASDAQ,US,AMARIN CORP PLC -ADR,STK,Biotechnology,"Consumer, Non-cyclical",Medical-Biomedical/Gene,ADR,true,AMRN
775826031,ELFY,USD,NASDAQ,US,ALPS ELECTRIFIC INFRAST ETF,STK,,,,ETF,false,ELFY
775826331,ENDW,USD,NASDAQ,US,CAMBRIA ENDOWMENT STYLE ETF,STK,,,,ETF,false,ENDW
775835989,ATHR,USD,NASDAQ,US,AETHER HOLDINGS INC,STK,Software,Technology,Applications Software,COMMON,false,ATHR
775836403,CUPR,USD,NASDAQ,US,CUPRINA HOLDINGS CAYMAN-A,STK,Biotechnology,"Consumer, Non-cyclical",Medical-Biomedical/Gene,COMMON,false,CUPR
775836406,MB,USD,NASDAQ,US,MASTERBEEF GROUP,STK,Retail,"Consumer, Cyclical",Retail-Restaurants,COMMON,false,MB
776339208,PIII,USD,NASDAQ,US,P3 HEALTH PARTNERS INC,STK,Healthcare-Services,"Consumer, Non-cyclical",Medical-Outptnt/Home Med,COMMON,false,PIII
776339237,WIMI,USD,NASDAQ,US,WIMI HOLOGRAM CLOUD INC-B,STK,Software,Technology,Computer Software,COMMON,true,WIMI
776352706,BULL,USD,NASDAQ,US,WEBULL CORP,STK,Diversified Finan Serv,Financial,Finance-Invest Bnkr/Brkr,COMMON,true,BULL
776723023,SCLX,USD,NASDAQ,US,SCILEX HOLDING CO,STK,Biotechnology,"Consumer, Non-cyclical",Medical-Biomedical/Gene,COMMON,false,SCLX
776724395,QMMM,USD,NASDAQ,US,QMMM HOLDINGS LTD-A,STK,Advertising,Communications,Advertising Services,COMMON,false,QMMM
777171244,TVRD,USD,NASDAQ,US,TVARDI THERAPEUTICS INC,STK,Biotechnology,"Consumer, Non-cyclical",Medical-Biomedical/Gene,COMMON,true,TVRD
777171441,ZTOP,USD,NASDAQ,US,F/M HIGH YIELD 100 ETF,STK,,,,ETF,false,ZTOP
777177588,HXHX,USD,NASDAQ,US,HAOXIN HOLDINGS LTD-CL A,STK,Transportation,Industrial,Transport-Services,COMMON,false,HXHX
777441607,KZIA,USD,NASDAQ,US,KAZIA THERAPEUTICS-SPON ADR,STK,Biotechnology,"Consumer, Non-cyclical",Medical-Biomedical/Gene,ADR,true,KZIA
777452227,NHIC,USD,NASDAQ,US,NEWHOLD INVESTMENT COR III-A,STK,Holding Companies-Divers,Diversified,Specified Purpose Acquis,COMMON,false,NHIC
777704909,YHC,USD,NASDAQ,US,LQR HOUSE INC,STK,Internet,Communications,E-Marketing/Info,COMMON,false,YHC
777704915,SUNE,USD,NASDAQ,US,SUNATION ENERGY INC,STK,Energy-Alternate Sources,Energy,Energy-Alternate Sources,COMMON,false,SUNE
777704933,BMRA,USD,NASDAQ,US,BIOMERICA INC,STK,Healthcare-Products,"Consumer, Non-cyclical",Diagnostic Kits,COMMON,false,BMRA
777704938,HOLO,USD,NASDAQ,US,MICROCLOUD HOLOGRAM INC,STK,Semiconductors,Technology,Electronic Compo-Semicon,COMMON,false,HOLO
777707865,AVGB,USD,NASDAQ,US,AVANTIS CREDIT ETF,STK,,,,ETF,false,AVGB
777710713,AIRO,USD,NASDAQ,US,AIRO GROUP HOLDINGS INC,STK,Aerospace/Defense,Industrial,Aerospace/Defense,COMMON,true,AIRO
777710729,CHA,USD,NASDAQ,US,CHAGEE HOLDINGS LTD-ADR,STK,Beverages,"Consumer, Non-cyclical",Tea,ADR,false,CHA
777715195,GENVR,USD,NASDAQ,US,GEN DIGITAL INC - CVR,STK,Internet,Communications,Internet Security,RIGHT,false,GENVR
778473107,MCRB,USD,NASDAQ,US,SERES THERAPEUTICS INC,STK,Pharmaceuticals,"Consumer, Non-cyclical",Medical-Drugs,COMMON,true,MCRB
778486798,FERA,USD,NASDAQ,US,FIFTH ERA ACQUISITION CORP-A,STK,Holding Companies-Divers,Diversified,Specified Purpose Acquis,COMMON,false,FERA
778486800,FERAR,USD,NASDAQ,US,FIFTH ERA ACQUISITION CORP I,STK,Holding Companies-Divers,Diversified,Specified Purpose Acquis,RIGHT,false,FERAR
778486805,LOKV,USD,NASDAQ,US,LIVE OAK ACQUISITION CORP-A,STK,Holding Companies-Divers,Diversified,Specified Purpose Acquis,COMMON,false,LOKV
779046502,MBBC,USD,NASDAQ,US,MARATHON BANCORP INC,STK,Banks,Financial,Commer Banks-Central US,COMMON,false,MBBC
779046505,LCDL,USD,NASDAQ,US,GRANITE 2X LONG LCID ETF,STK,,,,ETF,true,LCDL
779046508,RVNL,USD,NASDAQ,US,GRANITE 2X LONG RVIN ETF,STK,,,,ETF,false,RVNL
779062950,PFAI,USD,NASDAQ,US,PINNACLE FOOD GROUP LTD-A,STK,Agriculture,"Consumer, Non-cyclical",Agricultural Operations,COMMON,false,PFAI
779063010,YOOV,USD,NASDAQ,US,CONCORDE INTERNATION-CLASS A,STK,Commercial Services,"Consumer, Non-cyclical",Security Services,COMMON,false,YOOV
779325419,BOEU,USD,NASDAQ,US,DIREXION DAILY BA BULL 2X ET,STK,,,,ETF,false,BOEU
779325424,XOMX,USD,NASDAQ,US,DIREXION DAILY XOM BULL 2X E,STK,,,,ETF,false,XOMX
779329636,TVACU,USD,NASDAQ,US,TEXAS VENTURES ACQUISITION I,STK,Holding Companies-Divers,Diversified,Specified Purpose Acquis,UNIT,false,TVACU
779329648,RAAQU,USD,NASDAQ,US,REAL ASSET ACQUISITION CORP,STK,Holding Companies-Divers,Diversified,Specified Purpose Acquis,UNIT,false,RAAQU
779617987,VS,USD,NASDAQ,US,VERSUS SYSTEMS INC,STK,Software,Technology,Applications Software,COMMON,false,VS
779624692,NPACU,USD,NASDAQ,US,NEW PROVIDENCE ACQUISITION C,STK,Holding Companies-Divers,Diversified,Specified Purpose Acquis,UNIT,false,NPACU
780020120,XFOR,USD,NASDAQ,US,X4 PHARMACEUTICALS INC,STK,Biotechnology,"Consumer, Non-cyclical",Medical-Biomedical/Gene,COMMON,true,XFOR
780020212,STSS,USD,NASDAQ,US,SHARPS TECHNOLOGY INC,STK,Healthcare-Products,"Consumer, Non-cyclical",Medical Products,COMMON,true,STSS
780122004,PLTG,USD,NASDAQ,US,LEVERAGE SHARES 2X PLTR,STK,,,,ETF,true,PLTG
780128398,IPCXU,USD,NASDAQ,US,INFLECTION POINT ACQUISITION,STK,Holding Companies-Divers,Diversified,Specified Purpose Acquis,UNIT,false,IPCXU
780128400,PHOE,USD,NASDAQ,US,PHOENIX ASIA HOLDINGS LTD,STK,Engineering&amp;Construction,Industrial,Building-Heavy Construct,COMMON,false,PHOE
780128415,DAAQU,USD,NASDAQ,US,DIGITAL ASSET ACQUISITION CO,STK,Holding Companies-Divers,Diversified,Specified Purpose Acquis,UNIT,false,DAAQU
780402000,JBIO,USD,NASDAQ,US,JADE BIOSCIENCES INC,STK,Biotechnology,"Consumer, Non-cyclical",Medical-Biomedical/Gene,COMMON,true,JBIO
780715480,TACOU,USD,NASDAQ,US,BERTO ACQUISITION CORP,STK,Holding Companies-Divers,Diversified,Specified Purpose Acquis,UNIT,false,TACOU
780979276,YB,USD,NASDAQ,US,YUANBAO INC -ADR,STK,Insurance,Financial,Insurance Brokers,ADR,false,YB
780983864,LCCCU,USD,NASDAQ,US,LAKESHORE ACQUISITION III CO,STK,Holding Companies-Divers,Diversified,Specified Purpose Acquis,UNIT,false,LCCCU
781246604,CWD,USD,NASDAQ,US,CALIBERCOS INC-CL A,STK,Private Equity,Financial,Private Equity,COMMON,false,CWD
781264619,LIMN,USD,NASDAQ,US,LIMINATUS PHARMA INC-CL A,STK,Biotechnology,"Consumer, Non-cyclical",Medical-Biomedical/Gene,COMMON,false,LIMN
781264644,SDM,USD,NASDAQ,US,SMART DIGITAL GROUP LTD,STK,Internet,Communications,E-Marketing/Info,COMMON,false,SDM
781264656,AGGA,USD,NASDAQ,US,EA AS DY CR US FI IN ETF-USD,STK,,,,ETF,false,AGGA
781264661,RDAGU,USD,NASDAQ,US,REPUBLIC DIGITAL ACQUISITION,STK,Holding Companies-Divers,Diversified,Specified Purpose Acquis,UNIT,false,RDAGU
781532032,IQST,USD,NASDAQ,US,IQSTEL INC,STK,Telecommunications,Communications,Cellular Telecom,COMMON,false,IQST
781540506,CGCTU,USD,NASDAQ,US,CARTESIAN GROWTH CORP III,STK,Holding Companies-Divers,Diversified,Specified Purpose Acquis,UNIT,false,CGCTU
781540511,CEPT,USD,NASDAQ,US,CANTOR EQUITY PARTNERS-CL A,STK,Holding Companies-Divers,Diversified,Specified Purpose Acquis,COMMON,false,CEPT
781540515,GTENU,USD,NASDAQ,US,GORES HOLDINGS X INC,STK,Holding Companies-Divers,Diversified,Specified Purpose Acquis,UNIT,false,GTENU
781540518,WSBK,USD,NASDAQ,US,WINCHESTER BANCORP INC,STK,Banks,Financial,Commer Banks Non-US,COMMON,false,WSBK
781667988,SLGL,USD,NASDAQ,US,SOL-GEL TECHNOLOGIES LTD,STK,Pharmaceuticals,"Consumer, Non-cyclical",Medical-Drugs,COMMON,false,SLGL
781675063,SBET,USD,NASDAQ,US,SHARPLINK INC,STK,Software,Technology,Entertainment Software,COMMON,true,SBET
781675315,LDRX,USD,NASDAQ,US,SGI ENHANCED MARKET LEA ETF,STK,,,,ETF,false,LDRX
781686697,STRZ,USD,NASDAQ,US,STARZ ENTERTAINMENT CORP,STK,Entertainment,"Consumer, Cyclical",Motion Pictures&amp;Services,COMMON,true,STRZ
782369942,QQHG,USD,NASDAQ,US,INVESCO QQQ HEDGED ADV ETF,STK,,,,ETF,false,QQHG
782383908,QQWZ,USD,NASDAQ,US,PCR CSH COWZ 100N 100R,STK,,,,ETF,false,QQWZ
782576925,XHG,USD,NASDAQ,US,XCHANGE TEC.INC,STK,Real Estate,Financial,Real Estate Mgmnt/Servic,ADR,false,XHG
782964354,STI,USD,NASDAQ,US,SOLIDION TECHNOLOGY INC,STK,Miscellaneous Manufactur,Industrial,Advanced Materials/Prd,COMMON,false,STI
782964359,ALZN,USD,NASDAQ,US,ALZAMEND NEURO INC,STK,Biotechnology,"Consumer, Non-cyclical",Medical-Biomedical/Gene,COMMON,false,ALZN
782982305,EGHAU,USD,NASDAQ,US,EGH ACQUISITION CORP,STK,Holding Companies-Divers,Diversified,Specified Purpose Acquis,UNIT,false,EGHAU
783245053,CDIO,USD,NASDAQ,US,CARDIO DIAGNOSTICS HOLDINGS,STK,Healthcare-Products,"Consumer, Non-cyclical",Diagnostic Kits,COMMON,false,CDIO
783260960,GSHR,USD,NASDAQ,US,GESHER ACQUISITION CORP II-A,STK,Holding Companies-Divers,Diversified,Specified Purpose Acquis,COMMON,false,GSHR
783260965,QSEAR,USD,NASDAQ,US,QUARTZSEA ACQUISITION CORP,STK,Holding Companies-Divers,Diversified,Specified Purpose Acquis,RIGHT,false,QSEAR
783260970,QSEA,USD,NASDAQ,US,QUARTZSEA ACQUISITION CORP,STK,Holding Companies-Divers,Diversified,Specified Purpose Acquis,COMMON,false,QSEA
783548334,XBTY,USD,NASDAQ,US,GRANITE YIELDBOOST BITCOIN,STK,,,,ETF,true,XBTY
783548336,NVYY,USD,NASDAQ,US,GRANITE YIELDBOOST NVDA,STK,,,,ETF,true,NVYY
783559818,ANTA,USD,NASDAQ,US,ANTALPHA PLATFORM HLDNG CO-A,STK,Diversified Finan Serv,Financial,Finance-Other Services,COMMON,false,ANTA
783564832,PMTRU,USD,NASDAQ,US,PERIMETER ACQUISITION CORP I,STK,Holding Companies-Divers,Diversified,Specified Purpose Acquis,UNIT,false,PMTRU
783564847,JAPN,USD,NASDAQ,US,HORIZON KINETICS JAPAN OWNER,STK,,,,ETF,false,JAPN
783894968,RNAZ,USD,NASDAQ,US,TRANSCODE THERAPEUTICS INC,STK,Biotechnology,"Consumer, Non-cyclical",Medical-Biomedical/Gene,COMMON,false,RNAZ
783897357,RIFR,USD,NASDAQ,US,RUSSELL INVESTMENTS GLOBAL I,STK,,,,ETF,false,RIFR
783897363,RINT,USD,NASDAQ,US,RSL IN-INTRNTNL DVL EQ ET-$I,STK,,,,ETF,false,RINT
783897366,RUSC,USD,NASDAQ,US,RSL INV-US SML CP EQT ETF-$I,STK,,,,ETF,false,RUSC
783901586,ETOR,USD,NASDAQ,US,ETORO GROUP LTD-A,STK,Internet,Communications,Internet Brokers,COMMON,true,ETOR
783906270,KWM,USD,NASDAQ,US,K WAVE MEDIA LTD,STK,Entertainment,"Consumer, Cyclical",Motion Pictures&amp;Services,COMMON,false,KWM
784215739,BUSEP,USD,NASDAQ,US,FIRST BUSEY CORPORATION,STK,Banks,Financial,Commer Banks-Central US,PREFERRED,false,BUSEP
784217401,RNIN,USD,NASDAQ,US,BUSHIDO CAP SMID C EQTY ETF,STK,,,,ETF,false,RNIN
784233649,ARAI,USD,NASDAQ,US,ARRIVE AI INC,STK,Software,Technology,Applications Software,COMMON,false,ARAI
784233652,LHAI,USD,NASDAQ,US,LINKHOME HOLDINGS INC,STK,Software,Technology,Applications Software,COMMON,false,LHAI
784233659,TVAIU,USD,NASDAQ,US,THAYER VENTURES ACQUISITION,STK,Holding Companies-Divers,Diversified,Specified Purpose Acquis,UNIT,false,TVAIU
784233662,GLXY,USD,NASDAQ,US,GALAXY DIGITAL INC-A,STK,Diversified Finan Serv,Financial,Finance-Invest Bnkr/Brkr,COMMON,true,GLXY
785071859,SQFT,USD,NASDAQ,US,PRESIDIO PROPERTY TRUST - A,STK,REITS,Financial,REITS-Diversified,COMMON,false,SQFT
785072383,AVGG,USD,NASDAQ,US,LEVERAGE SHARES 2X AVGO,STK,,,,ETF,true,AVGG
785072925,BON,USD,NASDAQ,US,BON NATURAL LIFE LTD-A,STK,Biotechnology,"Consumer, Non-cyclical",Medical-Biomedical/Gene,COMMON,false,BON
785073993,CNEY,USD,NASDAQ,US,CN ENERGY GROUP INC-A,STK,Chemicals,Basic Materials,Chemicals-Diversified,COMMON,false,CNEY
785082302,RTACU,USD,NASDAQ,US,RENATUS TACTICAL ACQUISITION,STK,Holding Companies-Divers,Diversified,Specified Purpose Acquis,UNIT,false,RTACU
785082337,OFAL,USD,NASDAQ,US,OFA GROUP-A,STK,Engineering&amp;Construction,Industrial,Building&amp;Construct-Misc,COMMON,false,OFAL
785082340,TVA,USD,NASDAQ,US,TEXAS VENTURES ACQUISITION-A,STK,Holding Companies-Divers,Diversified,Specified Purpose Acquis,COMMON,false,TVA
785082347,WENNU,USD,NASDAQ,US,WEN ACQUISITION CORP,STK,Holding Companies-Divers,Diversified,Specified Purpose Acquis,UNIT,false,WENNU
786031983,AIFU,USD,NASDAQ,US,AIFU INC - CL A,STK,Insurance,Financial,Insurance Brokers,COMMON,true,AIFU
786171750,PCAPU,USD,NASDAQ,US,PROCAP ACQUISITION CORP,STK,Holding Companies-Divers,Diversified,Specified Purpose Acquis,UNIT,false,PCAPU
786312578,IDEF,USD,NASDAQ,US,ISHARES DEF INDUSTRIALS ACT,STK,,,,ETF,false,IDEF
786320024,XRPNU,USD,NASDAQ,US,ARMADA ACQUISITION CORP II,STK,Holding Companies-Divers,Diversified,Specified Purpose Acquis,UNIT,false,XRPNU
786554160,SMST,USD,NASDAQ,US,DEFIANCE DLY TRG 2X SHR MSTR,STK,,,,ETF,true,SMST
786559489,XRPI,USD,NASDAQ,US,XRP ETF,STK,,,,ETF,true,XRPI
786562677,MBNKO,USD,NASDAQ,US,MEDALLION BK SALT LAKE CITY UTAH NO,STK,Banks,Financial,Commer Banks-Western US,PREFERRED,false,MBNKO
786562682,WTFCN,USD,NASDAQ,US,WINTRUST FINL CORP DEP SHS REPSTG 1,STK,Banks,Financial,Commer Banks-Central US,PREFERRED,false,WTFCN
786567599,OYSEU,USD,NASDAQ,US,OYSTER ENTERPRISES II ACQUIS,STK,Holding Companies-Divers,Diversified,Specified Purpose Acquis,UNIT,false,OYSEU
786941050,FTRK,USD,NASDAQ,US,FAST TRACK GROUP,STK,Entertainment,"Consumer, Cyclical",Theaters,COMMON,false,FTRK
786941061,CRAQU,USD,NASDAQ,US,CAL REDWOOD ACQUISITION CORP,STK,Holding Companies-Divers,Diversified,Specified Purpose Acquis,UNIT,false,CRAQU
786941066,SZZLR,USD,NASDAQ,US,SIZZLE ACQUISITION CORP -RTS,STK,Holding Companies-Divers,Diversified,Specified Purpose Acquis,RIGHT,false,SZZLR
786941071,SZZL,USD,NASDAQ,US,SIZZLE ACQUISITION CORP-CL A,STK,Holding Companies-Divers,Diversified,Specified Purpose Acquis,COMMON,false,SZZL
786941124,UYSCR,USD,NASDAQ,US,UY SCUTI ACQUISITION CORP,STK,Holding Companies-Divers,Diversified,Specified Purpose Acquis,RIGHT,false,UYSCR
786941131,UYSC,USD,NASDAQ,US,UY SCUTI ACQUISITION CORP,STK,Holding Companies-Divers,Diversified,Specified Purpose Acquis,COMMON,false,UYSC
787273575,RKLB,USD,NASDAQ,US,ROCKET LAB CORP,STK,Aerospace/Defense,Industrial,Aerospace/Defense,COMMON,true,RKLB
787285316,WTGUU,USD,NASDAQ,US,WINTERGREEN ACQUISITION CORP,STK,Holding Companies-Divers,Diversified,Specified Purpose Acquis,UNIT,false,WTGUU
787744978,LOGO,USD,NASDAQ,US,ALPHA BRANDS CONS LEAD ETF,STK,,,,ETF,false,LOGO
787976374,TAOP,USD,NASDAQ,US,TAOPING INC,STK,Computers,Technology,Computer Services,COMMON,false,TAOP
787747097,KG,USD,NASDAQ,US,KESTREL GROUP,STK,Insurance,Financial,Reinsurance,COMMON,false,KG
787751738,ASPS,USD,NASDAQ,US,ALTISOURCE PORTFOLIO SOL,STK,Diversified Finan Serv,Financial,Invest Mgmnt/Advis Serv,COMMON,false,ASPS
787755294,CHPGU,USD,NASDAQ,US,CHAMPIONSGATE ACQUISITION CO,STK,Holding Companies-Divers,Diversified,Specified Purpose Acquis,UNIT,false,CHPGU
787755298,KCHVU,USD,NASDAQ,US,KOCHAV DEFENSE ACQUISITION C,STK,Holding Companies-Divers,Diversified,Specified Purpose Acquis,UNIT,false,KCHVU
787755304,PTNM,USD,NASDAQ,US,PITANIUM LTD-CL A,STK,Internet,Communications,E-Commerce/Products,COMMON,false,PTNM
787979416,CVNX,USD,NASDAQ,US,DEFIANCE D T 2X LONG CVN ETF,STK,,,,ETF,false,CVNX
787990766,FFFZ,USD,NASDAQ,US,FUXING CHINA GROUP LTD,STK,Apparel,"Consumer, Cyclical",Apparel Manufacturers,ADR,false,FFFZ
788319392,LYEL,USD,NASDAQ,US,LYELL IMMUNOPHARMA INC,STK,Pharmaceuticals,"Consumer, Non-cyclical",Medical-Drugs,COMMON,true,LYEL
788427544,ARBB,USD,NASDAQ,US,ARB IOT GROUP LTD,STK,Computers,Technology,Computer Services,COMMON,false,ARBB
788427549,BNBX,USD,NASDAQ,US,BNB PLUS CORP,STK,Healthcare-Services,"Consumer, Non-cyclical",Medical Labs&amp;Testing Srv,COMMON,false,BNBX
788427563,REMG,USD,NASDAQ,US,RU IN EM MARKE EQUITY ETF-US,STK,,,,ETF,false,REMG
788427566,RGLO,USD,NASDAQ,US,RUSSELL INVEST GLB EQ-USD IN,STK,,,,ETF,false,RGLO
788713800,QQQP,USD,NASDAQ,US,TRADR 2X LONG INNOVATION 100,STK,,,,ETF,true,QQQP
788713817,SPYQ,USD,NASDAQ,US,TRADR 2X LONG SPY QUARTR ETF,STK,,,,ETF,true,SPYQ
788713824,MQQQ,USD,NASDAQ,US,TRADR 2X LONG INNOVATION 100,STK,,,,ETF,true,MQQQ
788715519,AGMH,USD,NASDAQ,US,AGM GROUP HOLDINGS INC-A,STK,Semiconductors,Technology,Electronic Compo-Semicon,COMMON,false,AGMH
788724021,DAAQ,USD,NASDAQ,US,DIGITAL ASSET ACQUISITI-CL A,STK,Holding Companies-Divers,Diversified,Specified Purpose Acquis,COMMON,false,DAAQ
788724026,RAAQ,USD,NASDAQ,US,REAL ASSET ACQUISITI-CLASS A,STK,Holding Companies-Divers,Diversified,Specified Purpose Acquis,COMMON,false,RAAQ
788724031,TACH,USD,NASDAQ,US,TITAN ACQUISITION CORP-CL A,STK,Holding Companies-Divers,Diversified,Specified Purpose Acquis,COMMON,false,TACH
789044655,SDHIR,USD,NASDAQ,US,SIDDHI ACQUISITION CORP,STK,Holding Companies-Divers,Diversified,Specified Purpose Acquis,RIGHT,false,SDHIR
789044657,SDHI,USD,NASDAQ,US,SIDDHI ACQUISITION CORP-A,STK,Holding Companies-Divers,Diversified,Specified Purpose Acquis,COMMON,false,SDHI
789278776,TACO,USD,NASDAQ,US,BERTO ACQUISITION CORP,STK,Holding Companies-Divers,Diversified,Specified Purpose Acquis,COMMON,false,TACO
789480838,FFUT,USD,NASDAQ,US,FIDELITY MANAGED FUTURES ETF,STK,,,,ETF,false,FFUT
789480841,KOID,USD,NASDAQ,US,KRANESHARES GLOBAL HUMANOID,STK,,,,ETF,false,KOID
789881384,INAB,USD,NASDAQ,US,IN8BIO INC,STK,Biotechnology,"Consumer, Non-cyclical",Medical-Biomedical/Gene,COMMON,false,INAB
789862297,DUO,USD,NASDAQ,US,FANGDD NETWORK GROUP LTD-A,STK,Real Estate,Financial,Real Estate Mgmnt/Servic,COMMON,false,DUO
789862813,PXLW,USD,NASDAQ,US,PIXELWORKS INC,STK,Semiconductors,Technology,Electronic Compo-Semicon,COMMON,false,PXLW
789862817,BOLT,USD,NASDAQ,US,BOLT BIOTHERAPEUTICS INC,STK,Biotechnology,"Consumer, Non-cyclical",Medical-Biomedical/Gene,COMMON,false,BOLT
789862827,NKTR,USD,NASDAQ,US,NEKTAR THERAPEUTICS,STK,Biotechnology,"Consumer, Non-cyclical",Medical-Biomedical/Gene,COMMON,true,NKTR
789863518,RTXG,USD,NASDAQ,US,LEVERAGE SHARES 2X RTX,STK,,,,ETF,false,RTXG
789881378,NAMM,USD,NASDAQ,US,NAMIB MINERALS,STK,Mining,Basic Materials,Gold Mining,COMMON,false,NAMM
789886445,OMDA,USD,NASDAQ,US,OMADA HEALTH INC,STK,Software,Technology,Medical Information Sys,COMMON,true,OMDA
789886454,RTAC,USD,NASDAQ,US,RENATUS TACTICAL ACQUISITI-A,STK,Holding Companies-Divers,Diversified,Specified Purpose Acquis,COMMON,false,RTAC
790153815,BBLG,USD,NASDAQ,US,BONE BIOLOGICS CORP,STK,Biotechnology,"Consumer, Non-cyclical",Medical-Biomedical/Gene,COMMON,false,BBLG
790153816,CLRO,USD,NASDAQ,US,CLEARONE INC,STK,Telecommunications,Communications,Telecommunication Equip,COMMON,false,CLRO
790157956,SAFX,USD,NASDAQ,US,XCF GLOBAL INC-A,STK,Energy-Alternate Sources,Energy,Energy-Alternate Sources,COMMON,false,SAFX
790410214,CABR,USD,NASDAQ,US,CARING BRANDS INC,STK,Cosmetics/Personal Care,"Consumer, Non-cyclical",Cosmetics&amp;Toiletries,COMMON,false,CABR
790411552,MSDD,USD,NASDAQ,US,GRANITE 2X SHORT MSTR ETF,STK,,,,ETF,false,MSDD
790693079,STRD,USD,NASDAQ,US,MICROSTRATEGY INC 10% PERP STRIDE P,STK,Software,Technology,Enterprise Software/Serv,PREFERRED,true,STRD
790694651,BLUWU,USD,NASDAQ,US,BLUE WATER ACQUISITION III,STK,Holding Companies-Divers,Diversified,Specified Purpose Acquis,UNIT,false,BLUWU
790897413,EMPD,USD,NASDAQ,US,EMPERY DIGITAL INC,STK,Leisure Time,"Consumer, Cyclical",Motorcycle/Motor Scooter,COMMON,true,EMPD
790898593,HBDC,USD,NASDAQ,US,HILTON BDC CORP BOND ETF,STK,,,,ETF,false,HBDC
790898596,BSJX,USD,NASDAQ,US,INVESCO BULLETSHARES 2033 HY,STK,,,,ETF,false,BSJX
790898603,BSCZ,USD,NASDAQ,US,INVESCO BULLETSHARES 2035 CB,STK,,,,ETF,false,BSCZ
790904952,CHYM,USD,NASDAQ,US,CHIME FINANCIAL INC-CL A,STK,Software,Technology,Applications Software,COMMON,true,CHYM
791099700,CHNR,USD,NASDAQ,US,CHINA NATURAL RESOURCES INC,STK,Mining,Basic Materials,Non-Ferrous Metals,COMMON,false,CHNR
791104920,CCFE,USD,NASDAQ,US,CONCO CAP FOCUSED EQUITY ETF,STK,,,,ETF,false,CCFE
791105391,KMLI,USD,NASDAQ,US,KRNSHRS 2X LONG MELI DLY ETF,STK,,,,ETF,false,KMLI
791105393,QQUP,USD,NASDAQ,US,PROSHARES ULTRA QQQ MEGA-USI,STK,,,,ETF,false,QQUP
791105396,QQDN,USD,NASDAQ,US,PROSHARES ULTRASHORT QQQ MEG,STK,,,,ETF,false,QQDN
791105403,TFNS,USD,NASDAQ,US,T ROWE PRICE FINANCIALS ETF,STK,,,,ETF,false,TFNS
791105406,TMED,USD,NASDAQ,US,T ROWE PRICE HEALTH CARE ETF,STK,,,,ETF,false,TMED
791105409,TURF,USD,NASDAQ,US,T ROWE PRICE NAT RES ETF,STK,,,,ETF,false,TURF
791113853,IPOD,USD,NASDAQ,US,DUNE ACQUISITION CORP II,STK,Holding Companies-Divers,Diversified,Specified Purpose Acquis,COMMON,false,IPOD
791454714,SHPH,USD,NASDAQ,US,SHUTTLE PHARMACEUTICALS HOLD,STK,Biotechnology,"Consumer, Non-cyclical",Medical-Biomedical/Gene,COMMON,false,SHPH
791454728,GCTK,USD,NASDAQ,US,GLUCOTRACK INC,STK,Healthcare-Products,"Consumer, Non-cyclical",Medical Products,COMMON,false,GCTK
791454742,JZ,USD,NASDAQ,US,JIANZHI EDUCATION TECHNOLOGY,STK,Internet,Communications,Internet Content-Info/Ne,ADR,false,JZ
791455606,NCI,,,,NEO-CONCEPT INTL GROUP HLD-A,STK,Apparel,"Consumer, Cyclical",Apparel Manufacturers,COMMON,false,
791455609,BOEG,USD,NASDAQ,US,LEVERAGE SHARES 2X BA,STK,,,,ETF,false,BOEG
791457959,UMBFO,USD,NASDAQ,US,UMB FINL CORP DEP SHS REPSTG 1/400T,STK,Banks,Financial,Commer Banks-Central US,PREFERRED,false,UMBFO
791464303,BSAAU,USD,NASDAQ,US,BEST SPAC I ACQUISITION CORP,STK,Holding Companies-Divers,Diversified,Specified Purpose Acquis,UNIT,false,BSAAU
791465099,BACCU,USD,NASDAQ,US,BLUE ACQUISITION CORP,STK,Holding Companies-Divers,Diversified,Specified Purpose Acquis,UNIT,false,BACCU
791742738,SNSE,USD,NASDAQ,US,SENSEI BIOTHERAPEUTICS INC,STK,Biotechnology,"Consumer, Non-cyclical",Medical-Biomedical/Gene,COMMON,false,SNSE
791743123,KYNB,USD,NASDAQ,US,KYNTRA BIO INC,STK,Biotechnology,"Consumer, Non-cyclical",Medical-Biomedical/Gene,COMMON,false,KYNB
791743236,BASG,USD,NASDAQ,US,BROWN ADVISO SUSTAIN GRO ETF,STK,,,,ETF,false,BASG
791743243,BASV,USD,NASDAQ,US,BROWN ADVISORY SV ETF,STK,,,,ETF,false,BASV
791755224,FWRD,USD,NASDAQ,US,FORWARD AIR CORPORATION,STK,Transportation,Industrial,Transport-Services,COMMON,true,FWRD
791760040,IPCXR,USD,NASDAQ,US,INFLECTION POINT ACQUISITION,STK,Holding Companies-Divers,Diversified,Specified Purpose Acquis,RIGHT,false,IPCXR
791760045,IPCX,USD,NASDAQ,US,INFLECTION POINT ACQUISITI-A,STK,Holding Companies-Divers,Diversified,Specified Purpose Acquis,COMMON,false,IPCX
791760051,NPAC,USD,NASDAQ,US,NEW PROVIDENCE ACQUISITION-A,STK,Holding Companies-Divers,Diversified,Specified Purpose Acquis,COMMON,false,NPAC
792057560,MENS,USD,NASDAQ,US,JYONG BIOTECH LTD,STK,Biotechnology,"Consumer, Non-cyclical",Medical-Biomedical/Gene,COMMON,true,MENS
792312042,UNCY,USD,NASDAQ,US,UNICYCIVE THERAPEUTICS INC,STK,Biotechnology,"Consumer, Non-cyclical",Medical-Biomedical/Gene,COMMON,true,UNCY
792312081,CAI,USD,NASDAQ,US,CARIS LIFE SCIENCES INC,STK,Healthcare-Products,"Consumer, Non-cyclical",Diagnostic Equipment,COMMON,true,CAI
792312084,SLDE,USD,NASDAQ,US,SLIDE INSURANCE HOLDINGS INC,STK,Insurance,Financial,Property/Casualty Ins,COMMON,true,SLDE
792314620,EXUS,USD,NASDAQ,US,NOMURA FOCUSED INTERNATIONAL,STK,,,,ETF,false,EXUS
792314626,WTIP,USD,NASDAQ,US,WISDOMTREE INFLATION PLUS,STK,,,,ETF,false,WTIP
792324242,AXINU,USD,NASDAQ,US,AXIOM INTELLIGENCE ACQUISITI,STK,Holding Companies-Divers,Diversified,Specified Purpose Acquis,UNIT,false,AXINU
792324247,PACHU,USD,NASDAQ,US,PIONEER ACQUISITION I CORP,STK,Holding Companies-Divers,Diversified,Specified Purpose Acquis,UNIT,false,PACHU
792324248,PMTR,USD,NASDAQ,US,PERIMETER ACQUIS CORP I CL A,STK,Holding Companies-Divers,Diversified,Specified Purpose Acquis,COMMON,false,PMTR
793092212,MAAS,USD,NASDAQ,US,MAASE INC-A,STK,Diversified Finan Serv,Financial,Invest Mgmnt/Advis Serv,COMMON,false,MAAS
793101990,NEXM,USD,NASDAQ,US,NEXMETALS MINING CORP,STK,Mining,Basic Materials,Non-Ferrous Metals,COMMON,false,NEXM
793105127,DAIC,USD,NASDAQ,US,CID HOLDCO INC,STK,Software,Technology,Enterprise Software/Serv,COMMON,false,DAIC
793105128,CHPG,USD,NASDAQ,US,CHAMPIONSGATE ACQUISITIO-A,STK,Holding Companies-Divers,Diversified,Specified Purpose Acquis,COMMON,false,CHPG
793105133,CHPGR,USD,NASDAQ,US,CHAMPIONSGATE ACQUISITION CO,STK,Holding Companies-Divers,Diversified,Specified Purpose Acquis,RIGHT,false,CHPGR
793105177,RDAG,USD,NASDAQ,US,REPUBLIC DIGITAL ACQUIS-CL A,STK,Holding Companies-Divers,Diversified,Specified Purpose Acquis,COMMON,false,RDAG
793649938,CLRB,USD,NASDAQ,US,CELLECTAR BIOSCIENCES INC,STK,Biotechnology,"Consumer, Non-cyclical",Medical-Biomedical/Gene,COMMON,false,CLRB
793654246,CBIO,USD,NASDAQ,US,CRESCENT BIOPHARMA INC,STK,Biotechnology,"Consumer, Non-cyclical",Medical-Biomedical/Gene,COMMON,false,CBIO
793660345,CRAQ,USD,NASDAQ,US,CAL REDWOOD ACQUISIT-CL A,STK,Holding Companies-Divers,Diversified,Specified Purpose Acquis,COMMON,false,CRAQ
793660348,CRAQR,USD,NASDAQ,US,CAL REDWOOD ACQUISITION CORP,STK,Holding Companies-Divers,Diversified,Specified Purpose Acquis,RIGHT,false,CRAQR
793660353,GTEN,USD,NASDAQ,US,GORES HOLDINGS X INC-CL A,STK,Holding Companies-Divers,Diversified,Specified Purpose Acquis,COMMON,false,GTEN
793660356,LCCCR,USD,NASDAQ,US,LAKESHORE ACQUISITION III CO,STK,Holding Companies-Divers,Diversified,Specified Purpose Acquis,RIGHT,false,LCCCR
793660363,LCCC,USD,NASDAQ,US,LAKESHORE ACQUISITION III CO,STK,Holding Companies-Divers,Diversified,Specified Purpose Acquis,COMMON,false,LCCC
793660368,XRPN,USD,NASDAQ,US,ARMADA ACQUISITION -CLASS A,STK,Holding Companies-Divers,Diversified,Specified Purpose Acquis,COMMON,false,XRPN
793660373,CGCT,USD,NASDAQ,US,CARTESIAN GROWTH CORP I-CL A,STK,Holding Companies-Divers,Diversified,Specified Purpose Acquis,COMMON,false,CGCT
794347576,OKLL,USD,NASDAQ,US,DEFIANC D TRGT 2X L OKLO ETF,STK,,,,ETF,true,OKLL
794347584,TEXN,USD,NASDAQ,US,ISHARES TX EQUITY ETF,STK,,,,ETF,false,TEXN
794347589,FMFC,USD,NASDAQ,US,KANDAL M VENTURE LTD-A,STK,Apparel,"Consumer, Cyclical",Apparel Manufacturers,COMMON,false,FMFC
794356560,PLBL,USD,NASDAQ,US,POLIBELI GROUP LTD-A,STK,Internet,Communications,E-Commerce/Products,COMMON,false,PLBL
794356660,HCHL,USD,NASDAQ,US,HAPPY CITY HOLDINGS LTD - A,STK,Retail,"Consumer, Cyclical",Retail-Restaurants,COMMON,false,HCHL
794630437,FABC,USD,NASDAQ,US,FABRICAI INC,STK,Auto Manufacturers,"Consumer, Cyclical",Auto-Cars/Light Trucks,COMMON,false,FABC
794630452,STAK,USD,NASDAQ,US,STAK INC-A,STK,Oil&amp;Gas Services,Energy,Oil-Field Services,COMMON,false,STAK
794631855,CSCS,USD,NASDAQ,US,DIREXION DY CSCO BEAR 1X ETF,STK,,,,ETF,false,CSCS
794631857,CSCL,USD,NASDAQ,US,DIREXION DY CSCO BULL 2X ETF,STK,,,,ETF,false,CSCL
794631860,QCMD,USD,NASDAQ,US,DIREXION DY QCOM BEAR 1X ETF,STK,,,,ETF,false,QCMD
794631867,QCMU,USD,NASDAQ,US,DIREXION DY QCOM BULL 2X ETF,STK,,,,ETF,false,QCMU
794631870,LWACU,USD,NASDAQ,US,LIGHTWAVE ACQUISITION CORP,STK,Holding Companies-Divers,Diversified,Specified Purpose Acquis,UNIT,false,LWACU
794639097,WW,USD,NASDAQ,US,WW INTERNATIONAL INC-NEW,STK,Commercial Services,"Consumer, Non-cyclical",Commercial Services,COMMON,true,WW
794639750,OBAWU,USD,NASDAQ,US,OXLEY BRIDGE ACQUISITION LTD,STK,Holding Companies-Divers,Diversified,Specified Purpose Acquis,UNIT,false,OBAWU
794914317,INDP,USD,NASDAQ,US,INDAPTUS THERAPEUTICS INC,STK,Biotechnology,"Consumer, Non-cyclical",Medical-Biomedical/Gene,COMMON,false,INDP
794915498,AFOS,USD,NASDAQ,US,ARS FOCUSED OPP STRAT ETF,STK,,,,ETF,false,AFOS
794915801,FGSI,USD,NASDAQ,US,FT GROWTH STRE & TAR INC ETF,STK,,,,ETF,false,FGSI
794915804,GRIN,USD,NASDAQ,US,VICTORYSHARES INTL FR CSH FL,STK,,,,ETF,false,GRIN
794915808,ABI,USD,NASDAQ,US,VS PIONEER AST-BASD INC ETF,STK,,,,ETF,false,ABI
794915823,JCAP,USD,NASDAQ,US,JEFFERSON CAPITAL INC,STK,Diversified Finan Serv,Financial,Finance-Other Services,COMMON,false,JCAP
794917155,QB,USD,NASDAQ,US,PROSHARES NDX DYNAMIC BUFFER,STK,,,,ETF,false,QB
794917158,IFLO,USD,NASDAQ,US,VS INTL FREE CASH FLOW ETF,STK,,,,ETF,false,IFLO
794922628,BGL,USD,NASDAQ,US,BLUE GOLD LTD-CL A,STK,Mining,Basic Materials,Gold Mining,COMMON,false,BGL
794922960,JLHL,USD,NASDAQ,US,JULONG HOLDING LTD,STK,Electronics,Industrial,Electronic Secur Devices,COMMON,false,JLHL
794922975,VNMEU,USD,NASDAQ,US,VENDOME ACQUISITION CORP I,STK,Holding Companies-Divers,Diversified,Specified Purpose Acquis,UNIT,false,VNMEU
795432422,AIMD,USD,NASDAQ,US,AINOS INC,STK,Cosmetics/Personal Care,"Consumer, Non-cyclical",Cosmetics&amp;Toiletries,COMMON,false,AIMD
795438432,FIGXU,USD,NASDAQ,US,FIGX CAPITAL ACQUISITION COR,STK,Holding Companies-Divers,Diversified,Specified Purpose Acquis,UNIT,false,FIGXU
795438437,MCGAU,USD,NASDAQ,US,YORKVILLE ACQUISITION CORP,STK,Holding Companies-Divers,Diversified,Specified Purpose Acquis,UNIT,false,MCGAU
795438449,DFSC,USD,NASDAQ,US,DEFSEC TECHNOLOGIES INC,STK,Software,Technology,Applications Software,COMMON,false,DFSC
795709384,HNVR,USD,NASDAQ,US,HANOVER BANCORP INC,STK,Banks,Financial,Commer Banks-Eastern US,COMMON,false,HNVR
795735407,LVLU,USD,NASDAQ,US,LULU'S FASHION LOUNGE HOLDIN,STK,Internet,Communications,E-Commerce/Products,COMMON,false,LVLU
795709383,HSDT,USD,NASDAQ,US,SOLANA CO,STK,Investment Companies,Financial,Investment Companies,COMMON,true,HSDT
795742629,SCAG,USD,NASDAQ,US,SCAGE FUTURE-ADR,STK,Auto Manufacturers,"Consumer, Cyclical",Auto-Med&amp;Heavy Duty Trks,ADR,false,SCAG
795742641,EGHAR,USD,NASDAQ,US,EGH ACQUISITION CORP-RTS,STK,Holding Companies-Divers,Diversified,Specified Purpose Acquis,RIGHT,false,EGHAR
795742644,EGHA,USD,NASDAQ,US,EGH ACQUISITION CO-A,STK,Holding Companies-Divers,Diversified,Specified Purpose Acquis,COMMON,false,EGHA
796094126,HBNB,USD,NASDAQ,US,HOTEL101 GLOBAL HOLDINGS C-A,STK,Lodging,"Consumer, Cyclical",Hotels&amp;Motels,COMMON,false,HBNB
796094138,PENG,USD,NASDAQ,US,PENGUIN SOLUTIONS INC,STK,Semiconductors,Technology,Electronic Compo-Semicon,COMMON,true,PENG
796094146,INACU,USD,NASDAQ,US,INDIGO ACQUISITION CORP,STK,Holding Companies-Divers,Diversified,Specified Purpose Acquis,UNIT,false,INACU
796094151,CCIIU,USD,NASDAQ,US,COHEN CIRCLE ACQUISITION COR,STK,Holding Companies-Divers,Diversified,Specified Purpose Acquis,UNIT,false,CCIIU
796101164,GRAN,USD,NASDAQ,US,GRANDE GROUP LTD-A,STK,Diversified Finan Serv,Financial,Finance-Other Services,COMMON,false,GRAN
796101170,NMPAU,USD,NASDAQ,US,NMP ACQUISITION CORP,STK,Holding Companies-Divers,Diversified,Specified Purpose Acquis,UNIT,false,NMPAU
796101175,RNBW,USD,NASDAQ,US,RAINBOW CAPITAL HOLDINGS LTD,STK,Diversified Finan Serv,Financial,Finance-Invest Bnkr/Brkr,COMMON,false,RNBW
796360129,ORIQU,USD,NASDAQ,US,ORIGIN INVESTMENT CORP I,STK,Holding Companies-Divers,Diversified,Specified Purpose Acquis,UNIT,false,ORIQU
796360465,PROK,USD,NASDAQ,US,PROKIDNEY CORP,STK,Biotechnology,"Consumer, Non-cyclical",Medical-Biomedical/Gene,COMMON,true,PROK
796360468,AEBI,USD,NASDAQ,US,AEBI SCHMIDT HOLDING AG,STK,Machinery-Diversified,Industrial,Machinery-Farm,COMMON,false,AEBI
796365795,ONCHU,USD,NASDAQ,US,1RT ACQUISITION CORP,STK,Holding Companies-Divers,Diversified,Specified Purpose Acquis,UNIT,false,ONCHU
796365798,EMPG,USD,NASDAQ,US,EMPRO GROUP INC,STK,Cosmetics/Personal Care,"Consumer, Non-cyclical",Cosmetics&amp;Toiletries,COMMON,false,EMPG
796365801,TVAIR,USD,NASDAQ,US,THAYER VENTURES ACQUISITION,STK,Holding Companies-Divers,Diversified,Specified Purpose Acquis,RIGHT,false,TVAIR
796365804,TVAI,USD,NASDAQ,US,THAYER VENTURES ACQUIS CL A,STK,Holding Companies-Divers,Diversified,Specified Purpose Acquis,COMMON,false,TVAI
796365810,CV,USD,NASDAQ,US,CAPSOVISION INC,STK,Healthcare-Products,"Consumer, Non-cyclical",Medical Products,COMMON,false,CV
796603896,BIVI,USD,NASDAQ,US,BIOVIE INC,STK,Biotechnology,"Consumer, Non-cyclical",Medical-Biomedical/Gene,COMMON,false,BIVI
796605466,NUWE,USD,NASDAQ,US,NUWELLIS INC,STK,Healthcare-Products,"Consumer, Non-cyclical",Medical Products,COMMON,false,NUWE
796605481,BGMS,USD,NASDAQ,US,BIO GREEN MED SOLUTION INC,STK,Pharmaceuticals,"Consumer, Non-cyclical",Medical-Drugs,COMMON,false,BGMS
797031797,ALM,USD,NASDAQ,US,ALMONTY INDUSTRIES INC,STK,Mining,Basic Materials,Non-Ferrous Metals,COMMON,true,ALM
797031813,MAMK,USD,NASDAQ,US,MAXSMAKING INC- CL A,STK,Apparel,"Consumer, Cyclical",Apparel Manufacturers,COMMON,false,MAMK
797031818,WENN,USD,NASDAQ,US,WEN ACQUISITION CORP-A,STK,Holding Companies-Divers,Diversified,Specified Purpose Acquis,COMMON,false,WENN
797518337,MSGY,USD,NASDAQ,US,MASONGLORY LTD,STK,Engineering&amp;Construction,Industrial,Building&amp;Construct-Misc,COMMON,false,MSGY
797518340,ANPA,USD,NASDAQ,US,RICH SPARKLE HOLDINGS LTD,STK,Commercial Services,"Consumer, Non-cyclical",Printing-Commercial,COMMON,false,ANPA
797799340,ADAMH,USD,NASDAQ,US,ADAMAS TRUST INC,STK,REITS,Financial,REITS-Mortgage,PREFERRED,false,ADAMH
797803694,MFI,USD,NASDAQ,US,MF INTERNATIONAL LTD-A,STK,Diversified Finan Serv,Financial,Finance-Other Services,COMMON,false,MFI
797815547,DLXY,USD,NASDAQ,US,DELIXY HOLDINGS LTD-A,STK,Oil&amp;Gas,Energy,Oil Comp-Explor&amp;Prodtn,COMMON,false,DLXY
797815550,GTERU,USD,NASDAQ,US,GLOBA TERRA ACQUISITION CORP,STK,Holding Companies-Divers,Diversified,Specified Purpose Acquis,UNIT,false,GTERU
798089937,YNOT,USD,NASDAQ,US,HORIZON DIGITAL FRONTIER ETF,STK,,,,ETF,false,YNOT
798089940,QGRD,USD,NASDAQ,US,HORIZON NASDAQ-100 DR ETF,STK,,,,ETF,false,QGRD
798090999,YOUL,USD,NASDAQ,US,YOULIFE GROUP INC -ADR,STK,Commercial Services,"Consumer, Non-cyclical",Schools,ADR,false,YOUL
798098628,LAWR,USD,NASDAQ,US,ROBOT CONSULTING CO LTD-ADR,STK,Software,Technology,Applications Software,ADR,false,LAWR
798098645,OYSE,USD,NASDAQ,US,OYSTER ENTERPRISES II ACQ-A,STK,Holding Companies-Divers,Diversified,Specified Purpose Acquis,COMMON,false,OYSE
798098650,OYSER,USD,NASDAQ,US,OYSTER ENTERPRISES II ACQUIS,STK,Holding Companies-Divers,Diversified,Specified Purpose Acquis,RIGHT,false,OYSER
798492911,NXTC,USD,NASDAQ,US,NEXTCURE INC,STK,Biotechnology,"Consumer, Non-cyclical",Medical-Biomedical/Gene,COMMON,false,NXTC
798492913,XAIR,USD,NASDAQ,US,BEYOND AIR INC,STK,Healthcare-Products,"Consumer, Non-cyclical",Medical Products,COMMON,false,XAIR
798492923,PASG,USD,NASDAQ,US,PASSAGE BIO INC,STK,Pharmaceuticals,"Consumer, Non-cyclical",Medical-Drugs,COMMON,false,PASG
798493232,AALG,USD,NASDAQ,US,LEVERAGE SHARES 2X AAL,STK,,,,ETF,false,AALG
798501302,BMHL,USD,NASDAQ,US,BLUEMOUNT HOLDINGS LTD-B,STK,Commercial Services,"Consumer, Non-cyclical",Consulting Services,COMMON,false,BMHL
798501305,GLIBA,USD,NASDAQ,US,GCI LIBERTY INC-CL A,STK,Telecommunications,Communications,Telecom Services,COMMON,false,GLIBA
798501308,GLIBK,USD,NASDAQ,US,GCI LIBERTY INC-CL C,STK,Telecommunications,Communications,Telecom Services,COMMON,true,GLIBK
798501313,IRHOU,USD,NASDAQ,US,IRON HORSE ACQUISITION II CO,STK,Holding Companies-Divers,Diversified,Specified Purpose Acquis,UNIT,false,IRHOU
798501316,PCAP,USD,NASDAQ,US,PROCAP ACQUISITION CORP - A,STK,Holding Companies-Divers,Diversified,Specified Purpose Acquis,COMMON,false,PCAP
798501328,LVDS,USD,NASDAQ,US,JPM F DATA S LARGE VALUE ETF,STK,,,,ETF,false,LVDS
798824759,OTGL,USD,NASDAQ,US,OTG LATIN AMERICA ETF,STK,,,,ETF,false,OTGL
798837403,HTOO,USD,NASDAQ,US,FUSION FUEL GREEN PLC-A,STK,Energy-Alternate Sources,Energy,Energy-Alternate Sources,COMMON,false,HTOO
799145824,AVGU,USD,NASDAQ,US,GRANITE 2X LONG AVGO ETF,STK,,,,ETF,false,AVGU
799145829,NOWL,USD,NASDAQ,US,GRANITE 2X LONG NOW ETF,STK,,,,ETF,false,NOWL
799145834,PDDL,USD,NASDAQ,US,GRANITE 2X LONG PDD ETF,STK,,,,ETF,false,PDDL
799151668,VWAV,USD,NASDAQ,US,VISIONWAVE HOLDINGS INC,STK,Aerospace/Defense,Industrial,Electronics-Military,COMMON,true,VWAV
799160855,SPEGU,USD,NASDAQ,US,SILVER PEGASUS ACQUISITION C,STK,Holding Companies-Divers,Diversified,Specified Purpose Acquis,UNIT,false,SPEGU
799369418,MGRT,USD,NASDAQ,US,MEGA FORTUNE CO LTD,STK,Computers,Technology,Computer Services,COMMON,false,MGRT
799369428,KMRK,USD,NASDAQ,US,K-TECH SOLUTIONS CO LTD-A,STK,Toys/Games/Hobbies,"Consumer, Cyclical",Toys,COMMON,false,KMRK
799369435,SOCAU,USD,NASDAQ,US,SOLARIUS CAPITAL ACQUISITION,STK,Holding Companies-Divers,Diversified,Specified Purpose Acquis,UNIT,false,SOCAU
799578419,MLGO,USD,NASDAQ,US,MICROALGO INC,STK,Computers,Technology,Computer Services,COMMON,false,MLGO
799578422,CREG,USD,NASDAQ,US,SMART POWERR CORP,STK,Energy-Alternate Sources,Energy,Energy-Alternate Sources,COMMON,false,CREG
800320205,TWG,USD,NASDAQ,US,TOP WEALTH GROUP HLDNG LTD-A,STK,Investment Companies,Financial,Investment Companies,COMMON,false,TWG
800322861,GVH,USD,NASDAQ,US,GLOBAVEND HOLDINGS LTD,STK,Transportation,Industrial,Transport-Services,COMMON,false,GVH
800322894,PASW,USD,NASDAQ,US,PING AN BIOMEDICAL CO LTD,STK,Transportation,Industrial,Transport-Services,COMMON,false,PASW
800330734,WTG,USD,NASDAQ,US,WINTERGREEN ACQUISITION CORP,STK,Holding Companies-Divers,Diversified,Specified Purpose Acquis,COMMON,false,WTG
800330982,WTGUR,USD,NASDAQ,US,WINTERGREEN ACQUISITION-RT,STK,Holding Companies-Divers,Diversified,Specified Purpose Acquis,RIGHT,false,WTGUR
800594194,CNSP,USD,NASDAQ,US,CNS PHARMACEUTICALS INC,STK,Biotechnology,"Consumer, Non-cyclical",Medical-Biomedical/Gene,COMMON,false,CNSP
800594199,PC,USD,NASDAQ,US,PREMIUM CATERING HOLDINGS LT,STK,Food Service,"Consumer, Cyclical",Food-Catering,COMMON,false,PC
800606062,LSBK,USD,NASDAQ,US,LAKE SHORE BANCORP INC/MD,STK,Banks,Financial,Commer Banks-Eastern US,COMMON,false,LSBK
800628797,KCHVR,USD,NASDAQ,US,KOCHAV DEFENSE ACQUISITION-R,STK,Holding Companies-Divers,Diversified,Specified Purpose Acquis,RIGHT,false,KCHVR
800635437,KCHV,USD,NASDAQ,US,KOCHAV DEFENSE ACQUISITION-A,STK,Holding Companies-Divers,Diversified,Specified Purpose Acquis,COMMON,false,KCHV
801318622,UNHG,USD,NASDAQ,US,LEVERAGE SHARES 2X UNH,STK,,,,ETF,true,UNHG
801550307,AAUS,USD,NASDAQ,US,ALPHA ARCHITECT US EQY ETF,STK,,,,ETF,false,AAUS
801552781,DVXB,USD,NASDAQ,US,WEB MTRLS XL DFND VLTLT ET-$,STK,,,,ETF,true,DVXB
801552787,DVXC,USD,NASDAQ,US,WB CMCTN SRVC XL DFD VLTLT-$,STK,,,,ETF,true,DVXC
801552790,DVXE,USD,NASDAQ,US,WEBS ENRG XLE DFND VOL ETF-$,STK,,,,ETF,true,DVXE
801552793,DVXF,USD,NASDAQ,US,WEBS FINANCI XLF DFN VLT-USD,STK,,,,ETF,true,DVXF
801552796,DVIN,USD,NASDAQ,US,WB INDTLS XL DFND VLTLT ET-$,STK,,,,ETF,true,DVIN
801552800,DVXK,USD,NASDAQ,US,WEBS TECHNOL XLK DFN VLT-USD,STK,,,,ETF,true,DVXK
801552805,DVXP,USD,NASDAQ,US,WB CNSR STPL XL DFND VTL-USD,STK,,,,ETF,true,DVXP
801552810,DVRE,USD,NASDAQ,US,WEBS RE XLRE DFN VLTL ETF-UA,STK,,,,ETF,true,DVRE
801552815,DVUT,USD,NASDAQ,US,WEBS UTI XLU DEF VOL ETF-USD,STK,,,,ETF,true,DVUT
801552817,DVXV,USD,NASDAQ,US,WEBS HE CAR XLV DE VO ETF-UA,STK,,,,ETF,true,DVXV
801552820,DVXY,USD,NASDAQ,US,WEBS CON DISC XLY DV ETF-USD,STK,,,,ETF,true,DVXY
801552827,SPXD,USD,NASDAQ,US,XTRCKR S&P 500 DI SCTR W ETF,STK,,,,ETF,false,SPXD
801561298,CARL,USD,NASDAQ,US,CARLSMED INC,STK,Software,Technology,Medical Information Sys,COMMON,false,CARL
801782965,IMNN,USD,NASDAQ,US,IMUNON INC,STK,Biotechnology,"Consumer, Non-cyclical",Medical-Biomedical/Gene,COMMON,false,IMNN
801782970,VRCA,USD,NASDAQ,US,VERRICA PHARMACEUTICALS INC,STK,Pharmaceuticals,"Consumer, Non-cyclical",Medical-Drugs,COMMON,false,VRCA
801785541,OFSSO,USD,NASDAQ,US,OFS CAPITAL CORP,STK,Investment Companies,Financial,Investment Companies,PREFERRED,false,OFSSO
801791896,MCGA,USD,NASDAQ,US,YORKVILLE ACQUISITION CORP-A,STK,Holding Companies-Divers,Diversified,Specified Purpose Acquis,COMMON,true,MCGA
802187252,IMA,USD,NASDAQ,US,IMAGENEBIO INC,STK,Biotechnology,"Consumer, Non-cyclical",Medical-Biomedical/Gene,COMMON,false,IMA
802187259,AIPO,USD,NASDAQ,US,DEFIANCE AI & POWER INFR ETF,STK,,,,ETF,false,AIPO
802198473,SUUN,USD,NASDAQ,US,POWERBANK CORP,STK,Energy-Alternate Sources,Energy,Energy-Alternate Sources,COMMON,false,SUUN
802202745,GTERA,USD,NASDAQ,US,GLOBA TERRA ACQUISITION CO-A,STK,Holding Companies-Divers,Diversified,Specified Purpose Acquis,COMMON,false,GTERA
802203084,GTERR,USD,NASDAQ,US,GLOBA TERRA ACQUISITION-RTS,STK,Holding Companies-Divers,Diversified,Specified Purpose Acquis,RIGHT,false,GTERR
802469975,VELO,USD,NASDAQ,US,VELO3D INC,STK,Computers,Technology,Computers-Other,COMMON,true,VELO
802469981,AIHS,USD,NASDAQ,US,SENMIAO TECHNOLOGY LTD,STK,Diversified Finan Serv,Financial,Finance-Consumer Loans,COMMON,false,AIHS
802472903,SLXN,USD,NASDAQ,US,SILEXION THERAPEUTICS CORP,STK,Biotechnology,"Consumer, Non-cyclical",Medical-Biomedical/Gene,COMMON,false,SLXN
802472909,OMH,USD,NASDAQ,US,OHMYHOME LTD-A,STK,Software,Technology,Applications Software,COMMON,false,OMH
802486079,NCNA,USD,NASDAQ,US,NUCANA PLC-ADR,STK,Biotechnology,"Consumer, Non-cyclical",Medical-Biomedical/Gene,ADR,false,NCNA
802783830,NAAS,USD,NASDAQ,US,NAAS TECHNOLOGY INC-ADR,STK,Retail,"Consumer, Cyclical",Retail-Misc/Diversified,ADR,false,NAAS
802787107,COYY,USD,NASDAQ,US,GRANITE YIELDBOOST COIN ETF,STK,,,,ETF,true,COYY
802991506,STRC,USD,NASDAQ,US,MICROSTRATEGY INC PERP STRETCH P,STK,Software,Technology,Enterprise Software/Serv,PREFERRED,true,STRC
802999508,DAK,USD,NASDAQ,US,DAKOTA ACTIVE EQUITY ETF,STK,,,,ETF,false,DAK
802999989,FGI,USD,NASDAQ,US,FGI INDUSTRIES LTD,STK,Distribution/Wholesale,"Consumer, Cyclical",Distribution/Wholesale,COMMON,false,FGI
803005683,INACR,USD,NASDAQ,US,INDIGO ACQUISITION CORP,STK,Holding Companies-Divers,Diversified,Specified Purpose Acquis,RIGHT,false,INACR
803005686,INAC,USD,NASDAQ,US,INDIGO ACQUISITION CORP,STK,Holding Companies-Divers,Diversified,Specified Purpose Acquis,COMMON,false,INAC
803005692,QUMSU,USD,NASDAQ,US,QUANTUMSPHERE ACQUISITION CO,STK,Holding Companies-Divers,Diversified,Specified Purpose Acquis,UNIT,false,QUMSU
803210428,DRMA,USD,NASDAQ,US,DERMATA THERAPEUTICS INC,STK,Biotechnology,"Consumer, Non-cyclical",Medical-Biomedical/Gene,COMMON,false,DRMA
803244494,AEC,USD,NASDAQ,US,ANFIELD ENERGY INC,STK,Mining,Basic Materials,Non-Ferrous Metals,COMMON,false,AEC
803244511,BLUW,USD,NASDAQ,US,BLUE WATER ACQUISITION C-A,STK,Holding Companies-Divers,Diversified,Specified Purpose Acquis,COMMON,false,BLUW
803244515,BCARU,USD,NASDAQ,US,D BORAL ARC ACQUISITION I CO,STK,Holding Companies-Divers,Diversified,Specified Purpose Acquis,UNIT,false,BCARU
803244521,CTW,USD,NASDAQ,US,CTW,STK,Software,Technology,Entertainment Software,COMMON,false,CTW
803736038,AQMS,USD,NASDAQ,US,AQUA METALS INC,STK,Environmental Control,Industrial,Recycling,COMMON,false,AQMS
803736050,UNIT,USD,NASDAQ,US,UNITI GROUP INC,STK,Telecommunications,Communications,Telecom Services,COMMON,true,UNIT
803739950,ANGH,USD,NASDAQ,US,ANGHAMI INC,STK,Internet,Communications,Internet Content-Info/Ne,COMMON,false,ANGH
803746828,AXIN,USD,NASDAQ,US,AXIOM INTELLIGENCE-CL A,STK,Holding Companies-Divers,Diversified,Specified Purpose Acquis,COMMON,false,AXIN
803747018,AXINR,USD,NASDAQ,US,AXIOM INTELLIGENCE ACQUISITI,STK,Holding Companies-Divers,Diversified,Specified Purpose Acquis,RIGHT,false,AXINR
803747023,HCMAU,USD,NASDAQ,US,HCM III ACQUISITION CORP,STK,Holding Companies-Divers,Diversified,Specified Purpose Acquis,UNIT,false,HCMAU
803774800,STKE,USD,NASDAQ,US,SOL STRATEGIES INC,STK,Investment Companies,Financial,Investment Companies,COMMON,true,STKE
804123753,MKZR,USD,NASDAQ,US,MACKENZIE REALTY CAPITAL INC,STK,REITS,Financial,REITS-Diversified,REIT,false,MKZR
804144276,OST,USD,NASDAQ,US,OSTIN TECHNOLOGY GROUP CO LT,STK,Electronics,Industrial,Electronic Compo-Misc,COMMON,false,OST
804144286,BACCR,USD,NASDAQ,US,BLUE ACQUISITION CORP-RTS,STK,Holding Companies-Divers,Diversified,Specified Purpose Acquis,RIGHT,false,BACCR
804144290,BACC,USD,NASDAQ,US,BLUE ACQUISITION CORP-CL A,STK,Holding Companies-Divers,Diversified,Specified Purpose Acquis,COMMON,false,BACC
804144296,PSKY,USD,NASDAQ,US,PARAMOUNT SKYDANCE CL B,STK,Media,Communications,Broadcast Serv/Program,COMMON,true,PSKY
804151666,METCI,USD,NASDAQ,US,RAMACO RESOURCES INC,STK,Coal,Energy,Coal,PREFERRED,false,METCI
804419475,ACXP,USD,NASDAQ,US,ACURX PHARMACEUTICALS INC,STK,Biotechnology,"Consumer, Non-cyclical",Medical-Biomedical/Gene,COMMON,false,ACXP
804487417,SEAT,USD,NASDAQ,US,VIVID SEATS INC - CLASS A,STK,Internet,Communications,E-Commerce/Services,COMMON,false,SEAT
804488857,DADS,USD,NASDAQ,US,DIGITAL ASSET DEBT STRAT ETF,STK,,,,ETF,false,DADS
804724641,LMTL,USD,NASDAQ,US,DIREXION DLY LMT BULL 2X ETF,STK,,,,ETF,false,LMTL
804724651,SHPU,USD,NASDAQ,US,DIRXION DLY SHOP BULL 2X ETF,STK,,,,ETF,false,SHPU
804733269,TMUSZ,USD,NASDAQ,US,T-MOBILE USA INC,STK,Telecommunications,Communications,Cellular Telecom,PREFERRED,false,TMUSZ
804733274,TMUSI,USD,NASDAQ,US,T-MOBILE USA INC,STK,Telecommunications,Communications,Cellular Telecom,PREFERRED,false,TMUSI
804733279,TMUSL,USD,NASDAQ,US,T-MOBILE USA INC,STK,Telecommunications,Communications,Cellular Telecom,PREFERRED,false,TMUSL
804733304,FLY,USD,NASDAQ,US,FIREFLY AEROSPACE INC,STK,Aerospace/Defense,Industrial,Aerospace/Defense,COMMON,true,FLY
804979162,EVTV,USD,NASDAQ,US,ENVIROTECH VEHICLES INC,STK,Auto Manufacturers,"Consumer, Cyclical",Auto-Med&amp;Heavy Duty Trks,COMMON,false,EVTV
804980554,SPRB,USD,NASDAQ,US,SPRUCE BIOSCIENCES INC,STK,Biotechnology,"Consumer, Non-cyclical",Medical-Biomedical/Gene,COMMON,false,SPRB
804980564,WYFI,USD,NASDAQ,US,WHITEFIBER INC,STK,Software,Technology,Computer Software,COMMON,true,WYFI
804981354,DGLO,USD,NASDAQ,US,FT RBA DEGLOBALIZATION ETF,STK,,,,ETF,false,DGLO
804982245,HTCO,USD,NASDAQ,US,HIGH-TREND INTERNATIONAL-A,STK,Transportation,Industrial,Transport-Marine,COMMON,false,HTCO
804982267,DEVS,USD,NASDAQ,US,DEVVSTREAM CORP,STK,Environmental Control,Industrial,Environ Consulting&amp;Eng,COMMON,false,DEVS
804988619,AUC,USD,NASDAQ,US,ATIF HOLDINGS LTD,STK,Diversified Finan Serv,Financial,Invest Mgmnt/Advis Serv,COMMON,false,AUC
804988624,BSAAR,USD,NASDAQ,US,BEST SPAC I ACQUISITION - RT,STK,Holding Companies-Divers,Diversified,Specified Purpose Acquis,RIGHT,false,BSAAR
804988629,BSAA,USD,NASDAQ,US,BEST SPAC I ACQUISITION-A,STK,Holding Companies-Divers,Diversified,Specified Purpose Acquis,COMMON,false,BSAA
804988639,EFTY,USD,NASDAQ,US,ETOILES CAPITAL GROUP CO LTD,STK,Advertising,Communications,Advertising Agencies,COMMON,false,EFTY
805356094,VERU,USD,NASDAQ,US,VERU INC,STK,Biotechnology,"Consumer, Non-cyclical",Medical-Biomedical/Gene,COMMON,true,VERU
805357791,HTFL,USD,NASDAQ,US,HEARTFLOW INC,STK,Software,Technology,Medical Information Sys,COMMON,true,HTFL
805360377,WATT,USD,NASDAQ,US,ENERGOUS CORP,STK,Electrical Compo&amp;Equip,Industrial,Power Conv/Supply Equip,COMMON,false,WATT
805366639,SSEAU,USD,NASDAQ,US,STARRY SEA ACQUISITION CORP,STK,Holding Companies-Divers,Diversified,Specified Purpose Acquis,UNIT,false,SSEAU
805686498,FEED,USD,NASDAQ,US,ENVUE MEDICAL INC,STK,Healthcare-Products,"Consumer, Non-cyclical",Medical Products,COMMON,false,FEED
805705265,MAGH,USD,NASDAQ,US,MAGNITUDE INTERNATIONAL LTD,STK,Commercial Services,"Consumer, Non-cyclical",Building-Maint&amp;Service,COMMON,false,MAGH
805705268,RYOJ,USD,NASDAQ,US,RYOJBABA CO LTD,STK,Healthcare-Services,"Consumer, Non-cyclical",Medical-Hospitals,COMMON,false,RYOJ
805705286,FGXCU,USD,NASDAQ,US,FG MERGER III CORP,STK,Holding Companies-Divers,Diversified,Specified Purpose Acquis,UNIT,false,FGXCU
806005740,CPHY,USD,NASDAQ,US,F/M CMPNDR HGH YIELD BND ETF,STK,,,,ETF,false,CPHY
806006279,CPAG,USD,NASDAQ,US,F/M COM US AGG BOND ETF,STK,,,,ETF,false,CPAG
806006871,BBOT,USD,NASDAQ,US,BRIDGEBIO ONCOLOGY THERAPEUT,STK,Biotechnology,"Consumer, Non-cyclical",Medical-Biomedical/Gene,COMMON,false,BBOT
806021742,HVMCU,USD,NASDAQ,US,HIGHVIEW MERGER CORP,STK,Holding Companies-Divers,Diversified,Specified Purpose Acquis,UNIT,false,HVMCU
806021744,MKLYU,USD,NASDAQ,US,MCKINLEY ACQUISITION CORP,STK,Holding Companies-Divers,Diversified,Specified Purpose Acquis,UNIT,false,MKLYU
806021777,NUTR,USD,NASDAQ,US,NUSATRIP INC,STK,Internet,Communications,E-Commerce/Services,COMMON,false,NUTR
806289080,JL,USD,NASDAQ,US,J-LONG GROUP LTD-A,STK,Textiles,"Consumer, Cyclical",Textile-Products,COMMON,false,JL
806295138,OXSQH,USD,NASDAQ,US,OXFORD SQUARE CAPITAL CORP,STK,Investment Companies,Financial,Investment Companies,PREFERRED,false,OXSQH
806295144,BUUU,USD,NASDAQ,US,BUUU GROUP LTD-CL A,STK,Commercial Services,"Consumer, Non-cyclical",Commercial Services,COMMON,false,BUUU
806545797,CONI,USD,NASDAQ,US,GRANITESHARES 2X SHORT COIN,STK,,,,ETF,true,CONI
806555898,OBA,USD,NASDAQ,US,OXLEY BRIDGE ACQUISITIO-CL A,STK,Holding Companies-Divers,Diversified,Specified Purpose Acquis,COMMON,false,OBA
806555903,PACH,USD,NASDAQ,US,PIONEER ACQUISITION I-CL A,STK,Holding Companies-Divers,Diversified,Specified Purpose Acquis,COMMON,false,PACH
807383439,GRDX,USD,NASDAQ,US,GRIDAI TECHNOLOGIES CORP,STK,Pharmaceuticals,"Consumer, Non-cyclical",Medical-Drugs,COMMON,false,GRDX
807386029,HIND,USD,NASDAQ,US,VYOME HOLDINGS INC,STK,Healthcare-Products,"Consumer, Non-cyclical",Medical Products,COMMON,false,HIND
807386038,QQXL,USD,NASDAQ,US,PROSHARES ULTRA QQQ TOP 30,STK,,,,ETF,false,QQXL
807386041,KYIV,USD,NASDAQ,US,KYIVSTAR GROUP LTD,STK,Telecommunications,Communications,Cellular Telecom,COMMON,true,KYIV
807393032,LWAC,USD,NASDAQ,US,LIGHTWAVE ACQUISITION CORP-A,STK,Holding Companies-Divers,Diversified,Specified Purpose Acquis,COMMON,false,LWAC
807649689,LNZA,USD,NASDAQ,US,LANZATECH GLOBAL INC,STK,Environmental Control,Industrial,Hazardous Waste Disposal,COMMON,false,LNZA
807655630,JOYT,USD,NASDAQ,US,JPMORGAN EQ AND OPTIN TR ETF,STK,,,,ETF,false,JOYT
807663390,FIGX,USD,NASDAQ,US,FIGX CAPITAL ACQUISITION C-A,STK,Holding Companies-Divers,Diversified,Specified Purpose Acquis,COMMON,false,FIGX
808301651,TAXI,USD,NASDAQ,US,NT INTERM TAX EXEMPT BD ETF,STK,,,,ETF,false,TAXI
808301654,TAXS,USD,NASDAQ,US,NORTHERN TST TAX-EXPT B ETF,STK,,,,ETF,false,TAXS
808301657,TAXT,USD,NASDAQ,US,NORTHERN TRUST TAXE BOND ETF,STK,,,,ETF,false,TAXT
808302121,GIBO,USD,NASDAQ,US,GIBO HOLDINGS LTD-CL A,STK,Internet,Communications,Internet Content-Info/Ne,COMMON,false,GIBO
808305869,VNOM,USD,NASDAQ,US,VIPER ENERGY INC-CL A,STK,Oil&amp;Gas,Energy,Oil-US Royalty Trusts,COMMON,true,VNOM
808619672,JHAI,USD,NASDAQ,US,JANUS HEN GLOBAL AI ETF,STK,,,,ETF,false,JHAI
808625125,BCAR,USD,NASDAQ,US,D. BORAL ARC ACQUISIT - CL A,STK,Holding Companies-Divers,Diversified,Specified Purpose Acquis,COMMON,false,BCAR
808625140,CEPF,USD,NASDAQ,US,CANTOR EQUITY PARTNERS-CL A,STK,Holding Companies-Divers,Diversified,Specified Purpose Acquis,COMMON,false,CEPF
808825086,NEWTP,USD,NASDAQ,US,NEWTEKONE INC DEP SHS REPSTG 1/40TH,STK,Banks,Financial,Commer Banks-Southern US,PREFERRED,false,NEWTP
808833956,OESX,USD,NASDAQ,US,ORION ENERGY SYSTEMS INC,STK,Electrical Compo&amp;Equip,Industrial,Lighting Products&amp;Sys,COMMON,false,OESX
808834431,GLGG,USD,NASDAQ,US,LEVERAGE SHARES 2X GXLY,STK,,,,ETF,true,GLGG
808834432,TRUD,USD,NASDAQ,US,VANECK CON DISCRETY TRUS ETF,STK,,,,ETF,false,TRUD
808834437,TRUT,USD,NASDAQ,US,VANECK TECHNLOGY TRUSCTR ETF,STK,,,,ETF,false,TRUT
808848600,ETS,USD,NASDAQ,US,ELITE EXPRESS HOLDING INC,STK,Transportation,Industrial,Transport-Services,COMMON,false,ETS
808849281,CCII,USD,NASDAQ,US,COHEN CIRCLE ACQUISIT II - A,STK,Holding Companies-Divers,Diversified,Specified Purpose Acquis,COMMON,false,CCII
809227494,GWAV,USD,NASDAQ,US,GREENWAVE TECHNOLOGY SOLUTIO,STK,Environmental Control,Industrial,Recycling,COMMON,false,GWAV
809230017,SUGP,USD,NASDAQ,US,SU GROUP HOLDINGS LTD-A,STK,Commercial Services,"Consumer, Non-cyclical",Security Services,COMMON,false,SUGP
809230020,BCTX,USD,NASDAQ,US,BRIACELL THERAPEUTICS CORP,STK,Biotechnology,"Consumer, Non-cyclical",Medical-Biomedical/Gene,COMMON,false,BCTX
809235403,STRRP,USD,NASDAQ,US,STAR EQUITY HOLDINGS INC,STK,Commercial Services,"Consumer, Non-cyclical",Human Resources,PREFERRED,false,STRRP
809235406,VNME,USD,NASDAQ,US,VENDOME ACQUISITION CORP-A,STK,Holding Companies-Divers,Diversified,Specified Purpose Acquis,COMMON,false,VNME
809519799,CMMB,USD,NASDAQ,US,CHEMOMAB THERAPEUTICS LTD,STK,Biotechnology,"Consumer, Non-cyclical",Medical-Biomedical/Gene,ADR,false,CMMB
809521337,QALT,USD,NASDAQ,US,SEI DBI MULTSTRT ALT ETF,STK,,,,ETF,false,QALT
809521340,KAT,USD,NASDAQ,US,SCHARF ETF,STK,,,,ETF,false,KAT
809521345,GKAT,USD,NASDAQ,US,SCHARF GLOBAL OPPORTUNITYETF,STK,,,,ETF,false,GKAT
809823369,CURX,USD,NASDAQ,US,CURANEX PHARMACEUTICALS INC,STK,Pharmaceuticals,"Consumer, Non-cyclical",Medical-Drugs,COMMON,false,CURX
809823384,MBVIU,USD,NASDAQ,US,M3-BRIGADE ACQUISITION VI CO,STK,Holding Companies-Divers,Diversified,Specified Purpose Acquis,UNIT,false,MBVIU
809823389,TGHL,USD,NASDAQ,US,GROWHUB LTD/THE-CLASS A,STK,Commercial Services,"Consumer, Non-cyclical",Commercial Services,COMMON,false,TGHL
810077055,FGO,USD,NASDAQ,US,FG HOLDINGS LTD-CL A,STK,Diversified Finan Serv,Financial,Finance-Mtge Loan/Banker,COMMON,false,FGO
810085945,DRIO,USD,NASDAQ,US,DARIOHEALTH CORP,STK,Software,Technology,Medical Information Sys,COMMON,false,DRIO
810085948,GDHG,USD,NASDAQ,US,GOLDEN HEAVEN GROUP HOLDINGS,STK,Entertainment,"Consumer, Cyclical",Resorts/Theme Parks,COMMON,false,GDHG
810091472,GP,USD,NASDAQ,US,GREENPOWER MOTOR CO INC,STK,Auto Manufacturers,"Consumer, Cyclical",Auto-Med&amp;Heavy Duty Trks,COMMON,false,GP
810091748,KOYNU,USD,NASDAQ,US,CSLM DIGITAL ASSET ACQUISITI,STK,Holding Companies-Divers,Diversified,Specified Purpose Acquis,UNIT,false,KOYNU
810303130,TC,USD,NASDAQ,US,TOKEN CAT LTD,STK,Internet,Communications,E-Commerce/Services,ADR,false,TC
810304415,SEGG,USD,NASDAQ,US,SPORTS ENTERTAINMENT GAMING,STK,Entertainment,"Consumer, Cyclical",Lottery Services,COMMON,false,SEGG
810304505,MULT,USD,NASDAQ,US,FRANKLIN MULTISECTO INCO ETF,STK,,,,ETF,false,MULT
810315185,ELOG,USD,NASDAQ,US,EASTERN INTERNATIONAL LTD /,STK,Transportation,Industrial,Transport-Services,COMMON,false,ELOG
810315779,THH,USD,NASDAQ,US,TRYHARD HOLDINGS LTD,STK,Entertainment,"Consumer, Cyclical",Resorts/Theme Parks,COMMON,false,THH
810315819,YDES,USD,NASDAQ,US,YD BIO LTD,STK,Pharmaceuticals,"Consumer, Non-cyclical",Medical-Drugs,COMMON,false,YDES
810758322,LCID,USD,NASDAQ,US,LUCID GROUP INC,STK,Auto Manufacturers,"Consumer, Cyclical",Auto-Cars/Light Trucks,COMMON,true,LCID
810759401,QCLS,USD,NASDAQ,US,Q/C TECHNOLOGIES INC,STK,Healthcare-Products,"Consumer, Non-cyclical",Diagnostic Kits,COMMON,false,QCLS
810759410,RNRG,USD,NASDAQ,US,GLOBAL X RENEWABLE ENER PROD,STK,,,,ETF,false,RNRG
811021451,GNOM,USD,NASDAQ,US,GLOBAL X GENOMICS & BIOTECHN,STK,,,,ETF,true,GNOM
811021454,HEAL,USD,NASDAQ,US,GLOBAL X HEALTHTECH ETF,STK,,,,ETF,true,HEAL
811021456,KROP,USD,NASDAQ,US,GLOBAL X AGTECH & FOOD INNOV,STK,,,,ETF,true,KROP
811021461,CTEC,USD,NASDAQ,US,GLOBAL X CLIMATETECH ETF,STK,,,,ETF,true,CTEC
811025395,ABTC,USD,NASDAQ,US,AMERICAN BITCOIN CORP-A,STK,Software,Technology,Enterprise Software/Serv,COMMON,true,ABTC
811031874,ELVR,USD,NASDAQ,US,ELEVRA LITHIUM LTD,STK,Mining,Basic Materials,Diversified Minerals,ADR,false,ELVR
811031947,NMP,USD,NASDAQ,US,NMP ACQUISITION CORP - A,STK,Holding Companies-Divers,Diversified,Specified Purpose Acquis,COMMON,false,NMP
811031950,NMPAR,USD,NASDAQ,US,NMP ACQUISITION CORP,STK,Holding Companies-Divers,Diversified,Specified Purpose Acquis,RIGHT,false,NMPAR
811461841,CNTB,USD,NASDAQ,US,CONNECT BIOPHARMA HOLDINGS L,STK,Biotechnology,"Consumer, Non-cyclical",Medical-Biomedical/Gene,COMMON,true,CNTB
811465098,BULX,USD,NASDAQ,US,GRANITE 2X LONG BULL ETF,STK,,,,ETF,false,BULX
811465693,ETRL,USD,NASDAQ,US,GRANITE 2X LONG ETOR ETF,STK,,,,ETF,false,ETRL
811472771,ANEL,USD,NASDAQ,US,DEFIANCE DT 2X LG ANET ETF,STK,,,,ETF,false,ANEL
811472777,GSRFU,USD,NASDAQ,US,GSR IV ACQUISITION CORP,STK,Holding Companies-Divers,Diversified,Specified Purpose Acquis,UNIT,false,GSRFU
811737700,HYFT,USD,NASDAQ,US,MINDWALK HOLDINGS CORP,STK,Biotechnology,"Consumer, Non-cyclical",Medical-Biomedical/Gene,COMMON,true,HYFT
811746126,SVACU,USD,NASDAQ,US,SPRING VALLEY ACQUISITION CO,STK,Holding Companies-Divers,Diversified,Specified Purpose Acquis,UNIT,false,SVACU
812124748,BRKRP,USD,NASDAQ,US,BRUKER CORP,STK,Healthcare-Products,"Consumer, Non-cyclical",Medical Instruments,CONVPREFERRED,false,BRKRP
812132611,WAI,USD,NASDAQ,US,TOP KINGWIN LTD-A,STK,Commercial Services,"Consumer, Non-cyclical",Consulting Services,COMMON,false,WAI
812132617,GLXG,USD,NASDAQ,US,GALAXY PAYROLL GROUP LTD-A,STK,Commercial Services,"Consumer, Non-cyclical",Human Resources,COMMON,false,GLXG
812134751,SDST,USD,NASDAQ,US,STARDUST POWER INC,STK,Chemicals,Basic Materials,Chemicals-Specialty,COMMON,false,SDST
812185102,TLNCU,USD,NASDAQ,US,TALON CAPITAL CORP,STK,Holding Companies-Divers,Diversified,Specified Purpose Acquis,UNIT,false,TLNCU
812185104,SOCA,USD,NASDAQ,US,SOLARIUS CAPITAL ACQUIS-CL A,STK,Holding Companies-Divers,Diversified,Specified Purpose Acquis,COMMON,false,SOCA
812212969,BLZRU,USD,NASDAQ,US,TRAILBLAZER ACQUISITION CORP,STK,Holding Companies-Divers,Diversified,Specified Purpose Acquis,UNIT,false,BLZRU
812506853,OXLC,USD,NASDAQ,US,OXFORD LANE CAPITAL CORP,STK,,,,CLOSED-END FUND,false,OXLC
812484548,ONCH,USD,NASDAQ,US,1RT ACQUISITION CORP-A,STK,Holding Companies-Divers,Diversified,Specified Purpose Acquis,COMMON,false,ONCH
812484627,ORIQ,USD,NASDAQ,US,ORIGIN INVESTMENT CORP I,STK,Holding Companies-Divers,Diversified,Specified Purpose Acquis,COMMON,false,ORIQ
812511714,SPEGR,USD,NASDAQ,US,SILVER PEGASUS ACQUISITION C,STK,Holding Companies-Divers,Diversified,Specified Purpose Acquis,RIGHT,false,SPEGR
812511719,SPEG,USD,NASDAQ,US,SILVER PEGASUS ACQUISITION-A,STK,Holding Companies-Divers,Diversified,Specified Purpose Acquis,COMMON,false,SPEG
812511720,ZTG,USD,NASDAQ,US,ZENTA GROUP CO LTD-CL A,STK,Commercial Services,"Consumer, Non-cyclical",Consulting Services,COMMON,false,ZTG
812803296,AGNCZ,USD,NASDAQ,US,AGNC INVESTMENT CORP,STK,REITS,Financial,REITS-Mortgage,PREFERRED,false,AGNCZ
812810844,STKH,USD,NASDAQ,US,STEAKHOLDER FOODS LTD-ADR,STK,Food,"Consumer, Non-cyclical",Food-Misc/Diversified,ADR,false,STKH
813058454,METL,USD,NASDAQ,US,SPROTT ACT METALS&MINERS ETF,STK,,,,ETF,false,METL
813061572,SMOM,USD,NASDAQ,US,SYMMETRY PANORAMIC SCTR MMNT,STK,,,,ETF,false,SMOM
813325480,FIGR,USD,NASDAQ,US,FIGURE TECHNOLOGY SOLUT-CL A,STK,Computers,Technology,Computer Services,COMMON,true,FIGR
813330117,LBRX,USD,NASDAQ,US,LB PHARMACEUTICALS INC,STK,Biotechnology,"Consumer, Non-cyclical",Medical-Biomedical/Gene,COMMON,false,LBRX
813336484,VMET,USD,NASDAQ,US,VERSAMET ROYALTIES CORP,STK,Investment Companies,Financial,Investment Companies,COMMON,false,VMET
813337082,CHECU,USD,NASDAQ,US,CHENGHE ACQUISITION III CO,STK,Holding Companies-Divers,Diversified,Specified Purpose Acquis,UNIT,false,CHECU
813720005,BDSX,USD,NASDAQ,US,BIODESIX INC,STK,Biotechnology,"Consumer, Non-cyclical",Medical-Biomedical/Gene,COMMON,false,BDSX
813722688,SDOT,USD,NASDAQ,US,SADOT GROUP INC,STK,Agriculture,"Consumer, Non-cyclical",Agricultural Operations,COMMON,false,SDOT
813722940,BRCB,USD,NASDAQ,US,BLACK ROCK COFFEE BAR INC-A,STK,Retail,"Consumer, Cyclical",Retail-Restaurants,COMMON,true,BRCB
813722945,GEMI,USD,NASDAQ,US,GEMINI SPACE STATION INC-A,STK,Software,Technology,Applications Software,COMMON,true,GEMI
813722948,LGN,USD,NASDAQ,US,LEGENCE CORP-CL A,STK,Commercial Services,"Consumer, Non-cyclical",Building-Maint&amp;Service,COMMON,true,LGN
813722955,RAUS,USD,NASDAQ,US,RACWI US ETF,STK,,,,ETF,false,RAUS
813722958,WDAF,USD,NASDAQ,US,WISDOMTREE ASIA DEFENSE FD,STK,,,,ETF,false,WDAF
813722960,WDGF,USD,NASDAQ,US,WISDOMTREE GLOBL DEF FD,STK,,,,ETF,false,WDGF
813725057,CAAS,USD,NASDAQ,US,CHINA AUTOMOTIVE SYSTEMS INC,STK,Auto Parts&amp;Equipment,"Consumer, Cyclical",Auto/Trk Prts&amp;Equip-Orig,COMMON,true,CAAS
813731141,FOFO,USD,NASDAQ,US,HANG FENG TECHNOLOGY INNOVAT,STK,Commercial Services,"Consumer, Non-cyclical",Consulting Services,COMMON,false,FOFO
813731146,OTGAU,USD,NASDAQ,US,OTG ACQUISITION CORP I,STK,Holding Companies-Divers,Diversified,Specified Purpose Acquis,UNIT,false,OTGAU
814019511,NXTT,USD,NASDAQ,US,NEXT TECHNOLOGY HOLDING INC,STK,Internet,Communications,E-Commerce/Services,COMMON,false,NXTT
814021587,BDVL,USD,NASDAQ,US,ISHARES DV EQUITY ACTIVE ETF,STK,,,,ETF,false,BDVL
814021590,BDYN,USD,NASDAQ,US,ISHARES DYN ACT ETF,STK,,,,ETF,false,BDYN
814025537,SYZ,USD,NASDAQ,US,LAZARD US SYTEM SM CAP ETF,STK,,,,ETF,false,SYZ
814025547,MLCI,USD,NASDAQ,US,MOUNT LOGAN CAPITAL INC,STK,Diversified Finan Serv,Financial,Invest Mgmnt/Advis Serv,COMMON,false,MLCI
814035383,WSBCO,USD,NASDAQ,US,WESBANCO INC,STK,Banks,Financial,Commer Banks-Southern US,PREFERRED,false,WSBCO
814035776,GECCG,USD,NASDAQ,US,GREAT ELM CAPITAL CORP,STK,Investment Companies,Financial,Investment Companies,PREFERRED,false,GECCG
814526878,AMYY,USD,NASDAQ,US,GRANITE YIELDBOOST AMD ETF,STK,,,,ETF,true,AMYY
814526882,AZYY,USD,NASDAQ,US,GRANITE YIELDBOOST AMZN ETF,STK,,,,ETF,true,AZYY
814542355,BRBI,USD,NASDAQ,US,BR ADVISORY PARTNERS PARTICI,STK,Diversified Finan Serv,Financial,Finance-Invest Bnkr/Brkr,ADR,false,BRBI
814785157,LONA,USD,NASDAQ,US,LEONABIO INC,STK,Biotechnology,"Consumer, Non-cyclical",Medical-Biomedical/Gene,COMMON,false,LONA
814787112,BSMZ,USD,NASDAQ,US,INVES BLTSHRS 2035 MB ETF,STK,,,,ETF,false,BSMZ
814787117,MYMK,USD,NASDAQ,US,STATE STREET MY2031 MUNICIPA,STK,,,,ETF,false,MYMK
814787123,MYCO,USD,NASDAQ,US,STATE STREET MY2035 CORPORAT,STK,,,,ETF,false,MYCO
814795330,CDIG,USD,NASDAQ,US,CITY DIF INVEST GLOBAL E ETF,STK,,,,ETF,false,CDIG
815036792,COTG,USD,NASDAQ,US,LEVERAGE SHARES 2X COST,STK,,,,ETF,false,COTG
815036797,VOR,USD,NASDAQ,US,VOR BIOPHARMA INC,STK,Biotechnology,"Consumer, Non-cyclical",Medical-Biomedical/Gene,COMMON,false,VOR
815036802,BIAF,USD,NASDAQ,US,BIOAFFINITY TECHNOLOGIES INC,STK,Healthcare-Products,"Consumer, Non-cyclical",Diagnostic Kits,COMMON,false,BIAF
815039684,QLDY,USD,NASDAQ,US,DEF NASDAQ 100 LS INC ETF,STK,,,,ETF,false,QLDY
815043077,NTSK,USD,NASDAQ,US,NETSKOPE INC-CL A,STK,Computers,Technology,Computer Data Security,COMMON,true,NTSK
815074612,KOYN,USD,NASDAQ,US,CSLM DIGITAL ASSET ACQU - A,STK,Holding Companies-Divers,Diversified,Specified Purpose Acquis,COMMON,false,KOYN
815074619,LATAU,USD,NASDAQ,US,GALATA ACQUISITION CORP II,STK,Holding Companies-Divers,Diversified,Specified Purpose Acquis,UNIT,false,LATAU
815816891,PTRN,USD,NASDAQ,US,PATTERN GROUP INC-CL A,STK,Software,Technology,Applications Software,COMMON,true,PTRN
815846706,PLTS,USD,NASDAQ,US,PLATINUM ANALYTICS CAYM-CL A,STK,Software,Technology,Applications Software,COMMON,false,PLTS
816120792,HCMA,USD,NASDAQ,US,HCM III ACQUISITION COR-CL A,STK,Holding Companies-Divers,Diversified,Specified Purpose Acquis,COMMON,false,HCMA
816871966,HYP,USD,NASDAQ,US,GOLDEN EAGLE DYC H GROW ETF,STK,,,,ETF,false,HYP
816871970,MTYY,USD,NASDAQ,US,GRANITE YIELDBOOST MSTR ETF,STK,,,,ETF,true,MTYY
816871975,PLYY,USD,NASDAQ,US,GRANITE YIELDBOOST PLTR ETF,STK,,,,ETF,true,PLYY
816879129,MGN,USD,NASDAQ,US,MEGAN HOLDINGS LTD-CL A,STK,Engineering&amp;Construction,Industrial,Engineering/R&amp;D Services,COMMON,false,MGN
817191858,MNDR,USD,NASDAQ,US,MOBILE-HEALTH NETWORK SOLUTI,STK,Internet,Communications,Internet Content-Info/Ne,COMMON,false,MNDR
817192871,DYNB,USD,NASDAQ,US,HARTFORD DYNAMIC BOND ETF,STK,,,,ETF,false,DYNB
817230104,CHRI,USD,NASDAQ,US,GLOBAL X S&P 500 CHR VAL ETF,STK,,,,ETF,false,CHRI
817558351,GEW,USD,NASDAQ,US,CAMBRIA GLOBAL EW ETF,STK,,,,ETF,false,GEW
817558486,ARMY,USD,NASDAQ,US,TEMA INTERNL DFNS ETF-USD IN,STK,,,,ETF,false,ARMY
817558942,LVO,USD,NASDAQ,US,LIVEONE INC,STK,Internet,Communications,Internet Content-Info/Ne,COMMON,true,LVO
817585711,KDK,USD,NASDAQ,US,KODIAK AI INC,STK,Software,Technology,Applications Software,COMMON,true,KDK
817585963,DMIIU,USD,NASDAQ,US,DRUGS MADE IN AMERICA ACQUIS,STK,Holding Companies-Divers,Diversified,Specified Purpose Acquis,UNIT,false,DMIIU
817966017,NVDD,USD,NASDAQ,US,DIREXION DAILY NVDA BEAR 1X,STK,,,,ETF,true,NVDD
817966679,LESL,USD,NASDAQ,US,LESLIE'S INC,STK,Retail,"Consumer, Cyclical",Retail-Misc/Diversified,COMMON,true,LESL
817967413,CETX,USD,NASDAQ,US,CEMTREX INC,STK,Machinery-Diversified,Industrial,Machinery-General Indust,COMMON,false,CETX
817967418,ORKT,USD,NASDAQ,US,ORANGEKLOUD TECHNOLOGY INC,STK,Software,Technology,Applications Software,COMMON,false,ORKT
817967736,CNQQ,USD,NASDAQ,US,RAYLIANT-CHINAAMC TR C T ETF,STK,,,,ETF,false,CNQQ
818268341,EASY,USD,NASDAQ,US,LIBERTY ONE DEF DIV GROWTH,STK,,,,ETF,false,EASY
818268365,AGPU,USD,NASDAQ,US,AXE COMPUTE INC,STK,Biotechnology,"Consumer, Non-cyclical",Medical-Biomedical/Gene,COMMON,false,AGPU
818268371,LNAI,,,,LUNAI BIOWORKS INC,STK,Biotechnology,"Consumer, Non-cyclical",Medical-Biomedical/Gene,COMMON,false,
818268377,YAAS,USD,NASDAQ,US,YOUXIN TECHNOLOGY LTD-CL A,STK,Software,Technology,Applications Software,COMMON,false,YAAS
818271116,SPCT,USD,NASDAQ,US,LIBERTY ONE SPECTRUM ETF,STK,,,,ETF,false,SPCT
818271122,LOTI,USD,NASDAQ,US,LIBERTY TACTICAL INC ETF,STK,,,,ETF,false,LOTI
818274325,IBG,USD,NASDAQ,US,INNOVATION BEVERAGE GROUP LT,STK,Beverages,"Consumer, Non-cyclical",Beverages-Wine/Spirits,COMMON,false,IBG
818284914,SVAC,USD,NASDAQ,US,SPRING VALLEY ACQUISITION-A,STK,Holding Companies-Divers,Diversified,Specified Purpose Acquis,COMMON,false,SVAC
818583818,BDCIU,USD,NASDAQ,US,BTC DEVELOPMENT CORP,STK,Holding Companies-Divers,Diversified,Specified Purpose Acquis,UNIT,false,BDCIU
818583825,ZMUN,USD,NASDAQ,US,F/M ULSH TX-FR MNCPL ETF-USD,STK,,,,ETF,false,ZMUN
818583828,HOYY,USD,NASDAQ,US,GRANITE YIELDBOOST HOOD ETF,STK,,,,ETF,false,HOYY
818583835,SMYY,USD,NASDAQ,US,GRANITE YIELDBOOST SMCI ETF,STK,,,,ETF,false,SMYY
818583838,THRV,USD,NASDAQ,US,PROSPERA INCOME ETF,STK,,,,ETF,false,THRV
818608065,YHGJ,USD,NASDAQ,US,YUNHONG GREEN CTI LTD,STK,Miscellaneous Manufactur,Industrial,Rubber/Plastic Products,COMMON,false,YHGJ
818627182,QUMS,USD,NASDAQ,US,QUANTUMSPHERE ACQUISITION CO,STK,Holding Companies-Divers,Diversified,Specified Purpose Acquis,COMMON,false,QUMS
818627325,QUMSR,USD,NASDAQ,US,QUANTUMSPHERE ACQUISITION CO,STK,Holding Companies-Divers,Diversified,Specified Purpose Acquis,RIGHT,false,QUMSR
818627376,APACU,USD,NASDAQ,US,STONEBRIDGE ACQUISITION II C,STK,Holding Companies-Divers,Diversified,Specified Purpose Acquis,UNIT,false,APACU
818630475,HAVAU,USD,NASDAQ,US,HARVARD AVE ACQUISITION CORP,STK,Holding Companies-Divers,Diversified,Specified Purpose Acquis,UNIT,false,HAVAU
819126005,CHPX,USD,NASDAQ,US,GLO X AI SEMICON & QUANT ETF,STK,,,,ETF,true,CHPX
819137403,FRMI,USD,NASDAQ,US,FERMI INC,STK,REITS,Financial,REITS-Diversified,COMMON,true,FRMI
819166736,AGRZ,USD,NASDAQ,US,AGROZ INC,STK,Agriculture,"Consumer, Non-cyclical",Agricultural Operations,COMMON,false,AGRZ
850027813,PPHC,USD,NASDAQ,US,PUBLIC POLICY H-DI REGS CAT3,STK,Commercial Services,"Consumer, Non-cyclical",Consulting Services,COMMON,false,PPHC
819397052,BTTC,USD,NASDAQ,US,BLACK TITAN CORP,STK,Computers,Technology,Computer Services,COMMON,false,BTTC
819397057,CBK,USD,NASDAQ,US,COMMERCIAL BANCGROUP INC,STK,Banks,Financial,Commer Banks-Southern US,COMMON,false,CBK
819397060,HVMC,USD,NASDAQ,US,HIGHVIEW MERGER CORP-CL A,STK,Holding Companies-Divers,Diversified,Specified Purpose Acquis,COMMON,false,HVMC
819397067,MKLY,USD,NASDAQ,US,MCKINLEY ACQUISITION CO-CL A,STK,Holding Companies-Divers,Diversified,Specified Purpose Acquis,COMMON,false,MKLY
819397070,MKLYR,USD,NASDAQ,US,MCKINLEY ACQUISITION CORP,STK,Holding Companies-Divers,Diversified,Specified Purpose Acquis,RIGHT,false,MKLYR
819397072,SSEAR,USD,NASDAQ,US,STARRY SEA ACQUISITION C-RTS,STK,Holding Companies-Divers,Diversified,Specified Purpose Acquis,RIGHT,false,SSEAR
819397077,SSEA,USD,NASDAQ,US,STARRY SEA ACQUISITION CORP,STK,Holding Companies-Divers,Diversified,Specified Purpose Acquis,COMMON,false,SSEA
819397087,CCHH,USD,NASDAQ,US,CCH HOLDINGS LTD-A,STK,Retail,"Consumer, Cyclical",Retail-Restaurants,COMMON,false,CCHH
819831015,CETY,USD,NASDAQ,US,CLEAN ENERGY TECHNOLOGIES IN,STK,Energy-Alternate Sources,Energy,Energy-Alternate Sources,COMMON,false,CETY
819831021,GGR,USD,NASDAQ,US,GOGORO INC,STK,Leisure Time,"Consumer, Cyclical",Motorcycle/Motor Scooter,COMMON,true,GGR
819837013,NVNI,USD,NASDAQ,US,NVNI GROUP LTD,STK,Software,Technology,Enterprise Software/Serv,COMMON,false,NVNI
819863577,RNGTU,USD,NASDAQ,US,RANGE CAPITAL ACQUISITION CO,STK,Holding Companies-Divers,Diversified,Specified Purpose Acquis,UNIT,false,RNGTU
819863707,GIWWU,USD,NASDAQ,US,GIGCAPITAL8 CORP,STK,Holding Companies-Divers,Diversified,Specified Purpose Acquis,UNIT,false,GIWWU
820185664,SPIT,USD,NASDAQ,US,F/M EMERALD SPEC SIT ETF,STK,,,,ETF,false,SPIT
820579948,CHAI,USD,NASDAQ,US,CORE AI HOLDINGS INC,STK,Telecommunications,Communications,Wireless Equipment,COMMON,false,CHAI
820571558,DIME,USD,NASDAQ,US,COINSHARES ALTCOINS ETF,STK,,,,ETF,false,DIME
820572799,ISUL,USD,NASDAQ,US,GRANITE 2X LONG ISRG ETF,STK,,,,ETF,false,ISUL
820572800,NBIL,USD,NASDAQ,US,GRANITE 2X LONG NBIL ETF,STK,,,,ETF,false,NBIL
820572805,TRBF,USD,NASDAQ,US,ANGEL OAK TOTAL RETURN ETF,STK,,,,ETF,false,TRBF
820615465,LKSPU,USD,NASDAQ,US,LAKE SUPERIOR ACQUISITION CO,STK,Holding Companies-Divers,Diversified,Specified Purpose Acquis,UNIT,false,LKSPU
820616453,TTRX,USD,NASDAQ,US,TURN THERAPEUTICS INC,STK,Commercial Services,"Consumer, Non-cyclical",Non-Profit Charity,COMMON,false,TTRX
820616478,TLNC,USD,NASDAQ,US,TALON CAPITAL CORP-CL A,STK,Holding Companies-Divers,Diversified,Specified Purpose Acquis,COMMON,false,TLNC
820901502,GLDB,USD,NASDAQ,US,IDX ALTERNATIVE FIAT ETF,STK,,,,ETF,false,GLDB
820935060,POM,USD,NASDAQ,US,POMDOCTOR LTD - ADR,STK,Software,Technology,Medical Information Sys,ADR,false,POM
820936179,YDDL,USD,NASDAQ,US,ONE AND ONE GREEN TECH-CL A,STK,Environmental Control,Industrial,Recycling,COMMON,false,YDDL
821226885,XELLL,USD,NASDAQ,US,XCEL ENERGY INC,STK,Electric,Utilities,Electric-Integrated,PREFERRED,false,XELLL
821226897,MOVE,USD,NASDAQ,US,CORVEX INC,STK,Software,Technology,Computer Software,COMMON,false,MOVE
821226914,CLIK,USD,NASDAQ,US,CLICK HOLDINGS LTD/BVI-A,STK,Commercial Services,"Consumer, Non-cyclical",Human Resources,COMMON,false,CLIK
821230094,RGTZ,USD,NASDAQ,US,DEFIANCE D TRG 2X S RGTI ETF,STK,,,,ETF,true,RGTZ
821239930,SENS,USD,NASDAQ,US,SENSEONICS HOLDINGS INC,STK,Pharmaceuticals,"Consumer, Non-cyclical",Drug Delivery Systems,COMMON,true,SENS
821253151,LFS,USD,NASDAQ,US,LEIFRAS CO LTD-ADR,STK,Commercial Services,"Consumer, Non-cyclical",Schools,ADR,false,LFS
821699589,LPSN,USD,NASDAQ,US,LIVEPERSON INC,STK,Software,Technology,Enterprise Software/Serv,COMMON,true,LPSN
821704565,LGCL,USD,NASDAQ,US,LUCAS GC LTD-A,STK,Commercial Services,"Consumer, Non-cyclical",Human Resources,COMMON,false,LGCL
821704681,PSIG,USD,NASDAQ,US,PS INTERNATIONAL GROUP LTD,STK,Transportation,Industrial,Transport-Services,COMMON,false,PSIG
821704684,JYD,USD,NASDAQ,US,JAYUD GLOBAL LOGISTICS LTD-A,STK,Transportation,Industrial,Transport-Services,COMMON,false,JYD
821732845,NKLR,USD,NASDAQ,US,TERRA INNOVATUM GLOBAL NV,STK,Machinery-Constr&amp;Mining,Industrial,Machinery-Electric Util,COMMON,true,NKLR
822066086,SEV,USD,NASDAQ,US,APTERA MOTORS CORP CL B,STK,Auto Manufacturers,"Consumer, Cyclical",Auto-Cars/Light Trucks,COMMON,true,SEV
822454679,HONIV,USD,NASDAQ,US,HONEYWELL INTERNATIONAL-W/I,STK,Electronics,Industrial,Instruments-Controls,COMMON,false,HONIV
822454680,SOLS,USD,NASDAQ,US,SOLSTICE ADV MATERIALS INC,STK,Chemicals,Basic Materials,Chemicals-Specialty,COMMON,true,SOLS
822466030,FUTG,USD,NASDAQ,US,LEVERAGE SHARES 2X FUTU ETF,STK,,,,ETF,true,FUTG
822490728,OWLS,USD,NASDAQ,US,OBOOK HOLDINGS INC CL A,STK,Commercial Services,"Consumer, Non-cyclical",Commercial Serv-Finance,COMMON,false,OWLS
822731751,KJD,USD,NASDAQ,US,KRANESHARES 2X LN JD DAI ETF,STK,,,,ETF,true,KJD
822747058,SLGB,USD,NASDAQ,US,SMART LOGISTICS GLOBAL LTD,STK,Transportation,Industrial,Transport-Services,COMMON,false,SLGB
823013244,EZMO,USD,NASDAQ,US,ALPHADROID B MARK MOM ETF,STK,,,,ETF,false,EZMO
823013251,EZRO,USD,NASDAQ,US,ALPHADRD DFNCVE SCTR RTN ETF,STK,,,,ETF,false,EZRO
823013254,LMNX,USD,NASDAQ,US,DEF DAILY TARG 2X L LMND ETF,STK,,,,ETF,false,LMNX
823013257,BREM,USD,NASDAQ,US,ISHARES EME MAR BOND ACT ETF,STK,,,,ETF,false,BREM
823014260,LOBO,USD,NASDAQ,US,LOBO TECHNOLOGIES LTD-A,STK,Leisure Time,"Consumer, Cyclical",Motorcycle/Motor Scooter,COMMON,false,LOBO
823021946,BDCI,USD,NASDAQ,US,BTC DEVELOPMENT CORP-CL A,STK,Holding Companies-Divers,Diversified,Specified Purpose Acquis,COMMON,false,BDCI
823801710,AEMD,USD,NASDAQ,US,AETHLON MEDICAL INC,STK,Healthcare-Products,"Consumer, Non-cyclical",Medical Products,COMMON,false,AEMD
823801717,FRMM,USD,NASDAQ,US,FORUM MARKETS INC,STK,Investment Companies,Financial,Investment Companies,COMMON,true,FRMM
823813896,ACCL,USD,NASDAQ,US,ACCO GROUP HOLDINGS LTD- A,STK,Commercial Services,"Consumer, Non-cyclical",Commercial Serv-Finance,COMMON,false,ACCL
823813901,MBVI,USD,NASDAQ,US,M3-BRIGADE ACQUISITION-CL A,STK,Holding Companies-Divers,Diversified,Specified Purpose Acquis,COMMON,false,MBVI
824113968,TSLQ,USD,NASDAQ,US,TRADR 2X SHORT TSLA DAILY ET,STK,,,,ETF,true,TSLQ
824113973,NVDS,USD,NASDAQ,US,TRADR 1.5X SHT NVDA ETF-USDI,STK,,,,ETF,true,NVDS
824114006,GNPX,USD,NASDAQ,US,GENPREX INC,STK,Biotechnology,"Consumer, Non-cyclical",Medical-Biomedical/Gene,COMMON,false,GNPX
824116098,ASCI,USD,NASDAQ,US,ABRDN INTERNAL SMALL CA ETF,STK,,,,ETF,false,ASCI
824116109,AMUN,USD,NASDAQ,US,ABRDN US MUNI A ETF,STK,,,,ETF,false,AMUN
824126607,GSRFR,USD,NASDAQ,US,GSR IV ACQUISITION CORP-RTS,STK,Holding Companies-Divers,Diversified,Specified Purpose Acquis,RIGHT,false,GSRFR
824126609,GSRF,USD,NASDAQ,US,GSR IV ACQUISITION CORP-CL A,STK,Holding Companies-Divers,Diversified,Specified Purpose Acquis,COMMON,false,GSRF
824126612,MCTA,USD,NASDAQ,US,CHARMING MEDICAL LTD-A,STK,Commercial Services,"Consumer, Non-cyclical",Commercial Services,COMMON,false,MCTA
824808599,BBYY,USD,NASDAQ,US,GRANITE YBST BABA ETF,STK,,,,ETF,false,BBYY
824809144,FBYY,USD,NASDAQ,US,GRANITE YBST META ETF,STK,,,,ETF,false,FBYY
824827290,AHMA,USD,NASDAQ,US,AMBITIONS ENTERPRISE MANAG-A,STK,Leisure Time,"Consumer, Cyclical",Travel Services,COMMON,false,AHMA
824878220,NPT,USD,NASDAQ,US,TEXXON HOLDING LTD,STK,Distribution/Wholesale,"Consumer, Cyclical",Distribution/Wholesale,COMMON,false,NPT
825092556,ALISU,USD,NASDAQ,US,CALISA ACQUISITION CORP,STK,Holding Companies-Divers,Diversified,Specified Purpose Acquis,UNIT,false,ALISU
825102059,EMISR,USD,NASDAQ,US,EMMIS ACQUISITION CORP,STK,Holding Companies-Divers,Diversified,Specified Purpose Acquis,RIGHT,false,EMISR
825102062,EMIS,USD,NASDAQ,US,EMMIS ACQUISITION CORP-CL A,STK,Holding Companies-Divers,Diversified,Specified Purpose Acquis,COMMON,false,EMIS
825138687,AGCC,USD,NASDAQ,US,AGENCIA COMERCIAL SPIRITS LT,STK,Beverages,"Consumer, Non-cyclical",Beverages-Wine/Spirits,COMMON,false,AGCC
825431409,GTPE,USD,NASDAQ,US,GS MSCI WRLD PRV EQ RTR TRKR,STK,,,,ETF,true,GTPE
825439509,FUSE,USD,NASDAQ,US,FUSEMACHINES INC,STK,Computers,Technology,Computer Services,COMMON,false,FUSE
825464748,MMTXU,USD,NASDAQ,US,MILUNA ACQUISITION CORP,STK,Holding Companies-Divers,Diversified,Specified Purpose Acquis,UNIT,false,MMTXU
825827783,GURE,USD,NASDAQ,US,GULF RESOURCES INC,STK,Chemicals,Basic Materials,Chemicals-Diversified,COMMON,false,GURE
825826349,CYCU,USD,NASDAQ,US,CYCURION INC,STK,Computers,Technology,Computer Services,COMMON,false,CYCU
825826358,IPW,,,,IPOWER INC,STK,Internet,Communications,E-Commerce/Products,COMMON,false,
825827778,SONM,USD,NASDAQ,US,DNA X INC,STK,Telecommunications,Communications,Telecommunication Equip,COMMON,false,SONM
825873078,LAFAU,USD,NASDAQ,US,LAFAYETTE ACQUISITION CORP,STK,Holding Companies-Divers,Diversified,Specified Purpose Acquis,UNIT,false,LAFAU
826119259,QTI,USD,NASDAQ,US,QT IMAGING HOLDINGS INC,STK,Healthcare-Products,"Consumer, Non-cyclical",Medical Products,COMMON,false,QTI
826119271,ENVB,USD,NASDAQ,US,ENVERIC BIOSCIENCES INC,STK,Biotechnology,"Consumer, Non-cyclical",Medical-Biomedical/Gene,COMMON,false,ENVB
826120824,BLSG,USD,NASDAQ,US,LEVERAGE SHARES 2X BLSH,STK,,,,ETF,true,BLSG
826120834,MPG,USD,NASDAQ,US,LEVERAGE SHARES 2X MP,STK,,,,ETF,true,MPG
826120839,NBIG,USD,NASDAQ,US,LEVERAGE SHARES 2X NBIS,STK,,,,ETF,true,NBIG
826125189,MPLT,USD,NASDAQ,US,MAPLIGHT THERAPEUTICS INC,STK,Biotechnology,"Consumer, Non-cyclical",Medical-Biomedical/Gene,COMMON,false,MPLT
826135912,GIW,USD,NASDAQ,US,GIGCAPITAL8 CORP-A,STK,Holding Companies-Divers,Diversified,Specified Purpose Acquis,COMMON,false,GIW
826135917,GIWWR,USD,NASDAQ,US,GIGCAPITAL8 CORP-RTS,STK,Holding Companies-Divers,Diversified,Specified Purpose Acquis,RIGHT,false,GIWWR
826423830,LTCC,USD,NASDAQ,US,CNRY LTECN ETF,STK,,,,ETF,true,LTCC
826493111,APXTU,USD,NASDAQ,US,APEX TREASURY CORP,STK,Holding Companies-Divers,Diversified,Specified Purpose Acquis,UNIT,false,APXTU
826493417,HBR,USD,NASDAQ,US,CANARY HBAR ETF,STK,,,,ETF,true,HBR
826493521,DYORU,USD,NASDAQ,US,INSIGHT DIGITAL PARTNERS II,STK,Holding Companies-Divers,Diversified,Specified Purpose Acquis,UNIT,false,DYORU
826876753,DRNZ,USD,NASDAQ,US,REX DRONE ETF,STK,,,,ETF,true,DRNZ
826880323,IMSR,USD,NASDAQ,US,TERRESTRIAL ENERGY INC,STK,Machinery-Constr&amp;Mining,Industrial,Machinery-Electric Util,COMMON,true,IMSR
827263725,NAVN,USD,NASDAQ,US,NAVAN INC-CL A,STK,Software,Technology,Enterprise Software/Serv,COMMON,true,NAVN
827264270,ZBZZT,USD,NASDAQ,US,TEST SYMBOL - B,STK,,,,COMMON,false,ZBZZT
827264277,ZAZZT,USD,NASDAQ,US,TEST SYMBOL - A,STK,,,,COMMON,false,ZAZZT
827264282,ZCZZT,USD,NASDAQ,US,TEST SYMBOL - C,STK,,,,COMMON,false,ZCZZT
827264287,NCEL,USD,NASDAQ,US,NEWCELX LTD,STK,Biotechnology,"Consumer, Non-cyclical",Medical-Biomedical/Gene,COMMON,false,NCEL
827301567,DNMXU,USD,NASDAQ,US,DYNAMIX CORP III,STK,Holding Companies-Divers,Diversified,Specified Purpose Acquis,UNIT,false,DNMXU
827301707,NOMA,USD,NASDAQ,US,NOMADAR CORP-A,STK,Entertainment,"Consumer, Cyclical",Professional Sports,COMMON,false,NOMA
827301807,BLZR,USD,NASDAQ,US,TRAILBLAZER ACQUISITION CL-A,STK,Holding Companies-Divers,Diversified,Specified Purpose Acquis,COMMON,false,BLZR
827749058,ALPS,USD,NASDAQ,US,ALPS GROUP INC,STK,Pharmaceuticals,"Consumer, Non-cyclical",Medical-Drugs,COMMON,false,ALPS
827749219,ULTI,USD,NASDAQ,US,REX INCOMEMAX OPTION STRAT,STK,,,,ETF,false,ULTI
827749250,OTGA,USD,NASDAQ,US,OTG ACQUISITION CORP I-CL A,STK,Holding Companies-Divers,Diversified,Specified Purpose Acquis,COMMON,false,OTGA
828032685,FLYE,USD,NASDAQ,US,FLY-E GROUP INC,STK,Leisure Time,"Consumer, Cyclical",Motorcycle/Motor Scooter,COMMON,false,FLYE
828370124,IOYY,USD,NASDAQ,US,GRANITESH YIELDBOOST IONQ,STK,,,,ETF,false,IOYY
828370130,MAAY,USD,NASDAQ,US,GRANITESH YIELDBOOST MARA,STK,,,,ETF,false,MAAY
828370135,SCLS,USD,NASDAQ,US,STONPO ADVIS CMDI LO SHO ETF,STK,,,,ETF,false,SCLS
828378978,CEPV,USD,NASDAQ,US,CANTOR EQUITY PARTNERS-CL A,STK,Holding Companies-Divers,Diversified,Specified Purpose Acquis,COMMON,false,CEPV
828378983,WSTNU.OLD,USD,NASDAQ,US,WESTIN ACQUISITION CORP,STK,Holding Companies-Divers,Diversified,Specified Purpose Acquis,UNIT,false,WSTNU.OLD
828639829,MEHA,USD,NASDAQ,US,FUNCTIONAL BRANDS INC,STK,Cosmetics/Personal Care,"Consumer, Non-cyclical",Cosmetics&amp;Toiletries,COMMON,false,MEHA
828640217,ENHU,USD,NASDAQ,US,ISHR ENHNCE L CAP CORE A ETF,STK,,,,ETF,false,ENHU
828640877,LULG,USD,NASDAQ,US,LEVERAGE SHARES 2X LULU,STK,,,,ETF,true,LULG
828640883,OSCG,USD,NASDAQ,US,LEVERAGE SHARES 2X OSCR,STK,,,,ETF,true,OSCG
828647073,CMBO,USD,NASDAQ,US,WAYFINDER DYNAMIC US INTERES,STK,,,,ETF,false,CMBO
828647093,ELWT,USD,NASDAQ,US,ELAUWIT CONNECTION INC,STK,Internet,Communications,Internet Connectiv Svcs,COMMON,false,ELWT
828647106,LKSP,USD,NASDAQ,US,LAKE SUPERIOR ACQUISITI-CL A,STK,Holding Companies-Divers,Diversified,Specified Purpose Acquis,COMMON,false,LKSP
828647111,LKSPR,USD,NASDAQ,US,LAKE SUPERIOR ACQUISITION CO,STK,Holding Companies-Divers,Diversified,Specified Purpose Acquis,RIGHT,false,LKSPR
828937844,BLLN,USD,NASDAQ,US,BILLIONTOONE INC CL A,STK,Healthcare-Products,"Consumer, Non-cyclical",Diagnostic Equipment,COMMON,true,BLLN
828939483,RAY,USD,NASDAQ,US,RAYTECH HOLDING LTD,STK,Cosmetics/Personal Care,"Consumer, Non-cyclical",Cosmetics&amp;Toiletries,COMMON,false,RAY
828948460,TDWDU,USD,NASDAQ,US,TAILWIND 2.0 ACQUISITION COR,STK,Holding Companies-Divers,Diversified,Specified Purpose Acquis,UNIT,false,TDWDU
829319203,IOTR,USD,NASDAQ,US,IOTHREE LTD,STK,Computers,Technology,Computer Services,COMMON,false,IOTR
829712864,SATA,USD,NASDAQ,US,STRIVE INC PERP PFD SER A VAR RATE,STK,Diversified Finan Serv,Financial,Invest Mgmnt/Advis Serv,PREFERRED,true,SATA
829729671,NOVTU,USD,NASDAQ,US,NOVANTA INC PREFERRED,STK,Electrical Compo&amp;Equip,Industrial,Electric Products-Misc,CONVPREFERRED,false,NOVTU
829744898,JRVR,USD,NASDAQ,US,JAMES RIVER GROUP HOLDINGS I,STK,Insurance,Financial,Property/Casualty Ins,COMMON,true,JRVR
829749917,LATA,USD,NASDAQ,US,GALATA ACQU CORP II - CL A,STK,Holding Companies-Divers,Diversified,Specified Purpose Acquis,COMMON,false,LATA
829749921,EVOXU,USD,NASDAQ,US,EVOLUTION GLOBAL ACQUISITION,STK,Holding Companies-Divers,Diversified,Specified Purpose Acquis,UNIT,false,EVOXU
829799207,WSHP,USD,NASDAQ,US,WESHOP HOLDINGS LTD-CL A,STK,Internet,Communications,E-Commerce/Products,COMMON,false,WSHP
830095015,CHEC,USD,NASDAQ,US,CHENGHE ACQUISITION II-CL A,STK,Holding Companies-Divers,Diversified,Specified Purpose Acquis,COMMON,false,CHEC
830405571,BPACU,USD,NASDAQ,US,BLUEPORT ACQUISITION LTD,STK,Holding Companies-Divers,Diversified,Specified Purpose Acquis,UNIT,false,BPACU
830633146,AVX,USD,NASDAQ,US,AVAX ONE TECHNOLOGY LTD,STK,Investment Companies,Financial,Investment Companies,COMMON,false,AVX
830633151,YDKG,USD,NASDAQ,US,YUEDA DIGITAL HOLDING-CL A,STK,Telecommunications,Communications,Cellular Telecom,COMMON,false,YDKG
830638879,NCEW,USD,NASDAQ,US,NEW CENTURY LOGISTICS BVI LT,STK,Transportation,Industrial,Transport-Services,COMMON,false,NCEW
830647722,XRPC,USD,NASDAQ,US,CANARY XRP ETF,STK,,,,ETF,true,XRPC
831070874,ELE,USD,NASDAQ,US,ELEMENTAL ROYALTY CORP,STK,Mining,Basic Materials,Precious Metals,COMMON,true,ELE
831082828,SQQQ,USD,NASDAQ,US,PROSHARES ULTRAPRO SHORT QQQ,STK,,,,ETF,true,SQQQ
831089012,APXT,USD,NASDAQ,US,APEX TREASURY CORP-CL A,STK,Holding Companies-Divers,Diversified,Specified Purpose Acquis,COMMON,false,APXT
831425308,GUSE,USD,NASDAQ,US,GS ENHANCED US EQUITY ETF,STK,,,,ETF,false,GUSE
831425842,GSGO,USD,NASDAQ,US,GLDMN SCHS GRWTH OPRTNTY ETF,STK,,,,ETF,false,GSGO
831425847,GVLE,USD,NASDAQ,US,GS VALUE OPPORTUNITIES ETF,STK,,,,ETF,false,GVLE
831425848,ABNG,USD,NASDAQ,US,LEVERAGE SHARES 2X ABNB,STK,,,,ETF,true,ABNG
831425853,CMGG,USD,NASDAQ,US,LEVERAGE SHARES 2X CMG,STK,,,,ETF,true,CMGG
831425856,NEMG,USD,NASDAQ,US,LEVERAGE SHARES 2X NEM,STK,,,,ETF,true,NEMG
831425861,NETG,USD,NASDAQ,US,LEVERAGE SHARES 2X NET,STK,,,,ETF,true,NETG
831425866,NUG,USD,NASDAQ,US,LEVERAGE SHARES 2X NU,STK,,,,ETF,true,NUG
831425871,OKTG,USD,NASDAQ,US,LEVERAGE SHARES 2X OKTA,STK,,,,ETF,true,OKTG
831425873,SBU,USD,NASDAQ,US,LEVERAGE SHARES 2X SBUX,STK,,,,ETF,true,SBU
831425876,SPOG,USD,NASDAQ,US,LEVERAGE SHARES 2X SPOT,STK,,,,ETF,true,SPOG
831425883,TERG,USD,NASDAQ,US,LEVERAGE SHARES 2X TER,STK,,,,ETF,true,TERG
831425886,VSOL,USD,NASDAQ,US,VANECK SOLANA ETF,STK,,,,ETF,true,VSOL
831857270,NUGY,USD,NASDAQ,US,GRANITESHARES YILDBST GM ETF,STK,,,,ETF,false,NUGY
831857273,SEMY,USD,NASDAQ,US,GRANITESHRS YLDBOOST SC ETF,STK,,,,ETF,false,SEMY
831872580,SOLC,USD,NASDAQ,US,CANARY MARINADE SOLANA ETF,STK,,,,ETF,true,SOLC
831872587,DYOR,USD,NASDAQ,US,INSIGHT DIGITAL PARTNERS I-A,STK,Holding Companies-Divers,Diversified,Specified Purpose Acquis,COMMON,false,DYOR
831872592,ALIS,USD,NASDAQ,US,CALISA ACQUISITION CORP,STK,Holding Companies-Divers,Diversified,Specified Purpose Acquis,COMMON,false,ALIS
831872597,ALISR,USD,NASDAQ,US,CALISA ACQUISITION CORP,STK,Holding Companies-Divers,Diversified,Specified Purpose Acquis,RIGHT,false,ALISR
831872602,MNZL,USD,NASDAQ,US,MANZIL RUSELL HA USA B M ETF,STK,,,,ETF,false,MNZL
832145174,BU,USD,NASDAQ,US,DEFIANCE DT 2X L B ETF,STK,,,,ETF,false,BU
832145177,CONX,USD,NASDAQ,US,DIREXION DA COIN BULL 2X ETF,STK,,,,ETF,false,CONX
832145180,HODU,USD,NASDAQ,US,DX DLY HOOD 2X BULL ETF,STK,,,,ETF,false,HODU
832145184,LINT,USD,NASDAQ,US,DIREXION DA INTC BULL 2X ETF,STK,,,,ETF,false,LINT
832145189,ORCS,USD,NASDAQ,US,DRXN DLY ORCL BEAR 1X ETF,STK,,,,ETF,false,ORCS
832145194,ORCU,USD,NASDAQ,US,DIREXION DA ORCL BULL 2X ETF,STK,,,,ETF,false,ORCU
832145925,GLOO,USD,NASDAQ,US,GLOO HOLDINGS INC-A,STK,Software,Technology,Applications Software,COMMON,false,GLOO
832163269,DNMX,USD,NASDAQ,US,DYNAMIX CORP III-CL A,STK,Holding Companies-Divers,Diversified,Specified Purpose Acquis,COMMON,false,DNMX
832439307,BGDE,USD,NASDAQ,US,BIG DIGITAL ENERGY INC,STK,Investment Companies,Financial,Investment Companies,COMMON,false,BGDE
832443712,TXXD,USD,NASDAQ,US,21SHARES 2XL DOGECOIN ETF,STK,,,,ETF,false,TXXD
832443717,CAIQ,USD,NASDAQ,US,CALAMOS NASDAQ AUTOCALL ETF,STK,,,,ETF,false,CAIQ
832443722,KBDU,USD,NASDAQ,US,KRANESHARES 2X LONG BIDU ETF,STK,,,,ETF,false,KBDU
832443727,TMNL,USD,NASDAQ,US,T ROWE PRICE LG MUNI INC ETF,STK,,,,ETF,false,TMNL
832443729,THYM,USD,NASDAQ,US,T. ROWE PRICE HI MUN ETF,STK,,,,ETF,false,THYM
832443732,TMSF,USD,NASDAQ,US,T ROWE PRICE MS INCOME ETF,STK,,,,ETF,false,TMSF
832443739,TMNS,USD,NASDAQ,US,T ROWE PRICE SM INCOME ETF,STK,,,,ETF,false,TMNS
832444226,EZGO,,,,EZGO TECHNOLOGIES LTD,STK,Leisure Time,"Consumer, Cyclical",Motorcycle/Motor Scooter,COMMON,false,
832485949,HCACU,USD,NASDAQ,US,HALL CHADWICK ACQUISITION CO,STK,Holding Companies-Divers,Diversified,Specified Purpose Acquis,UNIT,false,HCACU
833159354,JXG,USD,NASDAQ,US,JX LUXVENTURE GROUP INC,STK,Internet,Communications,E-Commerce/Products,COMMON,false,JXG
833194784,ACEP,USD,NASDAQ,US,ARS CORE EQUITY PORTF ETF,STK,,,,ETF,false,ACEP
833200824,APACR,USD,NASDAQ,US,STONEBRIDGE ACQUISITION II C,STK,Holding Companies-Divers,Diversified,Specified Purpose Acquis,RIGHT,false,APACR
833200829,APAC,USD,NASDAQ,US,STONEBRIDGE ACQUISITION CL A,STK,Holding Companies-Divers,Diversified,Specified Purpose Acquis,COMMON,false,APAC
833200832,RNGT,USD,NASDAQ,US,RANGE CAPITAL ACQUISIT CL A,STK,Holding Companies-Divers,Diversified,Specified Purpose Acquis,COMMON,false,RNGT
833519647,RJET,USD,NASDAQ,US,REPUBLIC AIRWAYS HOLDINGS IN,STK,Airlines,"Consumer, Cyclical",Airlines,COMMON,false,RJET
834260493,LGHL,USD,NASDAQ,US,LION GROUP HOLDING LTD-S ADR,STK,Diversified Finan Serv,Financial,Finance-Invest Bnkr/Brkr,ADR,false,LGHL
834263537,QBY,USD,NASDAQ,US,GRANITE YIELDBOOST QBTS ETF,STK,,,,ETF,false,QBY
834263540,RGYY,USD,NASDAQ,US,GRANITESHRS YLDBST RGTI ETF,STK,,,,ETF,false,RGYY
834263547,PBEU,USD,NASDAQ,US,PORTFOLIO BLDG BK EB IDX ETF,STK,,,,ETF,false,PBEU
834263550,PBOG,USD,NASDAQ,US,PORTFOLIO BUI BLO INT OG ETF,STK,,,,ETF,false,PBOG
834263554,PBPH,USD,NASDAQ,US,PORT BUI BLO WOR PHR BIT ETF,STK,,,,ETF,false,PBPH
834263559,IND,USD,NASDAQ,US,XTRCK NIFTY 500 INDIA ETF,STK,,,,ETF,false,IND
834270029,YBMN,USD,NASDAQ,US,DEFIANCE BMNR OPT INC ETF,STK,,,,ETF,false,YBMN
834270035,IGACU,USD,NASDAQ,US,INVEST GREEN ACQUISITION COR,STK,Holding Companies-Divers,Diversified,Specified Purpose Acquis,UNIT,false,IGACU
834270041,LAFA,USD,NASDAQ,US,LAFAYETTE ACQUISITION CORP,STK,Holding Companies-Divers,Diversified,Specified Purpose Acquis,COMMON,false,LAFA
834270044,LAFAR,USD,NASDAQ,US,LAFAYETTE ACQUISITION CORP,STK,Holding Companies-Divers,Diversified,Specified Purpose Acquis,RIGHT,false,LAFAR
834270048,SCIIU,USD,NASDAQ,US,SC II ACQUISITION CORP,STK,Holding Companies-Divers,Diversified,Specified Purpose Acquis,UNIT,false,SCIIU
834657447,PMN,USD,NASDAQ,US,PROMIS NEUROSCIENCES INC,STK,Biotechnology,"Consumer, Non-cyclical",Medical-Biomedical/Gene,COMMON,false,PMN
834670085,BIXIU,USD,NASDAQ,US,BITCOIN INFRASTRUCTURE ACQUI,STK,Holding Companies-Divers,Diversified,Specified Purpose Acquis,UNIT,false,BIXIU
838617362,INBS,USD,NASDAQ,US,INTELLIGENT BIO SOLUTIONS IN,STK,Biotechnology,"Consumer, Non-cyclical",Medical-Biomedical/Gene,COMMON,false,INBS
835050787,MBRX,USD,NASDAQ,US,MOLECULIN BIOTECH INC,STK,Biotechnology,"Consumer, Non-cyclical",Medical-Biomedical/Gene,COMMON,false,MBRX
835054811,PLRZ,USD,NASDAQ,US,POLYRIZON LTD,STK,Biotechnology,"Consumer, Non-cyclical",Medical-Biomedical/Gene,COMMON,false,PLRZ
835599790,XHLD,USD,NASDAQ,US,TEN HOLDINGS INC,STK,Commercial Services,"Consumer, Non-cyclical",Commercial Services,COMMON,false,XHLD
835599815,SPHL,USD,NASDAQ,US,SPRINGVIEW HOLDINGS LTD-CL A,STK,Engineering&amp;Construction,Industrial,Building&amp;Construct-Misc,COMMON,false,SPHL
835599999,TLRY,USD,NASDAQ,US,TILRAY BRANDS INC,STK,Pharmaceuticals,"Consumer, Non-cyclical",Medical-Drugs,COMMON,true,TLRY
835872940,STRO,USD,NASDAQ,US,SUTRO BIOPHARMA INC,STK,Biotechnology,"Consumer, Non-cyclical",Medical-Biomedical/Gene,COMMON,true,STRO
835875723,GOU,USD,NASDAQ,US,GRANITE 2X LONG GOOGL ETF,STK,,,,ETF,false,GOU
835875726,HMYY,USD,NASDAQ,US,GRANITE YIELDBOOST HIMS ETF,STK,,,,ETF,false,HMYY
835875728,RTYY,USD,NASDAQ,US,GRANITE YIELDBOOST RIOT ETF,STK,,,,ETF,false,RTYY
836140170,PARK,USD,NASDAQ,US,PARK DENTAL PARTNERS INC,STK,Healthcare-Services,"Consumer, Non-cyclical",Medical-HMO,COMMON,false,PARK
836140262,BALQ,USD,NASDAQ,US,ISHRS NSDQ PREM INC ACTV ETF,STK,,,,ETF,false,BALQ
836158880,DMIIR,USD,NASDAQ,US,DRUGS MADE IN AMERICA ACQ-RT,STK,Holding Companies-Divers,Diversified,Specified Purpose Acquis,RIGHT,false,DMIIR
836159598,DMII,USD,NASDAQ,US,DRUGS MADE IN AMERICA ACQUIS,STK,Holding Companies-Divers,Diversified,Specified Purpose Acquis,COMMON,false,DMII
836159600,EVOX,USD,NASDAQ,US,EVOLUTION GLOBAL ACQUIS-CL A,STK,Holding Companies-Divers,Diversified,Specified Purpose Acquis,COMMON,false,EVOX
836159605,GPACU,USD,NASDAQ,US,GENERAL PURPOSE ACQUISITION,STK,Holding Companies-Divers,Diversified,Specified Purpose Acquis,UNIT,false,GPACU
836159610,PURR,USD,NASDAQ,US,HYPERLIQUID STRATEGIES,STK,Diversified Finan Serv,Financial,Finance-Other Services,COMMON,true,PURR
836159616,AEAQU,USD,NASDAQ,US,ACTIVATE ENERGY ACQUISITION,STK,Holding Companies-Divers,Diversified,Specified Purpose Acquis,UNIT,false,AEAQU
836159621,HYNE,USD,NASDAQ,US,HOYNE BANCORP INC,STK,Banks,Financial,Commer Banks Non-US,COMMON,false,HYNE
836365937,ATCX,USD,NASDAQ,US,ATLAS CRITICAL MINERALS CORP,STK,Mining,Basic Materials,Gold Mining,COMMON,false,ATCX
836365953,TGL,USD,NASDAQ,US,TREASURE GLOBAL INC,STK,Software,Technology,Applications Software,COMMON,false,TGL
836365956,MTVA,USD,NASDAQ,US,METAVIA INC,STK,Biotechnology,"Consumer, Non-cyclical",Medical-Biomedical/Gene,COMMON,false,MTVA
836365968,TXXS,USD,NASDAQ,US,21SHARES 2X LONG SUI ETF,STK,,,,ETF,false,TXXS
836365973,IVSS,USD,NASDAQ,US,APPLIED FIN IVS US SMID ETF,STK,,,,ETF,false,IVSS
836375333,BNDP,USD,NASDAQ,US,VG CORE-PLUS BOND INDX ETF,STK,,,,ETF,false,BNDP
836765044,WKHS,USD,NASDAQ,US,WORKHORSE GROUP INC,STK,Auto Manufacturers,"Consumer, Cyclical",Auto-Med&amp;Heavy Duty Trks,COMMON,false,WKHS
836770572,DVGR,USD,NASDAQ,US,DAC 3D DIVIDEND GROWTH ETF,STK,,,,ETF,false,DVGR
836788823,LFACU,USD,NASDAQ,US,LEAPFROG ACQUISITION CORP,STK,Holding Companies-Divers,Diversified,Specified Purpose Acquis,UNIT,false,LFACU
836789919,TDWD,USD,NASDAQ,US,TAILWIND 2.0 ACQUISITIO-CL A,STK,Holding Companies-Divers,Diversified,Specified Purpose Acquis,COMMON,false,TDWD
836789923,TDWDR,USD,NASDAQ,US,TAILWIND 2.0 ACQUISITION-RTS,STK,Holding Companies-Divers,Diversified,Specified Purpose Acquis,RIGHT,false,TDWDR
837140575,IONZ,USD,NASDAQ,US,DEF DAILY TAR 2X IONQ,STK,,,,ETF,true,IONZ
837141690,PLTZ,USD,NASDAQ,US,DEFIANCE DAILY TARGET 2X ETF,STK,,,,ETF,false,PLTZ
837141698,SMCZ,USD,NASDAQ,US,DEFIANCE DT 2X SHRT SMCI ETF,STK,,,,ETF,false,SMCZ
837141715,BEDY,USD,NASDAQ,US,BNY MLN ENHNC DVD AND IN ETF,STK,,,,ETF,false,BEDY
837151193,GTOP,USD,NASDAQ,US,GS TECH OPPORTUNITIES ETF,STK,,,,ETF,false,GTOP
837151205,BRR,USD,NASDAQ,US,PROCAP FINANCIAL INC,STK,Investment Companies,Financial,Investment Companies,COMMON,true,BRR
837151227,CRAC,USD,NASDAQ,US,CROWN RESERVE ACQUISITI-CL A,STK,Holding Companies-Divers,Diversified,Specified Purpose Acquis,COMMON,false,CRAC
837151230,CRACR,USD,NASDAQ,US,CROWN RESERVE ACQUISITIO-RTS,STK,Holding Companies-Divers,Diversified,Specified Purpose Acquis,RIGHT,false,CRACR
837151234,DSACU,USD,NASDAQ,US,DAEDALUS SPECIAL ACQUISITION,STK,Holding Companies-Divers,Diversified,Specified Purpose Acquis,UNIT,false,DSACU
837425602,PSNY,USD,NASDAQ,US,POLESTAR AUTOMOTIVE-CL A ADS,STK,Auto Manufacturers,"Consumer, Cyclical",Auto-Cars/Light Trucks,ADR,true,PSNY
837460379,WSGE,USD,NASDAQ,US,WARREN STREET GLOB EQTY ETF,STK,,,,ETF,false,WSGE
837468800,SCZM,USD,NASDAQ,US,SANTACRUZ SILVER MINING LTD,STK,Mining,Basic Materials,Silver Mining,COMMON,false,SCZM
837482605,MFIG,USD,NASDAQ,US,MOTLEY FOOL INNOVAT GF ETF,STK,,,,ETF,false,MFIG
837482713,MFMO,USD,NASDAQ,US,MOTLEY FOOL ASSET MANAGEMENT,STK,,,,ETF,false,MFMO
837482716,MFVL,USD,NASDAQ,US,MOTLEY FOOL VALUE FACTOR ETF,STK,,,,ETF,false,MFVL
837482720,PRMR,USD,NASDAQ,US,PEAKSHARES RMR PRIME EQY ETF,STK,,,,ETF,false,PRMR
837667776,AMCI,USD,NASDAQ,US,AMC ROBOTICS CORP,STK,Electronics,Industrial,Electronic Secur Devices,COMMON,false,AMCI
837668463,BNKK,USD,NASDAQ,US,BONK INC,STK,Cosmetics/Personal Care,"Consumer, Non-cyclical",Cosmetics&amp;Toiletries,COMMON,false,BNKK
837669615,AAEQ,USD,NASDAQ,US,ALPHA ARCHITCT US EQTY 2 ETF,STK,,,,ETF,false,AAEQ
837669617,IALT,USD,NASDAQ,US,ISHRS SYS ALT ACT ETF,STK,,,,ETF,false,IALT
837669627,JZXN,USD,NASDAQ,US,JIUZI HOLDINGS INC,STK,Retail,"Consumer, Cyclical",Retail-Automobile,COMMON,false,JZXN
837677035,CDNL,USD,NASDAQ,US,CARDINAL INFRASTRUCTURE GR-A,STK,Engineering&amp;Construction,Industrial,Building-Heavy Construct,COMMON,false,CDNL
837688089,MESHU,USD,NASDAQ,US,MESHFLOW ACQUISITION CORP,STK,Holding Companies-Divers,Diversified,Specified Purpose Acquis,UNIT,false,MESHU
837688560,NBRGU,USD,NASDAQ,US,NEWBRIDGE ACQUISITION LTD,STK,Holding Companies-Divers,Diversified,Specified Purpose Acquis,UNIT,false,NBRGU
837688565,LLYVK,USD,NASDAQ,US,LIBERTY LIVE HOLDINGS-C,STK,Entertainment,"Consumer, Cyclical",Motion Pictures&amp;Services,COMMON,true,LLYVK
837688570,LLYVA,USD,NASDAQ,US,LIBERTY LIVE HOLDINGS-A,STK,Entertainment,"Consumer, Cyclical",Motion Pictures&amp;Services,COMMON,true,LLYVA
837874656,LMRI,USD,NASDAQ,US,LUMEXA IMAGING HOLDINGS INC,STK,Healthcare-Services,"Consumer, Non-cyclical",Medical-Outptnt/Home Med,COMMON,false,LMRI
837874666,ARBK,USD,NASDAQ,US,ARGO BLOCKCHAIN PLC,STK,Investment Companies,Financial,Investment Companies,ADR,false,ARBK
837874837,BNAI,USD,NASDAQ,US,BRAND ENGAGEMENT NETWORK INC,STK,Software,Technology,Enterprise Software/Serv,COMMON,false,BNAI
837874842,IVSI,USD,NASDAQ,US,APPLIED FIN IVS INTL LRG ETF,STK,,,,ETF,false,IVSI
837874847,CIFG,USD,NASDAQ,US,LEVERAGE SHARES 2X CIFR,STK,,,,ETF,true,CIFG
837874854,GRAG,USD,NASDAQ,US,LEVERAGE SHARES 2X GRAB,STK,,,,ETF,true,GRAG
837874857,LACG,USD,NASDAQ,US,LEVERAGE SHARES 2X LAC,STK,,,,ETF,true,LACG
837874860,OPEG,USD,NASDAQ,US,LEVERAGE SHARES 2X OPEN,STK,,,,ETF,true,OPEG
837874866,UPSG,USD,NASDAQ,US,LEVERAGE SHARES 2X UPS,STK,,,,ETF,true,UPSG
837875357,YMAT,USD,NASDAQ,US,J-STAR HOLDING CO LTD-A,STK,Miscellaneous Manufactur,Industrial,Advanced Materials/Prd,COMMON,false,YMAT
837910844,BLRKU,USD,NASDAQ,US,BLUEROCK ACQUISITION CORP,STK,Holding Companies-Divers,Diversified,Specified Purpose Acquis,UNIT,false,BLRKU
837910849,KBONU,USD,NASDAQ,US,KARBON CAPITAL PARTNERS CORP,STK,Holding Companies-Divers,Diversified,Specified Purpose Acquis,UNIT,false,KBONU
838285663,BENF,USD,NASDAQ,US,BENEFICIENT - CLASS A,STK,Diversified Finan Serv,Financial,Finance-Other Services,COMMON,false,BENF
838287350,XBP,USD,NASDAQ,US,XBP GLOBAL HOLDINGS INC,STK,Commercial Services,"Consumer, Non-cyclical",Commercial Serv-Finance,COMMON,false,XBP
838288755,WLTH,USD,NASDAQ,US,WEALTHFRONT CORP,STK,Diversified Finan Serv,Financial,Invest Mgmnt/Advis Serv,COMMON,true,WLTH
838288758,NVVE,USD,NASDAQ,US,NUVVE HOLDING CORP,STK,Energy-Alternate Sources,Energy,Energy-Alternate Sources,COMMON,false,NVVE
838290137,CMND,,,,CLEARMIND MEDICINE INC,STK,Biotechnology,"Consumer, Non-cyclical",Medical-Biomedical/Gene,COMMON,false,
838295177,ITHAU,USD,NASDAQ,US,ITHAX ACQUISITION CORP III,STK,Holding Companies-Divers,Diversified,Specified Purpose Acquis,UNIT,false,ITHAU
838344002,TWLVU,USD,NASDAQ,US,TWELVE SEAS INVESTMENT CO II,STK,Holding Companies-Divers,Diversified,Specified Purpose Acquis,UNIT,false,TWLVU
838616778,BCFN,USD,NASDAQ,US,BARON FINANCIALS ETF,STK,,,,ETF,false,BCFN
838617140,BCTK,USD,NASDAQ,US,BARON TECHNOLOGY ETF,STK,,,,ETF,false,BCTK
838625829,HAVA,USD,NASDAQ,US,HARVARD AVE ACQUISITION-CL A,STK,Holding Companies-Divers,Diversified,Specified Purpose Acquis,COMMON,false,HAVA
838625834,HAVAR,USD,NASDAQ,US,HARVARD AVE ACQUISITION,STK,Holding Companies-Divers,Diversified,Specified Purpose Acquis,RIGHT,false,HAVAR
838625839,MMTX,USD,NASDAQ,US,MILUNA ACQUISITION CL A,STK,Holding Companies-Divers,Diversified,Specified Purpose Acquis,COMMON,false,MMTX
838625841,VSNT,USD,NASDAQ,US,VERSANT MEDIA GROUP INC,STK,Media,Communications,Broadcast Serv/Program,COMMON,true,VSNT
838935754,PCSA,USD,NASDAQ,US,PROCESSA PHARMACEUTICALS INC,STK,Pharmaceuticals,"Consumer, Non-cyclical",Medical-Drugs,COMMON,false,PCSA
838935821,YBST,USD,NASDAQ,US,GRANITESHRS YLDBST SS UN ETF,STK,,,,ETF,false,YBST
838936155,YBTY,USD,NASDAQ,US,GRNITESHRE YLDBOST TPYLD ETF,STK,,,,ETF,false,YBTY
838936158,BEG,USD,NASDAQ,US,LEVERAGE SHARES 2X BEG,STK,,,,ETF,true,BEG
838936162,SATG,USD,NASDAQ,US,LEVERAGE SHARES 2X SATS,STK,,,,ETF,true,SATG
838936198,DTCX,USD,NASDAQ,US,DATACENTREX INC,STK,Software,Technology,Applications Software,COMMON,true,DTCX
838997118,CRANU,USD,NASDAQ,US,CRANE HARBOR ACQUISITION COR,STK,Holding Companies-Divers,Diversified,Specified Purpose Acquis,UNIT,false,CRANU
838997724,GEVG,USD,NASDAQ,US,LEVERAGE SHARES 2X GEV,STK,,,,ETF,true,GEVG
838997728,IREG,USD,NASDAQ,US,LEVERAGE SHARES 2X IREN,STK,,,,ETF,true,IREG
838997765,BIXI,USD,NASDAQ,US,BITCOIN INFRASTRUCTURE-CL A,STK,Holding Companies-Divers,Diversified,Specified Purpose Acquis,COMMON,false,BIXI
839162871,MATE,USD,NASDAQ,US,MAN ACTIVE TRD ENHD ETF,STK,,,,ETF,false,MATE
839162872,MDLN,USD,NASDAQ,US,MEDLINE INC-CL A,STK,Healthcare-Products,"Consumer, Non-cyclical",Medical Products,COMMON,true,MDLN
839172490,MEMA,USD,NASDAQ,US,MAN ACT EM ALT ETF,STK,,,,ETF,false,MEMA
839174082,MNTS,USD,NASDAQ,US,MOMENTUS INC,STK,Aerospace/Defense,Industrial,Aerospace/Defense,COMMON,false,MNTS
839174088,DFLI,USD,NASDAQ,US,DRAGONFLY ENERGY HOLDINGS CO,STK,Leisure Time,"Consumer, Cyclical",Recreational Vehicles,COMMON,false,DFLI
839185698,CCXIU,USD,NASDAQ,US,CHURCHILL CAPITAL CORP XI,STK,Holding Companies-Divers,Diversified,Specified Purpose Acquis,UNIT,false,CCXIU
839185704,VHCPU,USD,NASDAQ,US,VINE HILL CAPITAL INVESTMENT,STK,Holding Companies-Divers,Diversified,Specified Purpose Acquis,UNIT,false,VHCPU
839405873,BIDG,USD,NASDAQ,US,LEVERAGE SHARES 2X BIDU,STK,,,,ETF,true,BIDG
839405876,CNCG,USD,NASDAQ,US,LEVERAGE SHARES 2X CNC,STK,,,,ETF,true,CNCG
839405883,KLAG,USD,NASDAQ,US,LEVERAGE SHARES 2X KLAC,STK,,,,ETF,true,KLAG
839405886,NIOG,USD,NASDAQ,US,LEVERAGE SHARES 2X NIO,STK,,,,ETF,true,NIOG
839405891,PBRG,USD,NASDAQ,US,LEVERAGE SHARES 2X PBR,STK,,,,ETF,true,PBRG
839405894,VALG,USD,NASDAQ,US,LEVERAGE SHARES 2X VALE,STK,,,,ETF,true,VALG
839405897,SNAG,USD,NASDAQ,US,LEVERAGE SHARES 2X SNAP,STK,,,,ETF,true,SNAG
839412759,ADACU,USD,NASDAQ,US,AMERICAN DRIVE ACQUISITION C,STK,Holding Companies-Divers,Diversified,Specified Purpose Acquis,UNIT,false,ADACU
839412760,LPCVU,USD,NASDAQ,US,LAUNCHPAD CADENZA ACQUISITIO,STK,Holding Companies-Divers,Diversified,Specified Purpose Acquis,UNIT,false,LPCVU
839412769,SVAQU,USD,NASDAQ,US,SILICON VALLEY ACQUISITION C,STK,Holding Companies-Divers,Diversified,Specified Purpose Acquis,UNIT,false,SVAQU
840216661,VSA,USD,NASDAQ,US,VISIONSYS AI INC,STK,Commercial Services,"Consumer, Non-cyclical",Schools,ADR,false,VSA
840357104,SCWO,USD,NASDAQ,US,374WATER INC,STK,Environmental Control,Industrial,Water Treatment Systems,COMMON,false,SCWO
840399595,BOXL,USD,NASDAQ,US,BOXLIGHT CORP - CLASS A,STK,Home Furnishings,"Consumer, Cyclical",Audio/Video Products,COMMON,false,BOXL
840404074,TNMG,USD,NASDAQ,US,TNL MEDIAGENE,STK,Internet,Communications,Internet Content-Info/Ne,COMMON,false,TNMG
840412000,IGACR,USD,NASDAQ,US,INVEST GREEN ACQUISITION-RTS,STK,Holding Companies-Divers,Diversified,Specified Purpose Acquis,RIGHT,false,IGACR
840412005,IGAC,USD,NASDAQ,US,INVEST GREEN ACQUISITIO-CL A,STK,Holding Companies-Divers,Diversified,Specified Purpose Acquis,COMMON,false,IGAC
840412010,GARY,USD,NASDAQ,US,MANGO GROWTH ETF,STK,,,,ETF,false,GARY
841260658,RBNE,USD,NASDAQ,US,ROBIN ENERGY LTD,STK,Transportation,Industrial,Transport-Marine,COMMON,false,RBNE
841273851,SCPQU,USD,NASDAQ,US,SOCIAL COMMERCE PARTNERS COR,STK,Holding Companies-Divers,Diversified,Specified Purpose Acquis,UNIT,false,SCPQU
841509781,SHAZ,USD,NASDAQ,US,SHARONAI HOLDINGS INC,STK,Telecommunications,Communications,Telecom Services,COMMON,false,SHAZ
841519249,ASRT,USD,NASDAQ,US,ASSERTIO HOLDINGS INC,STK,Pharmaceuticals,"Consumer, Non-cyclical",Medical-Drugs,COMMON,true,ASRT
841849264,WOK,USD,NASDAQ,US,WORK MEDICAL TECHNOLOGY GR-A,STK,Healthcare-Products,"Consumer, Non-cyclical",Medical Products,COMMON,false,WOK
842015842,APVO,USD,NASDAQ,US,APTEVO THERAPEUTICS INC,STK,Biotechnology,"Consumer, Non-cyclical",Medical-Biomedical/Gene,COMMON,false,APVO
842015848,ACET,USD,NASDAQ,US,ADICET BIO INC,STK,Biotechnology,"Consumer, Non-cyclical",Medical-Biomedical/Gene,COMMON,true,ACET
842015853,BIYA,USD,NASDAQ,US,BAIYA INTERNATIONAL GROUP IN,STK,Commercial Services,"Consumer, Non-cyclical",Human Resources,COMMON,false,BIYA
842016419,ORIS,USD,NASDAQ,US,ORIENTAL RISE HOLDINGS LTD,STK,Beverages,"Consumer, Non-cyclical",Tea,COMMON,false,ORIS
842017845,ILAG,USD,NASDAQ,US,INTELLIGENT LIVING APPLICATI,STK,Retail,"Consumer, Cyclical",Retail-Misc/Diversified,COMMON,false,ILAG
842166789,TSCM,USD,NASDAQ,US,TS QUAL MID CAP GROWTH ETF,STK,,,,ETF,false,TSCM
842169708,FDRS,USD,NASDAQ,US,FOUNDER-LED ETF,STK,,,,ETF,true,FDRS
842556622,PAVM,USD,NASDAQ,US,PAVMED INC,STK,Healthcare-Products,"Consumer, Non-cyclical",Medical Products,COMMON,false,PAVM
842556629,CODX,USD,NASDAQ,US,CO-DIAGNOSTICS INC,STK,Healthcare-Products,"Consumer, Non-cyclical",Diagnostic Kits,COMMON,false,CODX
842556639,RTB,USD,NASDAQ,US,RTB DIGITAL INC,STK,Software,Technology,Applications Software,COMMON,false,RTB
842579852,PFDE,USD,NASDAQ,US,PATHFINDER DISCIPLINED US EQ,STK,,,,ETF,false,PFDE
842579858,PFOE,USD,NASDAQ,US,PTFDR FOCD OPP ETF,STK,,,,ETF,false,PFOE
842582299,ORIO,USD,NASDAQ,US,ORION DIGITAL CORP,STK,Diversified Finan Serv,Financial,Invest Mgmnt/Advis Serv,COMMON,true,ORIO
842587552,WSTN,USD,NASDAQ,US,WESTIN ACQUISITION CORP-A,STK,Holding Companies-Divers,Diversified,Specified Purpose Acquis,COMMON,false,WSTN
842590038,WSTNR,USD,NASDAQ,US,WESTIN ACQUISITION CORP-RTS,STK,Holding Companies-Divers,Diversified,Specified Purpose Acquis,RIGHT,false,WSTNR
842927134,ICU,USD,NASDAQ,US,SEASTAR MEDICAL HOLDING CORP,STK,Healthcare-Products,"Consumer, Non-cyclical",Medical Products,COMMON,false,ICU
842932967,MLEC,USD,NASDAQ,US,MOOLEC SCIENCE SA,STK,Biotechnology,"Consumer, Non-cyclical",Agricultural Biotech,COMMON,false,MLEC
842933154,ATAI,USD,NASDAQ,US,ATAIBECKLEY INC,STK,Biotechnology,"Consumer, Non-cyclical",Medical-Biomedical/Gene,COMMON,true,ATAI
843179420,BVC,USD,NASDAQ,US,BITVENTURES LTD,STK,Diversified Finan Serv,Financial,Invest Mgmnt/Advis Serv,COMMON,false,BVC
843506062,EMAT,USD,NASDAQ,US,EVOLUTION METALS & TECHNOLOG,STK,Distribution/Wholesale,"Consumer, Cyclical",Distribution/Wholesale,COMMON,false,EMAT
843508857,ARTCU,USD,NASDAQ,US,ART TECHNOLOGY ACQUISITION C,STK,Holding Companies-Divers,Diversified,Specified Purpose Acquis,UNIT,false,ARTCU
843508867,BPAC,USD,NASDAQ,US,BLUEPORT ACQUISITION LT-CL A,STK,Holding Companies-Divers,Diversified,Specified Purpose Acquis,COMMON,false,BPAC
843508870,BPACR,USD,NASDAQ,US,BLUEPORT ACQUISITION LTD R,STK,Holding Companies-Divers,Diversified,Specified Purpose Acquis,RIGHT,false,BPACR
843875280,ICON,USD,NASDAQ,US,ICON ENERGY CORP,STK,Transportation,Industrial,Transport-Marine,COMMON,false,ICON
843877452,KIQQ,USD,NASDAQ,US,KRANESHARES INSP DYN BHI ETF,STK,,,,ETF,false,KIQQ
843878949,TSYX,USD,NASDAQ,US,TSPY LIFT ETF,STK,,,,ETF,false,TSYX
843887921,SORNU,USD,NASDAQ,US,SOREN ACQUISITION CORP,STK,Holding Companies-Divers,Diversified,Specified Purpose Acquis,UNIT,false,SORNU
844192295,BBCQU,USD,NASDAQ,US,BLEICHROEDER ACQUISITION COR,STK,Holding Companies-Divers,Diversified,Specified Purpose Acquis,UNIT,false,BBCQU
846773143,FTFT,USD,NASDAQ,US,FUTURE FINTECH GROUP INC,STK,Internet,Communications,E-Commerce/Products,COMMON,false,FTFT
844624201,GOVX,USD,NASDAQ,US,GEOVAX LABS INC,STK,Biotechnology,"Consumer, Non-cyclical",Medical-Biomedical/Gene,COMMON,false,GOVX
844624215,VSME,USD,NASDAQ,US,VS MEDIA HOLDINGS LTD-CL A,STK,Advertising,Communications,Advertising Services,COMMON,false,VSME
844625624,AKTS,USD,NASDAQ,US,AKTIS ONCOLOGY INC,STK,Biotechnology,"Consumer, Non-cyclical",Medical-Biomedical/Gene,COMMON,false,AKTS
844640164,ZKPU,USD,NASDAQ,US,LAFAYETTE DIGITAL ACQUISITIO,STK,Holding Companies-Divers,Diversified,Specified Purpose Acquis,UNIT,false,ZKPU
844640171,TWLV,USD,NASDAQ,US,TWELVE SEAS INVESTMENT CO-A,STK,Holding Companies-Divers,Diversified,Specified Purpose Acquis,COMMON,false,TWLV
844640174,TWLVR,USD,NASDAQ,US,TWELVE SEAS INVESTMENT CO II,STK,Holding Companies-Divers,Diversified,Specified Purpose Acquis,RIGHT,false,TWLVR
844964535,BKMI,USD,NASDAQ,US,BNY MELLON MUNI INT ETF,STK,,,,ETF,false,BKMI
844964536,BMOP,USD,NASDAQ,US,BNY MELN MUNIPL OPP ETF,STK,,,,ETF,false,BMOP
844964541,BKMS,USD,NASDAQ,US,BNY MELLON MUNI SHORT ETF,STK,,,,ETF,false,BKMS
844967649,BANL,USD,NASDAQ,US,CBL INTERNATIONAL LTD-B,STK,Transportation,Industrial,Transport-Marine,COMMON,false,BANL
844980595,CRANR,USD,NASDAQ,US,CRANE HARBOR ACQUISITION-RTS,STK,Holding Companies-Divers,Diversified,Specified Purpose Acquis,RIGHT,false,CRANR
844980598,CRAN,USD,NASDAQ,US,CRANE HARBOR ACQUISITIO-CL A,STK,Holding Companies-Divers,Diversified,Specified Purpose Acquis,COMMON,false,CRAN
845305984,VMAR,USD,NASDAQ,US,VISION MARINE TECHNOLOGIES,STK,Leisure Time,"Consumer, Cyclical",Recreational Vehicles,COMMON,false,VMAR
845307858,ALBG,USD,NASDAQ,US,LEVERAGE SHARES 2X ALB,STK,,,,ETF,true,ALBG
845307863,HUTG,USD,NASDAQ,US,LEVERAGE SHARES 2X HUT,STK,,,,ETF,true,HUTG
845307864,ONDG,USD,NASDAQ,US,LEVERAGE SHARES 2X ONDS,STK,,,,ETF,true,ONDG
845307869,USGG,USD,NASDAQ,US,LEVERAGE SHARES 2X USAR,STK,,,,ETF,true,USGG
845307873,UUUG,USD,NASDAQ,US,LEVERAGE SHARES 2X UUUU,STK,,,,ETF,true,UUUG
845307876,FRWD,USD,NASDAQ,US,NOMURA TRNSFRMTL TCHNLGY ETF,STK,,,,ETF,false,FRWD
845309190,PLUL,USD,NASDAQ,US,LEVERAGE SHARES 2X PLUG,STK,,,,ETF,true,PLUL
845332921,OIMAU,USD,NASDAQ,US,ONEIM ACQUISITION CORP,STK,Holding Companies-Divers,Diversified,Specified Purpose Acquis,UNIT,false,OIMAU
845905488,DFTX,USD,NASDAQ,US,DEFINIUM THERAPEUTICS INC,STK,Biotechnology,"Consumer, Non-cyclical",Medical-Biomedical/Gene,COMMON,true,DFTX
845905507,ADAMO,USD,NASDAQ,US,ADAMAS TRUST INC,STK,REITS,Financial,REITS-Mortgage,PREFERRED,false,ADAMO
845912368,FDRX,USD,NASDAQ,US,FOUNDER-LED 2X DAILY ETF,STK,,,,ETF,false,FDRX
845912373,ORLG,USD,NASDAQ,US,LEVERAGE SHARES 2X ORLY,STK,,,,ETF,true,ORLG
845912378,XPEG,USD,NASDAQ,US,LEVERAGE SHARES 2X XPEV,STK,,,,ETF,true,XPEG
845913337,AMPG.RT.B,USD,NASDAQ,US,AMPLITECH GROUP INC RT-B,STK,Telecommunications,Communications,Wireless Equipment,RIGHT,false,AMPG.RT.B
845913340,AMPG.RT.A,USD,NASDAQ,US,AMPLITECH GROUP INC RT-A,STK,Telecommunications,Communications,Wireless Equipment,RIGHT,false,AMPG.RT.A
846773110,PBM,USD,NASDAQ,US,PSYENCE BIOMEDICAL LTD,STK,Biotechnology,"Consumer, Non-cyclical",Medical-Biomedical/Gene,COMMON,false,PBM
846773116,NVNO,USD,NASDAQ,US,ENVVENO MEDICAL CORP,STK,Healthcare-Products,"Consumer, Non-cyclical",Medical Products,COMMON,false,NVNO
846773153,SXTP,USD,NASDAQ,US,60 DEGREES PHARMA INC,STK,Pharmaceuticals,"Consumer, Non-cyclical",Medical-Drugs,COMMON,false,SXTP
846776159,BTOG,USD,NASDAQ,US,BIT ORIGIN LTD-CL A,STK,Investment Companies,Financial,Investment Companies,COMMON,false,BTOG
846777645,FGIIU,USD,NASDAQ,US,FG IMPERII ACQUISITION CORP,STK,Holding Companies-Divers,Diversified,Specified Purpose Acquis,UNIT,false,FGIIU
846787881,IEAGU,USD,NASDAQ,US,INFINITE EAGLE ACQUISITION C,STK,Holding Companies-Divers,Diversified,Specified Purpose Acquis,UNIT,false,IEAGU
847099357,ITHA,USD,NASDAQ,US,ITHAX ACQUISITION CORP-CL A,STK,Holding Companies-Divers,Diversified,Specified Purpose Acquis,COMMON,false,ITHA
847099361,SCIIR,USD,NASDAQ,US,SC II ACQUISITION CORP-RT,STK,Holding Companies-Divers,Diversified,Specified Purpose Acquis,RIGHT,false,SCIIR
847099364,SCII,USD,NASDAQ,US,SC II ACQUISITION CORP-CL A,STK,Holding Companies-Divers,Diversified,Specified Purpose Acquis,COMMON,false,SCII
847905947,DCX,USD,NASDAQ,US,DIGITAL CURRENCY X TECHNOLOG,STK,Auto Manufacturers,"Consumer, Cyclical",Auto-Cars/Light Trucks,COMMON,false,DCX
847924938,XCBEU,USD,NASDAQ,US,X3 ACQUISITION CORP LTD,STK,Holding Companies-Divers,Diversified,Specified Purpose Acquis,UNIT,false,XCBEU
848231165,UONEK,USD,NASDAQ,US,URBAN ONE INC,STK,Media,Communications,Radio,COMMON,false,UONEK
848231171,SLE,USD,NASDAQ,US,SUPER LEAGUE ENTERPRISE INC,STK,Entertainment,"Consumer, Cyclical",Professional Sports,COMMON,false,SLE
848231180,UONE,USD,NASDAQ,US,URBAN ONE INC,STK,Media,Communications,Radio,COMMON,false,UONE
848234386,TDOG,USD,NASDAQ,US,21SHARES DOGECOIN ETF,STK,,,,ETF,false,TDOG
848235927,CCTG,USD,NASDAQ,US,CCSC TECHNOLOGY INTERNATIONA,STK,Investment Companies,Financial,Investment Companies,COMMON,false,CCTG
848266057,ALOVU,USD,NASDAQ,US,ALDABRA 4 LIQUIDITY OPPORTUN,STK,Holding Companies-Divers,Diversified,Specified Purpose Acquis,UNIT,false,ALOVU
848266060,TEXX,USD,NASDAQ,US,HORIZON KINETICS TEXAS ETF,STK,,,,ETF,false,TEXX
848302716,RKNG,USD,NASDAQ,US,DEFIANCE RETAIL KINGS ETF,STK,,,,ETF,false,RKNG
848753961,PCLA,USD,NASDAQ,US,PICOCELA INC,STK,Telecommunications,Communications,Cellular Telecom,ADR,false,PCLA
848756051,GRI,USD,NASDAQ,US,GRI BIO INC,STK,Pharmaceuticals,"Consumer, Non-cyclical",Medical-Drugs,COMMON,false,GRI
848756518,BTF,USD,NASDAQ,US,COINSHARES BITCOIN AND ETHER,STK,,,,ETF,true,BTF
848756521,XXII,USD,NASDAQ,US,22ND CENTURY GROUP INC,STK,Agriculture,"Consumer, Non-cyclical",Tobacco,COMMON,false,XXII
848759313,MKDW,USD,NASDAQ,US,MKD TECH INC,STK,Auto Parts&amp;Equipment,"Consumer, Cyclical",Auto/Trk Prts&amp;Equip-Orig,COMMON,false,MKDW
848759316,MTEN,USD,NASDAQ,US,MINGTENG INT CORP-A,STK,Metal Fabricate/Hardware,Industrial,Metal Processors&amp;Fabrica,COMMON,false,MTEN
848765470,EQPT,USD,NASDAQ,US,EQUIPMENTSHARE.COM INC-A,STK,Commercial Services,"Consumer, Non-cyclical",Rental Auto/Equipment,COMMON,true,EQPT
848780472,LFAC,USD,NASDAQ,US,LEAPFROG ACQUISITION CL A,STK,Holding Companies-Divers,Diversified,Specified Purpose Acquis,COMMON,false,LFAC
848784351,ARCIU,USD,NASDAQ,US,ARCHIMEDES TECH SPAC PARTNER,STK,Holding Companies-Divers,Diversified,Specified Purpose Acquis,UNIT,false,ARCIU
848786357,GPAC,USD,NASDAQ,US,GENERAL PURPOSE ACQUISIT-A,STK,Holding Companies-Divers,Diversified,Specified Purpose Acquis,COMMON,false,GPAC
848786528,HLXC,USD,NASDAQ,US,HELIX ACQUISITION CORP-CL A,STK,Holding Companies-Divers,Diversified,Specified Purpose Acquis,COMMON,false,HLXC
848786538,PTORU,USD,NASDAQ,US,PRAETORIAN ACQUISITION CORP,STK,Holding Companies-Divers,Diversified,Specified Purpose Acquis,UNIT,false,PTORU
848786543,XSLLU,USD,NASDAQ,US,XSOLLA SPAC 1,STK,Holding Companies-Divers,Diversified,Specified Purpose Acquis,UNIT,false,XSLLU
849142054,INDV,USD,NASDAQ,US,INDIVIOR PHARMACEUTICALS INC,STK,Pharmaceuticals,"Consumer, Non-cyclical",Medical-Drugs,COMMON,true,INDV
849193700,AEAQ,USD,NASDAQ,US,ACTIVATE ENERGY ACQUISITIO-A,STK,Holding Companies-Divers,Diversified,Specified Purpose Acquis,COMMON,false,AEAQ
849194107,VAVX,USD,NASDAQ,US,VANECK AVALANCHE ETF,STK,,,,ETF,false,VAVX
849539668,REVB,USD,NASDAQ,US,REVELATION BIOSCIENCES INC,STK,Biotechnology,"Consumer, Non-cyclical",Medical-Biomedical/Gene,COMMON,false,REVB
849555183,GIXXU,USD,NASDAQ,US,GIGCAPITAL9 CORP,STK,Holding Companies-Divers,Diversified,Specified Purpose Acquis,UNIT,false,GIXXU
849555210,HCACR,USD,NASDAQ,US,HALL CHADWICK ACQUISI-RIGHTS,STK,Holding Companies-Divers,Diversified,Specified Purpose Acquis,RIGHT,false,HCACR
849555215,HCAC,USD,NASDAQ,US,HALL CHADWICK ACQUISITION-A,STK,Holding Companies-Divers,Diversified,Specified Purpose Acquis,COMMON,false,HCAC
849555217,KBON,USD,NASDAQ,US,KARBON CAPITAL PARTNERS-CL A,STK,Holding Companies-Divers,Diversified,Specified Purpose Acquis,COMMON,false,KBON
849555220,MLAAU,USD,NASDAQ,US,MOUNTAIN LAKE ACQUISITION CO,STK,Holding Companies-Divers,Diversified,Specified Purpose Acquis,UNIT,false,MLAAU
849555227,VTIX,USD,NASDAQ,US,VIRTUIX HOLDINGS INC-CL A,STK,Computers,Technology,Computers-Other,COMMON,false,VTIX
849555239,QADRU,USD,NASDAQ,US,QDRO ACQUISITION CORP,STK,Holding Companies-Divers,Diversified,Specified Purpose Acquis,UNIT,false,QADRU
850025311,BJDX,USD,NASDAQ,US,BLUEJAY DIAGNOSTICS INC,STK,Healthcare-Products,"Consumer, Non-cyclical",Medical Products,COMMON,false,BJDX
850029504,BBCQ,USD,NASDAQ,US,BLEICHROEDER ACQUIS II-CL A,STK,Holding Companies-Divers,Diversified,Specified Purpose Acquis,COMMON,false,BBCQ
850029509,KRAQU,USD,NASDAQ,US,KRAKACQUISITION CORP,STK,Holding Companies-Divers,Diversified,Specified Purpose Acquis,UNIT,false,KRAQU
850029514,SAAQU,USD,NASDAQ,US,SPACE ASSET ACQUISITION CORP,STK,Holding Companies-Divers,Diversified,Specified Purpose Acquis,UNIT,false,SAAQU
850029519,KTWOU,USD,NASDAQ,US,K2 CAPITAL ACQUISITION CORP,STK,Holding Companies-Divers,Diversified,Specified Purpose Acquis,UNIT,false,KTWOU
850316958,ZSTK,USD,NASDAQ,US,ZEROSTACK CORP,STK,Investment Companies,Financial,Investment Companies,COMMON,false,ZSTK
850319019,TNXT,USD,NASDAQ,US,T ROWE PRICE INNV LDRS ETF,STK,,,,ETF,false,TNXT
850319435,LIFE,USD,NASDAQ,US,ETHOS TECHNOLOGIES INC CL-A,STK,Software,Technology,Applications Software,COMMON,false,LIFE
850319445,NEWTO,USD,NASDAQ,US,NEWTEKONE INC,STK,Banks,Financial,Commer Banks-Southern US,PREFERRED,false,NEWTO
850319450,MSLE,USD,NASDAQ,US,SATELLOS BIOSCIENCE INC,STK,Biotechnology,"Consumer, Non-cyclical",Medical-Biomedical/Gene,COMMON,false,MSLE
850324508,DSAC,USD,NASDAQ,US,DAEDALUS SPECIAL ACQUIS-CL A,STK,Holding Companies-Divers,Diversified,Specified Purpose Acquis,COMMON,false,DSAC
850324529,PICS,USD,NASDAQ,US,PICS NV,STK,Commercial Services,"Consumer, Non-cyclical",Commercial Serv-Finance,COMMON,false,PICS
850759062,ATOS,USD,NASDAQ,US,ATOSSA THERAPEUTICS INC,STK,Biotechnology,"Consumer, Non-cyclical",Medical-Biomedical/Gene,COMMON,true,ATOS
850786135,NFRX,USD,NASDAQ,US,HARRI STRE INFRASTR ACTI ETF,STK,,,,ETF,false,NFRX
850790278,EEE,USD,NASDAQ,US,CBR HRT S&P500 AND ETM 75/25,STK,,,,ETF,false,EEE
850790281,SSS,USD,NASDAQ,US,CBR HRT S&P500 AND SLN 75/25,STK,,,,ETF,false,SSS
850790284,XXX,USD,NASDAQ,US,CYBER HRNT S&P 500 XRP 75/25,STK,,,,ETF,false,XXX
850790290,MEVOU,USD,NASDAQ,US,M EVO GLOBAL ACQUISITION COR,STK,Holding Companies-Divers,Diversified,Specified Purpose Acquis,UNIT,false,MEVOU
850790295,MESH,USD,NASDAQ,US,MESHFLOW ACQUISITION CO-CL A,STK,Holding Companies-Divers,Diversified,Specified Purpose Acquis,COMMON,false,MESH
850790296,MUZEU,USD,NASDAQ,US,MUZERO ACQUISITION CORP,STK,Holding Companies-Divers,Diversified,Specified Purpose Acquis,UNIT,false,MUZEU
850790301,VHUB,USD,NASDAQ,US,VENHUB GLOBAL INC,STK,Electronics,Industrial,Instruments-Controls,COMMON,false,VHUB
850790315,PLYX,USD,NASDAQ,US,POLARYX THERAPEUTICS INC,STK,Biotechnology,"Consumer, Non-cyclical",Medical-Biomedical/Gene,COMMON,false,PLYX
851174614,EDBL,USD,NASDAQ,US,EDIBLE GARDEN AG INC,STK,Agriculture,"Consumer, Non-cyclical",Agricultural Operations,COMMON,false,EDBL
851174624,SXTC,USD,NASDAQ,US,CHINA SXT PHARMACEUTICALS-A,STK,Pharmaceuticals,"Consumer, Non-cyclical",Medical-Drugs,COMMON,false,SXTC
851243638,BLRK,USD,NASDAQ,US,BLUEROCK ACQUISITION CORP-A,STK,Holding Companies-Divers,Diversified,Specified Purpose Acquis,COMMON,false,BLRK
851509140,HBANZ,USD,NASDAQ,US,HUNTINGTON BANCSHARES,STK,Banks,Financial,Super-Regional Banks-US,PREFERRED,false,HBANZ
851519018,RCAX,USD,NASDAQ,US,DEFIANCE DY TAR 2X LO ETF,STK,,,,ETF,false,RCAX
851519023,ANV,USD,NASDAQ,US,GRANITE SHR ATCL NVDA ETF,STK,,,,ETF,false,ANV
851519025,TLA,USD,NASDAQ,US,GRANITE AUTOCALL TSLA ETF,STK,,,,ETF,false,TLA
851519028,XBCI,USD,NASDAQ,US,NEOS BOOSTED BITCOIN HI ETF,STK,,,,ETF,false,XBCI
851519035,XQQI,USD,NASDAQ,US,NEOS BSTD NDQ HGH INC ETF,STK,,,,ETF,false,XQQI
851519038,XSPI,USD,NASDAQ,US,NEOS BOOSTED S&P 500 HI ETF,STK,,,,ETF,false,XSPI
851522410,FITBM,USD,NASDAQ,US,FIFTH THIRD BANCORP,STK,Banks,Financial,Super-Regional Banks-US,PREFERRED,false,FITBM
851524334,FRSX,USD,NASDAQ,US,FORESIGHT AUTONOMOUS-SP ADR,STK,Auto Parts&amp;Equipment,"Consumer, Cyclical",Auto/Trk Prts&amp;Equip-Orig,ADR,false,FRSX
851795428,MLCIL,USD,NASDAQ,US,MOUNT LOGAN CAPITAL INC,STK,Diversified Finan Serv,Financial,Invest Mgmnt/Advis Serv,PREFERRED,false,MLCIL
851808792,RLYB,USD,NASDAQ,US,RALLYBIO CORP,STK,Biotechnology,"Consumer, Non-cyclical",Medical-Biomedical/Gene,COMMON,false,RLYB
851813024,RWAYI,USD,NASDAQ,US,RUNWAY GROWTH FINANCE CO,STK,Investment Companies,Financial,Investment Companies,PREFERRED,false,RWAYI
851814382,RVSN,USD,NASDAQ,US,RAIL VISION LTD,STK,Miscellaneous Manufactur,Industrial,Miscellaneous Manufactur,COMMON,false,RVSN
851827700,ZKP,USD,NASDAQ,US,LAFAYETTE DIGITAL ACQUISITIO,STK,Holding Companies-Divers,Diversified,Specified Purpose Acquis,COMMON,false,ZKP
851828465,OBAI,USD,NASDAQ,US,OUR BOND INC,STK,Software,Technology,Applications Software,COMMON,false,OBAI
852120280,ADIL,USD,NASDAQ,US,ADIAL PHARMACEUTICALS INC,STK,Biotechnology,"Consumer, Non-cyclical",Medical-Biomedical/Gene,COMMON,false,ADIL
852120289,BRES,USD,NASDAQ,US,BURNEY US EQUITY SELECT ETF,STK,,,,ETF,false,BRES
852120292,ASST,USD,NASDAQ,US,STRIVE INC-A,STK,Diversified Finan Serv,Financial,Invest Mgmnt/Advis Serv,COMMON,true,ASST
852129859,EIKN,USD,NASDAQ,US,EIKON THERAPEUTICS INC,STK,Biotechnology,"Consumer, Non-cyclical",Medical-Biomedical/Gene,COMMON,false,EIKN
852129868,CEPS,USD,NASDAQ,US,CANTOR EQUITY PARTNERS VI -A,STK,Holding Companies-Divers,Diversified,Specified Purpose Acquis,COMMON,false,CEPS
852129874,HCICU,USD,NASDAQ,US,HENNESSY CAPITAL INVESTMENT,STK,Holding Companies-Divers,Diversified,Specified Purpose Acquis,UNIT,false,HCICU
852129889,SSACU,USD,NASDAQ,US,SPACSPHERE ACQUISITION CORP,STK,Holding Companies-Divers,Diversified,Specified Purpose Acquis,UNIT,false,SSACU
852621819,FCNCN,USD,NASDAQ,US,FIRST CTZNS BANCSHARES INC-DEL DEP,STK,Banks,Financial,Commer Banks-Southern US,PREFERRED,false,FCNCN
852625306,PFSA,USD,NASDAQ,US,PROFUSA INC,STK,Pharmaceuticals,"Consumer, Non-cyclical",Drug Delivery Systems,COMMON,false,PFSA
852635119,UGRO,USD,NASDAQ,US,URBAN-GRO INC,STK,Machinery-Diversified,Industrial,Machinery-Farm,COMMON,false,UGRO
852635121,FCUV,USD,NASDAQ,US,FOCUS UNIVERSAL INC,STK,Computers,Technology,Computers-Other,COMMON,false,FCUV
852635131,HERZ,USD,NASDAQ,US,HERZFELD CREDIT INCOME FUND,STK,,,,CLOSED-END FUND,false,HERZ
852635143,EDHL,USD,NASDAQ,US,EVERBRIGHT DIGITAL HOLDING L,STK,Internet,Communications,E-Marketing/Info,COMMON,false,EDHL
852641511,PRFX,USD,NASDAQ,US,PRF TECHNOLOGIES LTD,STK,Pharmaceuticals,"Consumer, Non-cyclical",Medical-Drugs,COMMON,false,PRFX
852646518,AGMB,USD,NASDAQ,US,AGOMAB THERAPEUTICS NV,STK,Pharmaceuticals,"Consumer, Non-cyclical",Medical-Drugs,ADR,false,AGMB
852646521,CAQUU,USD,NASDAQ,US,CAMBRIDGE ACQUISITION CORP,STK,Holding Companies-Divers,Diversified,Specified Purpose Acquis,UNIT,false,CAQUU
852646524,IRHOR,USD,NASDAQ,US,IRON HORSE ACQUISITI- RIGHTS,STK,Holding Companies-Divers,Diversified,Specified Purpose Acquis,RIGHT,false,IRHOR
852646531,IRHO,USD,NASDAQ,US,IRON HORSE ACQUISITIONS CORP,STK,Holding Companies-Divers,Diversified,Specified Purpose Acquis,COMMON,false,IRHO
852646534,SGP,USD,NASDAQ,US,SPYGLASS PHARMA INC,STK,Pharmaceuticals,"Consumer, Non-cyclical",Medical-Drugs,COMMON,false,SGP
852646546,CCXI,USD,NASDAQ,US,CHURCHILL CAPITAL CORP-CL A,STK,Holding Companies-Divers,Diversified,Specified Purpose Acquis,COMMON,false,CCXI
852646551,LPCV,USD,NASDAQ,US,LAUNCHPAD CADENZA ACQUI-CL A,STK,Holding Companies-Divers,Diversified,Specified Purpose Acquis,COMMON,false,LPCV
852688950,LFTO,USD,NASDAQ,US,LIFTOFF MOBILE INC,STK,Software,Technology,Applications Software,COMMON,false,LFTO
853046979,HCTI,USD,NASDAQ,US,HEALTHCARE TRIANGLE INC,STK,Software,Technology,Medical Information Sys,COMMON,false,HCTI
853046988,ANY,USD,NASDAQ,US,SPHERE 3D CORP,STK,Software,Technology,Applications Software,COMMON,false,ANY
853046999,FGL,USD,NASDAQ,US,FOUNDER GROUP LTD-A,STK,Energy-Alternate Sources,Energy,Energy-Alternate Sources,COMMON,false,FGL
853047000,ATPC,USD,NASDAQ,US,AGAPE ATP CORP,STK,Cosmetics/Personal Care,"Consumer, Non-cyclical",Cosmetics&amp;Toiletries,COMMON,false,ATPC
853066617,ADAC,USD,NASDAQ,US,AMERICAN DRIVE ACQUISIT-CL A,STK,Holding Companies-Divers,Diversified,Specified Purpose Acquis,COMMON,false,ADAC
853066627,VHCP,USD,NASDAQ,US,VINE HILL CAPITAL INVES-CL A,STK,Holding Companies-Divers,Diversified,Specified Purpose Acquis,COMMON,false,VHCP
853406012,AIMS,USD,NASDAQ,US,ACUITAS SMALL CAP ACTIVE ETF,STK,,,,ETF,false,AIMS
853415312,CRMU,USD,NASDAQ,US,LEVERAGE SHARES 2X CRML,STK,,,,ETF,false,CRMU
853415317,DNNG,USD,NASDAQ,US,LEVERAGE SHARES 2X DNN,STK,,,,ETF,false,DNNG
853415322,UECG,USD,NASDAQ,US,LEVERAGE SHARES 2X UEC,STK,,,,ETF,false,UECG
853433549,SVIVU,USD,NASDAQ,US,SPRING VALLEY ACQUISITION CO,STK,Holding Companies-Divers,Diversified,Specified Purpose Acquis,UNIT,false,SVIVU
853434828,DBCAU,USD,NASDAQ,US,D BORAL ACQUISITION I CORP,STK,Holding Companies-Divers,Diversified,Specified Purpose Acquis,UNIT,false,DBCAU
853711934,ASMU,USD,NASDAQ,US,DIREXIN DLY ASML BULL 2X ETF,STK,,,,ETF,false,ASMU
853712624,BABU,USD,NASDAQ,US,DIREXION DAILY BABA BULL 2X,STK,,,,ETF,false,BABU
853712641,MRVU,USD,NASDAQ,US,DIREXIN DLY MRVL BULL 2X ETF,STK,,,,ETF,false,MRVU
853712654,SOFA,USD,NASDAQ,US,DIREXION DAILY SOFI BULL 2X,STK,,,,ETF,false,SOFA
853712671,IDVY,USD,NASDAQ,US,FSTR INTL RSNG DIV ACH ETF,STK,,,,ETF,false,IDVY
853712684,IACOU,USD,NASDAQ,US,IDEA ACQUISITION CORP,STK,Holding Companies-Divers,Diversified,Specified Purpose Acquis,UNIT,false,IACOU
853713878,VSECU,USD,NASDAQ,US,VSE CORP,STK,Distribution/Wholesale,"Consumer, Cyclical",Distribution/Wholesale,CONVPREFERRED,false,VSECU
853727839,MWH,USD,NASDAQ,US,SOLV ENERGY INC-CL A,STK,Energy-Alternate Sources,Energy,Energy-Alternate Sources,COMMON,false,MWH
853853079,CMIIU,USD,NASDAQ,US,COLUMBUS CIRCLE CAPITAL CORP,STK,Holding Companies-Divers,Diversified,Specified Purpose Acquis,UNIT,false,CMIIU
853853636,TMTSU,USD,NASDAQ,US,SPARTACUS ACQU CORP II,STK,Holding Companies-Divers,Diversified,Specified Purpose Acquis,UNIT,false,TMTSU
854075520,CRE,USD,NASDAQ,US,CRE8 ENTERPRISE LTD-CL A,STK,Commercial Services,"Consumer, Non-cyclical",Printing-Commercial,COMMON,false,CRE
854075530,FGNX,USD,NASDAQ,US,FG NEXUS INC,STK,Insurance,Financial,Property/Casualty Ins,COMMON,true,FGNX
854078320,DSY,USD,NASDAQ,US,BIG TREE CLOUD HOLDINGS LT-A,STK,Cosmetics/Personal Care,"Consumer, Non-cyclical",Cosmetics&amp;Toiletries,COMMON,false,DSY
854079328,BRAI,USD,NASDAQ,US,BRAIIN LTD,STK,Computers,Technology,Computer Services,COMMON,false,BRAI
854079719,FAAA,USD,NASDAQ,US,FIDELITY AAA CLO ETF,STK,,,,ETF,false,FAAA
854079720,FCLO,USD,NASDAQ,US,FIDELITY CLO ETF,STK,,,,ETF,false,FCLO
854080525,EPOW,USD,NASDAQ,US,E-POWER INC,STK,Commercial Services,"Consumer, Non-cyclical",Consulting Services,COMMON,false,EPOW
854080544,APC,USD,NASDAQ,US,ARKO PETROLEUM CORP,STK,Oil&amp;Gas,Energy,Oil Refining&amp;Marketing,COMMON,false,APC
854104740,HACQU,USD,NASDAQ,US,HCM IV ACQUISITION CORP,STK,Holding Companies-Divers,Diversified,Specified Purpose Acquis,UNIT,false,HACQU
854104952,PAACU,USD,NASDAQ,US,PROEM ACQUISITION CORP I,STK,Holding Companies-Divers,Diversified,Specified Purpose Acquis,UNIT,false,PAACU
854104957,SVAQ,USD,NASDAQ,US,SILICON VALLEY ACQUISIT-CL A,STK,Holding Companies-Divers,Diversified,Specified Purpose Acquis,COMMON,false,SVAQ
854104962,SCPQ,USD,NASDAQ,US,SOCIAL COMMERCE PARTNER CL-A,STK,Holding Companies-Divers,Diversified,Specified Purpose Acquis,COMMON,false,SCPQ
854107358,CLRS,USD,NASDAQ,US,CLEAR STREET GROUP INC-A,STK,Commercial Services,"Consumer, Non-cyclical",Commercial Serv-Finance,COMMON,false,CLRS
854519122,WTO,USD,NASDAQ,US,UTIME LTD-A,STK,Telecommunications,Communications,Wireless Equipment,COMMON,false,WTO
854523237,INTJ,USD,NASDAQ,US,INTELLIGENT GROUP LTD-A,STK,Commercial Services,"Consumer, Non-cyclical",Consulting Services,COMMON,false,INTJ
854523242,EEIQ,USD,NASDAQ,US,EPICQUEST EDUCATION GROUP IN,STK,Commercial Services,"Consumer, Non-cyclical",Schools,COMMON,false,EEIQ
854560210,AACIU,USD,NASDAQ,US,ARMADA ACQUISITION CORP III,STK,Holding Companies-Divers,Diversified,Specified Purpose Acquis,UNIT,false,AACIU
854560215,WLIIU,USD,NASDAQ,US,WILLOW LANE ACQUISITION CORP,STK,Holding Companies-Divers,Diversified,Specified Purpose Acquis,UNIT,false,WLIIU
854937757,NDLS,USD,NASDAQ,US,NOODLES & CO,STK,Retail,"Consumer, Cyclical",Retail-Restaurants,COMMON,false,NDLS
854944939,NEXR,USD,NASDAQ,US,NEXERA TECHNOLOGIES LTD,STK,Internet,Communications,E-Commerce/Products,COMMON,false,NEXR
854950292,RFAMU,USD,NASDAQ,US,RF ACQUISITION CORP III,STK,Holding Companies-Divers,Diversified,Specified Purpose Acquis,UNIT,false,RFAMU
854977971,PALOU,USD,NASDAQ,US,PALOMA ACQUISITION CORP I,STK,Holding Companies-Divers,Diversified,Specified Purpose Acquis,UNIT,false,PALOU
855463891,INTS,USD,NASDAQ,US,INTENSITY THERAPEUTICS INC,STK,Biotechnology,"Consumer, Non-cyclical",Medical-Biomedical/Gene,COMMON,false,INTS
855463897,AURE,USD,NASDAQ,US,AURELION INC,STK,Diversified Finan Serv,Financial,Finance-Other Services,COMMON,false,AURE
855463900,ZDAI,USD,NASDAQ,US,DIRECTBOOKING TECHNOLOGY- A,STK,Engineering&amp;Construction,Industrial,Building-Heavy Construct,COMMON,false,ZDAI
855465651,SUIS,USD,NASDAQ,US,CANARY SUI ETF,STK,,,,ETF,false,SUIS
855498193,SVRE,USD,NASDAQ,US,SAVERONE 2014 LTD -ADR,STK,Auto Parts&amp;Equipment,"Consumer, Cyclical",Auto/Trk Prts&amp;Equip-Orig,ADR,false,SVRE
855750493,ADVB,USD,NASDAQ,US,ADVANCED BIOMED INC,STK,Biotechnology,"Consumer, Non-cyclical",Medical-Biomedical/Gene,COMMON,false,ADVB
855750507,BYAH,USD,NASDAQ,US,PARK HA BIOLOGICAL TECH-A,STK,Cosmetics/Personal Care,"Consumer, Non-cyclical",Cosmetics&amp;Toiletries,COMMON,false,BYAH
855753473,AXPG,USD,NASDAQ,US,LEVERAGE SHARES 2X AXP,STK,,,,ETF,false,AXPG
855753563,FCXG,USD,NASDAQ,US,LEVERAGE SHARES 2X FCX,STK,,,,ETF,false,FCXG
855753566,TRUC,USD,NASDAQ,US,VANECK COM SERVICES TRUS ETF,STK,,,,ETF,false,TRUC
855753570,XDEF,USD,NASDAQ,US,XTRACKERS EUR DEF TECH ETF,STK,,,,ETF,false,XDEF
855753575,CAST,USD,NASDAQ,US,FREECAST INC-A,STK,Media,Communications,Broadcast Serv/Program,COMMON,false,CAST
855758909,ACAAU,USD,NASDAQ,US,AVERIN CAPITAL ACQUISITION C,STK,Holding Companies-Divers,Diversified,Specified Purpose Acquis,UNIT,false,ACAAU
855758912,AACOU,USD,NASDAQ,US,ABONY ACQUISITION CORP I,STK,Holding Companies-Divers,Diversified,Specified Purpose Acquis,UNIT,false,AACOU
855784953,AIDX,USD,NASDAQ,US,20/20 BIOLABS INC,STK,Healthcare-Products,"Consumer, Non-cyclical",Diagnostic Kits,COMMON,false,AIDX
855786675,MEVO,USD,NASDAQ,US,M EVO GLOBAL ACQUISITIO-CL A,STK,Holding Companies-Divers,Diversified,Specified Purpose Acquis,COMMON,false,MEVO
856690426,BTM,USD,NASDAQ,US,BITCOIN DEPOT INC,STK,Commercial Services,"Consumer, Non-cyclical",Commercial Serv-Finance,COMMON,false,BTM
856693323,IVSX,USD,NASDAQ,US,APPLIED FINANC IVS INTL SMID,STK,,,,ETF,false,IVSX
856694807,ROC,USD,NASDAQ,US,RANK ONE COMPUTING CORP,STK,Computers,Technology,Computer Data Security,COMMON,false,ROC
856721919,GAING,USD,NASDAQ,US,GLADSTONE INVESTMENT CORP,STK,Investment Companies,Financial,Investment Companies,PREFERRED,false,GAING
857032766,TRNR,USD,NASDAQ,US,INTERACTIVE STRENGTH INC,STK,Software,Technology,Applications Software,COMMON,false,TRNR
857032774,RPGL,USD,NASDAQ,US,REPUBLIC POWER GROUP LTD,STK,Software,Technology,Enterprise Software/Serv,COMMON,false,RPGL
857082133,CTAAU,USD,NASDAQ,US,CLEARTHINK 1 ACQUISITION COR,STK,Holding Companies-Divers,Diversified,Specified Purpose Acquis,UNIT,false,CTAAU
857686351,TSUI,USD,NASDAQ,US,21SHARES SUI ETF,STK,,,,ETF,false,TSUI
857691283,LFWD,USD,NASDAQ,US,LIFEWARD LTD,STK,Healthcare-Products,"Consumer, Non-cyclical",Medical Products,COMMON,false,LFWD
857733908,KTWO,USD,NASDAQ,US,K2 CAPITAL ACQUISITION-CL A,STK,Holding Companies-Divers,Diversified,Specified Purpose Acquis,COMMON,false,KTWO
857733915,KTWOR,USD,NASDAQ,US,K2 CAPITAL ACQUISITION C-RTS,STK,Holding Companies-Divers,Diversified,Specified Purpose Acquis,RIGHT,false,KTWOR
858150318,ALOY,USD,NASDAQ,US,REALLOYS INC,STK,Mining,Basic Materials,Diversified Minerals,COMMON,true,ALOY
858151827,NUCL,USD,NASDAQ,US,EAGLE NUCLEAR ENERGY CORP,STK,Mining,Basic Materials,Non-Ferrous Metals,COMMON,true,NUCL
858195779,DBCA,USD,NASDAQ,US,D. BORAL ACQUISITION I-CL A,STK,Holding Companies-Divers,Diversified,Specified Purpose Acquis,COMMON,false,DBCA
858465697,SOLT,USD,NASDAQ,US,2X SOLANA ETF,STK,,,,ETF,true,SOLT
858465700,IXHL,USD,NASDAQ,US,INCANNEX HEALTHCARE INC,STK,Biotechnology,"Consumer, Non-cyclical",Medical-Biomedical/Gene,COMMON,true,IXHL
858465707,XRPT,USD,NASDAQ,US,2X XRP ETF,STK,,,,ETF,true,XRPT
858465712,PTLE,USD,NASDAQ,US,PTL LTD-A,STK,Investment Companies,Financial,Investment Companies,COMMON,false,PTLE
858466291,VCIG,USD,NASDAQ,US,VCI GLOBAL LTD,STK,Computers,Technology,Computer Services,COMMON,false,VCIG
858466381,BAIV,USD,NASDAQ,US,BRWN ADVSRY INTRNTNL V S ETF,STK,,,,ETF,false,BAIV
858466387,MYHA,USD,NASDAQ,US,STATE STREET MY2027 HIGH YLD,STK,,,,ETF,false,MYHA
858466390,MYHB,USD,NASDAQ,US,STATE STREET MY2028 HIGH YLD,STK,,,,ETF,false,MYHB
858466393,MYHC,USD,NASDAQ,US,STATE STREET MY2029 HIGH YLD,STK,,,,ETF,false,MYHC
858466396,MYHD,USD,NASDAQ,US,STATE STREET MY2030 HIGH YLD,STK,,,,ETF,false,MYHD
858466400,MYHE,USD,NASDAQ,US,STATE STREET MY2031 HIGH YLD,STK,,,,ETF,false,MYHE
858475815,RNA,USD,NASDAQ,US,ATRIUM THERAPEUTICS INC,STK,Pharmaceuticals,"Consumer, Non-cyclical",Medical-Drugs,COMMON,false,RNA
858493880,FVAV,USD,NASDAQ,US,FORTRESS VALUE ACQUIS V-CL A,STK,Holding Companies-Divers,Diversified,Specified Purpose Acquis,COMMON,false,FVAV
858494143,RFAMR,USD,NASDAQ,US,RF ACQUISITION CORP III,STK,Holding Companies-Divers,Diversified,Specified Purpose Acquis,RIGHT,false,RFAMR
858494146,RFAM,USD,NASDAQ,US,RF ACQUISITION CORP III,STK,Holding Companies-Divers,Diversified,Specified Purpose Acquis,COMMON,false,RFAM
858494151,TRGSU,USD,NASDAQ,US,TRG LATIN AMERICA ACQUISITIO,STK,Holding Companies-Divers,Diversified,Specified Purpose Acquis,UNIT,false,TRGSU
858494163,ARTC,USD,NASDAQ,US,ART TECHNOLOGY ACQUISIT-CL A,STK,Holding Companies-Divers,Diversified,Specified Purpose Acquis,COMMON,false,ARTC
858494166,IDACU,USD,NASDAQ,US,IRON DOME ACQUISITION I CORP,STK,Holding Companies-Divers,Diversified,Specified Purpose Acquis,UNIT,false,IDACU
858902067,SFHG,USD,NASDAQ,US,SAMFINE CREATION HLD GR-CL A,STK,Commercial Services,"Consumer, Non-cyclical",Printing-Commercial,COMMON,false,SFHG
859001506,PPBT,USD,NASDAQ,US,PURPLE BIOTECH LTD-ADR,STK,Pharmaceuticals,"Consumer, Non-cyclical",Medical-Drugs,ADR,true,PPBT
859027020,GENB,USD,NASDAQ,US,GENERATE BIOMEDICINES INC,STK,Biotechnology,"Consumer, Non-cyclical",Medical-Biomedical/Gene,COMMON,false,GENB
859030236,ZCMD,USD,NASDAQ,US,ZHONGCHAO INC-CLASS A,STK,Internet,Communications,Internet Content-Info/Ne,COMMON,false,ZCMD
859047311,CMII,USD,NASDAQ,US,COLUMBUS CIRCLE CAPITAL CO-A,STK,Holding Companies-Divers,Diversified,Specified Purpose Acquis,COMMON,false,CMII
859051741,ILLUU,USD,NASDAQ,US,ILLUMINATION ACQUISITION COR,STK,Holding Companies-Divers,Diversified,Specified Purpose Acquis,UNIT,false,ILLUU
859051745,SSAC,USD,NASDAQ,US,SPACSPHERE ACQUISITION-CL A,STK,Holding Companies-Divers,Diversified,Specified Purpose Acquis,COMMON,false,SSAC
859051748,SSACR,USD,NASDAQ,US,SPACSPHERE ACQUISITION C-RTS,STK,Holding Companies-Divers,Diversified,Specified Purpose Acquis,RIGHT,false,SSACR
859051755,SORN,USD,NASDAQ,US,SOREN ACQUISITION CORP-CL A,STK,Holding Companies-Divers,Diversified,Specified Purpose Acquis,COMMON,false,SORN
859479413,MRDN,USD,NASDAQ,US,MERIDIAN HOLDINGS INC,STK,Software,Technology,Entertainment Software,COMMON,true,MRDN
859490073,SVIV,USD,NASDAQ,US,SPRING VALLEY ACQUISITIO-A,STK,Holding Companies-Divers,Diversified,Specified Purpose Acquis,COMMON,false,SVIV
860459783,AEHL,USD,NASDAQ,US,ANTELOPE ENTERPRISE HOLDINGS,STK,Miscellaneous Manufactur,Industrial,Advanced Materials/Prd,COMMON,false,AEHL
860471331,SPRC,USD,NASDAQ,US,SCISPARC LTD,STK,Pharmaceuticals,"Consumer, Non-cyclical",Medical-Drugs,COMMON,false,SPRC
860489564,IPFXU,USD,NASDAQ,US,INFLECTION POINT ACQUISITION,STK,Holding Companies-Divers,Diversified,Specified Purpose Acquis,UNIT,false,IPFXU
860490254,SUMAU,USD,NASDAQ,US,SUMA ACQUISITION CORP,STK,Holding Companies-Divers,Diversified,Specified Purpose Acquis,UNIT,false,SUMAU
860926070,TVGN,USD,NASDAQ,US,TEVOGEN BIO HOLDINGS INC,STK,Biotechnology,"Consumer, Non-cyclical",Medical-Biomedical/Gene,COMMON,false,TVGN
860926076,GSIW,USD,NASDAQ,US,GARDEN STAGE LTD-A,STK,Diversified Finan Serv,Financial,Finance-Other Services,COMMON,false,GSIW
860926083,WCT,USD,NASDAQ,US,WELLCHANGE HOLDINGS CO LTD-A,STK,Software,Technology,Applications Software,COMMON,false,WCT
860930694,EVPF,USD,NASDAQ,US,EATON VAN PREF SEC INC ETF,STK,,,,ETF,false,EVPF
860930697,MMED,USD,NASDAQ,US,MINIMED GROUP INC,STK,Healthcare-Products,"Consumer, Non-cyclical",Medical Products,COMMON,true,MMED
860932840,TSLS,USD,NASDAQ,US,DIREXION DAILY TSLA BEAR 1X,STK,,,,ETF,true,TSLS
861432399,DUKR,USD,NASDAQ,US,DUKE ROBOTICS CORP,STK,Aerospace/Defense,Industrial,Aerospace/Defense,COMMON,false,DUKR
861432401,DCOY,USD,NASDAQ,US,DECOY THERAPEUTICS INC,STK,Biotechnology,"Consumer, Non-cyclical",Medical-Biomedical/Gene,COMMON,false,DCOY
861433946,AVOS,USD,NASDAQ,US,AVOS GLOBAL EQUITIES ETF,STK,,,,ETF,false,AVOS
861451206,TDOT,USD,NASDAQ,US,21SHARES POLKADOT ETF,STK,,,,ETF,false,TDOT
861451209,OIM,USD,NASDAQ,US,ONEIM ACQUISITION CL-A,STK,Holding Companies-Divers,Diversified,Specified Purpose Acquis,COMMON,false,OIM
861863544,MUD,USD,NASDAQ,US,DIREXION DAILY MU BEAR 1X ET,STK,,,,ETF,false,MUD
861863549,APPX,USD,NASDAQ,US,TRADR 2X LONG APP DAILY ETF,STK,,,,ETF,true,APPX
861863554,KIDZ,USD,NASDAQ,US,CLASSOVER HOLDINGS INC-CL B,STK,Internet,Communications,Internet Content-Info/Ne,COMMON,false,KIDZ
861863559,ARTL,USD,NASDAQ,US,ARTELO BIOSCIENCES INC,STK,Biotechnology,"Consumer, Non-cyclical",Medical-Biomedical/Gene,COMMON,false,ARTL
861863560,ELAB,USD,NASDAQ,US,PMGC HOLDINGS INC,STK,Cosmetics/Personal Care,"Consumer, Non-cyclical",Cosmetics&amp;Toiletries,COMMON,false,ELAB
862499561,WLDS,USD,NASDAQ,US,WEARABLE DEVICES LTD,STK,Home Furnishings,"Consumer, Cyclical",Audio/Video Products,COMMON,false,WLDS
862499856,FGII,USD,NASDAQ,US,FG IMPERII ACQUISITION-CL A,STK,Holding Companies-Divers,Diversified,Specified Purpose Acquis,COMMON,false,FGII
862499861,GLWG,USD,NASDAQ,US,LEVERAGE SHARES 2X GLW,STK,,,,ETF,true,GLWG
862499866,LVIG,USD,NASDAQ,US,LONGVIEW ADVNTG FXD INCM ETF,STK,,,,ETF,false,LVIG
862541826,IEAG,USD,NASDAQ,US,INFINITE EAGLE CL-A,STK,Holding Companies-Divers,Diversified,Specified Purpose Acquis,COMMON,false,IEAG
862542821,IEAGR,USD,NASDAQ,US,INFINITE EAGLE ACQUIS-RIGHTS,STK,Holding Companies-Divers,Diversified,Specified Purpose Acquis,RIGHT,false,IEAGR
862912885,ZNB,USD,NASDAQ,US,ZETA NETWORK GROUP,STK,Internet,Communications,Internet Content-Info/Ne,COMMON,false,ZNB
862912896,FWDI,USD,NASDAQ,US,FORWARD INDUSTRIES INC/NEW,STK,,,,COMMON,true,FWDI
862912901,ELPW,USD,NASDAQ,US,ELONG POWER HOLDING-A,STK,Auto Manufacturers,"Consumer, Cyclical",Auto-Med&amp;Heavy Duty Trks,COMMON,false,ELPW
863002685,CLIR,USD,NASDAQ,US,CLEARSIGN TECHNOLOGIES CORP,STK,Distribution/Wholesale,"Consumer, Cyclical",Distribution/Wholesale,COMMON,false,CLIR
863268461,STFS,USD,NASDAQ,US,STAR FASHION CULTURE HLDG-A,STK,Advertising,Communications,Advertising Services,COMMON,false,STFS
863268470,KXIN,USD,NASDAQ,US,KAIXIN HOLDINGS,STK,Retail,"Consumer, Cyclical",Retail-Automobile,COMMON,false,KXIN
863271867,ETHB,USD,NASDAQ,US,ISHR STAKED ETHER TRST ETF,STK,,,,ETF,true,ETHB
863272573,WAMA,USD,NASDAQ,US,WT US ADAPTIVE MV AVG FUND,STK,,,,ETF,false,WAMA
863272578,WIMA,USD,NASDAQ,US,WT INT ADPT MA FUND,STK,,,,ETF,false,WIMA
863272583,ENHI,USD,NASDAQ,US,ISHRS ENHANCED INTL ACT ETF,STK,,,,ETF,false,ENHI
863275094,PAYP,USD,NASDAQ,US,PAYPAY CORP,STK,Commercial Services,"Consumer, Non-cyclical",Commercial Serv-Finance,ADR,true,PAYP
863278073,DETX,USD,NASDAQ,US,LIBERTY DEFENSE HOLDINGS LTD,STK,Electronics,Industrial,Electronic Secur Devices,COMMON,false,DETX
863279715,XCBE,USD,NASDAQ,US,X3 ACQUISITION CORP LTD-CL A,STK,Holding Companies-Divers,Diversified,Specified Purpose Acquis,COMMON,false,XCBE
863831915,HBIO,USD,NASDAQ,US,HARVARD BIOSCIENCE INC,STK,Biotechnology,"Consumer, Non-cyclical",Medical-Biomedical/Gene,COMMON,false,HBIO
863831930,XLO,USD,NASDAQ,US,XILIO THERAPEUTICS INC,STK,Biotechnology,"Consumer, Non-cyclical",Medical-Biomedical/Gene,COMMON,false,XLO
863831935,DXST,USD,NASDAQ,US,DECENT HOLDING INC-A,STK,Environmental Control,Industrial,Environ Consulting&amp;Eng,COMMON,false,DXST
863831936,ZJYL,USD,NASDAQ,US,JIN MEDICAL INTERNATIONAL-A,STK,Investment Companies,Financial,Investment Companies,COMMON,false,ZJYL
863831941,SKYQ,USD,NASDAQ,US,SKY QUARRY INC,STK,Environmental Control,Industrial,Remediation Services,COMMON,false,SKYQ
863831946,MASK,USD,NASDAQ,US,3 E NETWORK TECHNOLOGY GRP-A,STK,Software,Technology,Applications Software,COMMON,false,MASK
863831966,NIVF,USD,NASDAQ,US,NEWGENIVF GROUP LTD-A,STK,Healthcare-Services,"Consumer, Non-cyclical",Medical-Outptnt/Home Med,COMMON,false,NIVF
863865186,GAVA,USD,NASDAQ,US,GRAYSCALE AVALANCHE STAKING,STK,,,,ETF,false,GAVA
863865887,PONOU,USD,NASDAQ,US,PONO CAPITAL FOUR INC,STK,Holding Companies-Divers,Diversified,Specified Purpose Acquis,UNIT,false,PONOU
863865897,ALOV,USD,NASDAQ,US,ALDABRA 4 LIQUIDITY OPP-CL A,STK,Holding Companies-Divers,Diversified,Specified Purpose Acquis,COMMON,false,ALOV
863865900,ARCI,USD,NASDAQ,US,ARCHIMEDES TECH SPAC PARTNER,STK,Holding Companies-Divers,Diversified,Specified Purpose Acquis,COMMON,false,ARCI
864271115,FNUC,USD,NASDAQ,US,FRONTIER NUCLEAR AND MINERAL,STK,Mining,Basic Materials,Diversified Minerals,COMMON,false,FNUC
864274084,SQS,USD,NASDAQ,US,SAPIENT QUALITY SELECT ETF,STK,,,,ETF,false,SQS
864278513,TLG,USD,NASDAQ,US,TOUCHSTONE LRG COMP GRW ETF,STK,,,,ETF,false,TLG
864281507,OXLCM,USD,NASDAQ,US,OXLC NASDAQ PFD,STK,Closed-end Funds,Financial,Closed-end Funds,PREFERRED,false,OXLCM
864322426,PTOR,USD,NASDAQ,US,PRAETORIAN ACQUISITION COR-A,STK,Holding Companies-Divers,Diversified,Specified Purpose Acquis,COMMON,false,PTOR
864324684,SWMR,USD,NASDAQ,US,SWARMER INC,STK,Software,Technology,Applications Software,COMMON,false,SWMR
864856617,MRLN,USD,NASDAQ,US,MERLIN INC,STK,Aerospace/Defense,Industrial,Aerospace/Defense-Equip,COMMON,true,MRLN
865203863,MSTX,USD,NASDAQ,US,DEFIANCE DLY TRG 2X LNG MSTR,STK,,,,ETF,true,MSTX
865203864,RGTX,USD,NASDAQ,US,DEFIANCE DAILY T2XL RGTI ETF,STK,,,,ETF,true,RGTX
865203873,SOUX,USD,NASDAQ,US,DEFIANCE DT 2XL SOUN ETF,STK,,,,ETF,false,SOUX
865203876,IONX,USD,NASDAQ,US,DEFIANCE DLY T 2X L IONQ ETF,STK,,,,ETF,true,IONX
865203883,HOOX,USD,NASDAQ,US,DEFIANCE D TAR 2X L HOOD ETF,STK,,,,ETF,true,HOOX
865203886,VSTL,USD,NASDAQ,US,DEFIA DAILY TAR 2X L VST ETF,STK,,,,ETF,false,VSTL
865203888,HIMZ,USD,NASDAQ,US,DEFIANCE DT 2X LONG HIMS ETF,STK,,,,ETF,true,HIMZ
865203898,SMCX,USD,NASDAQ,US,DEFIANCE DLY TRG 2X LNG SMCI,STK,,,,ETF,true,SMCX
865203917,BCACU,USD,NASDAQ,US,BROOKLINE CAPITAL ACQUISITIO,STK,Holding Companies-Divers,Diversified,Specified Purpose Acquis,UNIT,false,BCACU
865203923,QEW,USD,NASDAQ,US,INVESCO QQQ EQUAL WEIGHT ETF,STK,,,,ETF,false,QEW
865203926,BHDG,USD,NASDAQ,US,NICHOLAS BITCOIN TAIL ETF,STK,,,,ETF,false,BHDG
865214448,MNVT,USD,NASDAQ,US,MOONVEST ETF,STK,,,,ETF,false,MNVT
865214453,XSLL,USD,NASDAQ,US,XSOLLA SPAC 1-CL A,STK,Holding Companies-Divers,Diversified,Specified Purpose Acquis,COMMON,false,XSLL
865714508,ORGN,USD,NASDAQ,US,ORIGIN MATERIALS INC,STK,Chemicals,Basic Materials,Chemicals-Specialty,COMMON,false,ORGN
865714514,DKNX,USD,NASDAQ,US,DEFIANC D TRGT 2X L DKNG ETF,STK,,,,ETF,false,DKNX
865714519,CIIT,USD,NASDAQ,US,TIANCI INTERNATIONAL INC,STK,Investment Companies,Financial,Investment Companies,COMMON,false,CIIT
865714520,ORCX,USD,NASDAQ,US,DEFINCE D TRGT 2X L ORCL ETF,STK,,,,ETF,true,ORCX
865714599,ROCY,USD,NASDAQ,US,JPMORGAN EQUITY PREM YLD ETF,STK,,,,ETF,false,ROCY
865714600,ROCQ,USD,NASDAQ,US,JPMRGN NSDQ EQTY PRM YLD ETF,STK,,,,ETF,false,ROCQ
865724172,BDRX,USD,NASDAQ,US,BIODEXA PHARMACEUTICALS-ADR,STK,Pharmaceuticals,"Consumer, Non-cyclical",Medical-Drugs,ADR,false,BDRX
865765539,BHAVU,USD,NASDAQ,US,BHAV ACQUISITION CORP,STK,Holding Companies-Divers,Diversified,Specified Purpose Acquis,UNIT,false,BHAVU
865765800,GIXXR,USD,NASDAQ,US,GIGCAPITAL9 CORP-RTS,STK,Holding Companies-Divers,Diversified,Specified Purpose Acquis,RIGHT,false,GIXXR
865765805,GIX,USD,NASDAQ,US,GIGCAPITAL9 CORP-CL A,STK,Holding Companies-Divers,Diversified,Specified Purpose Acquis,COMMON,false,GIX
865765820,MLAA,USD,NASDAQ,US,MOUNTAIN LAKE ACQUISITI-CL A,STK,Holding Companies-Divers,Diversified,Specified Purpose Acquis,COMMON,false,MLAA
865765828,SAAQ,USD,NASDAQ,US,SPACE ASSET ACQUISITION-CL A,STK,Holding Companies-Divers,Diversified,Specified Purpose Acquis,COMMON,false,SAAQ
866502691,MST,USD,NASDAQ,US,DEFIANCE LEV L+ INC MSTR ETF,STK,,,,ETF,true,MST
866502700,JDZG,USD,NASDAQ,US,JIADE LTD CL-A,STK,Software,Technology,Educational Software,COMMON,false,JDZG
866505666,RKLZ,USD,NASDAQ,US,DEF DAILY T2X SHORT RKLB ETF,STK,,,,ETF,false,RKLZ
866505731,YYGH,USD,NASDAQ,US,YY GROUP HOLDING LTD-CLASS A,STK,Commercial Services,"Consumer, Non-cyclical",Commercial Services,COMMON,false,YYGH
866505740,AZI,USD,NASDAQ,US,AUTOZI INTERNET TECHNOLOGY G,STK,Retail,"Consumer, Cyclical",Retail-Automobile,COMMON,false,AZI
866505751,EUDA,USD,NASDAQ,US,EUDA HEALTH HOLDINGS LTD,STK,Healthcare-Services,"Consumer, Non-cyclical",Medical Labs&amp;Testing Srv,COMMON,false,EUDA
866506832,OSCX,USD,NASDAQ,US,DEF DAILY T2X LONG OSCR,STK,,,,ETF,false,OSCX
866508537,AVXX,USD,NASDAQ,US,DFNCE DLY TGT 2X LG AVAV ETF,STK,,,,ETF,false,AVXX
866508540,QPUX,USD,NASDAQ,US,DFINC 2X D LNG PURE QUNT ETF,STK,,,,ETF,true,QPUX
866508546,QBTZ,USD,NASDAQ,US,DEF DAILY T2X SHORT QBTS,STK,,,,ETF,true,QBTZ
866512671,HQ,USD,NASDAQ,US,HORIZON QUANTUM HOLDING-CL A,STK,Software,Technology,Computer Software,COMMON,false,HQ
866563996,FMACU,USD,NASDAQ,US,FUTURE MONEY ACQUISITION COR,STK,Holding Companies-Divers,Diversified,Specified Purpose Acquis,UNIT,false,FMACU
866564210,KRAQ,USD,NASDAQ,US,KRAKACQUISITION CORP-CL A,STK,Holding Companies-Divers,Diversified,Specified Purpose Acquis,COMMON,false,KRAQ
866564221,NBRGR,USD,NASDAQ,US,NEWBRIDGE ACQUISITIO- RIGHTS,STK,Holding Companies-Divers,Diversified,Specified Purpose Acquis,RIGHT,false,NBRGR
866564226,NBRG,USD,NASDAQ,US,NEWBRIDGE ACQUISITION LTD-A,STK,Holding Companies-Divers,Diversified,Specified Purpose Acquis,COMMON,false,NBRG
866909606,TOUR,USD,NASDAQ,US,TUNIU CORP-SPON ADR,STK,Leisure Time,"Consumer, Cyclical",Travel Services,ADR,true,TOUR
866924926,MUZE,USD,NASDAQ,US,MUZERO ACQUISITION CORP-CL A,STK,Holding Companies-Divers,Diversified,Specified Purpose Acquis,COMMON,false,MUZE
867809614,VIVK,USD,NASDAQ,US,VIVAKOR INC,STK,Pipelines,Energy,Pipelines,COMMON,false,VIVK
867809840,ONCO,,,,ONCONETIX INC,STK,Biotechnology,"Consumer, Non-cyclical",Medical-Biomedical/Gene,COMMON,false,
867809850,XTLB,USD,NASDAQ,US,XTL BIOPHARMACEUTICALS-ADR,STK,Biotechnology,"Consumer, Non-cyclical",Medical-Biomedical/Gene,ADR,false,XTLB
867879627,MYXXU,USD,NASDAQ,US,MAYWOOD ACQUISITION CORP 2,STK,Holding Companies-Divers,Diversified,Specified Purpose Acquis,UNIT,false,MYXXU
868137808,RENX,USD,NASDAQ,US,RENX ENTERPRISES CORP,STK,Real Estate,Financial,Real Estate Oper/Develop,COMMON,false,RENX
868497441,ADV,USD,NASDAQ,US,ADVANTAGE SOLUTIONS INC,STK,Advertising,Communications,Advertising Services,COMMON,false,ADV
868497444,TRUG,USD,NASDAQ,US,TRUGOLF HOLDINGS INC-CL A,STK,Entertainment,"Consumer, Cyclical",Resorts/Theme Parks,COMMON,false,TRUG
868497454,CDT,USD,NASDAQ,US,CDT EQUITY INC,STK,Biotechnology,"Consumer, Non-cyclical",Medical-Biomedical/Gene,COMMON,false,CDT
868497461,IVF,USD,NASDAQ,US,INVO FERTILITY INC,STK,Healthcare-Services,"Consumer, Non-cyclical",Medical-Outptnt/Home Med,COMMON,false,IVF
868499891,LBGJ,USD,NASDAQ,US,LI BANG INT CORP I- A,STK,Building Materials,Industrial,Bldg&amp;Construct Prod-Misc,COMMON,false,LBGJ
868499908,VBCA,USD,NASDAQ,US,VANGRD TRGT MAT 2027 CB ETF,STK,,,,ETF,false,VBCA
868499915,VBCB,USD,NASDAQ,US,VANGRD TRGT MAT 2028 CB ETF,STK,,,,ETF,false,VBCB
868499918,VBCC,USD,NASDAQ,US,VANGRD TRGT MAT 2029 CB ETF,STK,,,,ETF,false,VBCC
868499920,VBCD,USD,NASDAQ,US,VANGRD TRGT MAT 2030 CB ETF,STK,,,,ETF,false,VBCD
868499925,VBCE,USD,NASDAQ,US,VANGRD TRGT MAT 2031 CB ETF,STK,,,,ETF,false,VBCE
868499930,VBCF,USD,NASDAQ,US,VANGRD TRGT MAT 2032 CB ETF,STK,,,,ETF,false,VBCF
868499935,VBCG,USD,NASDAQ,US,VANGRD TRGT MAT 2033 CB ETF,STK,,,,ETF,false,VBCG
868499939,VBCH,USD,NASDAQ,US,VANGRD TRGT MAT 2034 CB ETF,STK,,,,ETF,false,VBCH
868499942,VBCI,USD,NASDAQ,US,VANGRD TRGT MAT 2035 CB ETF,STK,,,,ETF,false,VBCI
868499948,VBCJ,USD,NASDAQ,US,VANGRD TRGT MAT 2036 CB ETF,STK,,,,ETF,false,VBCJ
868499954,IBTR,USD,NASDAQ,US,ISHARS IBOND DEC 2036 TT ETF,STK,,,,ETF,false,IBTR
868499959,IBGC,USD,NASDAQ,US,ISHA IBONDS DEC 2046 TE ETF,STK,,,,ETF,false,IBGC
868499960,IBGM,USD,NASDAQ,US,ISHARES IBOND DEC 2056 T ETF,STK,,,,ETF,false,IBGM
868499965,AACI,USD,NASDAQ,US,ARMADA ACQ CORP III-A,STK,Holding Companies-Divers,Diversified,Specified Purpose Acquis,COMMON,false,AACI
868507585,XRTX,USD,NASDAQ,US,XORTX THERAPEUTICS INC,STK,Biotechnology,"Consumer, Non-cyclical",Medical-Biomedical/Gene,COMMON,false,XRTX
868507595,GLND,USD,NASDAQ,US,GREENLAND ENERGY CO,STK,Oil&amp;Gas,Energy,Oil Comp-Explor&amp;Prodtn,COMMON,false,GLND
868515662,FBLG,USD,NASDAQ,US,FIBROBIOLOGICS INC,STK,Biotechnology,"Consumer, Non-cyclical",Medical-Biomedical/Gene,COMMON,false,FBLG
868946618,ATXG,USD,NASDAQ,US,ADDENTAX GROUP CORP,STK,Commercial Services,"Consumer, Non-cyclical",Printing-Commercial,COMMON,false,ATXG
868946623,EJH,USD,NASDAQ,US,E-HOME HOUSEHOLD SERVICE,STK,Retail,"Consumer, Cyclical",Retail-Appliances,COMMON,false,EJH
868953512,SVRN,USD,NASDAQ,US,OCEANPAL INC,STK,Transportation,Industrial,Transport-Marine,COMMON,false,SVRN
868969774,CYAB,USD,NASDAQ,US,CYABRA INC,STK,Software,Technology,Applications Software,COMMON,false,CYAB
868969776,XNDU,USD,NASDAQ,US,XANADU QUANTUM TECH-CL B,STK,Computers,Technology,Computers,COMMON,true,XNDU
868971125,MODD,USD,NASDAQ,US,MODULAR MEDICAL INC,STK,Pharmaceuticals,"Consumer, Non-cyclical",Drug Delivery Systems,COMMON,false,MODD
868982522,AACPU,USD,NASDAQ,US,APOGEE ACQUISITION CORP,STK,Holding Companies-Divers,Diversified,Specified Purpose Acquis,UNIT,false,AACPU
869296580,AKTX,USD,NASDAQ,US,AKARI THERAPEUTICS PLC-ADR,STK,Pharmaceuticals,"Consumer, Non-cyclical",Medical-Drugs,ADR,false,AKTX
869296590,PAVS,USD,NASDAQ,US,PARANOVUS ENTERTAINMENT TECH,STK,Pharmaceuticals,"Consumer, Non-cyclical",Medical-Drugs,COMMON,false,PAVS
869314603,CAQ,USD,NASDAQ,US,CAMBRIDGE ACQUISITION CORP-A,STK,Holding Companies-Divers,Diversified,Specified Purpose Acquis,COMMON,false,CAQ
869314606,HCIC,USD,NASDAQ,US,HENNESSY CAPITAL INVEST-A,STK,Holding Companies-Divers,Diversified,Specified Purpose Acquis,COMMON,false,HCIC
869314608,HCICR,USD,NASDAQ,US,HENNESSY CAPITAL INVESTM-RTS,STK,Holding Companies-Divers,Diversified,Specified Purpose Acquis,RIGHT,false,HCICR
869892464,MRAL,USD,NASDAQ,US,GRANITE 2X LONG MARA ETF,STK,,,,ETF,true,MRAL
869892469,UCAR,USD,NASDAQ,US,U POWER LTD-A,STK,Retail,"Consumer, Cyclical",Retail-Misc/Diversified,COMMON,false,UCAR
869892474,AUUD,USD,NASDAQ,US,AUDDIA INC,STK,Software,Technology,Applications Software,COMMON,false,AUUD
869927249,SMCL,USD,NASDAQ,US,GRANITESHARES 2X L SMCI ETF,STK,,,,ETF,true,SMCL
869927286,MSTP,USD,NASDAQ,US,GRANITE 2X LONG MSTR ETF,STK,,,,ETF,false,MSTP
870203066,PSTV,USD,NASDAQ,US,PLUS THERAPEUTICS INC,STK,Biotechnology,"Consumer, Non-cyclical",Medical-Biomedical/Gene,COMMON,false,PSTV
870203079,NCT,USD,NASDAQ,US,INTERCONT CAYMAN LTD CLASS A,STK,Transportation,Industrial,Transport-Marine,COMMON,false,NCT
870205620,TAOZ,USD,NASDAQ,US,THORNBURG AMER OPPO FUND,STK,,,,ETF,false,TAOZ
870205630,TFGZ,USD,NASDAQ,US,THORNBURG FOCUS GROWTH FUND,STK,,,,ETF,false,TFGZ
870211921,ONCY,USD,NASDAQ,US,ONCOLYTICS BIOTECH INC,STK,Pharmaceuticals,"Consumer, Non-cyclical",Therapeutics,COMMON,false,ONCY
870217286,CSHR,USD,NASDAQ,US,COINSHARES PLC,STK,Diversified Finan Serv,Financial,Invest Mgmnt/Advis Serv,COMMON,true,CSHR
870217292,HMH,USD,NASDAQ,US,HMH HOLDING INC CL-A,STK,Oil&amp;Gas Services,Energy,Oil-Field Services,COMMON,false,HMH
870237265,INDQ,USD,NASDAQ,US,PACER AA IN QTY ETF,STK,,,,ETF,false,INDQ
870512079,GNLN,USD,NASDAQ,US,GREENLANE HOLDINGS INC - A,STK,Agriculture,"Consumer, Non-cyclical",Tobacco,COMMON,false,GNLN
870512081,HTCR,USD,NASDAQ,US,HEARTCORE ENTERPRISES INC,STK,Software,Technology,Enterprise Software/Serv,COMMON,false,HTCR
870512084,LNKS,USD,NASDAQ,US,LINKERS INDUSTRIES LTD-A,STK,Electronics,Industrial,Electronic Compo-Misc,COMMON,false,LNKS
870512091,INLF,USD,NASDAQ,US,INLIF LTD-A,STK,Miscellaneous Manufactur,Industrial,Firearms&amp;Ammunition,COMMON,false,INLF
870512098,HKIT,USD,NASDAQ,US,HITEK GLOBAL INC-CL A,STK,Computers,Technology,Computer Services,COMMON,false,HKIT
870512104,BCAB,USD,NASDAQ,US,BIOATLA INC,STK,Biotechnology,"Consumer, Non-cyclical",Medical-Biomedical/Gene,COMMON,false,BCAB
870514663,AIIO,USD,NASDAQ,US,ROBO.AI INC,STK,Auto Manufacturers,"Consumer, Cyclical",Auto-Cars/Light Trucks,COMMON,false,AIIO
870514669,SKK,USD,NASDAQ,US,SKK HOLDINGS LTD-CLASS A,STK,Engineering&amp;Construction,Industrial,Engineering/R&amp;D Services,COMMON,false,SKK
870514678,PCPI,USD,NASDAQ,US,PIMCO INF PLUS ACTIVE ETF,STK,,,,ETF,false,PCPI
870514681,TRUF,USD,NASDAQ,US,VANECK FICL TRUSTR ETF,STK,,,,ETF,false,TRUF
870514684,TRUH,USD,NASDAQ,US,VANECK HEALTHCARE TRUSE ETF,STK,,,,ETF,false,TRUH
870514690,VEFA,USD,NASDAQ,US,VANECK MSCI EAFE ANA SEN ETF,STK,,,,ETF,false,VEFA
870557615,ACGCU,USD,NASDAQ,US,ACP HOLDINGS ACQUISITION COR,STK,Holding Companies-Divers,Diversified,Specified Purpose Acquis,UNIT,false,ACGCU
870557650,TMTS,USD,NASDAQ,US,SPARTACUS ACQUISITION C-CL A,STK,Holding Companies-Divers,Diversified,Specified Purpose Acquis,COMMON,false,TMTS
870557655,ODTE,USD,NASDAQ,US,VEGASH SPX NDX RTY PR I ETF,STK,,,,ETF,true,ODTE
870557656,ANABV,USD,NASDAQ,US,ANAPTYSBIO INC- W/I,STK,Biotechnology,"Consumer, Non-cyclical",Medical-Biomedical/Gene,COMMON,false,ANABV
870557661,TRAX,USD,NASDAQ,US,FIRST TRACKS BIOTHERAPEUTICS,STK,Biotechnology,"Consumer, Non-cyclical",Medical-Biomedical/Gene,COMMON,true,TRAX
870986030,KEEL,USD,NASDAQ,US,KEEL INFRASTRUCTURE CORP,STK,Investment Companies,Financial,Investment Companies,COMMON,true,KEEL
870953929,WNW,USD,NASDAQ,US,MEIWU TECHNOLOGY CO LTD,STK,Food,"Consumer, Non-cyclical",Food-Wholesale/Distrib,COMMON,false,WNW
870969511,MOBX,USD,NASDAQ,US,MOBIX LABS INC,STK,Semiconductors,Technology,Electronic Compo-Semicon,COMMON,false,MOBX
870969540,CHR,USD,NASDAQ,US,CHEER HOLDING INC-A,STK,Internet,Communications,Internet Content-Info/Ne,COMMON,false,CHR
871033334,HACQ,USD,NASDAQ,US,HCM IV ACQUISITION CORP CL-A,STK,Holding Companies-Divers,Diversified,Specified Purpose Acquis,COMMON,false,HACQ
871033337,IACO,USD,NASDAQ,US,IDEA ACQUISITION CORP CL-A,STK,Holding Companies-Divers,Diversified,Specified Purpose Acquis,COMMON,false,IACO
871033340,PAAC,USD,NASDAQ,US,PROEM ACQUISITION CORP I,STK,Holding Companies-Divers,Diversified,Specified Purpose Acquis,COMMON,false,PAAC
871033344,WLII,USD,NASDAQ,US,WILLOW LANE ACQUISITION-CL A,STK,Holding Companies-Divers,Diversified,Specified Purpose Acquis,COMMON,false,WLII
871417805,NXTS,USD,NASDAQ,US,NEXENTIS TECHNOLOGIES INC,STK,Chemicals,Basic Materials,Agricultural Chemicals,COMMON,false,NXTS
871417811,JTAI,USD,NASDAQ,US,JET.AI INC,STK,Airlines,"Consumer, Cyclical",Airlines,COMMON,false,JTAI
871417814,RDGT,USD,NASDAQ,US,RIDGETECH INC,STK,Retail,"Consumer, Cyclical",Retail-Drug Store,COMMON,false,RDGT
871419399,TMCR,USD,NASDAQ,US,METALS ROYALTY CO INC/THE,STK,Mining,Basic Materials,Mining Services,COMMON,false,TMCR
871579987,ENGN,USD,NASDAQ,US,ENGENE THERAPEUTICS INC,STK,Biotechnology,"Consumer, Non-cyclical",Medical-Biomedical/Gene,COMMON,true,ENGN
871579981,RUBI,USD,NASDAQ,US,RUBICO INC,STK,Pipelines,Energy,Pipelines,COMMON,false,RUBI
871582444,NGHT,USD,NASDAQ,US,NICHOLS BTCN TRS AFTRDRK ETF,STK,,,,ETF,false,NGHT
871582450,RWIN,USD,NASDAQ,US,RAYL NXTG MULTI INTERN ETF,STK,,,,ETF,false,RWIN
871891612,RMIX,USD,NASDAQ,US,SUNCRETE INC-A,STK,Building Materials,Industrial,Bldg Prod-Cement/Aggreg,COMMON,false,RMIX
872439872,AKAN,USD,NASDAQ,US,AKANDA CORP,STK,Household Products/Wares,"Consumer, Non-cyclical",Consumer Products-Misc,COMMON,false,AKAN
872439846,CENN,USD,NASDAQ,US,CENNTRO INC,STK,Auto Manufacturers,"Consumer, Cyclical",Auto-Med&amp;Heavy Duty Trks,COMMON,false,CENN
872439863,MSAI,USD,NASDAQ,US,MULTISENSOR AI HOLDINGS INC,STK,Miscellaneous Manufactur,Industrial,Photo Equipment&amp;Supplies,COMMON,false,MSAI
872439864,QNCX,USD,NASDAQ,US,QUINCE THERAPEUTICS INC,STK,Biotechnology,"Consumer, Non-cyclical",Medical-Biomedical/Gene,COMMON,false,QNCX
872439869,NXPL,USD,NASDAQ,US,NEXTPLAT CORP,STK,Telecommunications,Communications,Telecommunication Equip,COMMON,false,NXPL
872439877,WFF,USD,NASDAQ,US,WF HOLDING LTD/MY,STK,Miscellaneous Manufactur,Industrial,Rubber/Plastic Products,COMMON,false,WFF
872439882,PN,USD,NASDAQ,US,SKYCORP SOLAR GROUP LTD,STK,Investment Companies,Financial,Investment Companies,COMMON,false,PN
872439887,JEM,USD,NASDAQ,US,707 CAYMAN HOLDINGS LTD,STK,Internet,Communications,E-Commerce/Products,COMMON,false,JEM
872439889,HCAI,USD,NASDAQ,US,HUACHEN AI PARKING MANAGEM-A,STK,Commercial Services,"Consumer, Non-cyclical",Commercial Services,COMMON,false,HCAI
872502181,ACAA,USD,NASDAQ,US,AVERIN CAP ACQUISITIO C CL-A,STK,Holding Companies-Divers,Diversified,Specified Purpose Acquis,COMMON,false,ACAA
872502203,PALO,USD,NASDAQ,US,PALOMA ACQUISITION COR CL-A,STK,Holding Companies-Divers,Diversified,Specified Purpose Acquis,COMMON,false,PALO
872864788,AACO,USD,NASDAQ,US,ABONY ACQUISITION CORP I-A,STK,Holding Companies-Divers,Diversified,Specified Purpose Acquis,COMMON,false,AACO
872864795,NICM,USD,NASDAQ,US,NICOLA MINING INC,STK,Mining,Basic Materials,Silver Mining,ADR,false,NICM
873206000,CWY,USD,NASDAQ,US,GRANITE YIELDBOOST CRWV ETF,STK,,,,ETF,false,CWY
873206005,MUYY,USD,NASDAQ,US,GRANITE YIELDBOOST MU ETF,STK,,,,ETF,false,MUYY
873206010,TMYY,USD,NASDAQ,US,GRANITE YIELDBOOST TSM ETF,STK,,,,ETF,false,TMYY
873481939,NMTC,USD,NASDAQ,US,NEUROONE MEDICAL TECHNOLOGIE,STK,Healthcare-Products,"Consumer, Non-cyclical",Medical Products,COMMON,true,NMTC
873484199,ORBX,USD,NASDAQ,US,GLOBAL X SPACE TECH ETF,STK,,,,ETF,true,ORBX
873484200,REXC,USD,NASDAQ,US,SPROTT RARE EARTHS EX-CHINA,STK,,,,ETF,false,REXC
873489647,BNRG,USD,NASDAQ,US,BRENMILLER ENERGY LTD,STK,Energy-Alternate Sources,Energy,Energy-Alternate Sources,COMMON,false,BNRG
873491459,DTSS,USD,NASDAQ,US,DATASEA INTELLIGENT TEC-CL A,STK,Software,Technology,Communications Software,COMMON,false,DTSS
873537541,NHIVU,USD,NASDAQ,US,NEWHOLD INVESTMENT CORP IV,STK,Holding Companies-Divers,Diversified,Specified Purpose Acquis,UNIT,false,NHIVU
873537644,BHAV,USD,NASDAQ,US,BHAV ACQUISITION CORP - CL A,STK,Holding Companies-Divers,Diversified,Specified Purpose Acquis,COMMON,false,BHAV
873537650,BHAVR,USD,NASDAQ,US,BHAV ACQUISITION CORP-RTS,STK,Holding Companies-Divers,Diversified,Specified Purpose Acquis,RIGHT,false,BHAVR
873537655,CTAA,USD,NASDAQ,US,CLEARTHINK 1 ACQUISITIO-CL A,STK,Holding Companies-Divers,Diversified,Specified Purpose Acquis,COMMON,false,CTAA
873537656,CTAAR,USD,NASDAQ,US,CLEARTHINK 1 ACQUISITION COR,STK,Holding Companies-Divers,Diversified,Specified Purpose Acquis,RIGHT,false,CTAAR
873537848,MRCOU,USD,NASDAQ,US,MERCATOR ACQUISITION CO-UNIT,STK,Holding Companies-Divers,Diversified,Specified Purpose Acquis,UNIT,false,MRCOU
873827377,PMAX,USD,NASDAQ,US,POWELL MAX LTD-CL A,STK,Diversified Finan Serv,Financial,Finance-Other Services,COMMON,false,PMAX
873833627,TDTH,USD,NASDAQ,US,TRIDENT DIGITAL TECH HOLDING,STK,Computers,Technology,Computer Services,ADR,false,TDTH
873837381,ARXS,USD,NASDAQ,US,ARXIS INC-A,STK,Electronics,Industrial,Electronic Compo-Misc,COMMON,true,ARXS
874768797,CMCT,USD,NASDAQ,US,CREATIVE MEDIA & COMMUNITY T,STK,REITS,Financial,REITS-Office Property,REIT,false,CMCT
874768801,LRHC,USD,NASDAQ,US,LA ROSA HOLDINGS CORP,STK,Real Estate,Financial,Real Estate Mgmnt/Servic,COMMON,false,LRHC
874768804,WHLR,USD,NASDAQ,US,WHEELER REAL ESTATE INVESTME,STK,REITS,Financial,REITS-Shopping Centers,REIT,false,WHLR
874768814,LXEH,USD,NASDAQ,US,LIXIANG EDUCATION HOLDIN-ADR,STK,Municipal,Government,Municipal-Education,ADR,false,LXEH
874768816,EHGO,USD,NASDAQ,US,ESHALLGO INC,STK,Distribution/Wholesale,"Consumer, Cyclical",Distribution/Wholesale,COMMON,false,EHGO
874771319,RAYA,USD,NASDAQ,US,ERAYAK POWER SOLUTION GRP-A,STK,Machinery-Constr&amp;Mining,Industrial,Machinery-Electric Util,COMMON,false,RAYA
874771320,HUBC,USD,NASDAQ,US,HUB CYBER SECURITY LTD,STK,Computers,Technology,Computer Data Security,COMMON,false,HUBC
874771325,TDIC,USD,NASDAQ,US,DREAMLAND LTD-A,STK,Commercial Services,"Consumer, Non-cyclical",Commercial Services,COMMON,false,TDIC
874777762,ALMR,USD,NASDAQ,US,ALAMAR BIOSCIENCES INC,STK,Healthcare-Products,"Consumer, Non-cyclical",Diagnostic Equipment,COMMON,false,ALMR
874777767,KLRA,USD,NASDAQ,US,KAILERA THERAPEUTICS INC,STK,Biotechnology,"Consumer, Non-cyclical",Medical-Biomedical/Gene,COMMON,false,KLRA
874828434,JATT,USD,NASDAQ,US,JATT II ACQUISITION CORP,STK,Holding Companies-Divers,Diversified,Specified Purpose Acquis,COMMON,false,JATT
874828900,TRGS,USD,NASDAQ,US,TRG LATIN AMERICA CL A,STK,Holding Companies-Divers,Diversified,Specified Purpose Acquis,COMMON,false,TRGS
874828907,TRGSR,USD,NASDAQ,US,TRG LATIN AMERICA ACQUISITIO,STK,Holding Companies-Divers,Diversified,Specified Purpose Acquis,RIGHT,false,TRGSR
875129824,KITT,USD,NASDAQ,US,NAUTICUS ROBOTICS INC,STK,Machinery-Diversified,Industrial,Industrial Automat/Robot,COMMON,false,KITT
875133894,ASND,USD,NASDAQ,US,ASCENDIS PHARMA A/S,STK,Pharmaceuticals,"Consumer, Non-cyclical",Medical-Drugs,COMMON,true,ASND
875262495,ILLU,USD,NASDAQ,US,ILLUMINATION ACQUISITIO-CL A,STK,Holding Companies-Divers,Diversified,Specified Purpose Acquis,COMMON,false,ILLU
875269838,SUMAR,USD,NASDAQ,US,SUMA ACQUISITION CORP-R,STK,Holding Companies-Divers,Diversified,Specified Purpose Acquis,RIGHT,false,SUMAR
875269840,SUMA,USD,NASDAQ,US,SUMA ACQUISITION CORP-A,STK,Holding Companies-Divers,Diversified,Specified Purpose Acquis,COMMON,false,SUMA
875855543,KUST,USD,NASDAQ,US,KUSTOM ENTERTAINMENT INC,STK,Home Furnishings,"Consumer, Cyclical",Audio/Video Products,COMMON,false,KUST
876134590,IPST,USD,NASDAQ,US,IP STRATEGY HOLDINGS INC,STK,Beverages,"Consumer, Non-cyclical",Beverages-Wine/Spirits,COMMON,false,IPST
876140610,BESO,USD,NASDAQ,US,GSR CRYPTO CORE3 ETF,STK,,,,ETF,false,BESO
876162846,NHP,USD,NASDAQ,US,NATIONAL HEALTHCARE PROPERTI,STK,REITS,Financial,REITS-Health Care,REIT,true,NHP
876164814,YSWY,USD,NASDAQ,US,YESWAY INC-A,STK,Retail,"Consumer, Cyclical",Retail-Convenience Store,COMMON,false,YSWY
878361950,AIRE,USD,NASDAQ,US,REALPHA TECH CORP,STK,Real Estate,Financial,Real Estate Mgmnt/Servic,COMMON,false,AIRE
876422557,SOWG,USD,NASDAQ,US,SOW GOOD INC,STK,Food,"Consumer, Non-cyclical",Food-Misc/Diversified,COMMON,false,SOWG
876422561,MSS,USD,NASDAQ,US,MAISON SOLUTIONS INC-A,STK,Food,"Consumer, Non-cyclical",Food-Retail,COMMON,false,MSS
876422564,BULG,USD,NASDAQ,US,LEVERAGE SHARES 2X BULL,STK,,,,ETF,true,BULG
876422571,CUE,USD,NASDAQ,US,CUE BIOPHARMA INC,STK,Biotechnology,"Consumer, Non-cyclical",Medical-Biomedical/Gene,COMMON,false,CUE
876424920,GEMG,USD,NASDAQ,US,LEVERAGE SHARES 2X GEMI,STK,,,,ETF,true,GEMG
876426090,ELMT,USD,NASDAQ,US,ELMET GROUP CO/THE,STK,Miscellaneous Manufactur,Industrial,Advanced Materials/Prd,COMMON,false,ELMT
876426355,OIO,USD,NASDAQ,US,OIO GROUP,STK,Environmental Control,Industrial,Recycling,COMMON,false,OIO
876466966,LABT,USD,NASDAQ,US,LAKEWOOD-AMEDEX BIOTHERAPEUT,STK,Biotechnology,"Consumer, Non-cyclical",Medical-Biomedical/Gene,COMMON,false,LABT
876871148,IMUX,USD,NASDAQ,US,IMMUNIC INC,STK,Biotechnology,"Consumer, Non-cyclical",Medical-Biomedical/Gene,COMMON,true,IMUX
876871154,DRCT,USD,NASDAQ,US,DIRECT DIGITAL HOLDINGS IN-A,STK,Advertising,Communications,Advertising Services,COMMON,false,DRCT
876874165,AIOS,USD,NASDAQ,US,AIOS TECH INC,STK,Internet,Communications,Internet Financial Svcs,COMMON,false,AIOS
876874170,CISS,USD,NASDAQ,US,C3IS INC,STK,Transportation,Industrial,Transport-Marine,COMMON,false,CISS
876874183,OCG,USD,NASDAQ,US,ORIENTAL CULTURE HOLDING LTD,STK,Internet,Communications,E-Commerce/Products,COMMON,false,OCG
876880491,XE,USD,NASDAQ,US,XENERGY INC,STK,Electric,Utilities,Electric-Generation,COMMON,true,XE
877300924,ISPC,USD,NASDAQ,US,ISPECIMEN INC,STK,Internet,Communications,Internet Content-Info/Ne,COMMON,false,ISPC
877300929,SNTI,USD,NASDAQ,US,SENTI BIOSCIENCES HOLDINGS I,STK,Biotechnology,"Consumer, Non-cyclical",Medical-Biomedical/Gene,COMMON,false,SNTI
877303604,DGNX,USD,NASDAQ,US,DIGINEX LTD,STK,Software,Technology,Enterprise Software/Serv,COMMON,true,DGNX
877316184,ZSQR,USD,NASDAQ,US,Z SQUARED INC,STK,Biotechnology,"Consumer, Non-cyclical",Medical-Biomedical/Gene,COMMON,false,ZSQR
877900150,CTNT,USD,NASDAQ,US,CHEETAH NET SUPPLY CHAIN SER,STK,Distribution/Wholesale,"Consumer, Cyclical",Distribution/Wholesale,COMMON,false,CTNT
877902656,CRY,USD,NASDAQ,US,GRANITE YIELDBOOST CRCL ETF,STK,,,,ETF,false,CRY
877902661,XEY,USD,NASDAQ,US,GRANITE YLDBOOST ETHER ETF,STK,,,,ETF,false,XEY
877902666,WRTH,USD,NASDAQ,US,WORTH CHRTG OP INC ETF,STK,,,,ETF,false,WRTH
877926502,CXIIU,USD,NASDAQ,US,CHURCHILL CAPITAL CORP XII,STK,Holding Companies-Divers,Diversified,Specified Purpose Acquis,UNIT,false,CXIIU
877927094,IACQU,USD,NASDAQ,US,IRENIC ACQUISITION CORP,STK,Holding Companies-Divers,Diversified,Specified Purpose Acquis,UNIT,false,IACQU
878361935,JAGX,USD,NASDAQ,US,JAGUAR HEALTH INC,STK,Pharmaceuticals,"Consumer, Non-cyclical",Veterinary Diagnostics,COMMON,false,JAGX
878362007,UK,USD,NASDAQ,US,UCOMMUNE INTERNATIONAL LTD-A,STK,Real Estate,Financial,Real Estate Oper/Develop,COMMON,false,UK
878364479,ARCLU,USD,NASDAQ,US,ARC GROUP ACQUISITION I CORP,STK,Holding Companies-Divers,Diversified,Specified Purpose Acquis,UNIT,false,ARCLU
878376244,CAIIU,USD,NASDAQ,US,COLLECTIVE ACQUISITION CORP,STK,Holding Companies-Divers,Diversified,Specified Purpose Acquis,UNIT,false,CAIIU
878712172,GMEX,USD,NASDAQ,US,GMEX ROBOTICS CORPORATION,STK,Internet,Communications,E-Commerce/Products,COMMON,false,GMEX
878715675,TLIH,USD,NASDAQ,US,TEN-LEAGUE INTERNATIONAL HLD,STK,Diversified Finan Serv,Financial,Finance-Leasing Compan,COMMON,false,TLIH
878715678,TXXH,USD,NASDAQ,US,21SHARES 2X LONG HYPE ETF,STK,,,,ETF,false,TXXH
878745894,AVLN,USD,NASDAQ,US,AVALYN PHARMA INC,STK,Biotechnology,"Consumer, Non-cyclical",Medical-Biomedical/Gene,COMMON,false,AVLN
878753283,FTHAU,USD,NASDAQ,US,FOREFRONT TECH HOLDINGS ACQU,STK,Holding Companies-Divers,Diversified,Specified Purpose Acquis,UNIT,false,FTHAU
878753286,GCGRU,USD,NASDAQ,US,GENERAL CATALYST GLOBAL RESI,STK,Holding Companies-Divers,Diversified,Specified Purpose Acquis,UNIT,false,GCGRU
878753289,MCAHU,USD,NASDAQ,US,MOUNTAIN CREST ACQUISITION 6,STK,Holding Companies-Divers,Diversified,Specified Purpose Acquis,UNIT,false,MCAHU
878753292,RREVU,USD,NASDAQ,US,RRE VENTURES ACQUISITION COR,STK,Holding Companies-Divers,Diversified,Specified Purpose Acquis,UNIT,false,RREVU
879173582,INHD,USD,NASDAQ,US,INNO HOLDINGS INC,STK,Iron/Steel,Basic Materials,Steel-Producers,COMMON,false,INHD
879173584,ERNA,USD,NASDAQ,US,ERNEXA THERAPEUTICS INC,STK,Biotechnology,"Consumer, Non-cyclical",Medical-Biomedical/Gene,COMMON,false,ERNA
879173589,VEEE,USD,NASDAQ,US,TWIN VEE POWERCATS CO,STK,Leisure Time,"Consumer, Cyclical",Recreational Vehicles,COMMON,false,VEEE
879173594,FCHL,USD,NASDAQ,US,FITNESS CHAMPS HOLDINGS LTD,STK,Leisure Time,"Consumer, Cyclical",Recreational Centers,COMMON,false,FCHL
879177743,AMA,USD,NASDAQ,US,DEFI DAILY TARG 2X LONG AMAT,STK,,,,ETF,false,AMA
879198474,SPTX,USD,NASDAQ,US,SEAPORT THERAPEUTICS INC,STK,Biotechnology,"Consumer, Non-cyclical",Medical-Biomedical/Gene,COMMON,false,SPTX
879198494,COAG,USD,NASDAQ,US,HEMAB THERAPEUTICS HOLDINGS,STK,Biotechnology,"Consumer, Non-cyclical",Medical-Biomedical/Gene,COMMON,false,COAG
879574622,TRI,USD,NASDAQ,US,THOMSON REUTERS CORP,STK,Media,Communications,Multimedia,COMMON,true,TRI
879585837,FIGG,USD,NASDAQ,US,LEVERAGE SHARES 2X FIG ETF,STK,,,,ETF,true,FIGG
879585846,CRWG,USD,NASDAQ,US,LEVERAGE SHARES 2X CRWV,STK,,,,ETF,true,CRWG
879585849,CRCG,USD,NASDAQ,US,LEVERAGE SHARES 2X CRCL,STK,,,,ETF,true,CRCG
879585852,BMNG,USD,NASDAQ,US,LEVERAGE SHARES 2X BMNR,STK,,,,ETF,true,BMNG
879585857,BAIG,USD,NASDAQ,US,LEVERAGE SHARES 2X BBAI,STK,,,,ETF,true,BAIG
879585860,DUOG,USD,NASDAQ,US,LEVERAGE SHARES 2X DUOL,STK,,,,ETF,true,DUOG
879587542,SKAIU,USD,NASDAQ,US,SKY ACQUISITION GROUP-UNIT,STK,Holding Companies-Divers,Diversified,Specified Purpose Acquis,UNIT,false,SKAIU
879861364,MIMI,USD,NASDAQ,US,MINT INCORPORATION LTD-A,STK,Commercial Services,"Consumer, Non-cyclical",Interior Design/Architec,COMMON,false,MIMI
879864034,FIYY,USD,NASDAQ,US,GRANITE YBST 20Y TREAS ETF,STK,,,,ETF,false,FIYY
879864039,BIOY,USD,NASDAQ,US,GRANITE YIELDBOOST BIOTK ETF,STK,,,,ETF,false,BIOY
879864040,FINY,USD,NASDAQ,US,GRANITE YBST FINANCIALS ETF,STK,,,,ETF,false,FINY
879864045,TECY,USD,NASDAQ,US,GRANITE YBST TECHNOLOGY ETF,STK,,,,ETF,false,TECY
879876039,CHRN,USD,NASDAQ,US,CHRONOSCALE CORPORATION,STK,Healthcare-Products,"Consumer, Non-cyclical",Medical Products,COMMON,false,CHRN
879876117,PONO,USD,NASDAQ,US,PONO CAPITAL FOUR INC-A,STK,Holding Companies-Divers,Diversified,Specified Purpose Acquis,COMMON,false,PONO
879876122,PONOR,USD,NASDAQ,US,PONO CAPITAL FOUR INC-RTS,STK,Holding Companies-Divers,Diversified,Specified Purpose Acquis,RIGHT,false,PONOR
879876127,LQ,USD,NASDAQ,US,SIMPLIFY TAX AWARE ALT ETF,STK,,,,ETF,false,LQ
879876131,DINE,USD,NASDAQ,US,SIMPLFY TAX AWAR DIV INC ETF,STK,,,,ETF,false,DINE
880186086,CHSN,USD,NASDAQ,US,CHANSON INTERNATIONAL HOLD-A,STK,Food,"Consumer, Non-cyclical",Food-Baking,COMMON,false,CHSN
880191662,DUSG,USD,NASDAQ,US,US SMALL CAP GROW POR ETF,STK,,,,ETF,false,DUSG
880582699,OLOX,USD,NASDAQ,US,OLENOX INDUSTRIES INC,STK,Engineering&amp;Construction,Industrial,Building&amp;Construct-Misc,COMMON,false,OLOX
880582719,BNZI,USD,NASDAQ,US,BANZAI INTERNATIONAL INC,STK,Software,Technology,Applications Software,COMMON,false,BNZI
880582728,BOT,USD,NASDAQ,US,ROBOSTRATEGY INC,STK,Investment Companies,Financial,Investment Companies,COMMON,false,BOT
880582779,WARP,USD,NASDAQ,US,VANECK SPACE ETF,STK,,,,ETF,false,WARP
880588995,TCAN,USD,NASDAQ,US,21SHARES CANTON NETWORK ETF,STK,,,,ETF,false,TCAN
880601785,SUJA,USD,NASDAQ,US,SUJA LIFE INC CL A,STK,Beverages,"Consumer, Non-cyclical",Beverages-Non-alcoholic,COMMON,false,SUJA
881566839,WSE,USD,NASDAQ,US,WISE GROUP PLC-CL A,STK,Commercial Services,"Consumer, Non-cyclical",Commercial Serv-Finance,COMMON,false,WSE
881153079,ASBP,USD,NASDAQ,US,ASPIRE BIOPHARMA HOLDINGS IN,STK,Pharmaceuticals,"Consumer, Non-cyclical",Medical-Drugs,COMMON,false,ASBP
881153133,AIXI,USD,NASDAQ,US,XIAO I CORP,STK,Software,Technology,Applications Software,ADR,false,AIXI
881153139,DKI,USD,NASDAQ,US,DARKIRIS INC-CL A,STK,Software,Technology,Entertainment Software,COMMON,false,DKI
881153145,KALA,USD,NASDAQ,US,KALA BIO INC,STK,Pharmaceuticals,"Consumer, Non-cyclical",Medical-Drugs,COMMON,false,KALA
881156842,SMX,USD,NASDAQ,US,SMX SECURITY MATTERS PLC,STK,Miscellaneous Manufactur,Industrial,Advanced Materials/Prd,COMMON,false,SMX
881166576,ODTX,USD,NASDAQ,US,ODYSSEY THERAPEUTICS INC,STK,Biotechnology,"Consumer, Non-cyclical",Medical-Biomedical/Gene,COMMON,false,ODTX
881166581,MOBI,USD,NASDAQ,US,MOBIA MEDICAL INC,STK,Healthcare-Products,"Consumer, Non-cyclical",Medical Products,COMMON,false,MOBI
881547637,BRUN,USD,NASDAQ,US,BOOST RUN INC-CL A,STK,Software,Technology,Computer Software,COMMON,true,BRUN
881566815,GIG,USD,NASDAQ,US,GIGCAPITAL7 CORP-A,STK,Holding Companies-Divers,Diversified,Specified Purpose Acquis,COMMON,false,GIG
881566819,GIGGU,USD,NASDAQ,US,GIGCAPITAL7 INC,STK,Holding Companies-Divers,Diversified,Specified Purpose Acquis,UNIT,false,GIGGU
881566867,AIAI,USD,NASDAQ,US,AIAI HOLDINGS CORP-CL A,STK,Software,Technology,Applications Software,COMMON,false,AIAI
881972257,THYP,USD,NASDAQ,US,21SHARES HYPERLIQUID ETF,STK,,,,ETF,false,THYP
881972260,ATC,USD,NASDAQ,US,GRANITESHARES AUTO COIN ETF,STK,,,,ETF,false,ATC
881972267,MSR,USD,NASDAQ,US,GRANITE AUTOCALL MSTR ETF,STK,,,,ETF,false,MSR
881974093,QVOL,USD,NASDAQ,US,INFTC CAP NDQ OPT INC ETF,STK,,,,ETF,false,QVOL
882345705,BREZU,USD,NASDAQ,US,BREEZE ACQUISITION CORP II,STK,Holding Companies-Divers,Diversified,Specified Purpose Acquis,UNIT,false,BREZU
882360518,SLMT,USD,NASDAQ,US,BRERA HOLDINGS PLC-CL B,STK,Entertainment,"Consumer, Cyclical",Professional Sports,COMMON,false,SLMT
882364138,FRVO,USD,NASDAQ,US,FERVO ENERGY CO-A,STK,Electric,Utilities,Electric-Generation,COMMON,true,FRVO
882364255,MWC,USD,NASDAQ,US,MICWARE CO LTD,STK,Software,Technology,Applications Software,ADR,false,MWC
882712626,TKNS,USD,NASDAQ,US,21SHARES ACTIVE CRYPTO ETF,STK,,,,ETF,false,TKNS
882732191,CBRS,USD,NASDAQ,US,CEREBRAS SYSTEMS INC - A,STK,Semiconductors,Technology,Electronic Compo-Semicon,COMMON,true,CBRS
882735677,GSRVU,USD,NASDAQ,US,GSR V ACQUISITION CORP,STK,Holding Companies-Divers,Diversified,Specified Purpose Acquis,UNIT,false,GSRVU
882735690,PTACU,USD,NASDAQ,US,PATRIOT ACQUISITION CORP,STK,Holding Companies-Divers,Diversified,Specified Purpose Acquis,UNIT,false,PTACU
883618028,PPCB,USD,NASDAQ,US,PROPANC BIOPHARMA INC,STK,Biotechnology,"Consumer, Non-cyclical",Medical-Biomedical/Gene,COMMON,false,PPCB
883618040,EZRA,USD,NASDAQ,US,RELIANCE GLOBAL GROUP INC,STK,Insurance,Financial,Insurance Brokers,COMMON,false,EZRA
883618054,FRGT,USD,NASDAQ,US,FREIGHT TECHNOLOGIES INC,STK,Software,Technology,Applications Software,COMMON,false,FRGT
883618057,RETO,USD,NASDAQ,US,RETO ECO-SOLUTIONS INC-A,STK,Building Materials,Industrial,Bldg&amp;Construct Prod-Misc,COMMON,false,RETO
883618071,YMT,USD,NASDAQ,US,YIMUTIAN INC,STK,Internet,Communications,E-Commerce/Products,ADR,false,YMT
883618072,ADTX,USD,NASDAQ,US,ADITXT INC,STK,Healthcare-Products,"Consumer, Non-cyclical",Diagnostic Equipment,COMMON,false,ADTX
883618077,YYAI,USD,NASDAQ,US,AIRWA INC,STK,Software,Technology,Applications Software,COMMON,false,YYAI
883665411,GUACU,USD,NASDAQ,US,BERTO ACQUISITION CORP II,STK,Holding Companies-Divers,Diversified,Specified Purpose Acquis,UNIT,false,GUACU
883665454,EXYN,USD,NASDAQ,US,EXYN TECHNOLOGIES INC,STK,Software,Technology,Applications Software,COMMON,false,EXYN
883665461,MYX,USD,NASDAQ,US,MAYWOOD ACQUISITION C2-CL-A,STK,Holding Companies-Divers,Diversified,Specified Purpose Acquis,COMMON,false,MYX
883665466,MYXXR,USD,NASDAQ,US,MAYWOOD ACQUISITION CORP 2,STK,Holding Companies-Divers,Diversified,Specified Purpose Acquis,RIGHT,false,MYXXR
883665519,APURU,USD,NASDAQ,US,APERTURE AC,STK,Holding Companies-Divers,Diversified,Specified Purpose Acquis,UNIT,false,APURU
884046492,AIIR,USD,NASDAQ,US,AIR HOLDINGS LTD,STK,Agriculture,"Consumer, Non-cyclical",Tobacco,COMMON,false,AIIR
884047174,FMAC,USD,NASDAQ,US,FUTURE MONEY ACQUISITION COR,STK,Holding Companies-Divers,Diversified,Specified Purpose Acquis,COMMON,false,FMAC
884047177,FMACR,USD,NASDAQ,US,FUTURE MONEY ACQUISITION-RT,STK,Holding Companies-Divers,Diversified,Specified Purpose Acquis,RIGHT,false,FMACR
884047180,IPFX,USD,NASDAQ,US,INFLECTION POINT ACQUI CL-A,STK,Holding Companies-Divers,Diversified,Specified Purpose Acquis,COMMON,false,IPFX
884047186,LEND,USD,NASDAQ,US,SEI HY BND&ALT CRDT,STK,,,,ETF,false,LEND
