id,symbol,name,publisher,instrument_class,currency,exchange,mic,asset,security_type,min_lot_size,expiration,max_price_variation,unit_of_measure_qty,min_price_increment,display_factor,price_display_format,price_ratio REAL,underlying_symbol,maturity_year,maturity_month,maturity_day,group,tick_rule,strike_price,strike_price_currency
5094,BMO,BANK OF MONTREAL,,K,USD,NYSE,XNYS,,,,,,,,,,,,,,,Banks,,,
15156975,BNS,BANK OF NOVA SCOTIA,,K,USD,NYSE,XNYS,,,,,,,,,,,,,,,Banks,,,
121811784,TU,TELUS CORP,,K,USD,NYSE,XNYS,,,,,,,,,,,,,,,Telecommunications,,,
6607659,CM,CAN IMPERIAL BK OF COMMERCE,,K,USD,NYSE,XNYS,,,,,,,,,,,,,,,Banks,,,
11926119,CNQ,CANADIAN NATURAL RESOURCES,,K,USD,NYSE,XNYS,,,,,,,,,,,,,,,Oil&amp;Gas,,,
4457163,CNI,CANADIAN NATL RAILWAY CO,,K,USD,NYSE,XNYS,,,,,,,,,,,,,,,Transportation,,,
4730124,ENB,ENBRIDGE INC,,K,USD,NYSE,XNYS,,,,,,,,,,,,,,,Pipelines,,,
2008980,RY,ROYAL BANK OF CANADA,,K,USD,NYSE,XNYS,,,,,,,,,,,,,,,Banks,,,
14487456,TAC,TRANSALTA CORP,,K,USD,NYSE,XNYS,,,,,,,,,,,,,,,Electric,,,
2009210,TD,TORONTO-DOMINION BANK,,K,USD,NYSE,XNYS,,,,,,,,,,,,,,,Banks,,,
39921623,TECK,TECK RESOURCES LTD-CLS B,,K,USD,NYSE,XNYS,,,,,,,,,,,,,,,Mining,,,
851181134,AZN,ASTRAZENECA PLC,,K,USD,NYSE,XNYS,,,,,,,,,,,,,,,Pharmaceuticals,,,
4065,ABT,ABBOTT LABORATORIES .,,K,USD,NYSE,XNYS,,,,,,,,,,,,,,,Healthcare-Products,,,
13435352,DB,DEUTSCHE BANK AG-REGISTERED,,K,USD,NYSE,XNYS,,,,,,,,,,,,,,,Banks,,,
3804335,SAP,SAP SE-SPONSORED ADR,,K,USD,NYSE,XNYS,,,,,,,,,,,,,,,Software,,,
837140579,TTE,TOTALENERGIES SE,,K,USD,NYSE,XNYS,,,,,,,,,,,,,,,Oil&amp;Gas,,,
4721,AXP,AMERICAN EXPRESS CO,,K,USD,NYSE,XNYS,,,,,,,,,,,,,,,Diversified Finan Serv,,,
5749,CL,COLGATE-PALMOLIVE CO,,K,USD,NYSE,XNYS,,,,,,,,,,,,,,,Cosmetics/Personal Care,,,
8314,IBM,INTL BUSINESS MACHINES CORP,,K,USD,NYSE,XNYS,,,,,,,,,,,,,,,Computers,,,
9408,MCD,MC DONALD'S-CORP,,K,USD,NYSE,XNYS,,,,,,,,,,,,,,,Retail,,,
11031,PFE,PFIZER INC,,K,USD,NYSE,XNYS,,,,,,,,,,,,,,,Pharmaceuticals,,,
11054,PG,PROCTER & GAMBLE CO/THE,,K,USD,NYSE,XNYS,,,,,,,,,,,,,,,Cosmetics/Personal Care,,,
9769,MO,ALTRIA GROUP INC,,K,USD,NYSE,XNYS,,,,,,,,,,,,,,,Agriculture,,,
1715006,A,AGILENT TECHNOLOGIES INC,,K,USD,NYSE,XNYS,,,,,,,,,,,,,,,Healthcare-Products,,,
4027,AAP,ADVANCE AUTO PARTS INC,,K,USD,NYSE,XNYS,,,,,,,,,,,,,,,Retail,,,
1714996,COR,CENCORA INC,,K,USD,NYSE,XNYS,,,,,,,,,,,,,,,Pharmaceuticals,,,
4050,ABM,ABM INDUSTRIES INC,,K,USD,NYSE,XNYS,,,,,,,,,,,,,,,Commercial Services,,,
4151,ADC,AGREE REALTY CORP,,K,USD,NYSE,XNYS,,,,,,,,,,,,,,,REITS,,,
4165,ADM,ARCHER-DANIELS-MIDLAND CO,,K,USD,NYSE,XNYS,,,,,,,,,,,,,,,Agriculture,,,
4187,ADX,ADAMS DIVERSIFIED EQUITY,,K,USD,NYSE,XNYS,,,,,,,,,,,,,,,,,,
4227,AFL,AFLAC INC,,K,USD,NYSE,XNYS,,,,,,,,,,,,,,,Insurance,,,
4230,AGCO,AGCO CORP,,K,USD,NYSE,XNYS,,,,,,,,,,,,,,,Machinery-Diversified,,,
13181,AEE,AMEREN CORP,,K,USD,NYSE,XNYS,,,,,,,,,,,,,,,Electric,,,
4205,AEM,AGNICO EAGLE MINES LTD,,K,USD,NYSE,XNYS,,,,,,,,,,,,,,,Mining,,,
2560358,AES,AES CORP,,K,USD,NYSE,XNYS,,,,,,,,,,,,,,,Electric,,,
661377,AFG,AMERICAN FINANCIAL GROUP INC,,K,USD,NYSE,XNYS,,,,,,,,,,,,,,,Insurance,,,
4307,AIN,ALBANY INTL CORP-CL A,,K,USD,NYSE,XNYS,,,,,,,,,,,,,,,Machinery-Diversified,,,
4310,AIR,AAR CORP,,K,USD,NYSE,XNYS,,,,,,,,,,,,,,,Aerospace/Defense,,,
4313,AIT,APPLIED INDUSTRIAL TECH INC,,K,USD,NYSE,XNYS,,,,,,,,,,,,,,,Machinery-Diversified,,,
4325,AJG,ARTHUR J GALLAGHER & CO,,K,USD,NYSE,XNYS,,,,,,,,,,,,,,,Insurance,,,
2730947,AKO B,EMBOTELLADORA ANDINA-ADR B,,K,USD,NYSE,XNYS,,,,,,,,,,,,,,,Beverages,,,
4347,ALB,ALBEMARLE CORP,,K,USD,NYSE,XNYS,,,,,,,,,,,,,,,Chemicals,,,
2009780,ALG,ALAMO GROUP INC,,K,USD,NYSE,XNYS,,,,,,,,,,,,,,,Machinery-Diversified,,,
4352,ALK,ALASKA AIR GROUP INC,,K,USD,NYSE,XNYS,,,,,,,,,,,,,,,Airlines,,,
4357,ALL,ALLSTATE CORP,,K,USD,NYSE,XNYS,,,,,,,,,,,,,,,Insurance,,,
1946967,ATI,ATI INC,,K,USD,NYSE,XNYS,,,,,,,,,,,,,,,Aerospace/Defense,,,
2746144,ALV,AUTOLIV INC,,K,USD,NYSE,XNYS,,,,,,,,,,,,,,,Auto Parts&amp;Equipment,,,
4382,ALX,ALEXANDER'S INC,,K,USD,NYSE,XNYS,,,,,,,,,,,,,,,REITS,,,
4392,AME,AMETEK INC,,K,USD,NYSE,XNYS,,,,,,,,,,,,,,,Electrical Compo&amp;Equip,,,
4528615,AN,AUTONATION INC,,K,USD,NYSE,XNYS,,,,,,,,,,,,,,,Retail,,,
2585399,ANF,ABERCROMBIE & FITCH CO-CL A,,K,USD,NYSE,XNYS,,,,,,,,,,,,,,,Retail,,,
12225,AOS,SMITH (A.O.) CORP,,K,USD,NYSE,XNYS,,,,,,,,,,,,,,,Miscellaneous Manufactur,,,
4471,AP,AMPCO-PITTSBURGH CORP,,K,USD,NYSE,XNYS,,,,,,,,,,,,,,,Metal Fabricate/Hardware,,,
4487,APD,AIR PRODUCTS & CHEMICALS INC,,K,USD,NYSE,XNYS,,,,,,,,,,,,,,,Chemicals,,,
4493,APH,AMPHENOL CORP-CL A,,K,USD,NYSE,XNYS,,,,,,,,,,,,,,,Electronics,,,
4568,ARW,ARROW ELECTRONICS INC,,K,USD,NYSE,XNYS,,,,,,,,,,,,,,,Electronics,,,
4580,ASA,ASA GOLD AND PRECIOUS METALS,,K,USD,NYSE,XNYS,,,,,,,,,,,,,,,,,,
7816,ASG,LIBERTY ALL-STAR GROWTH FD,,K,USD,NYSE,XNYS,,,,,,,,,,,,,,,,,,
4694,AVY,AVERY DENNISON CORP,,K,USD,NYSE,XNYS,,,,,,,,,,,,,,,Household Products/Wares,,,
4644,ATO,ATMOS ENERGY CORP,,K,USD,NYSE,XNYS,,,,,,,,,,,,,,,Gas,,,
4651,ATR,APTARGROUP INC,,K,USD,NYSE,XNYS,,,,,,,,,,,,,,,Packaging&amp;Containers,,,
5026974,AVB,AVALONBAY COMMUNITIES INC,,K,USD,NYSE,XNYS,,,,,,,,,,,,,,,REITS,,,
4750,AZO,AUTOZONE INC,,K,USD,NYSE,XNYS,,,,,,,,,,,,,,,Retail,,,
4762,BA,BOEING CO/THE,,K,USD,NYSE,XNYS,,,,,,,,,,,,,,,Aerospace/Defense,,,
10098,BAC,BANK OF AMERICA CORP,,K,USD,NYSE,XNYS,,,,,,,,,,,,,,,Banks,,,
2006458,BAP,CREDICORP LTD,,K,USD,NYSE,XNYS,,,,,,,,,,,,,,,Banks,,,
4704,AWF,ALLIANCEBERNSTEIN GL HI INC,,K,USD,NYSE,XNYS,,,,,,,,,,,,,,,,,,
5082651,DCH,DAUCH CORPORATION,,K,USD,NYSE,XNYS,,,,,,,,,,,,,,,Auto Parts&amp;Equipment,,,
4724,AXR,AMREP CORP,,K,USD,NYSE,XNYS,,,,,,,,,,,,,,,Real Estate,,,
4815,BBVA,BANCO BILBAO VIZCAYA-SP ADR,,K,USD,NYSE,XNYS,,,,,,,,,,,,,,,Banks,,,
4817,BBY,BEST BUY CO INC,,K,USD,NYSE,XNYS,,,,,,,,,,,,,,,Retail,,,
4820,BC,BRUNSWICK CORP,,K,USD,NYSE,XNYS,,,,,,,,,,,,,,,Leisure Time,,,
4839,BCH,BANCO DE CHILE-ADR,,K,USD,NYSE,XNYS,,,,,,,,,,,,,,,Banks,,,
4854,BCS,BARCLAYS PLC-SPONS ADR,,K,USD,NYSE,XNYS,,,,,,,,,,,,,,,Banks,,,
4886,BDX,BECTON DICKINSON AND CO,,K,USD,NYSE,XNYS,,,,,,,,,,,,,,,Pharmaceuticals,,,
4901,VZ,VERIZON COMMUNICATIONS INC,,K,USD,NYSE,XNYS,,,,,,,,,,,,,,,Telecommunications,,,
4906,BEN,FRANKLIN RESOURCES INC,,K,USD,NYSE,XNYS,,,,,,,,,,,,,,,Diversified Finan Serv,,,
4926,BF A,BROWN-FORMAN CORP-CLASS A,,K,USD,NYSE,XNYS,,,,,,,,,,,,,,,Beverages,,,
4931,BF B,BROWN-FORMAN CORP-CLASS B,,K,USD,NYSE,XNYS,,,,,,,,,,,,,,,Beverages,,,
4946,BFS,SAUL CENTERS INC,,K,USD,NYSE,XNYS,,,,,,,,,,,,,,,REITS,,,
5052,BALL,BALL CORP,,K,USD,NYSE,XNYS,,,,,,,,,,,,,,,Packaging&amp;Containers,,,
5072,BLX,BANCO LATINOAMERICANO COME-E,,K,USD,NYSE,XNYS,,,,,,,,,,,,,,,Multi-National,,,
3206032,BKE,BUCKLE INC/THE,,K,USD,NYSE,XNYS,,,,,,,,,,,,,,,Retail,,,
5022,BKH,BLACK HILLS CORP,,K,USD,NYSE,XNYS,,,,,,,,,,,,,,,Electric,,,
5147,BOH,BANK OF HAWAII CORP,,K,USD,NYSE,XNYS,,,,,,,,,,,,,,,Banks,,,
5171,BP,BP PLC-SPONS ADR,,K,USD,NYSE,XNYS,,,,,,,,,,,,,,,Oil&amp;Gas,,,
3141362,BHE,BENCHMARK ELECTRONICS INC,,K,USD,NYSE,XNYS,,,,,,,,,,,,,,,Electronics,,,
4986,BHP,BHP GROUP LTD-SPON ADR,,K,USD,NYSE,XNYS,,,,,,,,,,,,,,,Mining,,,
5111,BMY,BRISTOL-MYERS SQUIBB CO,,K,USD,NYSE,XNYS,,,,,,,,,,,,,,,Pharmaceuticals,,,
5222,BRK A,BERKSHIRE HATHAWAY INC-CL A,,K,USD,NYSE,XNYS,,,,,,,,,,,,,,,Insurance,,,
5234,BRT,BRT APARTMENTS CORP,,K,USD,NYSE,XNYS,,,,,,,,,,,,,,,REITS,,,
5270,BSX,BOSTON SCIENTIFIC CORP,,K,USD,NYSE,XNYS,,,,,,,,,,,,,,,Healthcare-Products,,,
1715014,BVN,CIA DE MINAS BUENAVENTUR-ADR,,K,USD,NYSE,XNYS,,,,,,,,,,,,,,,Mining,,,
5336,BWA,BORGWARNER INC,,K,USD,NYSE,XNYS,,,,,,,,,,,,,,,Auto Parts&amp;Equipment,,,
5021340,BXP,BXP INC,,K,USD,NYSE,XNYS,,,,,,,,,,,,,,,REITS,,,
5365,BYD,BOYD GAMING CORP,,K,USD,NYSE,XNYS,,,,,,,,,,,,,,,Lodging,,,
5402,CAG,CONAGRA BRANDS INC,,K,USD,NYSE,XNYS,,,,,,,,,,,,,,,Food,,,
5407,CAH,CARDINAL HEALTH INC,,K,USD,NYSE,XNYS,,,,,,,,,,,,,,,Pharmaceuticals,,,
5437,CAT,CATERPILLAR INC,,K,USD,NYSE,XNYS,,,,,,,,,,,,,,,Machinery-Constr&amp;Mining,,,
5480,CBT,CABOT CORP,,K,USD,NYSE,XNYS,,,,,,,,,,,,,,,Chemicals,,,
2586156,KMX,CARMAX INC,,K,USD,NYSE,XNYS,,,,,,,,,,,,,,,Retail,,,
1447060,CCJ,CAMECO CORP,,K,USD,NYSE,XNYS,,,,,,,,,,,,,,,Mining,,,
5513,CCK,CROWN HOLDINGS INC,,K,USD,NYSE,XNYS,,,,,,,,,,,,,,,Packaging&amp;Containers,,,
1134240,CEE,CENTRAL AND EASTERN EUROPE F,,K,USD,NYSE,XNYS,,,,,,,,,,,,,,,,,,
5651,CHD,CHURCH & DWIGHT CO INC,,K,USD,NYSE,XNYS,,,,,,,,,,,,,,,Household Products/Wares,,,
5654,CHE,CHEMED CORP,,K,USD,NYSE,XNYS,,,,,,,,,,,,,,,Healthcare-Services,,,
2585515,CHH,CHOICE HOTELS INTL INC,,K,USD,NYSE,XNYS,,,,,,,,,,,,,,,Lodging,,,
5610,CFR,CULLEN/FROST BANKERS INC,,K,USD,NYSE,XNYS,,,,,,,,,,,,,,,Banks,,,
5684,CVX,CHEVRON CORP,,K,USD,NYSE,XNYS,,,,,,,,,,,,,,,Oil&amp;Gas,,,
2006842,CIG,CIA ENERGETICA DE-SPON ADR,,K,USD,NYSE,XNYS,,,,,,,,,,,,,,,Electric,,,
5794,CLX,CLOROX COMPANY,,K,USD,NYSE,XNYS,,,,,,,,,,,,,,,Household Products/Wares,,,
1520593,JPM,JPMORGAN CHASE & CO,,K,USD,NYSE,XNYS,,,,,,,,,,,,,,,Banks,,,
5811,CMC,COMMERCIAL METALS CO,,K,USD,NYSE,XNYS,,,,,,,,,,,,,,,Iron/Steel,,,
5862,CNA,CNA FINANCIAL CORP,,K,USD,NYSE,XNYS,,,,,,,,,,,,,,,Insurance,,,
5840,CMS,CMS ENERGY CORP,,K,USD,NYSE,XNYS,,,,,,,,,,,,,,,Electric,,,
2006947,CMS PRB,CONSUMERS PWR CO: CMS PRB,,K,USD,NYSE,XNYS,,,,,,,,,,,,,,,Electric,,,
5941,COF,CAPITAL ONE FINANCIAL CORP,,K,USD,NYSE,XNYS,,,,,,,,,,,,,,,Diversified Finan Serv,,,
5994,CPK,CHESAPEAKE UTILITIES CORP,,K,USD,NYSE,XNYS,,,,,,,,,,,,,,,Gas,,,
6004,CPT,CAMDEN PROPERTY TRUST,,K,USD,NYSE,XNYS,,,,,,,,,,,,,,,REITS,,,
6032,CRD A,CRAWFORD & COMPANY -CL A,,K,USD,NYSE,XNYS,,,,,,,,,,,,,,,Insurance,,,
6037,CRD B,CRAWFORD & CO -CL B,,K,USD,NYSE,XNYS,,,,,,,,,,,,,,,Insurance,,,
2730877,CRL,CHARLES RIVER LABORATORIES,,K,USD,NYSE,XNYS,,,,,,,,,,,,,,,Healthcare-Services,,,
6077,CRS,CARPENTER TECHNOLOGY,,K,USD,NYSE,XNYS,,,,,,,,,,,,,,,Iron/Steel,,,
6080,CRT,CROSS TIMBERS ROYALTY TRUST,,K,USD,NYSE,XNYS,,,,,,,,,,,,,,,Oil&amp;Gas,,,
6120,CSL,CARLISLE COS INC,,K,USD,NYSE,XNYS,,,,,,,,,,,,,,,Building Materials,,,
6257,CX,CEMEX SAB-SPONS ADR PART CER,,K,USD,NYSE,XNYS,,,,,,,,,,,,,,,Building Materials,,,
6283,CYD,CHINA YUCHAI INTL LTD,,K,USD,NYSE,XNYS,,,,,,,,,,,,,,,Auto Parts&amp;Equipment,,,
6190,CTS,CTS CORP,,K,USD,NYSE,XNYS,,,,,,,,,,,,,,,Electronics,,,
6207,CMI,CUMMINS INC,,K,USD,NYSE,XNYS,,,,,,,,,,,,,,,Auto Manufacturers,,,
2585769,CVS,CVS HEALTH CORP,,K,USD,NYSE,XNYS,,,,,,,,,,,,,,,Pharmaceuticals,,,
6233,TSI,TCW STRATEGIC INCOME FUND,,K,USD,NYSE,XNYS,,,,,,,,,,,,,,,,,,
6236,CW,CURTISS-WRIGHT CORP,,K,USD,NYSE,XNYS,,,,,,,,,,,,,,,Aerospace/Defense,,,
6255,CWT,CALIFORNIA WATER SERVICE GRP,,K,USD,NYSE,XNYS,,,,,,,,,,,,,,,Water,,,
6327,D,DOMINION ENERGY INC,,K,USD,NYSE,XNYS,,,,,,,,,,,,,,,Electric,,,
6353,DCI,DONALDSON CO INC,,K,USD,NYSE,XNYS,,,,,,,,,,,,,,,Miscellaneous Manufactur,,,
2585711,DCO,DUCOMMUN INC,,K,USD,NYSE,XNYS,,,,,,,,,,,,,,,Aerospace/Defense,,,
2007097,CTA PRA,EIDP INC,,K,USD,NYSE,XNYS,,,,,,,,,,,,,,,Chemicals,,,
2007100,CTA PRB,EIDP INC,,K,USD,NYSE,XNYS,,,,,,,,,,,,,,,Chemicals,,,
6390,DDS,DILLARDS INC-CL A,,K,USD,NYSE,XNYS,,,,,,,,,,,,,,,Retail,,,
6393,DE,DEERE & CO,,K,USD,NYSE,XNYS,,,,,,,,,,,,,,,Machinery-Diversified,,,
7788,DEO,DIAGEO PLC-SPONSORED ADR,,K,USD,NYSE,XNYS,,,,,,,,,,,,,,,Beverages,,,
2459465,DGX,QUEST DIAGNOSTICS INC,,K,USD,NYSE,XNYS,,,,,,,,,,,,,,,Healthcare-Services,,,
6437,TGT,TARGET CORP,,K,USD,NYSE,XNYS,,,,,,,,,,,,,,,Retail,,,
268627,DHI,DR HORTON INC,,K,USD,NYSE,XNYS,,,,,,,,,,,,,,,Home Builders,,,
6442,DHR,DANAHER CORP,,K,USD,NYSE,XNYS,,,,,,,,,,,,,,,Healthcare-Products,,,
6459,DIS,WALT DISNEY CO/THE,,K,USD,NYSE,XNYS,,,,,,,,,,,,,,,Media,,,
6482,DLX,DELUXE CORP,,K,USD,NYSE,XNYS,,,,,,,,,,,,,,,Commercial Services,,,
6497,MCO,MOODY'S CORP,,K,USD,NYSE,XNYS,,,,,,,,,,,,,,,Commercial Services,,,
6500,DNP,DNP SELECT INCOME FUND INC,,K,USD,NYSE,XNYS,,,,,,,,,,,,,,,,,,
6517,DOV,DOVER CORP,,K,USD,NYSE,XNYS,,,,,,,,,,,,,,,Machinery-Diversified,,,
6585,DTE,DTE ENERGY COMPANY,,K,USD,NYSE,XNYS,,,,,,,,,,,,,,,Electric,,,
6588,DTF,DTF TAX-FREE INCOME 2028 TER,,K,USD,NYSE,XNYS,,,,,,,,,,,,,,,,,,
661440,DRI,DARDEN RESTAURANTS INC,,K,USD,NYSE,XNYS,,,,,,,,,,,,,,,Retail,,,
1448477,EL,ESTEE LAUDER COMPANIES-CL A,,K,USD,NYSE,XNYS,,,,,,,,,,,,,,,Cosmetics/Personal Care,,,
6808,CALY,CALLAWAY GOLF COMPANY,,K,USD,NYSE,XNYS,,,,,,,,,,,,,,,Leisure Time,,,
6630,DY,DYCOM INDUSTRIES INC,,K,USD,NYSE,XNYS,,,,,,,,,,,,,,,Engineering&amp;Construction,,,
2007205,E,ENI SPA-SPONSORED ADR,,K,USD,NYSE,XNYS,,,,,,,,,,,,,,,Oil&amp;Gas,,,
6647,EAT,BRINKER INTL INC,,K,USD,NYSE,XNYS,,,,,,,,,,,,,,,Retail,,,
6648,EBF,ENNIS INC,,K,USD,NYSE,XNYS,,,,,,,,,,,,,,,Commercial Services,,,
6682,ECL,ECOLAB INC,,K,USD,NYSE,XNYS,,,,,,,,,,,,,,,Chemicals,,,
6691,ED,CONSOLIDATED EDISON INC,,K,USD,NYSE,XNYS,,,,,,,,,,,,,,,Electric,,,
6735,EFX,EQUIFAX INC,,K,USD,NYSE,XNYS,,,,,,,,,,,,,,,Commercial Services,,,
6737,RVTY,REVVITY INC,,K,USD,NYSE,XNYS,,,,,,,,,,,,,,,Healthcare-Products,,,
6747,EGP,EASTGROUP PROPERTIES INC,,K,USD,NYSE,XNYS,,,,,,,,,,,,,,,REITS,,,
11899,EIX,EDISON INTL,,K,USD,NYSE,XNYS,,,,,,,,,,,,,,,Electric,,,
6820,EME,EMCOR GROUP INC,,K,USD,NYSE,XNYS,,,,,,,,,,,,,,,Engineering&amp;Construction,,,
6827,EMF,TEMPLETON EMERGING MARKETS,,K,USD,NYSE,XNYS,,,,,,,,,,,,,,,,,,
6832,EMN,EASTMAN CHEMICAL CO,,K,USD,NYSE,XNYS,,,,,,,,,,,,,,,Chemicals,,,
6842,EMR,EMERSON ELECTRIC CO,,K,USD,NYSE,XNYS,,,,,,,,,,,,,,,Electrical Compo&amp;Equip,,,
6890,EOG,EOG RESOURCES INC,,K,USD,NYSE,XNYS,,,,,,,,,,,,,,,Oil&amp;Gas,,,
6917,EQR,EQUITY RESIDENTIAL,,K,USD,NYSE,XNYS,,,,,,,,,,,,,,,REITS,,,
6929,ESE,ESCO TECHNOLOGIES INC,,K,USD,NYSE,XNYS,,,,,,,,,,,,,,,Electronics,,,
6946,ESS,ESSEX PROPERTY TRUST INC,,K,USD,NYSE,XNYS,,,,,,,,,,,,,,,REITS,,,
6957,ETD,ETHAN ALLEN INTERIORS INC,,K,USD,NYSE,XNYS,,,,,,,,,,,,,,,Home Furnishings,,,
6969,ETR,ENTERGY CORP,,K,USD,NYSE,XNYS,,,,,,,,,,,,,,,Electric,,,
7002,NEU,NEWMARKET CORP,,K,USD,NYSE,XNYS,,,,,,,,,,,,,,,Chemicals,,,
1847145,FDS,FACTSET RESEARCH SYSTEMS INC,,K,USD,NYSE,XNYS,,,,,,,,,,,,,,,Media,,,
5100583,FDX,FEDEX CORPORATION,,K,USD,NYSE,XNYS,,,,,,,,,,,,,,,Transportation,,,
3265376,FE,FIRSTENERGY CORP,,K,USD,NYSE,XNYS,,,,,,,,,,,,,,,Electric,,,
7280,FC,FRANKLIN COVEY CO,,K,USD,NYSE,XNYS,,,,,,,,,,,,,,,Commercial Services,,,
7077,FCF,FIRST COMMONWEALTH FINL CORP,,K,USD,NYSE,XNYS,,,,,,,,,,,,,,,Banks,,,
7238,FMC,FMC CORP,,K,USD,NYSE,XNYS,,,,,,,,,,,,,,,Chemicals,,,
7089,FCX,FREEPORT-MCMORAN INC,,K,USD,NYSE,XNYS,,,,,,,,,,,,,,,Mining,,,
269280,FICO,FAIR ISAAC CORP,,K,USD,NYSE,XNYS,,,,,,,,,,,,,,,Software,,,
2030556,FMS,FRESENIUS MEDICAL CARE-ADR,,K,USD,NYSE,XNYS,,,,,,,,,,,,,,,Healthcare-Services,,,
5021349,FMX,FOMENTO ECONOMICO MEX-SP ADR,,K,USD,NYSE,XNYS,,,,,,,,,,,,,,,Beverages,,,
7330,FR,FIRST INDUSTRIAL REALTY TR,,K,USD,NYSE,XNYS,,,,,,,,,,,,,,,REITS,,,
7381,FSS,FEDERAL SIGNAL CORP,,K,USD,NYSE,XNYS,,,,,,,,,,,,,,,Miscellaneous Manufactur,,,
7540,GF,NEW GERMANY FUND INC/THE,,K,USD,NYSE,XNYS,,,,,,,,,,,,,,,,,,
611152,GFF,GRIFFON CORP,,K,USD,NYSE,XNYS,,,,,,,,,,,,,,,Building Materials,,,
7563,GGG,GRACO INC,,K,USD,NYSE,XNYS,,,,,,,,,,,,,,,Machinery-Diversified,,,
7568,GGT,GABELLI MULTIMEDIA TRUST INC,,K,USD,NYSE,XNYS,,,,,,,,,,,,,,,,,,
7496,GD,GENERAL DYNAMICS CORP,,K,USD,NYSE,XNYS,,,,,,,,,,,,,,,Aerospace/Defense,,,
2585819,GEL,GENESIS ENERGY L.P.,,K,USD,NYSE,XNYS,,,,,,,,,,,,,,,Pipelines,,,
7442,GAB,GABELLI EQUITY TRUST,,K,USD,NYSE,XNYS,,,,,,,,,,,,,,,,,,
7448,GAM,GENERAL AMERICAN INVESTORS,,K,USD,NYSE,XNYS,,,,,,,,,,,,,,,,,,
7472,GBX,GREENBRIER COMPANIES INC,,K,USD,NYSE,XNYS,,,,,,,,,,,,,,,Trucking&amp;Leasing,,,
7490,GCO,GENESCO INC,,K,USD,NYSE,XNYS,,,,,,,,,,,,,,,Retail,,,
2007547,GTN A,GRAY MEDIA INC-A,,K,USD,NYSE,XNYS,,,,,,,,,,,,,,,Media,,,
2585360,GTN,GRAY MEDIA INC,,K,USD,NYSE,XNYS,,,,,,,,,,,,,,,Media,,,
661455,GCV,GABELLI CONVERT & INC SEC,,K,USD,NYSE,XNYS,,,,,,,,,,,,,,,,,,
7386,FT,FRANKLIN UNIVERSAL TRUST,,K,USD,NYSE,XNYS,,,,,,,,,,,,,,,,,,
269555,FHN,FIRST HORIZON CORP,,K,USD,NYSE,XNYS,,,,,,,,,,,,,,,Banks,,,
7616,GIS,GENERAL MILLS INC,,K,USD,NYSE,XNYS,,,,,,,,,,,,,,,Food,,,
7655,GLW,CORNING INC,,K,USD,NYSE,XNYS,,,,,,,,,,,,,,,Telecommunications,,,
7690,GATX,GATX CORP,,K,USD,NYSE,XNYS,,,,,,,,,,,,,,,Trucking&amp;Leasing,,,
4627828,GS,GOLDMAN SACHS GROUP INC,,K,USD,NYSE,XNYS,,,,,,,,,,,,,,,Banks,,,
7745,GPC,GENUINE PARTS CO,,K,USD,NYSE,XNYS,,,,,,,,,,,,,,,Retail,,,
7765,GAP,GAP INC/THE,,K,USD,NYSE,XNYS,,,,,,,,,,,,,,,Retail,,,
4875668,HSBC,HSBC HOLDINGS PLC-SPONS ADR,,K,USD,NYSE,XNYS,,,,,,,,,,,,,,,Banks,,,
7930,HD,HOME DEPOT INC,,K,USD,NYSE,XNYS,,,,,,,,,,,,,,,Retail,,,
2743636,GVA,GRANITE CONSTRUCTION INC,,K,USD,NYSE,XNYS,,,,,,,,,,,,,,,Engineering&amp;Construction,,,
7867,GWW,WW GRAINGER INC,,K,USD,NYSE,XNYS,,,,,,,,,,,,,,,Distribution/Wholesale,,,
7884,HAE,HAEMONETICS CORP/MASS,,K,USD,NYSE,XNYS,,,,,,,,,,,,,,,Healthcare-Products,,,
7890,HAL,HALLIBURTON CO,,K,USD,NYSE,XNYS,,,,,,,,,,,,,,,Oil&amp;Gas Services,,,
7855,GTY,GETTY REALTY CORP,,K,USD,NYSE,XNYS,,,,,,,,,,,,,,,REITS,,,
7935,HOG,HARLEY-DAVIDSON INC,,K,USD,NYSE,XNYS,,,,,,,,,,,,,,,Leisure Time,,,
7947,HE,HAWAIIAN ELECTRIC INDS,,K,USD,NYSE,XNYS,,,,,,,,,,,,,,,Electric,,,
1217009,HIG,HARTFORD INSURANCE GROUP INC,,K,USD,NYSE,XNYS,,,,,,,,,,,,,,,Insurance,,,
8015,HIW,HIGHWOODS PROPERTIES INC,,K,USD,NYSE,XNYS,,,,,,,,,,,,,,,REITS,,,
8027,HL,HECLA MINING CO,,K,USD,NYSE,XNYS,,,,,,,,,,,,,,,Mining,,,
2007731,HL PRB,HECLA MNG CO: HL PRB,,K,USD,NYSE,XNYS,,,,,,,,,,,,,,,Mining,,,
8045,HMC,HONDA MOTOR CO LTD-SPONS ADR,,K,USD,NYSE,XNYS,,,,,,,,,,,,,,,Auto Manufacturers,,,
8054,HMN,HORACE MANN EDUCATORS,,K,USD,NYSE,XNYS,,,,,,,,,,,,,,,Insurance,,,
8251,HUM,HUMANA INC,,K,USD,NYSE,XNYS,,,,,,,,,,,,,,,Healthcare-Services,,,
611167,HXL,HEXCEL CORP,,K,USD,NYSE,XNYS,,,,,,,,,,,,,,,Aerospace/Defense,,,
8097,HP,HELMERICH & PAYNE,,K,USD,NYSE,XNYS,,,,,,,,,,,,,,,Oil&amp;Gas,,,
8130,HRB,H&R BLOCK INC,,K,USD,NYSE,XNYS,,,,,,,,,,,,,,,Commercial Services,,,
8153,HRL,HORMEL FOODS CORP,,K,USD,NYSE,XNYS,,,,,,,,,,,,,,,Food,,,
8199,HSY,HERSHEY CO/THE,,K,USD,NYSE,XNYS,,,,,,,,,,,,,,,Food,,,
8360,IDA,IDACORP INC,,K,USD,NYSE,XNYS,,,,,,,,,,,,,,,Electric,,,
8377,IEX,IDEX CORP,,K,USD,NYSE,XNYS,,,,,,,,,,,,,,,Machinery-Diversified,,,
8385,IFF,INTL FLAVORS & FRAGRANCES,,K,USD,NYSE,XNYS,,,,,,,,,,,,,,,Chemicals,,,
8395,IFN,ABERDEEN INDIA FUND INC,,K,USD,NYSE,XNYS,,,,,,,,,,,,,,,,,,
8425,IIF,MORGAN STANLEY INDIA INVEST,,K,USD,NYSE,XNYS,,,,,,,,,,,,,,,,,,
8428,IIIN,INSTEEL INDUSTRIES INC,,K,USD,NYSE,XNYS,,,,,,,,,,,,,,,Electrical Compo&amp;Equip,,,
2865956,ING,ING GROEP N.V.-SPONSORED ADR,,K,USD,NYSE,XNYS,,,,,,,,,,,,,,,Banks,,,
2007782,WKC,WORLD KINECT CORP,,K,USD,NYSE,XNYS,,,,,,,,,,,,,,,Transportation,,,
8511,IP,INTERNATIONAL PAPER CO,,K,USD,NYSE,XNYS,,,,,,,,,,,,,,,Forest Products&amp;Paper,,,
4457287,IT,GARTNER INC,,K,USD,NYSE,XNYS,,,,,,,,,,,,,,,Computers,,,
8620,ITW,ILLINOIS TOOL WORKS,,K,USD,NYSE,XNYS,,,,,,,,,,,,,,,Miscellaneous Manufactur,,,
4457282,JBL,JABIL INC,,K,USD,NYSE,XNYS,,,,,,,,,,,,,,,Electronics,,,
8691,JHI,JOHN HANCOCK INVESTORS TR,,K,USD,NYSE,XNYS,,,,,,,,,,,,,,,,,,
8697,JHS,JOHN HANCOCK INCOME SEC TR,,K,USD,NYSE,XNYS,,,,,,,,,,,,,,,,,,
8719,JNJ,JOHNSON & JOHNSON,,K,USD,NYSE,XNYS,,,,,,,,,,,,,,,Pharmaceuticals,,,
12170,JOE,ST JOE CO/THE,,K,USD,NYSE,XNYS,,,,,,,,,,,,,,,Real Estate,,,
8731,JOF,JAPAN SMALLER CAPITALIZATION,,K,USD,NYSE,XNYS,,,,,,,,,,,,,,,,,,
276049,WLY,WILEY (JOHN) & SONS-CLASS A,,K,USD,NYSE,XNYS,,,,,,,,,,,,,,,Commercial Services,,,
2007866,WLYB,WILEY (JOHN) & SONS-CL B,,K,USD,NYSE,XNYS,,,,,,,,,,,,,,,Commercial Services,,,
8772,KBH,KB HOME,,K,USD,NYSE,XNYS,,,,,,,,,,,,,,,Home Builders,,,
8803,KEP,KOREA ELEC POWER CORP-SP ADR,,K,USD,NYSE,XNYS,,,,,,,,,,,,,,,Electric,,,
2585501,KEX,KIRBY CORP,,K,USD,NYSE,XNYS,,,,,,,,,,,,,,,Transportation,,,
8809,KEY,KEYCORP,,K,USD,NYSE,XNYS,,,,,,,,,,,,,,,Banks,,,
8823,KGC,KINROSS GOLD CORP,,K,USD,NYSE,XNYS,,,,,,,,,,,,,,,Mining,,,
8845,KIM,KIMCO REALTY CORP,,K,USD,NYSE,XNYS,,,,,,,,,,,,,,,REITS,,,
8879,KMT,KENNAMETAL INC,,K,USD,NYSE,XNYS,,,,,,,,,,,,,,,Hand/Machine Tools,,,
8894,KO,COCA-COLA CO/THE,,K,USD,NYSE,XNYS,,,,,,,,,,,,,,,Beverages,,,
8899,KOF,COCA-COLA FEMSA SAB-SP ADR,,K,USD,NYSE,XNYS,,,,,,,,,,,,,,,Beverages,,,
8908,KR,KROGER CO,,K,USD,NYSE,XNYS,,,,,,,,,,,,,,,Food,,,
2009860,KWR,QUAKER CHEMICAL CORPORATION,,K,USD,NYSE,XNYS,,,,,,,,,,,,,,,Chemicals,,,
2586128,KRC,KILROY REALTY CORP,,K,USD,NYSE,XNYS,,,,,,,,,,,,,,,REITS,,,
8942,KSS,KOHLS CORP,,K,USD,NYSE,XNYS,,,,,,,,,,,,,,,Retail,,,
9081,LEG,LEGGETT & PLATT INC,,K,USD,NYSE,XNYS,,,,,,,,,,,,,,,Home Furnishings,,,
9091,LEN,LENNAR CORP-A,,K,USD,NYSE,XNYS,,,,,,,,,,,,,,,Home Builders,,,
9160,LLY,ELI LILLY & CO,,K,USD,NYSE,XNYS,,,,,,,,,,,,,,,Pharmaceuticals,,,
611191,LMT,LOCKHEED MARTIN CORP,,K,USD,NYSE,XNYS,,,,,,,,,,,,,,,Aerospace/Defense,,,
9174,LNC,LINCOLN NATIONAL CORP,,K,USD,NYSE,XNYS,,,,,,,,,,,,,,,Insurance,,,
9282,LUV,SOUTHWEST AIRLINES CO,,K,USD,NYSE,XNYS,,,,,,,,,,,,,,,Airlines,,,
9308,LZB,LA-Z-BOY INC,,K,USD,NYSE,XNYS,,,,,,,,,,,,,,,Retail,,,
9317,MAA,MID-AMERICA APARTMENT COMM,,K,USD,NYSE,XNYS,,,,,,,,,,,,,,,REITS,,,
9657,MCK,MCKESSON CORP,,K,USD,NYSE,XNYS,,,,,,,,,,,,,,,Pharmaceuticals,,,
9438,MCR,MFS CHARTER INCOME TRUST,,K,USD,NYSE,XNYS,,,,,,,,,,,,,,,,,,
9442,MCS,MARCUS CORPORATION,,K,USD,NYSE,XNYS,,,,,,,,,,,,,,,Lodging,,,
2585462,MCY,MERCURY GENERAL CORP,,K,USD,NYSE,XNYS,,,,,,,,,,,,,,,Insurance,,,
9322,MAC,MACERICH CO/THE,,K,USD,NYSE,XNYS,,,,,,,,,,,,,,,REITS,,,
2585343,PRA,PROASSURANCE CORP,,K,USD,NYSE,XNYS,,,,,,,,,,,,,,,Insurance,,,
9355,MAN,MANPOWERGROUP INC,,K,USD,NYSE,XNYS,,,,,,,,,,,,,,,Commercial Services,,,
9360,MAS,MASCO CORP,,K,USD,NYSE,XNYS,,,,,,,,,,,,,,,Building Materials,,,
9199,LOW,LOWE'S COS INC,,K,USD,NYSE,XNYS,,,,,,,,,,,,,,,Retail,,,
9204,LPX,LOUISIANA-PACIFIC CORP,,K,USD,NYSE,XNYS,,,,,,,,,,,,,,,Building Materials,,,
9240,LTC,LTC PROPERTIES INC,,K,USD,NYSE,XNYS,,,,,,,,,,,,,,,REITS,,,
9252,L,LOEWS CORP,,K,USD,NYSE,XNYS,,,,,,,,,,,,,,,Insurance,,,
9388,MBI,MBIA INC,,K,USD,NYSE,XNYS,,,,,,,,,,,,,,,Insurance,,,
9485,MDU,MDU RESOURCES GROUP INC,,K,USD,NYSE,XNYS,,,,,,,,,,,,,,,Gas,,,
1447100,MFC,MANULIFE FINANCIAL CORP,,K,USD,NYSE,XNYS,,,,,,,,,,,,,,,Insurance,,,
9531,MFM,MFS MUNICIPAL INCOME TRUST,,K,USD,NYSE,XNYS,,,,,,,,,,,,,,,,,,
9545,MGA,MAGNA INTERNATIONAL INC,,K,USD,NYSE,XNYS,,,,,,,,,,,,,,,Auto Parts&amp;Equipment,,,
9559,MGF,MFS GOVT MARKETS INC TRUST,,K,USD,NYSE,XNYS,,,,,,,,,,,,,,,,,,
9560,MGM,MGM RESORTS INTERNATIONAL,,K,USD,NYSE,XNYS,,,,,,,,,,,,,,,Lodging,,,
9584,ELS,EQUITY LIFESTYLE PROPERTIES,,K,USD,NYSE,XNYS,,,,,,,,,,,,,,,REITS,,,
271460,MKL,MARKEL GROUP INC,,K,USD,NYSE,XNYS,,,,,,,,,,,,,,,Insurance,,,
9680,MLI,MUELLER INDUSTRIES INC,,K,USD,NYSE,XNYS,,,,,,,,,,,,,,,Metal Fabricate/Hardware,,,
9690,MLM,MARTIN MARIETTA MATERIALS,,K,USD,NYSE,XNYS,,,,,,,,,,,,,,,Building Materials,,,
1644013,MLR,MILLER INDUSTRIES INC/TENN,,K,USD,NYSE,XNYS,,,,,,,,,,,,,,,Auto Parts&amp;Equipment,,,
9705,MRSH,MARSH & MCLENNAN COS,,K,USD,NYSE,XNYS,,,,,,,,,,,,,,,Insurance,,,
9720,MMM,3M CO,,K,USD,NYSE,XNYS,,,,,,,,,,,,,,,Miscellaneous Manufactur,,,
9852,MSB,MESABI TRUST,,K,USD,NYSE,XNYS,,,,,,,,,,,,,,,Iron/Steel,,,
9862,MSD,MORGAN STANLEY EMRG MKT DEBT,,K,USD,NYSE,XNYS,,,,,,,,,,,,,,,,,,
2008216,MSM,MSC INDUSTRIAL DIRECT CO-A,,K,USD,NYSE,XNYS,,,,,,,,,,,,,,,Retail,,,
9594,MHO,M/I HOMES INC,,K,USD,NYSE,XNYS,,,,,,,,,,,,,,,Home Builders,,,
9627,MIN,MFS INTERMEDIATE INC TRUST,,K,USD,NYSE,XNYS,,,,,,,,,,,,,,,,,,
271556,MKC,MCCORMICK & CO-NON VTG SHRS,,K,USD,NYSE,XNYS,,,,,,,,,,,,,,,Food,,,
9729,MMT,MFS MULTIMARKET INC TRUST,,K,USD,NYSE,XNYS,,,,,,,,,,,,,,,,,,
2585323,MTB,M & T BANK CORP,,K,USD,NYSE,XNYS,,,,,,,,,,,,,,,Banks,,,
9902,MTG,MGIC INVESTMENT CORP,,K,USD,NYSE,XNYS,,,,,,,,,,,,,,,Insurance,,,
2586041,MTH,MERITAGE HOMES CORP,,K,USD,NYSE,XNYS,,,,,,,,,,,,,,,Home Builders,,,
2586162,MTN,VAIL RESORTS INC,,K,USD,NYSE,XNYS,,,,,,,,,,,,,,,Entertainment,,,
9919,MTR,MESA ROYALTY TRUST,,K,USD,NYSE,XNYS,,,,,,,,,,,,,,,Oil&amp;Gas,,,
12200,SLB,SLB LTD,,K,USD,NYSE,XNYS,,,,,,,,,,,,,,,Oil&amp;Gas Services,,,
9933,MTX,MINERALS TECHNOLOGIES INC,,K,USD,NYSE,XNYS,,,,,,,,,,,,,,,Chemicals,,,
2586246,MTZ,MASTEC INC,,K,USD,NYSE,XNYS,,,,,,,,,,,,,,,Engineering&amp;Construction,,,
9952,MUR,MURPHY OIL CORP,,K,USD,NYSE,XNYS,,,,,,,,,,,,,,,Oil&amp;Gas,,,
10174,NEM,NEWMONT CORP,,K,USD,NYSE,XNYS,,,,,,,,,,,,,,,Mining,,,
10182,NRT,NORTH EUROPEAN OIL RTY TRUST,,K,USD,NYSE,XNYS,,,,,,,,,,,,,,,Oil&amp;Gas,,,
10120,NC,NACCO INDUSTRIES-CL A,,K,USD,NYSE,XNYS,,,,,,,,,,,,,,,Coal,,,
10125,NCA,NUVEEN CALIFORNIA MUNI VAL,,K,USD,NYSE,XNYS,,,,,,,,,,,,,,,,,,
2381302,VYX,NCR VOYIX CORP,,K,USD,NYSE,XNYS,,,,,,,,,,,,,,,Computers,,,
2841574,MS,MORGAN STANLEY,,K,USD,NYSE,XNYS,,,,,,,,,,,,,,,Banks,,,
10001,MXE,MEXICO EQUITY AND INCOME FD,,K,USD,NYSE,XNYS,,,,,,,,,,,,,,,,,,
10004,MXF,MEXICO FUND INC,,K,USD,NYSE,XNYS,,,,,,,,,,,,,,,,,,
10260,NI,NISOURCE INC,,K,USD,NYSE,XNYS,,,,,,,,,,,,,,,Gas,,,
10270,NIM,NUVEEN SELECT MATURIT MUNI,,K,USD,NYSE,XNYS,,,,,,,,,,,,,,,,,,
10285,NJR,NEW JERSEY RESOURCES CORP,,K,USD,NYSE,XNYS,,,,,,,,,,,,,,,Gas,,,
10199,NFG,NATIONAL FUEL GAS CO,,K,USD,NYSE,XNYS,,,,,,,,,,,,,,,Gas,,,
10245,NHI,NATL HEALTH INVESTORS INC,,K,USD,NYSE,XNYS,,,,,,,,,,,,,,,REITS,,,
10079,NAC,NUVEEN CA QLTY MUNI INC,,K,USD,NYSE,XNYS,,,,,,,,,,,,,,,,,,
10092,NAZ,NUVEEN AZ QLTY MUNI INC,,K,USD,NYSE,XNYS,,,,,,,,,,,,,,,,,,
10291,NKE,NIKE INC -CL B,,K,USD,NYSE,XNYS,,,,,,,,,,,,,,,Apparel,,,
10294,NL,NLI HOLDINGS INC,,K,USD,NYSE,XNYS,,,,,,,,,,,,,,,Miscellaneous Manufactur,,,
10318,NMI,NUVEEN MUNICIPAL INCOME,,K,USD,NYSE,XNYS,,,,,,,,,,,,,,,,,,
272475,NPKI,NPK INTERNATIONAL INC,,K,USD,NYSE,XNYS,,,,,,,,,,,,,,,Commercial Services,,,
10370,NNY,NUVEEN NEW YORK MUNI VAL,,K,USD,NYSE,XNYS,,,,,,,,,,,,,,,,,,
10376,NOC,NORTHROP GRUMMAN CORP,,K,USD,NYSE,XNYS,,,,,,,,,,,,,,,Aerospace/Defense,,,
661513,NOK,NOKIA CORP-SPON ADR,,K,USD,NYSE,XNYS,,,,,,,,,,,,,,,Telecommunications,,,
10405,NPK,NATIONAL PRESTO INDS INC,,K,USD,NYSE,XNYS,,,,,,,,,,,,,,,Aerospace/Defense,,,
10430,NPV,NUVEEN VA QLTY MUNI INC,,K,USD,NYSE,XNYS,,,,,,,,,,,,,,,,,,
10497,NSC,NORFOLK SOUTHERN CORP,,K,USD,NYSE,XNYS,,,,,,,,,,,,,,,Transportation,,,
10335,NMT,NUVEEN MA QLTY MUNI INC,,K,USD,NYSE,XNYS,,,,,,,,,,,,,,,,,,
2585797,NUS,NU SKIN ENTERPRISES INC - A,,K,USD,NYSE,XNYS,,,,,,,,,,,,,,,Retail,,,
10594,NUV,NUVEEN MUNICIPAL VALUE,,K,USD,NYSE,XNYS,,,,,,,,,,,,,,,,,,
10611,NVO,NOVO-NORDISK A/S-SPONS ADR,,K,USD,NYSE,XNYS,,,,,,,,,,,,,,,Pharmaceuticals,,,
10557,NUE,NUCOR CORP,,K,USD,NYSE,XNYS,,,,,,,,,,,,,,,Iron/Steel,,,
10879,OXM,OXFORD INDUSTRIES INC,,K,USD,NYSE,XNYS,,,,,,,,,,,,,,,Apparel,,,
10780,OII,OCEANEERING INTL INC,,K,USD,NYSE,XNYS,,,,,,,,,,,,,,,Oil&amp;Gas Services,,,
10794,OKE,ONEOK INC,,K,USD,NYSE,XNYS,,,,,,,,,,,,,,,Pipelines,,,
10799,OLN,OLIN CORP,,K,USD,NYSE,XNYS,,,,,,,,,,,,,,,Chemicals,,,
10811,OMC,OMNICOM GROUP,,K,USD,NYSE,XNYS,,,,,,,,,,,,,,,Advertising,,,
10814,ACH,ACCENDRA HEALTH INC,,K,USD,NYSE,XNYS,,,,,,,,,,,,,,,Pharmaceuticals,,,
2586038,OGE,OGE ENERGY CORP,,K,USD,NYSE,XNYS,,,,,,,,,,,,,,,Electric,,,
10754,OHI,OMEGA HEALTHCARE INVESTORS,,K,USD,NYSE,XNYS,,,,,,,,,,,,,,,REITS,,,
10648,NXP,NUVEEN SELECT TAX-FREE INC,,K,USD,NYSE,XNYS,,,,,,,,,,,,,,,,,,
755883,NYT,NEW YORK TIMES CO-A,,K,USD,NYSE,XNYS,,,,,,,,,,,,,,,Media,,,
10672,O,REALTY INCOME CORP,,K,USD,NYSE,XNYS,,,,,,,,,,,,,,,REITS,,,
10710,ODC,OIL-DRI CORP OF AMERICA,,K,USD,NYSE,XNYS,,,,,,,,,,,,,,,Chemicals,,,
10840,ORI,OLD REPUBLIC INTL CORP,,K,USD,NYSE,XNYS,,,,,,,,,,,,,,,Insurance,,,
10880,OXY,OCCIDENTAL PETROLEUM CORP,,K,USD,NYSE,XNYS,,,,,,,,,,,,,,,Oil&amp;Gas,,,
10885,COP,CONOCOPHILLIPS,,K,USD,NYSE,XNYS,,,,,,,,,,,,,,,Oil&amp;Gas,,,
10920,PBI,PITNEY BOWES INC,,K,USD,NYSE,XNYS,,,,,,,,,,,,,,,Computers,,,
10931,PBT,PERMIAN BASIN ROYALTY TRUST,,K,USD,NYSE,XNYS,,,,,,,,,,,,,,,Oil&amp;Gas,,,
2586035,PCG,P G & E CORP,,K,USD,NYSE,XNYS,,,,,,,,,,,,,,,Electric,,,
611228,PDT,JOHN HANCOCK PREM DVD FND,,K,USD,NYSE,XNYS,,,,,,,,,,,,,,,,,,
661533,PCQ,PIMCO CALIFORNIA MUNI INC FD,,K,USD,NYSE,XNYS,,,,,,,,,,,,,,,,,,
11005,PEG,PUBLIC SERVICE ENTERPRISE GP,,K,USD,NYSE,XNYS,,,,,,,,,,,,,,,Electric,,,
11094,PH,PARKER HANNIFIN CORP,,K,USD,NYSE,XNYS,,,,,,,,,,,,,,,Miscellaneous Manufactur,,,
11097,PHG,KONINKLIJKE PHILIPS NVR- NY,,K,USD,NYSE,XNYS,,,,,,,,,,,,,,,Healthcare-Products,,,
11109,PHM,PULTE GROUP INC,,K,USD,NYSE,XNYS,,,,,,,,,,,,,,,Home Builders,,,
611242,PII,POLARIS INC,,K,USD,NYSE,XNYS,,,,,,,,,,,,,,,Leisure Time,,,
11137,PIM,PUTNAM MASTER INTRM INC TR,,K,USD,NYSE,XNYS,,,,,,,,,,,,,,,,,,
11080,PGR,PROGRESSIVE CORP,,K,USD,NYSE,XNYS,,,,,,,,,,,,,,,Insurance,,,
11171,PKX,POSCO HOLDINGS INC -SPON ADR,,K,USD,NYSE,XNYS,,,,,,,,,,,,,,,Iron/Steel,,,
11251,TXNM,TXNM ENERGY INC,,K,USD,NYSE,XNYS,,,,,,,,,,,,,,,Electric,,,
11257,PNW,PINNACLE WEST CAPITAL,,K,USD,NYSE,XNYS,,,,,,,,,,,,,,,Electric,,,
11295,PPG,PPG INDUSTRIES INC,,K,USD,NYSE,XNYS,,,,,,,,,,,,,,,Chemicals,,,
661547,PPL,PPL CORP,,K,USD,NYSE,XNYS,,,,,,,,,,,,,,,Electric,,,
11220,PMM,PUTNAM MGD MUNI INC TR,,K,USD,NYSE,XNYS,,,,,,,,,,,,,,,,,,
11227,PMO,PUTNAM MUNICIPAL OPPOR,,K,USD,NYSE,XNYS,,,,,,,,,,,,,,,,,,
11240,PNC,PNC FINANCIAL SERVICES GROUP,,K,USD,NYSE,XNYS,,,,,,,,,,,,,,,Banks,,,
11320,PPT,PUTNAM PREMIER INCOME TRUST,,K,USD,NYSE,XNYS,,,,,,,,,,,,,,,,,,
12002,PSA,PUBLIC STORAGE,,K,USD,NYSE,XNYS,,,,,,,,,,,,,,,REITS,,,
11398,PAR,PAR TECHNOLOGY CORP/DEL,,K,USD,NYSE,XNYS,,,,,,,,,,,,,,,Computers,,,
11475,BCO,BRINK'S CO/THE,,K,USD,NYSE,XNYS,,,,,,,,,,,,,,,Commercial Services,,,
11478,R,RYDER SYSTEM INC,,K,USD,NYSE,XNYS,,,,,,,,,,,,,,,Transportation,,,
8093,CNP,CENTERPOINT ENERGY INC,,K,USD,NYSE,XNYS,,,,,,,,,,,,,,,Electric,,,
11588,RES,RPC INC,,K,USD,NYSE,XNYS,,,,,,,,,,,,,,,Oil&amp;Gas Services,,,
11600,RFI,COHEN & STEERS TOT RET RLTY,,K,USD,NYSE,XNYS,,,,,,,,,,,,,,,,,,
1250652,RCI,ROGERS COMMUNICATIONS INC-B,,K,USD,NYSE,XNYS,,,,,,,,,,,,,,,Telecommunications,,,
11619,RGR,STURM RUGER & CO INC,,K,USD,NYSE,XNYS,,,,,,,,,,,,,,,Miscellaneous Manufactur,,,
11520,RCL,ROYAL CARIBBEAN CRUISES LTD,,K,USD,NYSE,XNYS,,,,,,,,,,,,,,,Leisure Time,,,
11535,RCS,PIMCO STRATEGIC INCOME FUND,,K,USD,NYSE,XNYS,,,,,,,,,,,,,,,,,,
11634,RHI,ROBERT HALF INC,,K,USD,NYSE,XNYS,,,,,,,,,,,,,,,Commercial Services,,,
11656,RJF,RAYMOND JAMES FINANCIAL INC,,K,USD,NYSE,XNYS,,,,,,,,,,,,,,,Diversified Finan Serv,,,
11667,RLI,RLI CORP,,K,USD,NYSE,XNYS,,,,,,,,,,,,,,,Insurance,,,
2008959,RNR,RENAISSANCERE HOLDINGS LTD,,K,USD,NYSE,XNYS,,,,,,,,,,,,,,,Insurance,,,
11697,ROK,ROCKWELL AUTOMATION INC,,K,USD,NYSE,XNYS,,,,,,,,,,,,,,,Machinery-Diversified,,,
11700,ROL,ROLLINS INC,,K,USD,NYSE,XNYS,,,,,,,,,,,,,,,Commercial Services,,,
11735,RS,RELIANCE INC,,K,USD,NYSE,XNYS,,,,,,,,,,,,,,,Iron/Steel,,,
11736,REX,REX AMERICAN RESOURCES CORP,,K,USD,NYSE,XNYS,,,,,,,,,,,,,,,Energy-Alternate Sources,,,
4095586,RIO,RIO TINTO PLC-SPON ADR,,K,USD,NYSE,XNYS,,,,,,,,,,,,,,,Mining,,,
11775,RVT,ROYCE SMALL-CAP TRUST INC,,K,USD,NYSE,XNYS,,,,,,,,,,,,,,,,,,
11800,RYN,RAYONIER INC,,K,USD,NYSE,XNYS,,,,,,,,,,,,,,,REITS,,,
1841216,SAM,BOSTON BEER COMPANY INC-A,,K,USD,NYSE,XNYS,,,,,,,,,,,,,,,Beverages,,,
2586083,BSAC,BANCO SANTANDER-CHILE-ADR,,K,USD,NYSE,XNYS,,,,,,,,,,,,,,,Banks,,,
11882,SBR,SABINE ROYALTY TRUST,,K,USD,NYSE,XNYS,,,,,,,,,,,,,,,Oil&amp;Gas,,,
11905,SCHW,SCHWAB (CHARLES) CORP,,K,USD,NYSE,XNYS,,,,,,,,,,,,,,,Diversified Finan Serv,,,
1447115,SCL,STEPAN CO,,K,USD,NYSE,XNYS,,,,,,,,,,,,,,,Chemicals,,,
12008,SF,STIFEL FINANCIAL CORP,,K,USD,NYSE,XNYS,,,,,,,,,,,,,,,Diversified Finan Serv,,,
12120,SHW,SHERWIN-WILLIAMS CO/THE,,K,USD,NYSE,XNYS,,,,,,,,,,,,,,,Chemicals,,,
12175,SJT,SAN JUAN BASIN ROYALTY TR,,K,USD,NYSE,XNYS,,,,,,,,,,,,,,,Oil&amp;Gas,,,
12187,SKT,TANGER INC,,K,USD,NYSE,XNYS,,,,,,,,,,,,,,,REITS,,,
12190,SKY,CHAMPION HOMES INC,,K,USD,NYSE,XNYS,,,,,,,,,,,,,,,Home Builders,,,
274173,SMG,SCOTTS MIRACLE-GRO CO,,K,USD,NYSE,XNYS,,,,,,,,,,,,,,,Housewares,,,
12245,SMP,STANDARD MOTOR PRODS,,K,USD,NYSE,XNYS,,,,,,,,,,,,,,,Auto Parts&amp;Equipment,,,
12259,SNA,SNAP-ON INC,,K,USD,NYSE,XNYS,,,,,,,,,,,,,,,Hand/Machine Tools,,,
12268,SONY,SONY GROUP CORP - SP ADR,,K,USD,NYSE,XNYS,,,,,,,,,,,,,,,Home Furnishings,,,
2009113,SPG,SIMON PROPERTY GROUP INC,,K,USD,NYSE,XNYS,,,,,,,,,,,,,,,REITS,,,
1433753,SPH,SUBURBAN PROPANE PARTNERS LP,,K,USD,NYSE,XNYS,,,,,,,,,,,,,,,Retail,,,
12300,SO,SOUTHERN CO/THE,,K,USD,NYSE,XNYS,,,,,,,,,,,,,,,Electric,,,
611273,SON,SONOCO PRODUCTS CO,,K,USD,NYSE,XNYS,,,,,,,,,,,,,,,Packaging&amp;Containers,,,
12399,SCI,SERVICE CORP INTL,,K,USD,NYSE,XNYS,,,,,,,,,,,,,,,Commercial Services,,,
12437,STC,STEWART INFORMATION SERVICES,,K,USD,NYSE,XNYS,,,,,,,,,,,,,,,Insurance,,,
12442,SAN,BANCO SANTANDER SA-SPON ADR,,K,USD,NYSE,XNYS,,,,,,,,,,,,,,,Banks,,,
12374,SQM,QUIMICA Y MINERA CHIL-SP ADR,,K,USD,NYSE,XNYS,,,,,,,,,,,,,,,Chemicals,,,
11020,SRE,SEMPRA,,K,USD,NYSE,XNYS,,,,,,,,,,,,,,,Electric,,,
12460,STM,STMICROELECTRONICS NV-NY SHS,,K,USD,NYSE,XNYS,,,,,,,,,,,,,,,Semiconductors,,,
2730980,STT,STATE STREET CORP,,K,USD,NYSE,XNYS,,,,,,,,,,,,,,,Banks,,,
12485,SUI,SUN COMMUNITIES INC,,K,USD,NYSE,XNYS,,,,,,,,,,,,,,,REITS,,,
1321497,MATV,MATIV HOLDINGS INC,,K,USD,NYSE,XNYS,,,,,,,,,,,,,,,Chemicals,,,
12540,SWX,SOUTHWEST GAS HOLDINGS INC,,K,USD,NYSE,XNYS,,,,,,,,,,,,,,,Gas,,,
12551,SWZ,TOTAL RETURN SECURITIES FUND,,K,USD,NYSE,XNYS,,,,,,,,,,,,,,,,,,
12552,SXI,STANDEX INTERNATIONAL CORP,,K,USD,NYSE,XNYS,,,,,,,,,,,,,,,Metal Fabricate/Hardware,,,
4430948,SYK,STRYKER CORP,,K,USD,NYSE,XNYS,,,,,,,,,,,,,,,Healthcare-Products,,,
12581,SYY,SYSCO CORP,,K,USD,NYSE,XNYS,,,,,,,,,,,,,,,Food,,,
12644,TCI,TRANSCONTINENTAL REALTY INV,,K,USD,NYSE,XNYS,,,,,,,,,,,,,,,Real Estate,,,
12656,TDF,TEMPLETON DRAGON FUND INC,,K,USD,NYSE,XNYS,,,,,,,,,,,,,,,,,,
12771,TGS,TRANSPORTADOR GAS-ADR SP B,,K,USD,NYSE,XNYS,,,,,,,,,,,,,,,Pipelines,,,
12786,THO,THOR INDUSTRIES INC,,K,USD,NYSE,XNYS,,,,,,,,,,,,,,,Home Builders,,,
12723,TEO,TELECOM ARGENTINA SA-SP ADR,,K,USD,NYSE,XNYS,,,,,,,,,,,,,,,Telecommunications,,,
12732,TEX,TEREX CORP,,K,USD,NYSE,XNYS,,,,,,,,,,,,,,,Machinery-Constr&amp;Mining,,,
12750,TFX,TELEFLEX INC,,K,USD,NYSE,XNYS,,,,,,,,,,,,,,,Healthcare-Products,,,
12752,TG,TREDEGAR CORP,,K,USD,NYSE,XNYS,,,,,,,,,,,,,,,Metal Fabricate/Hardware,,,
12706,TEI,TEMPLETON EMRG MKTS INC,,K,USD,NYSE,XNYS,,,,,,,,,,,,,,,,,,
12814,TJX,TJX COMPANIES INC,,K,USD,NYSE,XNYS,,,,,,,,,,,,,,,Retail,,,
12816,TKC,TURKCELL ILETISIM HIZMET-ADR,,K,USD,NYSE,XNYS,,,,,,,,,,,,,,,Telecommunications,,,
12826,TKR,TIMKEN CO,,K,USD,NYSE,XNYS,,,,,,,,,,,,,,,Metal Fabricate/Hardware,,,
1448481,TLK,TELKOM INDONESIA PERSERO-ADR,,K,USD,NYSE,XNYS,,,,,,,,,,,,,,,Telecommunications,,,
12869,TMO,THERMO FISHER SCIENTIFIC INC,,K,USD,NYSE,XNYS,,,,,,,,,,,,,,,Healthcare-Products,,,
12915,TOL,TOLL BROTHERS INC,,K,USD,NYSE,XNYS,,,,,,,,,,,,,,,Home Builders,,,
12946,TR,TOOTSIE ROLL INDS,,K,USD,NYSE,XNYS,,,,,,,,,,,,,,,Food,,,
1035459,DVA,DAVITA INC,,K,USD,NYSE,XNYS,,,,,,,,,,,,,,,Healthcare-Services,,,
12974,TRN,TRINITY INDUSTRIES INC,,K,USD,NYSE,XNYS,,,,,,,,,,,,,,,Miscellaneous Manufactur,,,
275405,TSN,TYSON FOODS INC-CL A,,K,USD,NYSE,XNYS,,,,,,,,,,,,,,,Food,,,
13024,TTC,TORO CO,,K,USD,NYSE,XNYS,,,,,,,,,,,,,,,Machinery-Diversified,,,
13110,TY,TRI-CONTINENTAL CORPORATION,,K,USD,NYSE,XNYS,,,,,,,,,,,,,,,,,,
2009367,TY PR,TRI CONTL CORP: TY PR,,K,USD,NYSE,XNYS,,,,,,,,,,,,,,,Closed-end Funds,,,
13116,TYL,TYLER TECHNOLOGIES INC,,K,USD,NYSE,XNYS,,,,,,,,,,,,,,,Software,,,
13073,TWI,TITAN INTERNATIONAL INC,,K,USD,NYSE,XNYS,,,,,,,,,,,,,,,Auto Parts&amp;Equipment,,,
13076,TWN,TAIWAN FUND INC/TH/MD-US INC,,K,USD,NYSE,XNYS,,,,,,,,,,,,,,,,,,
13101,TXT,TEXTRON INC,,K,USD,NYSE,XNYS,,,,,,,,,,,,,,,Miscellaneous Manufactur,,,
13056,TV,GRUPO TELEVISA SA-SPON ADR,,K,USD,NYSE,XNYS,,,,,,,,,,,,,,,Media,,,
13186,SXT,SENSIENT TECHNOLOGIES CORP,,K,USD,NYSE,XNYS,,,,,,,,,,,,,,,Chemicals,,,
13197,UGI,UGI CORP,,K,USD,NYSE,XNYS,,,,,,,,,,,,,,,Gas,,,
13206,UHS,UNIVERSAL HEALTH SERVICES-B,,K,USD,NYSE,XNYS,,,,,,,,,,,,,,,Healthcare-Services,,,
13209,UHT,UNIVERSAL HEALTH RLTY INCOME,,K,USD,NYSE,XNYS,,,,,,,,,,,,,,,REITS,,,
13221,STEW,SRH TOTAL RETURN FUND INC,,K,USD,NYSE,XNYS,,,,,,,,,,,,,,,,,,
3629755,URI,UNITED RENTALS INC,,K,USD,NYSE,XNYS,,,,,,,,,,,,,,,Commercial Services,,,
13314,USA,LIBERTY ALL STAR EQUITY FUND,,K,USD,NYSE,XNYS,,,,,,,,,,,,,,,,,,
13277,UNM,UNUM GROUP,,K,USD,NYSE,XNYS,,,,,,,,,,,,,,,Insurance,,,
13271,UNF,UNIFIRST CORP/MA,,K,USD,NYSE,XNYS,,,,,,,,,,,,,,,Textiles,,,
13272,UNH,UNITEDHEALTH GROUP INC,,K,USD,NYSE,XNYS,,,,,,,,,,,,,,,Healthcare-Services,,,
13284,UNP,UNION PACIFIC CORP,,K,USD,NYSE,XNYS,,,,,,,,,,,,,,,Transportation,,,
13371,UVV,UNIVERSAL CORP/VA,,K,USD,NYSE,XNYS,,,,,,,,,,,,,,,Agriculture,,,
13440,VFC,VF CORP,,K,USD,NYSE,XNYS,,,,,,,,,,,,,,,Apparel,,,
13497,VLO,VALERO ENERGY CORP,,K,USD,NYSE,XNYS,,,,,,,,,,,,,,,Oil&amp;Gas,,,
13515,VMC,VULCAN MATERIALS CO,,K,USD,NYSE,XNYS,,,,,,,,,,,,,,,Building Materials,,,
13535,VNO,VORNADO REALTY TRUST,,K,USD,NYSE,XNYS,,,,,,,,,,,,,,,REITS,,,
13591,VSH,VISHAY INTERTECHNOLOGY INC,,K,USD,NYSE,XNYS,,,,,,,,,,,,,,,Electronics,,,
1448494,WAT,WATERS CORP,,K,USD,NYSE,XNYS,,,,,,,,,,,,,,,Healthcare-Products,,,
4044062,VTR,VENTAS INC.,,K,USD,NYSE,XNYS,,,,,,,,,,,,,,,REITS,,,
661633,WAB,WABTEC CORP,,K,USD,NYSE,XNYS,,,,,,,,,,,,,,,Machinery-Diversified,,,
13751,WHR,WHIRLPOOL CORP,,K,USD,NYSE,XNYS,,,,,,,,,,,,,,,Home Furnishings,,,
13775,WIT,WIPRO LTD-ADR,,K,USD,NYSE,XNYS,,,,,,,,,,,,,,,Computers,,,
10375,WFC,WELLS FARGO & CO,,K,USD,NYSE,XNYS,,,,,,,,,,,,,,,Banks,,,
13731,WGO,WINNEBAGO INDUSTRIES,,K,USD,NYSE,XNYS,,,,,,,,,,,,,,,Home Builders,,,
13805,WMB,WILLIAMS COS INC,,K,USD,NYSE,XNYS,,,,,,,,,,,,,,,Pipelines,,,
13379,WM,WASTE MANAGEMENT INC,,K,USD,NYSE,XNYS,,,,,,,,,,,,,,,Environmental Control,,,
13817,WMK,WEIS MARKETS INC,,K,USD,NYSE,XNYS,,,,,,,,,,,,,,,Food,,,
13839,WNC,WABASH NATIONAL CORP,,K,USD,NYSE,XNYS,,,,,,,,,,,,,,,Auto Manufacturers,,,
5019164,WSM,WILLIAMS-SONOMA INC,,K,USD,NYSE,XNYS,,,,,,,,,,,,,,,Retail,,,
13904,WSO,WATSCO INC,,K,USD,NYSE,XNYS,,,,,,,,,,,,,,,Distribution/Wholesale,,,
13909,WST,WEST PHARMACEUTICAL SERVICES,,K,USD,NYSE,XNYS,,,,,,,,,,,,,,,Healthcare-Products,,,
2009894,WTS,WATTS WATER TECHNOLOGIES-A,,K,USD,NYSE,XNYS,,,,,,,,,,,,,,,Machinery-Diversified,,,
13938,WWW,WOLVERINE WORLD WIDE INC,,K,USD,NYSE,XNYS,,,,,,,,,,,,,,,Apparel,,,
13949,WY,WEYERHAEUSER CO,,K,USD,NYSE,XNYS,,,,,,,,,,,,,,,REITS,,,
13977,XOM,EXXON MOBIL CORP,,K,USD,NYSE,XNYS,,,,,,,,,,,,,,,Oil&amp;Gas,,,
14019,YPF,YPF S.A.-SPONSORED ADR,,K,USD,NYSE,XNYS,,,,,,,,,,,,,,,Oil&amp;Gas,,,
3206042,YUM,YUM! BRANDS INC,,K,USD,NYSE,XNYS,,,,,,,,,,,,,,,Retail,,,
4725951,AEO,AMERICAN EAGLE OUTFITTERS,,K,USD,NYSE,XNYS,,,,,,,,,,,,,,,Retail,,,
266410,ASB,ASSOCIATED BANC-CORP,,K,USD,NYSE,XNYS,,,,,,,,,,,,,,,Banks,,,
266822,WRB,WR BERKLEY CORP,,K,USD,NYSE,XNYS,,,,,,,,,,,,,,,Insurance,,,
4727645,CBAN,COLONY BANKCORP,,K,USD,NYSE,XNYS,,,,,,,,,,,,,,,Banks,,,
267197,CACI,CACI INTERNATIONAL INC -CL A,,K,USD,NYSE,XNYS,,,,,,,,,,,,,,,Computers,,,
267200,CATO,CATO CORP-CLASS A,,K,USD,NYSE,XNYS,,,,,,,,,,,,,,,Retail,,,
276066,STZ,CONSTELLATION BRANDS INC-A,,K,USD,NYSE,XNYS,,,,,,,,,,,,,,,Beverages,,,
4728003,LNG,CHENIERE ENERGY INC,,K,USD,NYSE,XNYS,,,,,,,,,,,,,,,Pipelines,,,
41045553,CIEN,CIENA CORP,,K,USD,NYSE,XNYS,,,,,,,,,,,,,,,Telecommunications,,,
267700,CLH,CLEAN HARBORS INC,,K,USD,NYSE,XNYS,,,,,,,,,,,,,,,Environmental Control,,,
267819,CNMD,CONMED CORP,,K,USD,NYSE,XNYS,,,,,,,,,,,,,,,Healthcare-Products,,,
268064,AORT,ARTIVION INC,,K,USD,NYSE,XNYS,,,,,,,,,,,,,,,Healthcare-Products,,,
268235,CVLG,COVENANT LOGISTICS GROUP INC,,K,USD,NYSE,XNYS,,,,,,,,,,,,,,,Transportation,,,
268376,DECK,DECKERS OUTDOOR CORP,,K,USD,NYSE,XNYS,,,,,,,,,,,,,,,Apparel,,,
4730419,AGM,FEDERAL AGRIC MTG CORP-CL C,,K,USD,NYSE,XNYS,,,,,,,,,,,,,,,Diversified Finan Serv,,,
269135,FNB,FNB CORP,,K,USD,NYSE,XNYS,,,,,,,,,,,,,,,Banks,,,
269082,EXPD,EXPEDITORS INTL WASH INC,,K,USD,NYSE,XNYS,,,,,,,,,,,,,,,Transportation,,,
4543799,FUL,H.B. FULLER CO.,,K,USD,NYSE,XNYS,,,,,,,,,,,,,,,Chemicals,,,
269630,GBCI,GLACIER BANCORP INC,,K,USD,NYSE,XNYS,,,,,,,,,,,,,,,Banks,,,
4812174,GEF,GREIF INC-CL A,,K,USD,NYSE,XNYS,,,,,,,,,,,,,,,Packaging&amp;Containers,,,
4812176,GEF B,GREIF INC-CL B,,K,USD,NYSE,XNYS,,,,,,,,,,,,,,,Packaging&amp;Containers,,,
8111188,BAX,BAXTER INTERNATIONAL INC.,,K,USD,NYSE,XNYS,,,,,,,,,,,,,,,Healthcare-Products,,,
270015,HVT,HAVERTY FURNITURE,,K,USD,NYSE,XNYS,,,,,,,,,,,,,,,Retail,,,
4812805,HMY,HARMONY GOLD MNG-SPON ADR,,K,USD,NYSE,XNYS,,,,,,,,,,,,,,,Mining,,,
270210,HNI,HNI CORP,,K,USD,NYSE,XNYS,,,,,,,,,,,,,,,Office Furnishings,,,
4813359,IMAX,IMAX CORP,,K,USD,NYSE,XNYS,,,,,,,,,,,,,,,Entertainment,,,
4813460,INFY,INFOSYS LTD-SP ADR,,K,USD,NYSE,XNYS,,,,,,,,,,,,,,,Computers,,,
271224,LNN,LINDSAY CORP,,K,USD,NYSE,XNYS,,,,,,,,,,,,,,,Machinery-Diversified,,,
271732,MEI,METHODE ELECTRONICS INC,,K,USD,NYSE,XNYS,,,,,,,,,,,,,,,Auto Parts&amp;Equipment,,,
271952,MOD,MODINE MANUFACTURING CO,,K,USD,NYSE,XNYS,,,,,,,,,,,,,,,Building Materials,,,
271967,MHK,MOHAWK INDUSTRIES INC,,K,USD,NYSE,XNYS,,,,,,,,,,,,,,,Building Materials,,,
4815056,MOV,MOVADO GROUP INC,,K,USD,NYSE,XNYS,,,,,,,,,,,,,,,Retail,,,
48789220,MKC V,MCCORMICK & CO INC VTG COM,,K,USD,NYSE,XNYS,,,,,,,,,,,,,,,Food,,,
13838371,AYI,ACUITY INC,,K,USD,NYSE,XNYS,,,,,,,,,,,,,,,Electrical Compo&amp;Equip,,,
272800,ORCL,ORACLE CORP,,K,USD,NYSE,XNYS,,,,,,,,,,,,,,,Software,,,
4816124,RMT,ROYCE MICRO-CAP TRUST INC,,K,USD,NYSE,XNYS,,,,,,,,,,,,,,,,,,
272856,OSK,OSHKOSH CORP,,K,USD,NYSE,XNYS,,,,,,,,,,,,,,,Machinery-Constr&amp;Mining,,,
4816190,PAAS,PAN AMERICAN SILVER CORP,,K,USD,NYSE,XNYS,,,,,,,,,,,,,,,Mining,,,
4816906,PB,PROSPERITY BANCSHARES INC,,K,USD,NYSE,XNYS,,,,,,,,,,,,,,,Banks,,,
4817352,RMD,RESMED INC,,K,USD,NYSE,XNYS,,,,,,,,,,,,,,,Healthcare-Products,,,
273815,RF,REGIONS FINANCIAL CORP,,K,USD,NYSE,XNYS,,,,,,,,,,,,,,,Banks,,,
4817536,KFRC,KFORCE INC,,K,USD,NYSE,XNYS,,,,,,,,,,,,,,,Commercial Services,,,
274058,SSL,SASOL LTD-SPONSORED ADR,,K,USD,NYSE,XNYS,,,,,,,,,,,,,,,Chemicals,,,
273962,RPM,RPM INTERNATIONAL INC,,K,USD,NYSE,XNYS,,,,,,,,,,,,,,,Chemicals,,,
4817780,SBSI,SOUTHSIDE BANCSHARES INC,,K,USD,NYSE,XNYS,,,,,,,,,,,,,,,Banks,,,
11669769,USB,US BANCORP,,K,USD,NYSE,XNYS,,,,,,,,,,,,,,,Banks,,,
4818193,SLGN,SILGAN HOLDINGS INC,,K,USD,NYSE,XNYS,,,,,,,,,,,,,,,Packaging&amp;Containers,,,
275085,TEVA,TEVA PHARMACEUTICAL-SP ADR,,K,USD,NYSE,XNYS,,,,,,,,,,,,,,,Pharmaceuticals,,,
275241,TM,TOYOTA MOTOR CORP -SPON ADR,,K,USD,NYSE,XNYS,,,,,,,,,,,,,,,Auto Manufacturers,,,
275364,TTI,TETRA TECHNOLOGIES INC,,K,USD,NYSE,XNYS,,,,,,,,,,,,,,,Oil&amp;Gas Services,,,
275585,USPH,U.S. PHYSICAL THERAPY INC,,K,USD,NYSE,XNYS,,,,,,,,,,,,,,,Healthcare-Services,,,
275665,VMI,VALMONT INDUSTRIES,,K,USD,NYSE,XNYS,,,,,,,,,,,,,,,Metal Fabricate/Hardware,,,
12362013,BFH,BREAD FINANCIAL HOLDINGS INC,,K,USD,NYSE,XNYS,,,,,,,,,,,,,,,Diversified Finan Serv,,,
275948,WBS,WEBSTER FINANCIAL CORP,,K,USD,NYSE,XNYS,,,,,,,,,,,,,,,Banks,,,
276179,WOR,WORTHINGTON ENTERPRISES INC,,K,USD,NYSE,XNYS,,,,,,,,,,,,,,,Metal Fabricate/Hardware,,,
764616,BIO,BIO-RAD LABORATORIES-A,,K,USD,NYSE,XNYS,,,,,,,,,,,,,,,Biotechnology,,,
764621,BIO B,BIO-RAD LABORATORIES -CL B,,K,USD,NYSE,XNYS,,,,,,,,,,,,,,,Biotechnology,,,
2586487,BDN,BRANDYWINE REALTY TRUST,,K,USD,NYSE,XNYS,,,,,,,,,,,,,,,REITS,,,
764657,BMI,BADGER METER INC,,K,USD,NYSE,XNYS,,,,,,,,,,,,,,,Electronics,,,
764692,BTI,BRITISH AMERICAN TOB-SP ADR,,K,USD,NYSE,XNYS,,,,,,,,,,,,,,,Agriculture,,,
754105,CIA,CITIZENS INC,,K,USD,NYSE,XNYS,,,,,,,,,,,,,,,Insurance,,,
754562,EQS,EQUUS TOTAL RETURN INC,,K,USD,NYSE,XNYS,,,,,,,,,,,,,,,Investment Companies,,,
754442,DVN,DEVON ENERGY CORP,,K,USD,NYSE,XNYS,,,,,,,,,,,,,,,Oil&amp;Gas,,,
754990,HEI,HEICO CORP,,K,USD,NYSE,XNYS,,,,,,,,,,,,,,,Aerospace/Defense,,,
2016492,HPI,JOHN HANCOCK PREFER INC,,K,USD,NYSE,XNYS,,,,,,,,,,,,,,,,,,
754833,GHM,GRAHAM CORP,,K,USD,NYSE,XNYS,,,,,,,,,,,,,,,Electrical Compo&amp;Equip,,,
754881,GRC,GORMAN-RUPP CO,,K,USD,NYSE,XNYS,,,,,,,,,,,,,,,Machinery-Diversified,,,
755768,MYE,MYERS INDUSTRIES INC,,K,USD,NYSE,XNYS,,,,,,,,,,,,,,,Miscellaneous Manufactur,,,
755608,MOG A,MOOG INC-CLASS A,,K,USD,NYSE,XNYS,,,,,,,,,,,,,,,Aerospace/Defense,,,
755613,MOG B,MOOG INC-CLASS B,,K,USD,NYSE,XNYS,,,,,,,,,,,,,,,Aerospace/Defense,,,
755864,NVR,NVR INC,,K,USD,NYSE,XNYS,,,,,,,,,,,,,,,Home Builders,,,
755912,OLP,ONE LIBERTY PROPERTIES INC,,K,USD,NYSE,XNYS,,,,,,,,,,,,,,,REITS,,,
756433,ROG,ROGERS CORP,,K,USD,NYSE,XNYS,,,,,,,,,,,,,,,Chemicals,,,
756340,RRX,REGAL REXNORD CORP,,K,USD,NYSE,XNYS,,,,,,,,,,,,,,,Machinery-Diversified,,,
756247,PSO,PEARSON PLC-SPONSORED ADR,,K,USD,NYSE,XNYS,,,,,,,,,,,,,,,Media,,,
757590,TRC,TEJON RANCH CO,,K,USD,NYSE,XNYS,,,,,,,,,,,,,,,Agriculture,,,
756877,KAI,KADANT INC,,K,USD,NYSE,XNYS,,,,,,,,,,,,,,,Machinery-Diversified,,,
757966,AD,ARRAY DIGITAL INFRASTRUCTURE,,K,USD,NYSE,XNYS,,,,,,,,,,,,,,,Telecommunications,,,
757973,UTL,UNITIL CORP,,K,USD,NYSE,XNYS,,,,,,,,,,,,,,,Electric,,,
758160,ELME,ELME COMMUNITIES,,K,USD,NYSE,XNYS,,,,,,,,,,,,,,,REITS,,,
2016873,WSO B,WATSCO INC -CL B,,K,USD,NYSE,XNYS,,,,,,,,,,,,,,,Distribution/Wholesale,,,
6207405,HEI A,HEICO CORP-CLASS A,,K,USD,NYSE,XNYS,,,,,,,,,,,,,,,Aerospace/Defense,,,
6217881,HVT A,HAVERTY FURNITURE COS-CL A,,K,USD,NYSE,XNYS,,,,,,,,,,,,,,,Retail,,,
6217878,AKO A,EMBOTELLADORA ANDINA-ADR A,,K,USD,NYSE,XNYS,,,,,,,,,,,,,,,Beverages,,,
6223250,TSM,TAIWAN SEMICONDUCTOR-SP ADR,,K,USD,NYSE,XNYS,,,,,,,,,,,,,,,Semiconductors,,,
6227138,AVA,AVISTA CORP,,K,USD,NYSE,XNYS,,,,,,,,,,,,,,,Electric,,,
6227314,GIL,GILDAN ACTIVEWEAR INC,,K,USD,NYSE,XNYS,,,,,,,,,,,,,,,Apparel,,,
6227275,EVF,EATON VANCE SENIOR INCOME TR,,K,USD,NYSE,XNYS,,,,,,,,,,,,,,,,,,
6227280,EP PRC,EL PASO ENR CP TSTI 4.75 TCPR,,K,USD,NYSE,XNYS,,,,,,,,,,,,,,,Pipelines,,,
6231002,UPS,UNITED PARCEL SERVICE-CL B,,K,USD,NYSE,XNYS,,,,,,,,,,,,,,,Transportation,,,
6340773,TDY,TELEDYNE TECHNOLOGIES INC,,K,USD,NYSE,XNYS,,,,,,,,,,,,,,,Miscellaneous Manufactur,,,
6467986,BRC,BRADY CORPORATION - CL A,,K,USD,NYSE,XNYS,,,,,,,,,,,,,,,Electronics,,,
6477725,EG,EVEREST GROUP LTD,,K,USD,NYSE,XNYS,,,,,,,,,,,,,,,Insurance,,,
6477845,KFY,KORN FERRY,,K,USD,NYSE,XNYS,,,,,,,,,,,,,,,Commercial Services,,,
6477744,FHI,FEDERATED HERMES INC,,K,USD,NYSE,XNYS,,,,,,,,,,,,,,,Diversified Finan Serv,,,
6477749,FLS,FLOWSERVE CORP,,K,USD,NYSE,XNYS,,,,,,,,,,,,,,,Machinery-Diversified,,,
6477908,MTD,METTLER-TOLEDO INTERNATIONAL,,K,USD,NYSE,XNYS,,,,,,,,,,,,,,,Electronics,,,
6478015,RDN,RADIAN GROUP INC,,K,USD,NYSE,XNYS,,,,,,,,,,,,,,,Diversified Finan Serv,,,
6478023,RWT,REDWOOD TRUST INC,,K,USD,NYSE,XNYS,,,,,,,,,,,,,,,REITS,,,
6478024,RSG,REPUBLIC SERVICES INC,,K,USD,NYSE,XNYS,,,,,,,,,,,,,,,Environmental Control,,,
6478065,SAH,SONIC AUTOMOTIVE INC-CLASS A,,K,USD,NYSE,XNYS,,,,,,,,,,,,,,,Retail,,,
6478290,FDP,FRESH DEL MONTE PRODUCE INC,,K,USD,NYSE,XNYS,,,,,,,,,,,,,,,Agriculture,,,
6542334,DDD,3D SYSTEMS CORP,,K,USD,NYSE,XNYS,,,,,,,,,,,,,,,Computers,,,
6604153,NAT,NORDIC AMERICAN TANKERS LTD,,K,USD,NYSE,XNYS,,,,,,,,,,,,,,,Transportation,,,
6604203,AVD,AMERICAN VANGUARD CORP,,K,USD,NYSE,XNYS,,,,,,,,,,,,,,,Chemicals,,,
6604491,FCN,FTI CONSULTING INC,,K,USD,NYSE,XNYS,,,,,,,,,,,,,,,Commercial Services,,,
6604385,DAR,DARLING INGREDIENTS INC,,K,USD,NYSE,XNYS,,,,,,,,,,,,,,,Agriculture,,,
6604676,MLP,MAUI LAND & PINEAPPLE CO,,K,USD,NYSE,XNYS,,,,,,,,,,,,,,,Real Estate,,,
6607447,WTM,WHITE MOUNTAINS INSURANCE GP,,K,USD,NYSE,XNYS,,,,,,,,,,,,,,,Insurance,,,
6607467,AKR,ACADIA REALTY TRUST,,K,USD,NYSE,XNYS,,,,,,,,,,,,,,,REITS,,,
6607470,AMG,AFFILIATED MANAGERS GROUP,,K,USD,NYSE,XNYS,,,,,,,,,,,,,,,Diversified Finan Serv,,,
6607487,ARE,ALEXANDRIA REAL ESTATE EQUIT,,K,USD,NYSE,XNYS,,,,,,,,,,,,,,,REITS,,,
6607708,FIX,COMFORT SYSTEMS USA INC,,K,USD,NYSE,XNYS,,,,,,,,,,,,,,,Engineering&amp;Construction,,,
6607712,CCZ,COMCAST 2.0% EX SB 101529 ZONE,,K,USD,NYSE,XNYS,,,,,,,,,,,,,,,Media,,,
6607717,CBU,COMMUNITY FINANCIAL SYSTEM I,,K,USD,NYSE,XNYS,,,,,,,,,,,,,,,Banks,,,
6607727,SID,CIA SIDERURGICA NACL-SP ADR,,K,USD,NYSE,XNYS,,,,,,,,,,,,,,,Iron/Steel,,,
6607729,CCU,CIA CERVECERIAS UNI-SPON ADR,,K,USD,NYSE,XNYS,,,,,,,,,,,,,,,Beverages,,,
6607528,AWR,AMERICAN STATES WATER CO,,K,USD,NYSE,XNYS,,,,,,,,,,,,,,,Water,,,
6607563,AZZ,AZZ INC,,K,USD,NYSE,XNYS,,,,,,,,,,,,,,,Electrical Compo&amp;Equip,,,
6607613,BRO,BROWN & BROWN INC,,K,USD,NYSE,XNYS,,,,,,,,,,,,,,,Insurance,,,
6607664,CSV,CARRIAGE SERVICES INC,,K,USD,NYSE,XNYS,,,,,,,,,,,,,,,Commercial Services,,,
6607745,BAK,BRASKEM SA-CLASS A- ADR,,K,USD,NYSE,XNYS,,,,,,,,,,,,,,,Chemicals,,,
6607758,CDP,COPT DEFENSE PROPERTIES,,K,USD,NYSE,XNYS,,,,,,,,,,,,,,,REITS,,,
6607883,EVN,EATON VANCE MUNI INC TR,,K,USD,NYSE,XNYS,,,,,,,,,,,,,,,,,,
6607842,DDT,DILLARDS CAP TST I 7.50%CP SEC,,K,USD,NYSE,XNYS,,,,,,,,,,,,,,,Retail,,,
6607910,EPD,ENTERPRISE PRODUCTS PARTNERS,,K,USD,NYSE,XNYS,,,,,,,,,,,,,,,Pipelines,,,
6608006,GPI,GROUP 1 AUTOMOTIVE INC,,K,USD,NYSE,XNYS,,,,,,,,,,,,,,,Retail,,,
6608113,LII,LENNOX INTERNATIONAL INC,,K,USD,NYSE,XNYS,,,,,,,,,,,,,,,Building Materials,,,
6608116,LAD,LITHIA MOTORS INC,,K,USD,NYSE,XNYS,,,,,,,,,,,,,,,Retail,,,
6607953,GUT,GABELLI UTILITY TRUST,,K,USD,NYSE,XNYS,,,,,,,,,,,,,,,,,,
6607990,GGB,GERDAU SA -SPON ADR,,K,USD,NYSE,XNYS,,,,,,,,,,,,,,,Iron/Steel,,,
6608072,JLL,JONES LANG LASALLE INC,,K,USD,NYSE,XNYS,,,,,,,,,,,,,,,Real Estate,,,
6608089,KT,KT CORP-SP ADR,,K,USD,NYSE,XNYS,,,,,,,,,,,,,,,Telecommunications,,,
6608145,HZO,MARINEMAX INC,,K,USD,NYSE,XNYS,,,,,,,,,,,,,,,Retail,,,
6608158,MMS,MAXIMUS INC.,,K,USD,NYSE,XNYS,,,,,,,,,,,,,,,Computers,,,
6608326,NMR,NOMURA HOLDINGS INC-SPON ADR,,K,USD,NYSE,XNYS,,,,,,,,,,,,,,,Diversified Finan Serv,,,
6608344,NAD,NUVEEN QUALITY MUNICIPAL INC,,K,USD,NYSE,XNYS,,,,,,,,,,,,,,,,,,
6608349,NAN,NUVEEN NY QLTY MUNI INC,,K,USD,NYSE,XNYS,,,,,,,,,,,,,,,,,,
6608368,IX,ORIX - SPONSORED ADR,,K,USD,NYSE,XNYS,,,,,,,,,,,,,,,Diversified Finan Serv,,,
6608373,PCN,PIMCO CORPORATE & INCOME STR,,K,USD,NYSE,XNYS,,,,,,,,,,,,,,,,,,
6608432,PWR,QUANTA SERVICES INC,,K,USD,NYSE,XNYS,,,,,,,,,,,,,,,Commercial Services,,,
6608450,RRC,RANGE RESOURCES CORP,,K,USD,NYSE,XNYS,,,,,,,,,,,,,,,Oil&amp;Gas,,,
6608528,SSD,SIMPSON MANUFACTURING CO INC,,K,USD,NYSE,XNYS,,,,,,,,,,,,,,,Building Materials,,,
6608538,SNN,SMITH & NEPHEW PLC -SPON ADR,,K,USD,NYSE,XNYS,,,,,,,,,,,,,,,Healthcare-Products,,,
6608547,SGU,STAR GROUP LP,,K,USD,NYSE,XNYS,,,,,,,,,,,,,,,Retail,,,
6608556,SRI,STONERIDGE INC,,K,USD,NYSE,XNYS,,,,,,,,,,,,,,,Electronics,,,
6608627,UGP,ULTRAPAR PARTICPAC-SPON ADR,,K,USD,NYSE,XNYS,,,,,,,,,,,,,,,Oil&amp;Gas,,,
6608665,WCC,WESCO INTERNATIONAL INC,,K,USD,NYSE,XNYS,,,,,,,,,,,,,,,Distribution/Wholesale,,,
6608573,TVC,TENNESSE VALLEY AUTH 98 6/1/28,,K,USD,NYSE,XNYS,,,,,,,,,,,,,,,Sovereign,,,
6608576,TVE,TVA PWR BD99 SR A 5/1/29(PARRS,,K,USD,NYSE,XNYS,,,,,,,,,,,,,,,Sovereign,,,
6608603,TREX,TREX COMPANY INC,,K,USD,NYSE,XNYS,,,,,,,,,,,,,,,Building Materials,,,
6746248,UNFI,UNITED NATURAL FOODS INC,,K,USD,NYSE,XNYS,,,,,,,,,,,,,,,Food,,,
6746327,USNA,USANA HEALTH SCIENCES INC,,K,USD,NYSE,XNYS,,,,,,,,,,,,,,,Pharmaceuticals,,,
6857605,GFI,GOLD FIELDS LTD-SPONS ADR,,K,USD,NYSE,XNYS,,,,,,,,,,,,,,,Mining,,,
12851783,ZBH,ZIMMER BIOMET HOLDINGS INC,,K,USD,NYSE,XNYS,,,,,,,,,,,,,,,Healthcare-Products,,,
12796138,HDB,HDFC BANK LTD-ADR,,K,USD,NYSE,XNYS,,,,,,,,,,,,,,,Banks,,,
655276609,CRH,CRH PLC,,K,USD,NYSE,XNYS,,,,,,,,,,,,,,,Building Materials,,,
7740411,PKG,PACKAGING CORP OF AMERICA,,K,USD,NYSE,XNYS,,,,,,,,,,,,,,,Packaging&amp;Containers,,,
8068883,IBN,ICICI BANK LTD-SPON ADR,,K,USD,NYSE,XNYS,,,,,,,,,,,,,,,Banks,,,
8093509,MET,METLIFE INC,,K,USD,NYSE,XNYS,,,,,,,,,,,,,,,Insurance,,,
8101142,EW,EDWARDS LIFESCIENCES CORP,,K,USD,NYSE,XNYS,,,,,,,,,,,,,,,Healthcare-Products,,,
8794522,NVS,NOVARTIS AG-SPONSORED ADR,,K,USD,NYSE,XNYS,,,,,,,,,,,,,,,Pharmaceuticals,,,
9599491,F,FORD MOTOR CO,,K,USD,NYSE,XNYS,,,,,,,,,,,,,,,Auto Manufacturers,,,
9662691,SLF,SUN LIFE FINANCIAL INC,,K,USD,NYSE,XNYS,,,,,,,,,,,,,,,Insurance,,,
9899879,EVC,ENTRAVISION COMMUNICATIONS-A,,K,USD,NYSE,XNYS,,,,,,,,,,,,,,,Internet,,,
10188791,NRG,NRG ENERGY INC,,K,USD,NYSE,XNYS,,,,,,,,,,,,,,,Electric,,,
10377696,CYH,COMMUNITY HEALTH SYSTEMS INC,,K,USD,NYSE,XNYS,,,,,,,,,,,,,,,Healthcare-Services,,,
10386005,ASR,GRUPO AEROPORTUARIO SUR-ADR,,K,USD,NYSE,XNYS,,,,,,,,,,,,,,,Engineering&amp;Construction,,,
10828168,PBR,PETROLEO BRASILEIRO-SPON ADR,,K,USD,NYSE,XNYS,,,,,,,,,,,,,,,Oil&amp;Gas,,,
11218575,FLR,FLUOR CORP,,K,USD,NYSE,XNYS,,,,,,,,,,,,,,,Engineering&amp;Construction,,,
11477774,GPN,GLOBAL PAYMENTS INC,,K,USD,NYSE,XNYS,,,,,,,,,,,,,,,Commercial Services,,,
11506420,OIS,OIL STATES INTERNATIONAL INC,,K,USD,NYSE,XNYS,,,,,,,,,,,,,,,Oil&amp;Gas Services,,,
11720941,PUK,PRUDENTIAL PLC-ADR,,K,USD,NYSE,XNYS,,,,,,,,,,,,,,,Insurance,,,
11913510,FLO,FLOWERS FOODS INC,,K,USD,NYSE,XNYS,,,,,,,,,,,,,,,Food,,,
12325901,RDY,DR REDDY'S LABORATORIES-ADR,,K,USD,NYSE,XNYS,,,,,,,,,,,,,,,Pharmaceuticals,,,
13682106,AMN,AMN HEALTHCARE SERVICES INC,,K,USD,NYSE,XNYS,,,,,,,,,,,,,,,Commercial Services,,,
13695797,ARL,AMERICAN REALTY INVESTORS IN,,K,USD,NYSE,XNYS,,,,,,,,,,,,,,,Real Estate,,,
13865082,PRU,PRUDENTIAL FINANCIAL INC,,K,USD,NYSE,XNYS,,,,,,,,,,,,,,,Insurance,,,
13878278,CNC,CENTENE CORP,,K,USD,NYSE,XNYS,,,,,,,,,,,,,,,Healthcare-Services,,,
15535784,CAE,CAE INC,,K,USD,NYSE,XNYS,,,,,,,,,,,,,,,Aerospace/Defense,,,
14486571,BBT,BEACON FINANCIAL CORP,,K,USD,NYSE,XNYS,,,,,,,,,,,,,,,Savings&amp;Loans,,,
14486871,AFB,ALLIANCEBERSTEIN NTL MUNI,,K,USD,NYSE,XNYS,,,,,,,,,,,,,,,,,,
14486877,AGM A,FEDERAL AGRIC MTG CORP-CL A,,K,USD,NYSE,XNYS,,,,,,,,,,,,,,,Diversified Finan Serv,,,
14486922,BHK,BLACKROCK CORE BOND TRUST,,K,USD,NYSE,XNYS,,,,,,,,,,,,,,,,,,
14487260,KTH,STRUTURED PRODUCTS CORP,,K,USD,NYSE,XNYS,,,,,,,,,,,,,,,Diversified Finan Serv,,,
14487274,KTN,STRUCTURED PRODUCTS CORP,,K,USD,NYSE,XNYS,,,,,,,,,,,,,,,Diversified Finan Serv,,,
14487291,LYG,LLOYDS BANKING GROUP PLC-ADR,,K,USD,NYSE,XNYS,,,,,,,,,,,,,,,Banks,,,
14487364,PBR A,PETROLEO BRASIL-SP PREF ADR,,K,USD,NYSE,XNYS,,,,,,,,,,,,,,,Oil&amp;Gas,,,
14487733,UHAL,U-HAUL HOLDING CO,,K,USD,NYSE,XNYS,,,,,,,,,,,,,,,Commercial Services,,,
14491612,TNC,TENNANT CO,,K,USD,NYSE,XNYS,,,,,,,,,,,,,,,Machinery-Diversified,,,
14495475,RQI,COHEN & STEERS QUAL INC RLTY,,K,USD,NYSE,XNYS,,,,,,,,,,,,,,,,,,
14680959,ABG,ASBURY AUTOMOTIVE GROUP,,K,USD,NYSE,XNYS,,,,,,,,,,,,,,,Retail,,,
14732309,NVG,NUVEEN AMT-FR MUNI CRDT,,K,USD,NYSE,XNYS,,,,,,,,,,,,,,,,,,
34563787,CGAU,CENTERRA GOLD INC,,K,USD,NYSE,XNYS,,,,,,,,,,,,,,,Mining,,,
75218155,EMA,EMERA INC,,K,USD,NYSE,XNYS,,,,,,,,,,,,,,,Electric,,,
59364285,FTS,FORTIS INC,,K,USD,NYSE,XNYS,,,,,,,,,,,,,,,Electric,,,
16671499,IAG,IAMGOLD CORP,,K,USD,NYSE,XNYS,,,,,,,,,,,,,,,Mining,,,
35442355,STN,STANTEC INC,,K,USD,NYSE,XNYS,,,,,,,,,,,,,,,Engineering&amp;Construction,,,
75218890,WFG,WEST FRASER TIMBER CO LTD,,K,USD,NYSE,XNYS,,,,,,,,,,,,,,,Building Materials,,,
14996978,SBS,CIA SANEAMENTO BASICO DE-ADR,,K,USD,NYSE,XNYS,,,,,,,,,,,,,,,Water,,,
15130035,NPO,ENPRO INC,,K,USD,NYSE,XNYS,,,,,,,,,,,,,,,Miscellaneous Manufactur,,,
15154983,JRS,NUVEEN REAL ESTATE INCOME,,K,USD,NYSE,XNYS,,,,,,,,,,,,,,,,,,
15130038,SJM,JM SMUCKER CO/THE,,K,USD,NYSE,XNYS,,,,,,,,,,,,,,,Food,,,
15130059,BBBY,BED BATH & BEYOND INC,,K,USD,NYSE,XNYS,,,,,,,,,,,,,,,Internet,,,
15219460,WHG,WESTWOOD HOLDINGS GROUP INC,,K,USD,NYSE,XNYS,,,,,,,,,,,,,,,Diversified Finan Serv,,,
15399695,PML,PIMCO MUNICIPAL INCOME FD II,,K,USD,NYSE,XNYS,,,,,,,,,,,,,,,,,,
15399648,PNI,PIMCO NY MUNI INC II FND,,K,USD,NYSE,XNYS,,,,,,,,,,,,,,,,,,
15543754,WEA,WESTERN ASSET PREMIER BOND,,K,USD,NYSE,XNYS,,,,,,,,,,,,,,,,,,
15544495,BHV,BLACKROCK VIRGINIA MUNI BND,,K,USD,NYSE,XNYS,,,,,,,,,,,,,,,,,,
15548118,NZF,NUVEEN MUNICIPAL CREDIT INC,,K,USD,NYSE,XNYS,,,,,,,,,,,,,,,,,,
36525494,EXK,ENDEAVOUR SILVER CORP,,K,USD,NYSE,XNYS,,,,,,,,,,,,,,,Mining,,,
16310970,DKS,DICK'S SPORTING GOODS INC,,K,USD,NYSE,XNYS,,,,,,,,,,,,,,,Retail,,,
16420271,NGS,NATURAL GAS SERVICES GROUP,,K,USD,NYSE,XNYS,,,,,,,,,,,,,,,Oil&amp;Gas Services,,,
16646301,HPF,JOHN HANCOCK PREFER INC II,,K,USD,NYSE,XNYS,,,,,,,,,,,,,,,,,,
16675601,TS,TENARIS SA-ADR,,K,USD,NYSE,XNYS,,,,,,,,,,,,,,,Metal Fabricate/Hardware,,,
16693880,NKX,NUVEEN CA AMT-FR MUNI INC,,K,USD,NYSE,XNYS,,,,,,,,,,,,,,,,,,
16717814,FMN,FEDERATED HERM PREM MUNI INC,,K,USD,NYSE,XNYS,,,,,,,,,,,,,,,,,,
16717790,MED,MEDIFAST INC,,K,USD,NYSE,XNYS,,,,,,,,,,,,,,,Commercial Services,,,
16825380,PTY,PIMCO CORPORATE & INCOME OPP,,K,USD,NYSE,XNYS,,,,,,,,,,,,,,,,,,
16884706,PFS,PROVIDENT FINANCIAL SERVICES,,K,USD,NYSE,XNYS,,,,,,,,,,,,,,,Savings&amp;Loans,,,
17085357,NEA,NUVEEN AMT-FR QLTY MUNI INC,,K,USD,NYSE,XNYS,,,,,,,,,,,,,,,,,,
17635192,JPC,NUVEEN PREFERED & INCOME OPP,,K,USD,NYSE,XNYS,,,,,,,,,,,,,,,,,,
17722625,LEN B,LENNAR CORP - B SHS,,K,USD,NYSE,XNYS,,,,,,,,,,,,,,,Home Builders,,,
17966274,PHK,PIMCO HIGH INCOME FUND,,K,USD,NYSE,XNYS,,,,,,,,,,,,,,,,,,
17983637,AVK,ADVENT CONVERT & INCOME,,K,USD,NYSE,XNYS,,,,,,,,,,,,,,,,,,
18449400,HPS,JOHN HANCOCK PREFER INC III,,K,USD,NYSE,XNYS,,,,,,,,,,,,,,,,,,
18740337,RNP,COHEN & STEERS REIT AND PREF,,K,USD,NYSE,XNYS,,,,,,,,,,,,,,,,,,
18832912,JQC,NUVEEN CREDIT STRATEGIES INC,,K,USD,NYSE,XNYS,,,,,,,,,,,,,,,,,,
18963197,AXS,AXIS CAPITAL HOLDINGS LTD,,K,USD,NYSE,XNYS,,,,,,,,,,,,,,,Insurance,,,
19012089,MOH,MOLINA HEALTHCARE INC,,K,USD,NYSE,XNYS,,,,,,,,,,,,,,,Healthcare-Services,,,
20388997,BLW,BLACKROCK LTD DURAT INC TR,,K,USD,NYSE,XNYS,,,,,,,,,,,,,,,,,,
22488818,FLC,FLAHERTY & CRUMRINE TTL RTRN,,K,USD,NYSE,XNYS,,,,,,,,,,,,,,,,,,
22488838,PFL,PIMCO INCOME STRATEGY FUND,,K,USD,NYSE,XNYS,,,,,,,,,,,,,,,,,,
24556794,SHG,SHINHAN FINANCIAL GROUP-ADR,,K,USD,NYSE,XNYS,,,,,,,,,,,,,,,Banks,,,
25960485,EVT,EATON VANCE TAX-ADV DVD INC,,K,USD,NYSE,XNYS,,,,,,,,,,,,,,,,,,
25975626,WIA,WESTERN ASSET INFL-LINK SEC,,K,USD,NYSE,XNYS,,,,,,,,,,,,,,,,,,
26593783,CRI,CARTER'S INC,,K,USD,NYSE,XNYS,,,,,,,,,,,,,,,Apparel,,,
26608112,GAM PRB,"GENERAL AMERICAN INVESTORS, 5.95% CUMUL PFD STOCK B",,K,USD,NYSE,XNYS,,,,,,,,,,,,,,,Closed-end Funds,,,
26678891,PFO,FLAHERTY & CRUMRINE P&I OPP,,K,USD,NYSE,XNYS,,,,,,,,,,,,,,,,,,
26678884,PFD,FLAHERTY & CRUMRIN PRE&INC F,,K,USD,NYSE,XNYS,,,,,,,,,,,,,,,,,,
26678881,FFC,FLAHERTY & CRUMRINE PREF INC,,K,USD,NYSE,XNYS,,,,,,,,,,,,,,,,,,
28712051,SA,SEABRIDGE GOLD INC,,K,USD,NYSE,XNYS,,,,,,,,,,,,,,,Mining,,,
26787469,NMZ,NUVEEN MUNI HI INC OPPORT,,K,USD,NYSE,XNYS,,,,,,,,,,,,,,,,,,
26904812,GDV,GABELLI DIVIDEND & INCOME TR,,K,USD,NYSE,XNYS,,,,,,,,,,,,,,,,,,
26904809,EFR,EATON VANCE SR FLTG RATE TR,,K,USD,NYSE,XNYS,,,,,,,,,,,,,,,,,,
26904835,SNX,TD SYNNEX CORP,,K,USD,NYSE,XNYS,,,,,,,,,,,,,,,Electronics,,,
26976201,KRO,KRONOS WORLDWIDE INC,,K,USD,NYSE,XNYS,,,,,,,,,,,,,,,Chemicals,,,
27015712,NNI,NELNET INC-CL A,,K,USD,NYSE,XNYS,,,,,,,,,,,,,,,Diversified Finan Serv,,,
27022213,CMP,COMPASS MINERALS INTERNATION,,K,USD,NYSE,XNYS,,,,,,,,,,,,,,,Mining,,,
27034533,LXU,LSB INDUSTRIES INC,,K,USD,NYSE,XNYS,,,,,,,,,,,,,,,Miscellaneous Manufactur,,,
27051830,UTI,UNIVERSAL TECHNICAL INSTITUT,,K,USD,NYSE,XNYS,,,,,,,,,,,,,,,Commercial Services,,,
27059190,SGI,SOMNIGROUP INTERNATIONAL INC,,K,USD,NYSE,XNYS,,,,,,,,,,,,,,,Home Furnishings,,,
27267807,EXP,EAGLE MATERIALS INC,,K,USD,NYSE,XNYS,,,,,,,,,,,,,,,Building Materials,,,
27727424,AIZ,ASSURANT INC,,K,USD,NYSE,XNYS,,,,,,,,,,,,,,,Insurance,,,
28003327,WIW,WESTERN ASST INFL-LNK OPP,,K,USD,NYSE,XNYS,,,,,,,,,,,,,,,,,,
28113313,IPB,ML DEPOSITOR 6.0518% INDEXPLUS TRUST SERIES 2003-1 DUE 5/15/,,K,USD,NYSE,XNYS,,,,,,,,,,,,,,,Diversified Finan Serv,,,
28213000,BBD,BANCO BRADESCO-ADR,,K,USD,NYSE,XNYS,,,,,,,,,,,,,,,Banks,,,
28828789,JFR,NUVEEN FLOATING RATE INCOME,,K,USD,NYSE,XNYS,,,,,,,,,,,,,,,,,,
28840439,AGO,ASSURED GUARANTY LTD,,K,USD,NYSE,XNYS,,,,,,,,,,,,,,,Insurance,,,
29110391,GNW,GENWORTH FINANCIAL INC,,K,USD,NYSE,XNYS,,,,,,,,,,,,,,,Insurance,,,
29251815,ETG,EATON VANCE T/A GL DVD INCM,,K,USD,NYSE,XNYS,,,,,,,,,,,,,,,,,,
29489633,PRSU,PURSUIT ATTRACTIONS AND HOSP,,K,USD,NYSE,XNYS,,,,,,,,,,,,,,,Entertainment,,,
29624264,CRM,SALESFORCE INC,,K,USD,NYSE,XNYS,,,,,,,,,,,,,,,Software,,,
29624593,LGI,LAZARD GLBL TTL RTRN & INC,,K,USD,NYSE,XNYS,,,,,,,,,,,,,,,,,,
29649301,EFT,EATON VANCE FLTNG RT INC TR,,K,USD,NYSE,XNYS,,,,,,,,,,,,,,,,,,
29661257,ABR,ARBOR REALTY TRUST INC,,K,USD,NYSE,XNYS,,,,,,,,,,,,,,,REITS,,,
29854151,FCT,FIRST TRUST SNR FL RT INC II,,K,USD,NYSE,XNYS,,,,,,,,,,,,,,,,,,
29857963,JBK,LEHMAN ABS CORP CRP BACKED FLOATING RATE GOLDMAN,,K,USD,NYSE,XNYS,,,,,,,,,,,,,,,Diversified Finan Serv,,,
29863855,BDC,BELDEN INC,,K,USD,NYSE,XNYS,,,,,,,,,,,,,,,Electrical Compo&amp;Equip,,,
29914393,LPL,LG DISPLAY CO LTD-ADR,,K,USD,NYSE,XNYS,,,,,,,,,,,,,,,Electronics,,,
30080724,EGY,VAALCO ENERGY INC,,K,USD,NYSE,XNYS,,,,,,,,,,,,,,,Oil&amp;Gas,,,
30207664,AGX,ARGAN INC,,K,USD,NYSE,XNYS,,,,,,,,,,,,,,,Engineering&amp;Construction,,,
30217916,UVE,UNIVERSAL INSURANCE HOLDINGS,,K,USD,NYSE,XNYS,,,,,,,,,,,,,,,Insurance,,,
30219446,ENS,ENERSYS,,K,USD,NYSE,XNYS,,,,,,,,,,,,,,,Electrical Compo&amp;Equip,,,
30217686,UAMY,UNITED STATES ANTIMONY CORP,,K,USD,NYSE,XNYS,,,,,,,,,,,,,,,Mining,,,
30301899,HTD,JOHN HANCOCK TAX ADV DVD INC,,K,USD,NYSE,XNYS,,,,,,,,,,,,,,,,,,
30350975,CNS,COHEN & STEERS INC,,K,USD,NYSE,XNYS,,,,,,,,,,,,,,,Diversified Finan Serv,,,
30351205,EXR,EXTRA SPACE STORAGE INC,,K,USD,NYSE,XNYS,,,,,,,,,,,,,,,REITS,,,
30351217,WLK,WESTLAKE CORP,,K,USD,NYSE,XNYS,,,,,,,,,,,,,,,Chemicals,,,
30689013,FFA,FIRST TRUST ENHAN EQTY INC,,K,USD,NYSE,XNYS,,,,,,,,,,,,,,,,,,
30705321,BGT,BLACKROCK FLTNG RT INC TR,,K,USD,NYSE,XNYS,,,,,,,,,,,,,,,,,,
31198854,ETO,EATON VANCE T/A GLBL DVD OPP,,K,USD,NYSE,XNYS,,,,,,,,,,,,,,,,,,
31250966,KYN,KAYNE ANDERSON ENERGY INFRA,,K,USD,NYSE,XNYS,,,,,,,,,,,,,,,,,,
31308348,PYT,ML DEPOSITOR PPLUS TR GSC-2 TR CTF FLTG RATE,,K,USD,NYSE,XNYS,,,,,,,,,,,,,,,Diversified Finan Serv,,,
31719982,GJH,SYNTHETIC FIXED-INCOME SEC STRATS 2004-06 6.375% US CELLULAR,,K,USD,NYSE,XNYS,,,,,,,,,,,,,,,Banks,,,
31729162,SHO,SUNSTONE HOTEL INVESTORS INC,,K,USD,NYSE,XNYS,,,,,,,,,,,,,,,REITS,,,
31815544,EOI,EATON VANCE ENHANCED EQ INCM,,K,USD,NYSE,XNYS,,,,,,,,,,,,,,,,,,
31815560,PFN,PIMCO INCOME STRATEGY FD II,,K,USD,NYSE,XNYS,,,,,,,,,,,,,,,,,,
31816457,UTF,COHEN & STEERS INFRASTRUCTUR,,K,USD,NYSE,XNYS,,,,,,,,,,,,,,,,,,
31832523,BBW,BUILD-A-BEAR WORKSHOP INC,,K,USD,NYSE,XNYS,,,,,,,,,,,,,,,Retail,,,
31832526,DLR,DIGITAL REALTY TRUST INC.,,K,USD,NYSE,XNYS,,,,,,,,,,,,,,,REITS,,,
32006502,ORA,ORMAT TECHNOLOGIES INC,,K,USD,NYSE,XNYS,,,,,,,,,,,,,,,Electric,,,
174267357,CMBT,CMB TECH NV,,K,USD,NYSE,XNYS,,,,,,,,,,,,,,,Transportation,,,
32602412,LVS,LAS VEGAS SANDS CORP,,K,USD,NYSE,XNYS,,,,,,,,,,,,,,,Lodging,,,
32618459,HLF,HERBALIFE LTD,,K,USD,NYSE,XNYS,,,,,,,,,,,,,,,Pharmaceuticals,,,
32821988,BGR,BLACKROCK ENRGY & RES TR,,K,USD,NYSE,XNYS,,,,,,,,,,,,,,,,,,
38590542,HBM,HUDBAY MINERALS INC,,K,USD,NYSE,XNYS,,,,,,,,,,,,,,,Mining,,,
32923763,WTI,W&T OFFSHORE INC,,K,USD,NYSE,XNYS,,,,,,,,,,,,,,,Oil&amp;Gas,,,
32943358,CE,CELANESE CORP,,K,USD,NYSE,XNYS,,,,,,,,,,,,,,,Chemicals,,,
33175911,HUN,HUNTSMAN CORP,,K,USD,NYSE,XNYS,,,,,,,,,,,,,,,Chemicals,,,
33175912,PBH,PRESTIGE CONSUMER HEALTHCARE,,K,USD,NYSE,XNYS,,,,,,,,,,,,,,,Cosmetics/Personal Care,,,
33191300,TAP,MOLSON COORS BEVERAGE CO - B,,K,USD,NYSE,XNYS,,,,,,,,,,,,,,,Beverages,,,
52282307,TAP A,MOLSON COORS BEVERAGE CO - A,,K,USD,NYSE,XNYS,,,,,,,,,,,,,,,Beverages,,,
33205673,DLB,DOLBY LABORATORIES INC-CL A,,K,USD,NYSE,XNYS,,,,,,,,,,,,,,,Home Furnishings,,,
33442713,EOS,EATON VANCE ENH EQT INC II,,K,USD,NYSE,XNYS,,,,,,,,,,,,,,,,,,
33522437,DSX,DIANA SHIPPING INC,,K,USD,NYSE,XNYS,,,,,,,,,,,,,,,Transportation,,,
33793058,BME,BLACKROCK HEALTH SCIENCES,,K,USD,NYSE,XNYS,,,,,,,,,,,,,,,,,,
273085,RNST,RENASANT CORP,,K,USD,NYSE,XNYS,,,,,,,,,,,,,,,Banks,,,
34390308,ETB,EATON VANCE T/M BUY-WRT INC,,K,USD,NYSE,XNYS,,,,,,,,,,,,,,,,,,
34432345,GS PRA,GOLDMAN SACHS GROUP INC DEP SH REPS,,K,USD,NYSE,XNYS,,,,,,,,,,,,,,,Banks,,,
34553933,FLG PRU,NEW YORK COMMUNITY CAP TR V PFD,,K,USD,NYSE,XNYS,,,,,,,,,,,,,,,Banks,,,
34700156,FMY,FIRST TRUST MORTGAGE INCOME,,K,USD,NYSE,XNYS,,,,,,,,,,,,,,,,,,
34723123,BOE,BLACKROCK ENH GLBL DVD TR,,K,USD,NYSE,XNYS,,,,,,,,,,,,,,,,,,
34726095,EVG,EATON VANCE SHORT DUR DIV IN,,K,USD,NYSE,XNYS,,,,,,,,,,,,,,,,,,
34764708,PGP,PIMCO GLBL STOCKSPL & INC,,K,USD,NYSE,XNYS,,,,,,,,,,,,,,,,,,
34822226,HTGC,HERCULES CAPITAL INC,,K,USD,NYSE,XNYS,,,,,,,,,,,,,,,Private Equity,,,
34851874,BLDR,BUILDERS FIRSTSOURCE INC,,K,USD,NYSE,XNYS,,,,,,,,,,,,,,,Building Materials,,,
35072121,ETV,EATON VANCE T/M BUY-WRIT OPP,,K,USD,NYSE,XNYS,,,,,,,,,,,,,,,,,,
35090283,WAL,WESTERN ALLIANCE BANCORP,,K,USD,NYSE,XNYS,,,,,,,,,,,,,,,Banks,,,
10897,PAI,WESTERN ASSET INVESTMENT GRA,,K,USD,NYSE,XNYS,,,,,,,,,,,,,,,,,,
35111040,MPT,MEDICAL PROPERTIES TRUST INC,,K,USD,NYSE,XNYS,,,,,,,,,,,,,,,REITS,,,
35146376,MET PRA,METLIFE INC PFD SERIES A FLOATING RATE,,K,USD,NYSE,XNYS,,,,,,,,,,,,,,,Insurance,,,
35419704,RBC,RBC BEARINGS INC,,K,USD,NYSE,XNYS,,,,,,,,,,,,,,,Metal Fabricate/Hardware,,,
4727679,CBZ,CBIZ INC,,K,USD,NYSE,XNYS,,,,,,,,,,,,,,,Commercial Services,,,
35442319,ACCO,ACCO BRANDS CORP,,K,USD,NYSE,XNYS,,,,,,,,,,,,,,,Household Products/Wares,,,
35447205,CF,CF INDUSTRIES HOLDINGS INC,,K,USD,NYSE,XNYS,,,,,,,,,,,,,,,Chemicals,,,
35454948,BDJ,BLACKROCK ENHANCED EQTY DVD,,K,USD,NYSE,XNYS,,,,,,,,,,,,,,,,,,
35632791,LXP PRC,LEXINGTON CORPORATE PPTYS TR PFD SERIES C 6.5%,,K,USD,NYSE,XNYS,,,,,,,,,,,,,,,REITS,,,
35970258,AMP,AMERIPRISE FINANCIAL INC,,K,USD,NYSE,XNYS,,,,,,,,,,,,,,,Diversified Finan Serv,,,
35976362,GLP,GLOBAL PARTNERS LP,,K,USD,NYSE,XNYS,,,,,,,,,,,,,,,Gas,,,
4813429,WT,WISDOMTREE INC,,K,USD,NYSE,XNYS,,,,,,,,,,,,,,,Diversified Finan Serv,,,
9394,MUFG,MITSUBISHI UFJ FINL-SPON ADR,,K,USD,NYSE,XNYS,,,,,,,,,,,,,,,Banks,,,
36284040,ETW,EATON VANCE T/M GLBL BUY-WR,,K,USD,NYSE,XNYS,,,,,,,,,,,,,,,,,,
36285627,GME,GAMESTOP CORP-CLASS A,,K,USD,NYSE,XNYS,,,,,,,,,,,,,,,Retail,,,
1812968,SCCO,SOUTHERN COPPER CORP,,K,USD,NYSE,XNYS,,,,,,,,,,,,,,,Mining,,,
7535,EEA,EUROPEAN EQUITY FUND INC/THE,,K,USD,NYSE,XNYS,,,,,,,,,,,,,,,,,,
36786278,UAA,UNDER ARMOUR INC-CLASS A,,K,USD,NYSE,XNYS,,,,,,,,,,,,,,,Apparel,,,
36792384,GJO,SYNTHETIC FIXED-INCOME 110STRATS FOR WAL MART STORES INC,,K,USD,NYSE,XNYS,,,,,,,,,,,,,,,Banks,,,
36791754,BKD,BROOKDALE SENIOR LIVING INC,,K,USD,NYSE,XNYS,,,,,,,,,,,,,,,Healthcare-Services,,,
36792411,GS PRC,GOLMAN SACHS GP - DEP SHS SERIES C,,K,USD,NYSE,XNYS,,,,,,,,,,,,,,,Banks,,,
37018770,T,AT&T INC,,K,USD,NYSE,XNYS,,,,,,,,,,,,,,,Telecommunications,,,
37037874,SPXX,NUVEEN S&P500 DYNAM OVERWR,,K,USD,NYSE,XNYS,,,,,,,,,,,,,,,,,,
37075152,THG,HANOVER INSURANCE GROUP INC/,,K,USD,NYSE,XNYS,,,,,,,,,,,,,,,Insurance,,,
3655373,ABCB,AMERIS BANCORP,,K,USD,NYSE,XNYS,,,,,,,,,,,,,,,Banks,,,
37162669,CPA,COPA HOLDINGS SA-CLASS A,,K,USD,NYSE,XNYS,,,,,,,,,,,,,,,Airlines,,,
37511786,LYV,LIVE NATION ENTERTAINMENT IN,,K,USD,NYSE,XNYS,,,,,,,,,,,,,,,Entertainment,,,
37655662,KOP,KOPPERS HOLDINGS INC,,K,USD,NYSE,XNYS,,,,,,,,,,,,,,,Chemicals,,,
37655664,CMG,CHIPOTLE MEXICAN GRILL INC,,K,USD,NYSE,XNYS,,,,,,,,,,,,,,,Retail,,,
37792846,TX,TERNIUM SA-SPONSORED ADR,,K,USD,NYSE,XNYS,,,,,,,,,,,,,,,Iron/Steel,,,
37830920,ET,ENERGY TRANSFER LP,,K,USD,NYSE,XNYS,,,,,,,,,,,,,,,Pipelines,,,
37866641,FIS,FIDELITY NATIONAL INFO SERV,,K,USD,NYSE,XNYS,,,,,,,,,,,,,,,Software,,,
38163607,PAC,GRUPO AEROPORTUARIO PAC-ADR,,K,USD,NYSE,XNYS,,,,,,,,,,,,,,,Engineering&amp;Construction,,,
38198926,AB,ALLIANCEBERNSTEIN HOLDING LP,,K,USD,NYSE,XNYS,,,,,,,,,,,,,,,Diversified Finan Serv,,,
38251658,HLX,HELIX ENERGY SOLUTIONS GROUP,,K,USD,NYSE,XNYS,,,,,,,,,,,,,,,Oil&amp;Gas Services,,,
38285434,TDG,TRANSDIGM GROUP INC,,K,USD,NYSE,XNYS,,,,,,,,,,,,,,,Aerospace/Defense,,,
38294108,NRK,NUVEEN NY AMT-FR MUNI INC,,K,USD,NYSE,XNYS,,,,,,,,,,,,,,,,,,
38551985,BMA,BANCO MACRO SA-ADR,,K,USD,NYSE,XNYS,,,,,,,,,,,,,,,Banks,,,
38608398,POR,PORTLAND GENERAL ELECTRIC CO,,K,USD,NYSE,XNYS,,,,,,,,,,,,,,,Electric,,,
38615181,UMH,UMH PROPERTIES INC,,K,USD,NYSE,XNYS,,,,,,,,,,,,,,,REITS,,,
38685693,MA,MASTERCARD INC - A,,K,USD,NYSE,XNYS,,,,,,,,,,,,,,,Diversified Finan Serv,,,
38701868,USB PRH,U.S. BANCORP FLOAT RATE DEPOSITARY SHARES SER B,,K,USD,NYSE,XNYS,,,,,,,,,,,,,,,Banks,,,
38781874,GJP,SYNTHETIC FXD INCOME SEC STRATS DOMINION,,K,USD,NYSE,XNYS,,,,,,,,,,,,,,,Banks,,,
39042404,NNN,NNN REIT INC,,K,USD,NYSE,XNYS,,,,,,,,,,,,,,,REITS,,,
39126011,CODI,COMPASS DIVERSIFIED HOLDINGS,,K,USD,NYSE,XNYS,,,,,,,,,,,,,,,Investment Companies,,,
38988979,AXIA,AXIA ENERGIA-ADR PREF,,K,USD,NYSE,XNYS,,,,,,,,,,,,,,,Electric,,,
39429639,MWA,MUELLER WATER PRODUCTS INC-A,,K,USD,NYSE,XNYS,,,,,,,,,,,,,,,Machinery-Diversified,,,
39592395,HOMB,HOME BANCSHARES INC,,K,USD,NYSE,XNYS,,,,,,,,,,,,,,,Banks,,,
39966750,BCE,BCE INC,,K,USD,NYSE,XNYS,,,,,,,,,,,,,,,Telecommunications,,,
39997649,GJR,SYNTHETIC FIXED INC SEC STRATS 2006-01 PROCTOR & GAMBLE,,K,USD,NYSE,XNYS,,,,,,,,,,,,,,,Banks,,,
40084833,GS PRD,OLMAN SACHS GP -DEP SHR FLOAT RATE NON-CUM SER D,,K,USD,NYSE,XNYS,,,,,,,,,,,,,,,Banks,,,
40094994,MS PRA,MORGAN STANLEY DEP SHARES SER A - NON-CUM,,K,USD,NYSE,XNYS,,,,,,,,,,,,,,,Banks,,,
40066309,GTLS,CHART INDUSTRIES INC,,K,USD,NYSE,XNYS,,,,,,,,,,,,,,,Machinery-Diversified,,,
40358992,EVR,EVERCORE INC - A,,K,USD,NYSE,XNYS,,,,,,,,,,,,,,,Diversified Finan Serv,,,
40373180,TRAK,REPOSITRAK INC,,K,USD,NYSE,XNYS,,,,,,,,,,,,,,,Software,,,
40773257,WU,WESTERN UNION CO,,K,USD,NYSE,XNYS,,,,,,,,,,,,,,,Diversified Finan Serv,,,
41073450,MHF,WESTERN ASSET MUNICIPAL HIGH,,K,USD,NYSE,XNYS,,,,,,,,,,,,,,,,,,
41073455,MMU,WESTERN ASSET MANAGED MUNICI,,K,USD,NYSE,XNYS,,,,,,,,,,,,,,,,,,
41073495,HIO,WESTERN ASSET HI INC OPPORT,,K,USD,NYSE,XNYS,,,,,,,,,,,,,,,,,,
41073505,HIX,WESTERN ASSET HIGH INC II,,K,USD,NYSE,XNYS,,,,,,,,,,,,,,,,,,
41073515,EMD,WESTERN ASSET EMRG MRKT DBT,,K,USD,NYSE,XNYS,,,,,,,,,,,,,,,,,,
41073518,SCD,LMP CAPITAL AND INCOME FUND,,K,USD,NYSE,XNYS,,,,,,,,,,,,,,,,,,
41073530,EHI,WESTERN ASSET GLOBAL HIGH IN,,K,USD,NYSE,XNYS,,,,,,,,,,,,,,,,,,
41095361,CAF,MORGAN STANLEY CHINA A SHARE,,K,USD,NYSE,XNYS,,,,,,,,,,,,,,,,,,
41122080,MHD,BLACKROCK MUNIHOLDINGS FUND,,K,USD,NYSE,XNYS,,,,,,,,,,,,,,,,,,
41122097,MUA,BLACKROCK MUNIASSETS FUND,,K,USD,NYSE,XNYS,,,,,,,,,,,,,,,,,,
41122110,MQY,BLACKROCK MUNIYIELD QUALITY,,K,USD,NYSE,XNYS,,,,,,,,,,,,,,,,,,
41122115,MYI,BLACKROCK MUNIYIELD QLTY III,,K,USD,NYSE,XNYS,,,,,,,,,,,,,,,,,,
41122141,MUC,BLACKROCK MUNIHOLD CA QLTY,,K,USD,NYSE,XNYS,,,,,,,,,,,,,,,,,,
41122145,MUJ,BLACKROCK MUNIHOLD NJ QLTY,,K,USD,NYSE,XNYS,,,,,,,,,,,,,,,,,,
41122176,MYN,BLACKROCK MUNIYIELD NY QLTY,,K,USD,NYSE,XNYS,,,,,,,,,,,,,,,,,,
41122181,MIY,BLACKROCK MUNIYIELD MI QLTY,,K,USD,NYSE,XNYS,,,,,,,,,,,,,,,,,,
41122191,MPA,BLACKROCK MUNIYIELD PA QLTYV,,K,USD,NYSE,XNYS,,,,,,,,,,,,,,,,,,
41122193,CII,BLACKROCK ENHAN LRG CAP CORE,,K,USD,NYSE,XNYS,,,,,,,,,,,,,,,,,,
41122203,HYT,BLACKROCK CORP HI YLD,,K,USD,NYSE,XNYS,,,,,,,,,,,,,,,,,,
41122216,FRA,BLACKROCK FLTNG RT INC STRAT,,K,USD,NYSE,XNYS,,,,,,,,,,,,,,,,,,
41146374,SBI,WESTERN ASSET INTERMEDIATE,,K,USD,NYSE,XNYS,,,,,,,,,,,,,,,,,,
41174537,AWI,ARMSTRONG WORLD INDUSTRIES,,K,USD,NYSE,XNYS,,,,,,,,,,,,,,,Building Materials,,,
41235770,DEI,DOUGLAS EMMETT INC,,K,USD,NYSE,XNYS,,,,,,,,,,,,,,,REITS,,,
41268651,GJS,STRATS TR GOLDMAN SACKS -FLTG 2006-15,,K,USD,NYSE,XNYS,,,,,,,,,,,,,,,Banks,,,
41268414,GJT,STRATS TR ALLSTATE CORP -FLT 2006-3,,K,USD,NYSE,XNYS,,,,,,,,,,,,,,,Banks,,,
41289692,OC,OWENS CORNING,,K,USD,NYSE,XNYS,,,,,,,,,,,,,,,Building Materials,,,
41545028,EBS,EMERGENT BIOSOLUTIONS INC,,K,USD,NYSE,XNYS,,,,,,,,,,,,,,,Biotechnology,,,
41552939,KBR,KBR INC,,K,USD,NYSE,XNYS,,,,,,,,,,,,,,,Computers,,,
41597034,MFG,MIZUHO FINANCIAL GROUP-ADR,,K,USD,NYSE,XNYS,,,,,,,,,,,,,,,Banks,,,
41621276,SBH,SALLY BEAUTY HOLDINGS INC,,K,USD,NYSE,XNYS,,,,,,,,,,,,,,,Retail,,,
41641099,BAC PRE,BANK AMERICA CORP DEP SHS FLTG RATE -PFD E,,K,USD,NYSE,XNYS,,,,,,,,,,,,,,,Banks,,,
41693681,ETY,EATON VANCE TAX-MGD DIV EQTY,,K,USD,NYSE,XNYS,,,,,,,,,,,,,,,,,,
41692402,AER,AERCAP HOLDINGS NV,,K,USD,NYSE,XNYS,,,,,,,,,,,,,,,Diversified Finan Serv,,,
41842341,FOF,COHEN & STEERS CLOSED-END OP,,K,USD,NYSE,XNYS,,,,,,,,,,,,,,,,,,
41855679,AG,FIRST MAJESTIC SILVER CORP,,K,USD,NYSE,XNYS,,,,,,,,,,,,,,,Mining,,,
42249758,BTZ,BLACKROCK CREDIT ALLOCATION,,K,USD,NYSE,XNYS,,,,,,,,,,,,,,,,,,
42357298,MVO,MV OIL TRUST,,K,USD,NYSE,XNYS,,,,,,,,,,,,,,,Oil&amp;Gas,,,
42454579,SHV,ISHARES 0-1 YEAR TREASURY BO,,K,USD,NYSE,XNYS,,,,,,,,,,,,,,,,,,
42771544,EIG,EMPLOYERS HOLDINGS INC,,K,USD,NYSE,XNYS,,,,,,,,,,,,,,,Insurance,,,
43150567,EXG,EATON VANCE TAX-MANAGED GLOB,,K,USD,NYSE,XNYS,,,,,,,,,,,,,,,,,,
43150617,TRV,TRAVELERS COS INC/THE,,K,USD,NYSE,XNYS,,,,,,,,,,,,,,,Insurance,,,
43274444,UDR,UDR INC,,K,USD,NYSE,XNYS,,,,,,,,,,,,,,,REITS,,,
43502814,CQP,CHENIERE ENERGY PARTNERS LP,,K,USD,NYSE,XNYS,,,,,,,,,,,,,,,Pipelines,,,
43523793,BR,BROADRIDGE FINANCIAL SOLUTIO,,K,USD,NYSE,XNYS,,,,,,,,,,,,,,,Software,,,
43556526,JCE,NUVEEN CORE EQUITY ALPHA,,K,USD,NYSE,XNYS,,,,,,,,,,,,,,,,,,
43708737,PNNT,PENNANTPARK INVESTMENT CORP,,K,USD,NYSE,XNYS,,,,,,,,,,,,,,,Investment Companies,,,
43739720,CNK,CINEMARK HOLDINGS INC,,K,USD,NYSE,XNYS,,,,,,,,,,,,,,,Entertainment,,,
43980336,EDD,MORGAN STANLEY EMRG MRK DOM,,K,USD,NYSE,XNYS,,,,,,,,,,,,,,,,,,
43980394,EDN,EMP DISTRIB Y COMERC NOR-ADR,,K,USD,NYSE,XNYS,,,,,,,,,,,,,,,Electric,,,
43980401,ACM,AECOM,,K,USD,NYSE,XNYS,,,,,,,,,,,,,,,Engineering&amp;Construction,,,
44001820,DAL,DELTA AIR LINES INC.,,K,USD,NYSE,XNYS,,,,,,,,,,,,,,,Airlines,,,
44216351,BGS,B&G FOODS INC,,K,USD,NYSE,XNYS,,,,,,,,,,,,,,,Food,,,
44290421,BGY,BLACKROCK ENH INTL DVD TR,,K,USD,NYSE,XNYS,,,,,,,,,,,,,,,,,,
44475946,M,MACYS INC,,K,USD,NYSE,XNYS,,,,,,,,,,,,,,,Retail,,,
44559212,PCM,PCM FUND INC,,K,USD,NYSE,XNYS,,,,,,,,,,,,,,,,,,
44642606,CIG C,CIA ENERGETICA DE-SPON ADR,,K,USD,NYSE,XNYS,,,,,,,,,,,,,,,Electric,,,
44986804,BK,BANK OF NEW YORK MELLON CORP,,K,USD,NYSE,XNYS,,,,,,,,,,,,,,,Banks,,,
45006145,PAG,PENSKE AUTOMOTIVE GROUP INC,,K,USD,NYSE,XNYS,,,,,,,,,,,,,,,Retail,,,
45019199,GRX,GABELLI HEALTHCARE & WELL,,K,USD,NYSE,XNYS,,,,,,,,,,,,,,,,,,
45045068,CIF,MFS INTERMEDIATE HIGH INCOME,,K,USD,NYSE,XNYS,,,,,,,,,,,,,,,,,,
45045074,CXH,MFS INVESTMENT GRADE MUNI,,K,USD,NYSE,XNYS,,,,,,,,,,,,,,,,,,
45045099,CXE,MFS HIGH INCOME MUNICIPAL TR,,K,USD,NYSE,XNYS,,,,,,,,,,,,,,,,,,
45045079,CMU,MFS HIGH YIELD MUNICIPAL TR,,K,USD,NYSE,XNYS,,,,,,,,,,,,,,,,,,
45210327,DRD,DRDGOLD LTD-SPONSORED ADR,,K,USD,NYSE,XNYS,,,,,,,,,,,,,,,Mining,,,
45411028,G,GENPACT LTD,,K,USD,NYSE,XNYS,,,,,,,,,,,,,,,Computers,,,
45461159,ETJ,EATON VANCE RSK-MGD DIVERS,,K,USD,NYSE,XNYS,,,,,,,,,,,,,,,,,,
45523614,AHT PRD,ASHFORD HOSPITALITY TR INC. 8.45% SER D,,K,USD,NYSE,XNYS,,,,,,,,,,,,,,,REITS,,,
45529420,HTH,HILLTOP HOLDINGS INC,,K,USD,NYSE,XNYS,,,,,,,,,,,,,,,Banks,,,
46128760,TDC,TERADATA CORP,,K,USD,NYSE,XNYS,,,,,,,,,,,,,,,Software,,,
46567665,MAIN,MAIN STREET CAPITAL CORP,,K,USD,NYSE,XNYS,,,,,,,,,,,,,,,Investment Companies,,,
46613372,UMC,UNITED MICROELECTRON-SP ADR,,K,USD,NYSE,XNYS,,,,,,,,,,,,,,,Semiconductors,,,
46671687,CVI,CVR ENERGY INC,,K,USD,NYSE,XNYS,,,,,,,,,,,,,,,Oil&amp;Gas,,,
47068270,SPG PRJ,"SIMON PROPERTY GROUP, INC. 8.375% SER J",,K,USD,NYSE,XNYS,,,,,,,,,,,,,,,REITS,,,
47101335,MSCI,MSCI INC,,K,USD,NYSE,XNYS,,,,,,,,,,,,,,,Software,,,
69238858,FNV,FRANCO-NEVADA CORP,,K,USD,NYSE,XNYS,,,,,,,,,,,,,,,Mining,,,
47550606,IVZ,INVESCO LTD,,K,USD,NYSE,XNYS,,,,,,,,,,,,,,,Diversified Finan Serv,,,
47619256,TBI,TRUEBLUE INC,,K,USD,NYSE,XNYS,,,,,,,,,,,,,,,Commercial Services,,,
47658555,ORN,ORION GROUP HOLDINGS INC,,K,USD,NYSE,XNYS,,,,,,,,,,,,,,,Engineering&amp;Construction,,,
48085842,BIP,BROOKFIELD INFRASTRUCTURE PA,,K,USD,NYSE,XNYS,,,,,,,,,,,,,,,Electric,,,
48812155,BAC PRL,BANK OF AMERICA CORP NON CUMULATIVE,,K,USD,NYSE,XNYS,,,,,,,,,,,,,,,Banks,,,
49260419,DAN,DANA INC,,K,USD,NYSE,XNYS,,,,,,,,,,,,,,,Auto Parts&amp;Equipment,,,
49462172,V,VISA INC-CLASS A SHARES,,K,USD,NYSE,XNYS,,,,,,,,,,,,,,,Diversified Finan Serv,,,
49476732,GPK,GRAPHIC PACKAGING HOLDING CO,,K,USD,NYSE,XNYS,,,,,,,,,,,,,,,Packaging&amp;Containers,,,
49588376,PM,PHILIP MORRIS INTERNATIONAL,,K,USD,NYSE,XNYS,,,,,,,,,,,,,,,Agriculture,,,
50488863,NX,QUANEX BUILDING PRODUCTS,,K,USD,NYSE,XNYS,,,,,,,,,,,,,,,Household Products/Wares,,,
50530752,AWK,AMERICAN WATER WORKS CO INC,,K,USD,NYSE,XNYS,,,,,,,,,,,,,,,Water,,,
51599110,SB,SAFE BULKERS INC,,K,USD,NYSE,XNYS,,,,,,,,,,,,,,,Transportation,,,
51653885,DIN,DINE BRANDS GLOBAL INC,,K,USD,NYSE,XNYS,,,,,,,,,,,,,,,Retail,,,
52298132,FF,FUTUREFUEL CORP,,K,USD,NYSE,XNYS,,,,,,,,,,,,,,,Energy-Alternate Sources,,,
218939694,CB,CHUBB LTD,,K,USD,NYSE,XNYS,,,,,,,,,,,,,,,Insurance,,,
52619008,JBTM,JBT MAREL CORP,,K,USD,NYSE,XNYS,,,,,,,,,,,,,,,Miscellaneous Manufactur,,,
53509761,PRIM,PRIMORIS SERVICES CORP,,K,USD,NYSE,XNYS,,,,,,,,,,,,,,,Engineering&amp;Construction,,,
53747825,SIG,SIGNET JEWELERS LTD,,K,USD,NYSE,XNYS,,,,,,,,,,,,,,,Retail,,,
53855090,EC,ECOPETROL SA-SPONSORED ADR,,K,USD,NYSE,XNYS,,,,,,,,,,,,,,,Oil&amp;Gas,,,
54278217,KB,KB FINANCIAL GROUP INC-ADR,,K,USD,NYSE,XNYS,,,,,,,,,,,,,,,Diversified Finan Serv,,,
55998789,RGA,REINSURANCE GROUP OF AMERICA,,K,USD,NYSE,XNYS,,,,,,,,,,,,,,,Insurance,,,
56381497,CLW,CLEARWATER PAPER CORP,,K,USD,NYSE,XNYS,,,,,,,,,,,,,,,Packaging&amp;Containers,,,
56505491,RIG,TRANSOCEAN LTD,,K,USD,NYSE,XNYS,,,,,,,,,,,,,,,Oil&amp;Gas,,,
56524930,KF,KOREA FUND INC,,K,USD,NYSE,XNYS,,,,,,,,,,,,,,,,,,
56630829,VRTS,VIRTUS INVESTMENT PARTNERS,,K,USD,NYSE,XNYS,,,,,,,,,,,,,,,Diversified Finan Serv,,,
56884113,MD,PEDIATRIX MEDICAL GROUP INC,,K,USD,NYSE,XNYS,,,,,,,,,,,,,,,Healthcare-Services,,,
56911631,WFC PRL,WELLS FARGO 7.5% NON CUM PERP CONV PFD SHS,,K,USD,NYSE,XNYS,,,,,,,,,,,,,,,Banks,,,
56911633,BML PRL,BANK OF AMERICA DEP SHARES 1/1200TH PFD SER 5,,K,USD,NYSE,XNYS,,,,,,,,,,,,,,,Banks,,,
56911721,BML PRH,BANK OF AMERICA CORP DEP SH REPS PFD H,,K,USD,NYSE,XNYS,,,,,,,,,,,,,,,Banks,,,
56911971,BML PRG,BANK OF AMERICA CORP DEP SH REPS PFD G,,K,USD,NYSE,XNYS,,,,,,,,,,,,,,,Banks,,,
56911974,BML PRJ,BANK OF AMERICA DEP SHR FLOATING RATE PFD,,K,USD,NYSE,XNYS,,,,,,,,,,,,,,,Banks,,,
56913887,BTO,JOHN HANCOCK FINANCIAL OPP,,K,USD,NYSE,XNYS,,,,,,,,,,,,,,,,,,
57698865,EQT,EQT CORP,,K,USD,NYSE,XNYS,,,,,,,,,,,,,,,Oil&amp;Gas,,,
57869558,IDT,IDT CORP-CLASS B,,K,USD,NYSE,XNYS,,,,,,,,,,,,,,,Telecommunications,,,
58226765,NUW,NUVEEN AMT-FREE MUNI VAL,,K,USD,NYSE,XNYS,,,,,,,,,,,,,,,,,,
58996617,ITUB,ITAU UNIBANCO H-SPON PRF ADR,,K,USD,NYSE,XNYS,,,,,,,,,,,,,,,Banks,,,
60037751,TPC,TUTOR PERINI CORP,,K,USD,NYSE,XNYS,,,,,,,,,,,,,,,Engineering&amp;Construction,,,
60039297,OPY,OPPENHEIMER HOLDINGS-CL A,,K,USD,NYSE,XNYS,,,,,,,,,,,,,,,Diversified Finan Serv,,,
60532895,CDE,COEUR MINING INC,,K,USD,NYSE,XNYS,,,,,,,,,,,,,,,Mining,,,
60581016,EOT,EATON VANCE NATIONAL MUNICIP,,K,USD,NYSE,XNYS,,,,,,,,,,,,,,,,,,
60581038,VALE,VALE SA-SP ADR,,K,USD,NYSE,XNYS,,,,,,,,,,,,,,,Iron/Steel,,,
61294212,IGI,WESTERN ASST INV GR OPPOR TR,,K,USD,NYSE,XNYS,,,,,,,,,,,,,,,,,,
61319701,AIG,AMERICAN INTERNATIONAL GROUP,,K,USD,NYSE,XNYS,,,,,,,,,,,,,,,Insurance,,,
61481454,BUD,ANHEUSER-BUSCH INBEV SPN ADR,,K,USD,NYSE,XNYS,,,,,,,,,,,,,,,Beverages,,,
64731225,SU,SUNCOR ENERGY INC,,K,USD,NYSE,XNYS,,,,,,,,,,,,,,,Oil&amp;Gas,,,
64759614,PMT,PENNYMAC MORTGAGE INVESTMENT,,K,USD,NYSE,XNYS,,,,,,,,,,,,,,,REITS,,,
67418868,STWD,STARWOOD PROPERTY TRUST INC,,K,USD,NYSE,XNYS,,,,,,,,,,,,,,,REITS,,,
67889930,ACN,ACCENTURE PLC-CL A,,K,USD,NYSE,XNYS,,,,,,,,,,,,,,,Computers,,,
69052095,ARI,APOLLO COMMERCIAL REAL ESTAT,,K,USD,NYSE,XNYS,,,,,,,,,,,,,,,REITS,,,
69114941,SEM,SELECT MEDICAL HOLDINGS CORP,,K,USD,NYSE,XNYS,,,,,,,,,,,,,,,Healthcare-Services,,,
69293560,BSBR,BANCO SANTANDER BRASIL-ADS,,K,USD,NYSE,XNYS,,,,,,,,,,,,,,,Banks,,,
69326730,MG,MISTRAS GROUP INC,,K,USD,NYSE,XNYS,,,,,,,,,,,,,,,Engineering&amp;Construction,,,
69342639,PAM,PAMPA ENERGIA SA-SPON ADR,,K,USD,NYSE,XNYS,,,,,,,,,,,,,,,Electric,,,
69884347,UIS,UNISYS CORP,,K,USD,NYSE,XNYS,,,,,,,,,,,,,,,Computers,,,
69947434,AQN,ALGONQUIN POWER & UTILITIES,,K,USD,NYSE,XNYS,,,,,,,,,,,,,,,Electric,,,
70021622,CVE,CENOVUS ENERGY INC,,K,USD,NYSE,XNYS,,,,,,,,,,,,,,,Oil&amp;Gas,,,
70084337,H,HYATT HOTELS CORP - CL A,,K,USD,NYSE,XNYS,,,,,,,,,,,,,,,Lodging,,,
70101545,MRK,MERCK & CO INC,,K,USD,NYSE,XNYS,,,,,,,,,,,,,,,Pharmaceuticals,,,
70152668,LEA,LEAR CORP,,K,USD,NYSE,XNYS,,,,,,,,,,,,,,,Auto Parts&amp;Equipment,,,
70212228,DG,DOLLAR GENERAL CORP,,K,USD,NYSE,XNYS,,,,,,,,,,,,,,,Retail,,,
70298853,KW,KENNEDY-WILSON HOLDINGS INC,,K,USD,NYSE,XNYS,,,,,,,,,,,,,,,Real Estate,,,
70578542,WDS,WOODSIDE ENERGY GROUP-ADR,,K,USD,NYSE,XNYS,,,,,,,,,,,,,,,Oil&amp;Gas,,,
70584602,GDO,WESTERN AST GLB CORP OPPRNTY,,K,USD,NYSE,XNYS,,,,,,,,,,,,,,,,,,
70600179,JLS,NUVEEN MORTGAGE & INCOME,,K,USD,NYSE,XNYS,,,,,,,,,,,,,,,,,,
70853825,PEB,PEBBLEBROOK HOTEL TRUST,,K,USD,NYSE,XNYS,,,,,,,,,,,,,,,REITS,,,
70907405,OPLN,OPENLANE INC,,K,USD,NYSE,XNYS,,,,,,,,,,,,,,,Distribution/Wholesale,,,
71319847,SPE,SPECIAL OPPORTUNITIES FUND,,K,USD,NYSE,XNYS,,,,,,,,,,,,,,,,,,
72063691,BRK B,BERKSHIRE HATHAWAY INC-CL B,,K,USD,NYSE,XNYS,,,,,,,,,,,,,,,Insurance,,,
72086382,TRNO,TERRENO REALTY CORP,,K,USD,NYSE,XNYS,,,,,,,,,,,,,,,REITS,,,
72529744,JKS,JINKOSOLAR HOLDING CO-ADR,,K,USD,NYSE,XNYS,,,,,,,,,,,,,,,Energy-Alternate Sources,,,
72529754,PDM,PIEDMONT REALTY TRUST INC,,K,USD,NYSE,XNYS,,,,,,,,,,,,,,,REITS,,,
72529783,GNRC,GENERAC HOLDINGS INC,,K,USD,NYSE,XNYS,,,,,,,,,,,,,,,Electrical Compo&amp;Equip,,,
72950230,DMO,WESTERN ASSET MORT DEF OPP,,K,USD,NYSE,XNYS,,,,,,,,,,,,,,,,,,
73354293,SWK,STANLEY BLACK & DECKER INC,,K,USD,NYSE,XNYS,,,,,,,,,,,,,,,Hand/Machine Tools,,,
73793095,CALX,CALIX INC,,K,USD,NYSE,XNYS,,,,,,,,,,,,,,,Telecommunications,,,
73956870,PRI,PRIMERICA INC,,K,USD,NYSE,XNYS,,,,,,,,,,,,,,,Insurance,,,
74264310,CLDT,CHATHAM LODGING TRUST,,K,USD,NYSE,XNYS,,,,,,,,,,,,,,,REITS,,,
74794436,NBB,NUVEEN TAXABLE MUNICIPAL INC,,K,USD,NYSE,XNYS,,,,,,,,,,,,,,,,,,
74866700,LYB,LYONDELLBASELL INDU-CL A,,K,USD,NYSE,XNYS,,,,,,,,,,,,,,,Chemicals,,,
74971600,PLOW,DOUGLAS DYNAMICS INC,,K,USD,NYSE,XNYS,,,,,,,,,,,,,,,Auto Parts&amp;Equipment,,,
75124183,TAK,TAKEDA PHARMACEUTIC-SP ADR,,K,USD,NYSE,XNYS,,,,,,,,,,,,,,,Pharmaceuticals,,,
75176372,CNO,CNO FINANCIAL GROUP INC,,K,USD,NYSE,XNYS,,,,,,,,,,,,,,,Insurance,,,
75219227,RTO,RENTOKIL INITIAL PLC-SP ADR,,K,USD,NYSE,XNYS,,,,,,,,,,,,,,,Commercial Services,,,
75219572,SUZ,SUZANO SA - SPON ADR,,K,USD,NYSE,XNYS,,,,,,,,,,,,,,,Forest Products&amp;Paper,,,
75472985,FAF,FIRST AMERICAN FINANCIAL,,K,USD,NYSE,XNYS,,,,,,,,,,,,,,,Insurance,,,
75472988,SM,SM ENERGY CO,,K,USD,NYSE,XNYS,,,,,,,,,,,,,,,Oil&amp;Gas,,,
75778772,BSL,BLACKSTONE SNR FLTNG RT,,K,USD,NYSE,XNYS,,,,,,,,,,,,,,,,,,
75822146,CPS,COOPER-STANDARD HOLDING,,K,USD,NYSE,XNYS,,,,,,,,,,,,,,,Auto Parts&amp;Equipment,,,
75911304,VLT,INVESCO HIGH INCOME TRUST II,,K,USD,NYSE,XNYS,,,,,,,,,,,,,,,,,,
75911309,VVR,INVESCO SENIOR INCOME TRUST,,K,USD,NYSE,XNYS,,,,,,,,,,,,,,,,,,
75911321,VKQ,INVESCO MUNICIPAL TRUST,,K,USD,NYSE,XNYS,,,,,,,,,,,,,,,,,,
75911324,VPV,INVESCO PA VAL MUNI INC,,K,USD,NYSE,XNYS,,,,,,,,,,,,,,,,,,
75911423,VMO,INVESCO MUNICIPAL OPPORT,,K,USD,NYSE,XNYS,,,,,,,,,,,,,,,,,,
75911440,VTN,INVESCO TR FOR INVEST GRD NY,,K,USD,NYSE,XNYS,,,,,,,,,,,,,,,,,,
75911455,VCV,INVESCO CA VAL MUNI INC TR,,K,USD,NYSE,XNYS,,,,,,,,,,,,,,,,,,
75911462,VGM,INVESCO TRUST FOR INVESTMEN,,K,USD,NYSE,XNYS,,,,,,,,,,,,,,,,,,
75911465,VBF,INVESCO BOND FUND,,K,USD,NYSE,XNYS,,,,,,,,,,,,,,,,,,
75912873,IIM,INVESCO VALUE MUNICIPAL INCO,,K,USD,NYSE,XNYS,,,,,,,,,,,,,,,,,,
75912893,IQI,INVESCO QUALITY MUNI INC TR,,K,USD,NYSE,XNYS,,,,,,,,,,,,,,,,,,
75912911,OIA,INVESCO MUNICIPAL INCOME OPP,,K,USD,NYSE,XNYS,,,,,,,,,,,,,,,,,,
75960201,NEE,NEXTERA ENERGY INC,,K,USD,NYSE,XNYS,,,,,,,,,,,,,,,Electric,,,
76130631,USB PRA,US BANCORP,,K,USD,NYSE,XNYS,,,,,,,,,,,,,,,Banks,,,
76615083,FN,FABRINET,,K,USD,NYSE,XNYS,,,,,,,,,,,,,,,Miscellaneous Manufactur,,,
76669040,VPG,VISHAY PRECISION GROUP,,K,USD,NYSE,XNYS,,,,,,,,,,,,,,,Semiconductors,,,
76791198,GRMN,GARMIN LTD,,K,USD,NYSE,XNYS,,,,,,,,,,,,,,,Electronics,,,
76913906,QUAD,QUAD GRAPHICS INC,,K,USD,NYSE,XNYS,,,,,,,,,,,,,,,Commercial Services,,,
77007217,EOD,ALLSPRING GLOBAL DIVIDEND OP,,K,USD,NYSE,XNYS,,,,,,,,,,,,,,,,,,
77456656,GDOT,GREEN DOT CORP-CLASS A,,K,USD,NYSE,XNYS,,,,,,,,,,,,,,,Commercial Services,,,
77456695,AMRC,AMERESCO INC-CL A,,K,USD,NYSE,XNYS,,,,,,,,,,,,,,,Electric,,,
77867358,SAR,SARATOGA INVESTMENT CORP,,K,USD,NYSE,XNYS,,,,,,,,,,,,,,,Investment Companies,,,
78363996,WSR,WHITESTONE REIT,,K,USD,NYSE,XNYS,,,,,,,,,,,,,,,REITS,,,
78483269,BBN,BLACKROCK TAXABLE MUNI BND,,K,USD,NYSE,XNYS,,,,,,,,,,,,,,,,,,
78642228,VET,VERMILION ENERGY INC,,K,USD,NYSE,XNYS,,,,,,,,,,,,,,,Oil&amp;Gas,,,
79422543,LND,BRASILAGRO-CIA BRA - SPN ADR,,K,USD,NYSE,XNYS,,,,,,,,,,,,,,,Agriculture,,,
79431735,STK,COLUMBIA SLGMN PREM TECH GR,,K,USD,NYSE,XNYS,,,,,,,,,,,,,,,,,,
105094305,PBA,PEMBINA PIPELINE CORP,,K,USD,NYSE,XNYS,,,,,,,,,,,,,,,Pipelines,,,
79706513,C PRN,CITIGROUP CAP XIII TR PFD SECS FIXE,,K,USD,NYSE,XNYS,,,,,,,,,,,,,,,Banks,,,
80269548,TAL,TAL EDUCATION GROUP- ADR,,K,USD,NYSE,XNYS,,,,,,,,,,,,,,,Commercial Services,,,
80410784,SMFG,SUMITOMO MITSUI-SPONS ADR,,K,USD,NYSE,XNYS,,,,,,,,,,,,,,,Banks,,,
80410789,HYI,WESTERN ASSET HIGH YIELD OPP,,K,USD,NYSE,XNYS,,,,,,,,,,,,,,,,,,
80410794,GBAB,GUGGENHEIM TAXABLE MUNICIPAL,,K,USD,NYSE,XNYS,,,,,,,,,,,,,,,,,,
80598748,UFI,UNIFI INC,,K,USD,NYSE,XNYS,,,,,,,,,,,,,,,Chemicals,,,
80627441,CMRE,COSTAMARE INC,,K,USD,NYSE,XNYS,,,,,,,,,,,,,,,Transportation,,,
80814906,NOAH,NOAH HOLDINGS LTD-SPON ADS,,K,USD,NYSE,XNYS,,,,,,,,,,,,,,,Diversified Finan Serv,,,
80968828,BAH,BOOZ ALLEN HAMILTON HOLDINGS,,K,USD,NYSE,XNYS,,,,,,,,,,,,,,,Commercial Services,,,
80986742,GM,GENERAL MOTORS CO,,K,USD,NYSE,XNYS,,,,,,,,,,,,,,,Auto Manufacturers,,,
80986824,FBP,FIRST BANCORP PUERTO RICO,,K,USD,NYSE,XNYS,,,,,,,,,,,,,,,Banks,,,
81330101,PSF,COHEN & STEERS SELECT PREFER,,K,USD,NYSE,XNYS,,,,,,,,,,,,,,,,,,
81581011,MSI,MOTOROLA SOLUTIONS INC,,K,USD,NYSE,XNYS,,,,,,,,,,,,,,,Telecommunications,,,
81613538,EMBJ,EMBRAER SA-SPON ADR,,K,USD,NYSE,XNYS,,,,,,,,,,,,,,,Aerospace/Defense,,,
81671838,TRGP,TARGA RESOURCES CORP,,K,USD,NYSE,XNYS,,,,,,,,,,,,,,,Pipelines,,,
81671853,CHT,CHUNGHWA TELECOM LT-SPON ADR,,K,USD,NYSE,XNYS,,,,,,,,,,,,,,,Telecommunications,,,
81828690,WD,WALKER & DUNLOP INC,,K,USD,NYSE,XNYS,,,,,,,,,,,,,,,Banks,,,
82371876,EDF,VSH EMERGING MARKETS INCOME,,K,USD,NYSE,XNYS,,,,,,,,,,,,,,,,,,
82487862,BTE,BAYTEX ENERGY CORP,,K,USD,NYSE,XNYS,,,,,,,,,,,,,,,Oil&amp;Gas,,,
82819360,AAT,AMERICAN ASSETS TRUST INC,,K,USD,NYSE,XNYS,,,,,,,,,,,,,,,REITS,,,
83434883,BGX,BLACKSTONE LONG-SHORT CREDIT,,K,USD,NYSE,XNYS,,,,,,,,,,,,,,,,,,
83512128,BKU,BANKUNITED INC,,K,USD,NYSE,XNYS,,,,,,,,,,,,,,,Banks,,,
83512173,AGRO,ADECOAGRO SA,,K,USD,NYSE,XNYS,,,,,,,,,,,,,,,Agriculture,,,
83602658,CPF,CENTRAL PACIFIC FINANCIAL CO,,K,USD,NYSE,XNYS,,,,,,,,,,,,,,,Banks,,,
83917285,GDL,GDL FUND,,K,USD,NYSE,XNYS,,,,,,,,,,,,,,,,,,
83948749,INN,SUMMIT HOTEL PROPERTIES INC,,K,USD,NYSE,XNYS,,,,,,,,,,,,,,,REITS,,,
83975037,KMI,KINDER MORGAN INC,,K,USD,NYSE,XNYS,,,,,,,,,,,,,,,Pipelines,,,
84822089,MTRN,MATERION CORP,,K,USD,NYSE,XNYS,,,,,,,,,,,,,,,Miscellaneous Manufactur,,,
84836410,NSP,INSPERITY INC,,K,USD,NYSE,XNYS,,,,,,,,,,,,,,,Commercial Services,,,
85076790,HCA,HCA HEALTHCARE INC,,K,USD,NYSE,XNYS,,,,,,,,,,,,,,,Healthcare-Services,,,
85258864,MX,MAGNACHIP SEMICONDUCTOR CORP,,K,USD,NYSE,XNYS,,,,,,,,,,,,,,,Semiconductors,,,
86033355,HII,HUNTINGTON INGALLS INDUSTRIE,,K,USD,NYSE,XNYS,,,,,,,,,,,,,,,Shipbuilding,,,
86174372,GOF,GUGGENHEIM STRATEGIC OPPORT,,K,USD,NYSE,XNYS,,,,,,,,,,,,,,,,,,
86253659,BCX,BLACKROCK RESOURCES & COMMOD,,K,USD,NYSE,XNYS,,,,,,,,,,,,,,,,,,
86635186,PFLT,PENNANTPARK FLOATING RATE CA,,K,USD,NYSE,XNYS,,,,,,,,,,,,,,,Investment Companies,,,
86766101,ARCO,ARCOS DORADOS HOLDINGS INC-A,,K,USD,NYSE,XNYS,,,,,,,,,,,,,,,Retail,,,
86792819,STAG,STAG INDUSTRIAL INC,,K,USD,NYSE,XNYS,,,,,,,,,,,,,,,REITS,,,
87335484,C,CITIGROUP INC,,K,USD,NYSE,XNYS,,,,,,,,,,,,,,,Banks,,,
87741352,VOC,VOC ENERGY TRUST,,K,USD,NYSE,XNYS,,,,,,,,,,,,,,,Oil&amp;Gas,,,
87836953,RLJ,RLJ LODGING TRUST,,K,USD,NYSE,XNYS,,,,,,,,,,,,,,,REITS,,,
87905747,NGL,NGL ENERGY PARTNERS LP,,K,USD,NYSE,XNYS,,,,,,,,,,,,,,,Pipelines,,,
88292752,MOS,MOSAIC CO/THE,,K,USD,NYSE,XNYS,,,,,,,,,,,,,,,Chemicals,,,
88424945,HEQ,JOHN HANCOCK DIVERS INC FUND,,K,USD,NYSE,XNYS,,,,,,,,,,,,,,,,,,
88819288,PLD,PROLOGIS INC,,K,USD,NYSE,XNYS,,,,,,,,,,,,,,,REITS,,,
90005244,EFXT,ENERFLEX LTD,,K,USD,NYSE,XNYS,,,,,,,,,,,,,,,Oil&amp;Gas Services,,,
89495776,MPC,MARATHON PETROLEUM CORP,,K,USD,NYSE,XNYS,,,,,,,,,,,,,,,Oil&amp;Gas,,,
89596963,UCB,UNITED COMMUNITY BANKS/GA,,K,USD,NYSE,XNYS,,,,,,,,,,,,,,,Banks,,,
90655693,IGR,CBRE GLOBAL REAL ESTATE INC,,K,USD,NYSE,XNYS,,,,,,,,,,,,,,,,,,
90794895,PVH,PVH CORP,,K,USD,NYSE,XNYS,,,,,,,,,,,,,,,Apparel,,,
91487789,SXC,SUNCOKE ENERGY INC,,K,USD,NYSE,XNYS,,,,,,,,,,,,,,,Coal,,,
91850813,DPG,DUFF & PHELPS UTILITY & INC,,K,USD,NYSE,XNYS,,,,,,,,,,,,,,,,,,
92306678,RL,RALPH LAUREN CORP,,K,USD,NYSE,XNYS,,,,,,,,,,,,,,,Apparel,,,
92950764,KMPR,KEMPER CORP,,K,USD,NYSE,XNYS,,,,,,,,,,,,,,,Insurance,,,
93957038,XPO,XPO INC,,K,USD,NYSE,XNYS,,,,,,,,,,,,,,,Transportation,,,
94078796,FBIN,FORTUNE BRANDS INNOVATIONS I,,K,USD,NYSE,XNYS,,,,,,,,,,,,,,,Building Materials,,,
94153980,CUBE,CUBESMART,,K,USD,NYSE,XNYS,,,,,,,,,,,,,,,REITS,,,
95514904,CBRE,CBRE GROUP INC - A,,K,USD,NYSE,XNYS,,,,,,,,,,,,,,,Real Estate,,,
95703740,XYL,XYLEM INC,,K,USD,NYSE,XNYS,,,,,,,,,,,,,,,Machinery-Diversified,,,
95980853,GNE,GENIE ENERGY LTD-B,,K,USD,NYSE,XNYS,,,,,,,,,,,,,,,Electric,,,
96965587,VAC,MARRIOTT VACATIONS WORLD,,K,USD,NYSE,XNYS,,,,,,,,,,,,,,,Entertainment,,,
98138206,BUI,BLCKRCK UTIL INFRA & PWR OPP,,K,USD,NYSE,XNYS,,,,,,,,,,,,,,,,,,
114646358,BEP,BROOKFIELD RENEWABLE PARTNER,,K,USD,NYSE,XNYS,,,,,,,,,,,,,,,Electric,,,
98804862,GNT,GAMCO NATURAL RESOURCES GOLD &,,K,USD,NYSE,XNYS,,,,,,,,,,,,,,,,,,
99757340,CUBI,CUSTOMERS BANCORP INC,,K,USD,NYSE,XNYS,,,,,,,,,,,,,,,Banks,,,
99831145,AMT,AMERICAN TOWER CORP,,K,USD,NYSE,XNYS,,,,,,,,,,,,,,,REITS,,,
100547520,POST,POST HOLDINGS INC,,K,USD,NYSE,XNYS,,,,,,,,,,,,,,,Food,,,
100825898,GWRE,GUIDEWIRE SOFTWARE INC,,K,USD,NYSE,XNYS,,,,,,,,,,,,,,,Software,,,
101387488,TDS,TELEPHONE AND DATA SYSTEMS,,K,USD,NYSE,XNYS,,,,,,,,,,,,,,,Telecommunications,,,
101399760,DBL,DOUBLELINE OPPORT CREDIT,,K,USD,NYSE,XNYS,,,,,,,,,,,,,,,,,,
101694297,MTDR,MATADOR RESOURCES CO,,K,USD,NYSE,XNYS,,,,,,,,,,,,,,,Oil&amp;Gas,,,
101898880,EPAM,EPAM SYSTEMS INC,,K,USD,NYSE,XNYS,,,,,,,,,,,,,,,Computers,,,
103111184,PRLB,PROTO LABS INC,,K,USD,NYSE,XNYS,,,,,,,,,,,,,,,Metal Fabricate/Hardware,,,
103127874,VGI,VIRTUS GLOBAL MULTI-SECTOR,,K,USD,NYSE,XNYS,,,,,,,,,,,,,,,,,,
103518430,YELP,YELP INC,,K,USD,NYSE,XNYS,,,,,,,,,,,,,,,Internet,,,
103562908,BOND,PIMCO ACTIVE BOND EXCHANGE-T,,K,USD,NYSE,XNYS,,,,,,,,,,,,,,,,,,
103912519,BBDO,BANCO BRADESCO-ADR,,K,USD,NYSE,XNYS,,,,,,,,,,,,,,,Banks,,,
104054141,ALSN,ALLISON TRANSMISSION HOLDING,,K,USD,NYSE,XNYS,,,,,,,,,,,,,,,Auto Parts&amp;Equipment,,,
104863799,VIPS,VIPSHOP HOLDINGS LTD - ADR,,K,USD,NYSE,XNYS,,,,,,,,,,,,,,,Internet,,,
105077651,RM,REGIONAL MANAGEMENT CORP,,K,USD,NYSE,XNYS,,,,,,,,,,,,,,,Diversified Finan Serv,,,
105669270,PSX,PHILLIPS 66,,K,USD,NYSE,XNYS,,,,,,,,,,,,,,,Oil&amp;Gas,,,
106619222,ACRE,ARES COMMERCIAL REAL ESTATE,,K,USD,NYSE,XNYS,,,,,,,,,,,,,,,REITS,,,
106634180,JRI,NUVEEN REAL ASSET INC & GRW,,K,USD,NYSE,XNYS,,,,,,,,,,,,,,,,,,
106894641,TLYS,TILLY'S INC-CLASS A SHRS,,K,USD,NYSE,XNYS,,,,,,,,,,,,,,,Retail,,,
107051249,INGR,INGREDION INC,,K,USD,NYSE,XNYS,,,,,,,,,,,,,,,Food,,,
107976119,PDI,PIMCO DYNAMIC INCOME FUND,,K,USD,NYSE,XNYS,,,,,,,,,,,,,,,,,,
107976120,CDR PRB,CEDAR REALTY TRUST INC,,K,USD,NYSE,XNYS,,,,,,,,,,,,,,,REITS,,,
108649896,MATX,MATSON INC,,K,USD,NYSE,XNYS,,,,,,,,,,,,,,,Transportation,,,
110176011,DUK,DUKE ENERGY CORP,,K,USD,NYSE,XNYS,,,,,,,,,,,,,,,Electric,,,
109776170,MMD,NYLI MACKAY DT MUNI OPPO FND,,K,USD,NYSE,XNYS,,,,,,,,,,,,,,,,,,
109911821,NOW,SERVICENOW INC,,K,USD,NYSE,XNYS,,,,,,,,,,,,,,,Software,,,
110322264,DHT,DHT HOLDINGS INC,,K,USD,NYSE,XNYS,,,,,,,,,,,,,,,Transportation,,,
110418094,HTB,HOMETRUST BANCSHARES INC,,K,USD,NYSE,XNYS,,,,,,,,,,,,,,,Savings&amp;Loans,,,
110753777,NGVC,NATURAL GROCERS BY VITAMIN C,,K,USD,NYSE,XNYS,,,,,,,,,,,,,,,Food,,,
111323123,LDP,COHEN & STEERS LIMITED DURAT,,K,USD,NYSE,XNYS,,,,,,,,,,,,,,,,,,
111576465,GMED,GLOBUS MEDICAL INC - A,,K,USD,NYSE,XNYS,,,,,,,,,,,,,,,Healthcare-Products,,,
111726724,GAB PRG,GABELLI EQUITY TRUST,,K,USD,NYSE,XNYS,,,,,,,,,,,,,,,Closed-end Funds,,,
111800674,MITT PRA,AG MORTGAGE INVEST TR,,K,USD,NYSE,XNYS,,,,,,,,,,,,,,,REITS,,,
111853004,MANU,MANCHESTER UNITED PLC-CL A,,K,USD,NYSE,XNYS,,,,,,,,,,,,,,,Entertainment,,,
111995490,SLG PRI,SL GREEN REALTY CORP,,K,USD,NYSE,XNYS,,,,,,,,,,,,,,,REITS,,,
112961174,BTT,BLACKROCK 2030 MUNI TRGT TRM,,K,USD,NYSE,XNYS,,,,,,,,,,,,,,,,,,
113407826,WPC,WP CAREY INC,,K,USD,NYSE,XNYS,,,,,,,,,,,,,,,REITS,,,
113546099,HY,HYSTER-YALE INC,,K,USD,NYSE,XNYS,,,,,,,,,,,,,,,Machinery-Constr&amp;Mining,,,
113865480,NBHC,NATIONAL BANK HOLD-CL A,,K,USD,NYSE,XNYS,,,,,,,,,,,,,,,Banks,,,
113960787,RHP,RYMAN HOSPITALITY PROPERTIES,,K,USD,NYSE,XNYS,,,,,,,,,,,,,,,REITS,,,
114670386,BGB,BLACKSTONE STRATEGIC CREDIT,,K,USD,NYSE,XNYS,,,,,,,,,,,,,,,,,,
114814358,MITT PRB,AG MORTGAGE INVEST TR,,K,USD,NYSE,XNYS,,,,,,,,,,,,,,,REITS,,,
114929760,THC,TENET HEALTHCARE CORP,,K,USD,NYSE,XNYS,,,,,,,,,,,,,,,Healthcare-Services,,,
114945521,BZH,BEAZER HOMES USA INC,,K,USD,NYSE,XNYS,,,,,,,,,,,,,,,Home Builders,,,
114986758,GAB PRH,GABELLI EQUITY TRUST,,K,USD,NYSE,XNYS,,,,,,,,,,,,,,,Closed-end Funds,,,
115181214,SSTK,SHUTTERSTOCK INC,,K,USD,NYSE,XNYS,,,,,,,,,,,,,,,Internet,,,
115823351,WEX,WEX INC,,K,USD,NYSE,XNYS,,,,,,,,,,,,,,,Commercial Services,,,
116339790,MPLX,MPLX LP,,K,USD,NYSE,XNYS,,,,,,,,,,,,,,,Pipelines,,,
116608448,DKL,DELEK LOGISTICS PARTNERS LP,,K,USD,NYSE,XNYS,,,,,,,,,,,,,,,Pipelines,,,
116776441,EPR,EPR PROPERTIES,,K,USD,NYSE,XNYS,,,,,,,,,,,,,,,REITS,,,
116787032,SCM,STELLUS CAPITAL INVESTMENT C,,K,USD,NYSE,XNYS,,,,,,,,,,,,,,,Investment Companies,,,
116841553,EPR PRC,ENTERTAINMENT PPTYS TRUST 5.75% SER C PFD,,K,USD,NYSE,XNYS,,,,,,,,,,,,,,,REITS,,,
116841556,EPR PRE,ENTERTAINMENT PROPERTIES TR 9.00% SER E,,K,USD,NYSE,XNYS,,,,,,,,,,,,,,,REITS,,,
117818538,ARDC,ARES DYNAMIC CREDIT ALL,,K,USD,NYSE,XNYS,,,,,,,,,,,,,,,,,,
118017869,ETN,EATON CORP PLC,,K,USD,NYSE,XNYS,,,,,,,,,,,,,,,Electrical Compo&amp;Equip,,,
118074730,ENJ,ENTERGY NEW ORLEANS INC,,K,USD,NYSE,XNYS,,,,,,,,,,,,,,,Electric,,,
118089500,ABBV,ABBVIE INC,,K,USD,NYSE,XNYS,,,,,,,,,,,,,,,Pharmaceuticals,,,
118786560,PBF,PBF ENERGY INC-CLASS A,,K,USD,NYSE,XNYS,,,,,,,,,,,,,,,Oil&amp;Gas,,,
118803978,DQ,DAQO NEW ENERGY CORP-ADR,,K,USD,NYSE,XNYS,,,,,,,,,,,,,,,Chemicals,,,
119743062,MCN,XAI MADISON EQUITY PREMIUM I,,K,USD,NYSE,XNYS,,,,,,,,,,,,,,,,,,
119808418,WPP,WPP PLC-SPONSORED ADR,,K,USD,NYSE,XNYS,,,,,,,,,,,,,,,Advertising,,,
120420959,USAC,USA COMPRESSION PARTNERS LP,,K,USD,NYSE,XNYS,,,,,,,,,,,,,,,Oil&amp;Gas Services,,,
120423050,ALL PRB,ALLSTATE CORP,,K,USD,NYSE,XNYS,,,,,,,,,,,,,,,Insurance,,,
120643512,NCLH,NORWEGIAN CRUISE LINE HOLDIN,,K,USD,NYSE,XNYS,,,,,,,,,,,,,,,Leisure Time,,,
121250909,BFAM,BRIGHT HORIZONS FAMILY SOLUT,,K,USD,NYSE,XNYS,,,,,,,,,,,,,,,Commercial Services,,,
121665622,ZTS,ZOETIS INC,,K,USD,NYSE,XNYS,,,,,,,,,,,,,,,Pharmaceuticals,,,
121765777,VNO PRL,VORNADO REALTY TRUST,,K,USD,NYSE,XNYS,,,,,,,,,,,,,,,REITS,,,
121811789,SCE PRG,SCE TRUST II,,K,USD,NYSE,XNYS,,,,,,,,,,,,,,,Electric,,,
121826487,BCC,BOISE CASCADE CO,,K,USD,NYSE,XNYS,,,,,,,,,,,,,,,Building Materials,,,
123288383,BIT,BLACKROCK MULTI-SECTOR INC,,K,USD,NYSE,XNYS,,,,,,,,,,,,,,,,,,
123706127,APAM,ARTISAN PARTNERS ASSET MA -A,,K,USD,NYSE,XNYS,,,,,,,,,,,,,,,Diversified Finan Serv,,,
124054386,PBI PRB,PITNEY BOWES INC 6.70% NTS DUE 2043,,K,USD,NYSE,XNYS,,,,,,,,,,,,,,,Computers,,,
124939047,ETX,EATON VANCE MUNI INC 2028 TM,,K,USD,NYSE,XNYS,,,,,,,,,,,,,,,,,,
125483759,TMHC,TAYLOR MORRISON HOME CORP,,K,USD,NYSE,XNYS,,,,,,,,,,,,,,,Home Builders,,,
125543001,KNOP,KNOT OFFSHORE PARTNERS LP,,K,USD,NYSE,XNYS,,,,,,,,,,,,,,,Transportation,,,
125661037,EVTC,EVERTEC INC,,K,USD,NYSE,XNYS,,,,,,,,,,,,,,,Commercial Services,,,
125815462,HASI,HA SUSTAINABLE INFRASTRUCTUR,,K,USD,NYSE,XNYS,,,,,,,,,,,,,,,Investment Companies,,,
125846698,PRKS,UNITED PARKS & RESORTS INC,,K,USD,NYSE,XNYS,,,,,,,,,,,,,,,Entertainment,,,
125903851,MFA PRB,MFA FINANCIAL INC,,K,USD,NYSE,XNYS,,,,,,,,,,,,,,,REITS,,,
126533174,OFG,OFG BANCORP,,K,USD,NYSE,XNYS,,,,,,,,,,,,,,,Banks,,,
204774537,NXE,NEXGEN ENERGY LTD,,K,USD,NYSE,XNYS,,,,,,,,,,,,,,,Mining,,,
126660684,DSL,DOUBLELINE INCOME SOLUTIONS,,K,USD,NYSE,XNYS,,,,,,,,,,,,,,,,,,
126782198,NIC,NICOLET BANKSHARES INC,,K,USD,NYSE,XNYS,,,,,,,,,,,,,,,Banks,,,
126863008,EARN,ELLINGTON CREDIT CO,,K,USD,NYSE,XNYS,,,,,,,,,,,,,,,,,,
126945652,OSG,OCTAVE SPECIALTY GROUP INC,,K,USD,NYSE,XNYS,,,,,,,,,,,,,,,Insurance,,,
127149802,AHRT,AH REALTY TRUST INC,,K,USD,NYSE,XNYS,,,,,,,,,,,,,,,REITS,,,
127149807,BXMT,BLACKSTONE MORTGAGE TRU-CL A,,K,USD,NYSE,XNYS,,,,,,,,,,,,,,,REITS,,,
128406646,FPF,FIRST TR INTERM DUR & INC,,K,USD,NYSE,XNYS,,,,,,,,,,,,,,,,,,
128474781,DFP,FLAHERTY & CRUMRINE DYN PREF,,K,USD,NYSE,XNYS,,,,,,,,,,,,,,,,,,
129131475,COTY,COTY INC-CL A,,K,USD,NYSE,XNYS,,,,,,,,,,,,,,,Cosmetics/Personal Care,,,
129151636,HCI,HCI GROUP INC,,K,USD,NYSE,XNYS,,,,,,,,,,,,,,,Insurance,,,
130102172,PGZ,PRINCIPAL REAL ESTATE INCOME,,K,USD,NYSE,XNYS,,,,,,,,,,,,,,,,,,
131122722,BANC,BANC OF CALIFORNIA INC,,K,USD,NYSE,XNYS,,,,,,,,,,,,,,,Savings&amp;Loans,,,
131217639,BB,BLACKBERRY LTD,,K,USD,NYSE,XNYS,,,,,,,,,,,,,,,Computers,,,
131219465,REXR,REXFORD INDUSTRIAL REALTY IN,,K,USD,NYSE,XNYS,,,,,,,,,,,,,,,REITS,,,
131969802,KIO,KKR INCOME OPPORTUNITIES,,K,USD,NYSE,XNYS,,,,,,,,,,,,,,,,,,
132221970,AMH,AMERICAN HOMES 4 RENT- A,,K,USD,NYSE,XNYS,,,,,,,,,,,,,,,REITS,,,
132310540,ASC,ARDMORE SHIPPING CORP,,K,USD,NYSE,XNYS,,,,,,,,,,,,,,,Transportation,,,
132521382,CMRE PRB,COSTAMARE INC,,K,USD,NYSE,XNYS,,,,,,,,,,,,,,,Transportation,,,
132629528,IRT,INDEPENDENCE REALTY TRUST IN,,K,USD,NYSE,XNYS,,,,,,,,,,,,,,,REITS,,,
132717465,MUSA,MURPHY USA INC,,K,USD,NYSE,XNYS,,,,,,,,,,,,,,,Retail,,,
134005384,KODK,EASTMAN KODAK CO,,K,USD,NYSE,XNYS,,,,,,,,,,,,,,,Machinery-Diversified,,,
134280621,LDOS,LEIDOS HOLDINGS INC,,K,USD,NYSE,XNYS,,,,,,,,,,,,,,,Computers,,,
134457566,VLRS,CONTROLADORA VUELA CIA-ADR,,K,USD,NYSE,XNYS,,,,,,,,,,,,,,,Airlines,,,
135330258,CNH,CNH INDUSTRIAL NV,,K,USD,NYSE,XNYS,,,,,,,,,,,,,,,Machinery-Diversified,,,
135390580,RNG,RINGCENTRAL INC-CLASS A,,K,USD,NYSE,XNYS,,,,,,,,,,,,,,,Software,,,
135666376,RMAX,RE/MAX HOLDINGS INC-CL A,,K,USD,NYSE,XNYS,,,,,,,,,,,,,,,Real Estate,,,
135691308,RGT,ROYCE GLOBAL TRUST INC,,K,USD,NYSE,XNYS,,,,,,,,,,,,,,,,,,
135699190,BURL,BURLINGTON STORES INC,,K,USD,NYSE,XNYS,,,,,,,,,,,,,,,Retail,,,
135702590,ESRT,EMPIRE STATE REALTY TRUST-A,,K,USD,NYSE,XNYS,,,,,,,,,,,,,,,REITS,,,
135745707,MS PRE,MORGAN STANLEY DEP SHS REP 1/1000TH,,K,USD,NYSE,XNYS,,,,,,,,,,,,,,,Banks,,,
135748067,CHMI,CHERRY HILL MORTGAGE INVESTM,,K,USD,NYSE,XNYS,,,,,,,,,,,,,,,REITS,,,
135942630,AR,ANTERO RESOURCES CORP,,K,USD,NYSE,XNYS,,,,,,,,,,,,,,,Oil&amp;Gas,,,
136254493,VEEV,VEEVA SYSTEMS INC-CLASS A,,K,USD,NYSE,XNYS,,,,,,,,,,,,,,,Software,,,
136370275,ICE,INTERCONTINENTAL EXCHANGE IN,,K,USD,NYSE,XNYS,,,,,,,,,,,,,,,Diversified Finan Serv,,,
137494497,BRX,BRIXMOR PROPERTY GROUP INC,,K,USD,NYSE,XNYS,,,,,,,,,,,,,,,REITS,,,
137497720,ESNT,ESSENT GROUP LTD,,K,USD,NYSE,XNYS,,,,,,,,,,,,,,,Insurance,,,
137498854,MMI,MARCUS & MILLICHAP INC,,K,USD,NYSE,XNYS,,,,,,,,,,,,,,,Real Estate,,,
137736417,ABEV,AMBEV SA-ADR,,K,USD,NYSE,XNYS,,,,,,,,,,,,,,,Beverages,,,
138077525,CHGG,CHEGG INC,,K,USD,NYSE,XNYS,,,,,,,,,,,,,,,Commercial Services,,,
138245094,DLNG,DYNAGAS LNG PARTNERS LP,,K,USD,NYSE,XNYS,,,,,,,,,,,,,,,Shipbuilding,,,
138438437,ALLE,ALLEGION PLC,,K,USD,NYSE,XNYS,,,,,,,,,,,,,,,Electronics,,,
138906043,GHC,GRAHAM HOLDINGS CO-CLASS B,,K,USD,NYSE,XNYS,,,,,,,,,,,,,,,Commercial Services,,,
138999605,NVGS,NAVIGATOR HOLDINGS LTD,,K,USD,NYSE,XNYS,,,,,,,,,,,,,,,Transportation,,,
139233064,MHNC,MAIDEN HOLDINGS NORTH AMERICA LTD,,K,USD,NYSE,XNYS,,,,,,,,,,,,,,,Insurance,,,
139726256,ATHM,AUTOHOME INC-ADR,,K,USD,NYSE,XNYS,,,,,,,,,,,,,,,Internet,,,
139808284,MS PRF,MORGAN STANLEY,,K,USD,NYSE,XNYS,,,,,,,,,,,,,,,Banks,,,
139816149,ARMK,ARAMARK,,K,USD,NYSE,XNYS,,,,,,,,,,,,,,,Food Service,,,
140067524,PRGO,PERRIGO CO PLC,,K,USD,NYSE,XNYS,,,,,,,,,,,,,,,Cosmetics/Personal Care,,,
140397360,TGLS,TECNOGLASS INC,,K,USD,NYSE,XNYS,,,,,,,,,,,,,,,Building Materials,,,
141741126,OGS,ONE GAS INC,,K,USD,NYSE,XNYS,,,,,,,,,,,,,,,Gas,,,
142893595,CMRE PRC,COSTAMARE INC,,K,USD,NYSE,XNYS,,,,,,,,,,,,,,,Transportation,,,
143288167,PARR,PAR PACIFIC HOLDINGS INC,,K,USD,NYSE,XNYS,,,,,,,,,,,,,,,Oil&amp;Gas,,,
143731062,LADR,LADDER CAPITAL CORP-REIT,,K,USD,NYSE,XNYS,,,,,,,,,,,,,,,REITS,,,
143861494,GPRK,GEOPARK LTD,,K,USD,NYSE,XNYS,,,,,,,,,,,,,,,Oil&amp;Gas,,,
143926983,KN,KNOWLES CORP,,K,USD,NYSE,XNYS,,,,,,,,,,,,,,,Electronics,,,
143979238,IBP,INSTALLED BUILDING PRODUCTS,,K,USD,NYSE,XNYS,,,,,,,,,,,,,,,Home Builders,,,
145074118,DSX PRB,DIANA SHIPPING INC,,K,USD,NYSE,XNYS,,,,,,,,,,,,,,,Transportation,,,
145650693,TPVG,TRIPLEPOINT VENTURE GROWTH B,,K,USD,NYSE,XNYS,,,,,,,,,,,,,,,Investment Companies,,,
145946660,MSA,MSA SAFETY INC,,K,USD,NYSE,XNYS,,,,,,,,,,,,,,,Hand/Machine Tools,,,
146266831,GOLD,GOLD.COM INC,,K,USD,NYSE,XNYS,,,,,,,,,,,,,,,Distribution/Wholesale,,,
146392474,QTWO,Q2 HOLDINGS INC,,K,USD,NYSE,XNYS,,,,,,,,,,,,,,,Internet,,,
146394607,VOYA,VOYA FINANCIAL INC,,K,USD,NYSE,XNYS,,,,,,,,,,,,,,,Diversified Finan Serv,,,
146405187,ATEN,A10 NETWORKS INC,,K,USD,NYSE,XNYS,,,,,,,,,,,,,,,Telecommunications,,,
147243863,TNET,TRINET GROUP INC,,K,USD,NYSE,XNYS,,,,,,,,,,,,,,,Commercial Services,,,
148163036,PAYC,PAYCOM SOFTWARE INC,,K,USD,NYSE,XNYS,,,,,,,,,,,,,,,Software,,,
148163094,FPI,FARMLAND PARTNERS INC,,K,USD,NYSE,XNYS,,,,,,,,,,,,,,,REITS,,,
148233980,ALLY,ALLY FINANCIAL INC,,K,USD,NYSE,XNYS,,,,,,,,,,,,,,,Diversified Finan Serv,,,
148429910,IDE,VOYA INFRASTRUCTURE INDUST,,K,USD,NYSE,XNYS,,,,,,,,,,,,,,,,,,
148429913,IGA,VOYA GLOBAL ADVAN & PREM OPP,,K,USD,NYSE,XNYS,,,,,,,,,,,,,,,,,,
148429916,IHD,VOYA EMRG MRKT HI DVD EQTY,,K,USD,NYSE,XNYS,,,,,,,,,,,,,,,,,,
148429920,IGD,VOYA GLBL EQTY DVD & PRM OPP,,K,USD,NYSE,XNYS,,,,,,,,,,,,,,,,,,
148430587,IAE,VOYA ASIA PAC HI DVD EQ INC,,K,USD,NYSE,XNYS,,,,,,,,,,,,,,,,,,
217509716,NOMD,NOMAD FOODS LTD,,K,USD,NYSE,XNYS,,,,,,,,,,,,,,,Food,,,
148626089,MC,MOELIS & CO - CLASS A,,K,USD,NYSE,XNYS,,,,,,,,,,,,,,,Diversified Finan Serv,,,
150632114,LPG,DORIAN LPG LTD,,K,USD,NYSE,XNYS,,,,,,,,,,,,,,,Transportation,,,
151059322,SB PRC,SAFE BULKERS INC,,K,USD,NYSE,XNYS,,,,,,,,,,,,,,,Transportation,,,
151137271,DNOW,DNOW INC,,K,USD,NYSE,XNYS,,,,,,,,,,,,,,,Oil&amp;Gas Services,,,
151265285,SFBS,SERVISFIRST BANCSHARES INC,,K,USD,NYSE,XNYS,,,,,,,,,,,,,,,Banks,,,
152254614,CTRE,CARETRUST REIT INC,,K,USD,NYSE,XNYS,,,,,,,,,,,,,,,REITS,,,
152388751,HRTG,HERITAGE INSURANCE HOLDINGS,,K,USD,NYSE,XNYS,,,,,,,,,,,,,,,Insurance,,,
153068487,PNR,PENTAIR PLC,,K,USD,NYSE,XNYS,,,,,,,,,,,,,,,Environmental Control,,,
153913552,GGZ,GABELLI GLOBAL SMALL & M,,K,USD,NYSE,XNYS,,,,,,,,,,,,,,,,,,
154821454,RYAM,RAYONIER ADVANCED MATERIALS,,K,USD,NYSE,XNYS,,,,,,,,,,,,,,,Chemicals,,,
154991941,ASPN,ASPEN AEROGELS INC,,K,USD,NYSE,XNYS,,,,,,,,,,,,,,,Building Materials,,,
155889856,MTUS,METALLUS INC,,K,USD,NYSE,XNYS,,,,,,,,,,,,,,,Metal Fabricate/Hardware,,,
156106386,CCS,CENTURY COMMUNITIES INC,,K,USD,NYSE,XNYS,,,,,,,,,,,,,,,Home Builders,,,
156178034,FNF,FIDELITY NATIONAL FINANCIAL,,K,USD,NYSE,XNYS,,,,,,,,,,,,,,,Insurance,,,
158060530,XIFR,XPLR INFRASTRUCTURE LP,,K,USD,NYSE,XNYS,,,,,,,,,,,,,,,Energy-Alternate Sources,,,
158655765,GEO,GEO GROUP INC/THE,,K,USD,NYSE,XNYS,,,,,,,,,,,,,,,Commercial Services,,,
159837932,SB PRD,SAFE BULKERS INC,,K,USD,NYSE,XNYS,,,,,,,,,,,,,,,Transportation,,,
160756766,GLOB,GLOBANT SA,,K,USD,NYSE,XNYS,,,,,,,,,,,,,,,Computers,,,
161589915,TSQ,TOWNSQUARE MEDIA INC - CL A,,K,USD,NYSE,XNYS,,,,,,,,,,,,,,,Media,,,
161687802,WMS,ADVANCED DRAINAGE SYSTEMS IN,,K,USD,NYSE,XNYS,,,,,,,,,,,,,,,Metal Fabricate/Hardware,,,
161703135,KRG,KITE REALTY GROUP TRUST,,K,USD,NYSE,XNYS,,,,,,,,,,,,,,,REITS,,,
161846820,OEC,ORION SA,,K,USD,NYSE,XNYS,,,,,,,,,,,,,,,Chemicals,,,
162104105,THQ,ABRDN HEALTHCARE OPPORT,,K,USD,NYSE,XNYS,,,,,,,,,,,,,,,,,,
162231797,SYF,SYNCHRONY FINANCIAL,,K,USD,NYSE,XNYS,,,,,,,,,,,,,,,Diversified Finan Serv,,,
162237358,WLKP,WESTLAKE CHEMICAL PARTNERS L,,K,USD,NYSE,XNYS,,,,,,,,,,,,,,,Chemicals,,,
162291132,GYLD,ARROW DOW JONES GLOBAL YIELD,,K,USD,NYSE,XNYS,,,,,,,,,,,,,,,,,,
162868722,RYZ,RYERSON HOLDING CORP,,K,USD,NYSE,XNYS,,,,,,,,,,,,,,,Metal Fabricate/Hardware,,,
164935063,JMM,NUVEEN MULTI-MARKET INCOME,,K,USD,NYSE,XNYS,,,,,,,,,,,,,,,,,,
165121737,GSL PRB,GLOBAL SHIP LEASE INC,,K,USD,NYSE,XNYS,,,,,,,,,,,,,,,Transportation,,,
166090175,BABA,ALIBABA GROUP HOLDING-SP ADR,,K,USD,NYSE,XNYS,,,,,,,,,,,,,,,Internet,,,
166352708,VVX,V2X INC,,K,USD,NYSE,XNYS,,,,,,,,,,,,,,,Computers,,,
167236267,AVAL,GRUPO AVAL ACCIONES Y VALORE,,K,USD,NYSE,XNYS,,,,,,,,,,,,,,,Banks,,,
167955370,CFG,CITIZENS FINANCIAL GROUP,,K,USD,NYSE,XNYS,,,,,,,,,,,,,,,Banks,,,
167968816,MS PRI,MORGAN STANLEY,,K,USD,NYSE,XNYS,,,,,,,,,,,,,,,Banks,,,
168391375,LEU,CENTRUS ENERGY CORP-CLASS A,,K,USD,NYSE,XNYS,,,,,,,,,,,,,,,Mining,,,
168620416,NMS,NUVEEN MN QLTY MUNI INC,,K,USD,NYSE,XNYS,,,,,,,,,,,,,,,,,,
168812158,W,WAYFAIR INC- CLASS A,,K,USD,NYSE,XNYS,,,,,,,,,,,,,,,Internet,,,
169342119,CAPL,CROSSAMERICA PARTNERS LP,,K,USD,NYSE,XNYS,,,,,,,,,,,,,,,Oil&amp;Gas Services,,,
169544707,ECC,EAGLE POINT CREDIT CO,,K,USD,NYSE,XNYS,,,,,,,,,,,,,,,,,,
169544810,HUBS,HUBSPOT INC,,K,USD,NYSE,XNYS,,,,,,,,,,,,,,,Software,,,
169688387,RITM,RITHM CAPITAL CORP,,K,USD,NYSE,XNYS,,,,,,,,,,,,,,,REITS,,,
170167160,KEYS,KEYSIGHT TECHNOLOGIES IN,,K,USD,NYSE,XNYS,,,,,,,,,,,,,,,Electronics,,,
172721087,UBS,UBS GROUP AG-REG,,K,USD,NYSE,XNYS,,,,,,,,,,,,,,,Banks,,,
170377370,HQH,ABRDN HEALTHCARE INVESTORS,,K,USD,NYSE,XNYS,,,,,,,,,,,,,,,,,,
171322358,SUN,SUNOCO LP,,K,USD,NYSE,XNYS,,,,,,,,,,,,,,,Oil&amp;Gas,,,
171878394,ENVA,ENOVA INTERNATIONAL INC,,K,USD,NYSE,XNYS,,,,,,,,,,,,,,,Diversified Finan Serv,,,
172103160,GRBK,GREEN BRICK PARTNERS INC,,K,USD,NYSE,XNYS,,,,,,,,,,,,,,,Home Builders,,,
172104802,BST,BLACKROCK SCIENCE & TECH TR,,K,USD,NYSE,XNYS,,,,,,,,,,,,,,,,,,
172185600,BOOT,BOOT BARN HOLDINGS INC,,K,USD,NYSE,XNYS,,,,,,,,,,,,,,,Retail,,,
172935478,TFIN,TRIUMPH FINANCIAL INC,,K,USD,NYSE,XNYS,,,,,,,,,,,,,,,Banks,,,
173253787,AXTA,AXALTA COATING SYSTEMS LTD,,K,USD,NYSE,XNYS,,,,,,,,,,,,,,,Chemicals,,,
173962302,ELV,ELEVANCE HEALTH INC,,K,USD,NYSE,XNYS,,,,,,,,,,,,,,,Healthcare-Services,,,
174083995,JGH,NUVEEN GLOBAL HIGH INCOME,,K,USD,NYSE,XNYS,,,,,,,,,,,,,,,,,,
176372132,QSR,RESTAURANT BRANDS INTERN,,K,USD,NYSE,XNYS,,,,,,,,,,,,,,,Retail,,,
176477364,WK,WORKIVA INC,,K,USD,NYSE,XNYS,,,,,,,,,,,,,,,Software,,,
176571182,CCI,CROWN CASTLE INC,,K,USD,NYSE,XNYS,,,,,,,,,,,,,,,REITS,,,
178687328,UE,URBAN EDGE PROPERTIES,,K,USD,NYSE,XNYS,,,,,,,,,,,,,,,REITS,,,
179161051,KEN,KENON HOLDINGS LTD,,K,USD,NYSE,XNYS,,,,,,,,,,,,,,,Electric,,,
180350774,IRM,IRON MOUNTAIN INC,,K,USD,NYSE,XNYS,,,,,,,,,,,,,,,REITS,,,
181158987,BOX,BOX INC - CLASS A,,K,USD,NYSE,XNYS,,,,,,,,,,,,,,,Software,,,
181387075,MDT,MEDTRONIC PLC,,K,USD,NYSE,XNYS,,,,,,,,,,,,,,,Healthcare-Products,,,
182056846,SHAK,SHAKE SHACK INC - CLASS A,,K,USD,NYSE,XNYS,,,,,,,,,,,,,,,Retail,,,
182675372,XHR,XENIA HOTELS & RESORTS INC,,K,USD,NYSE,XNYS,,,,,,,,,,,,,,,REITS,,,
182880167,ES,EVERSOURCE ENERGY,,K,USD,NYSE,XNYS,,,,,,,,,,,,,,,Electric,,,
186661403,NXRT,NEXPOINT RESIDENTIAL,,K,USD,NYSE,XNYS,,,,,,,,,,,,,,,REITS,,,
187184161,GSBD,GOLDMAN SACHS BDC INC,,K,USD,NYSE,XNYS,,,,,,,,,,,,,,,Investment Companies,,,
188986978,GDDY,GODADDY INC - CLASS A,,K,USD,NYSE,XNYS,,,,,,,,,,,,,,,Internet,,,
189114475,BRSL,BRIGHTSTAR LOTTERY PLC,,K,USD,NYSE,XNYS,,,,,,,,,,,,,,,Entertainment,,,
189149349,PEO,ADAMS NATURAL RESOURCES FUND,,K,USD,NYSE,XNYS,,,,,,,,,,,,,,,,,,
680895249,FLUT,FLUTTER ENTERTAINMENT PLC-DI,,K,USD,NYSE,XNYS,,,,,,,,,,,,,,,Entertainment,,,
190480965,ETSY,ETSY INC,,K,USD,NYSE,XNYS,,,,,,,,,,,,,,,Internet,,,
190480975,VIRT,VIRTU FINANCIAL INC-CLASS A,,K,USD,NYSE,XNYS,,,,,,,,,,,,,,,Diversified Finan Serv,,,
191674687,NSA,NATIONAL STORAGE AFFILIATES,,K,USD,NYSE,XNYS,,,,,,,,,,,,,,,REITS,,,
192496059,BSM,BLACK STONE MINERALS LP,,K,USD,NYSE,XNYS,,,,,,,,,,,,,,,Oil&amp;Gas,,,
193951417,CMRE PRD,COSTAMARE INC,,K,USD,NYSE,XNYS,,,,,,,,,,,,,,,Transportation,,,
194318432,CAL,CALERES INC,,K,USD,NYSE,XNYS,,,,,,,,,,,,,,,Retail,,,
194322803,APLE,APPLE HOSPITALITY REIT INC,,K,USD,NYSE,XNYS,,,,,,,,,,,,,,,REITS,,,
195016532,CHCT,COMMUNITY HEALTHCARE TRUST I,,K,USD,NYSE,XNYS,,,,,,,,,,,,,,,REITS,,,
196179389,EPC,EDGEWELL PERSONAL CARE CO,,K,USD,NYSE,XNYS,,,,,,,,,,,,,,,Cosmetics/Personal Care,,,
196183267,EVH,EVOLENT HEALTH INC - A,,K,USD,NYSE,XNYS,,,,,,,,,,,,,,,Software,,,
196477597,CABO,CABLE ONE INC,,K,USD,NYSE,XNYS,,,,,,,,,,,,,,,Media,,,
196610672,ENR,ENERGIZER HOLDINGS INC,,K,USD,NYSE,XNYS,,,,,,,,,,,,,,,Electrical Compo&amp;Equip,,,
196616907,BLD,TOPBUILD CORP,,K,USD,NYSE,XNYS,,,,,,,,,,,,,,,Engineering&amp;Construction,,,
196682709,CC,CHEMOURS CO/THE,,K,USD,NYSE,XNYS,,,,,,,,,,,,,,,Chemicals,,,
196689572,BWXT,BWX TECHNOLOGIES INC,,K,USD,NYSE,XNYS,,,,,,,,,,,,,,,Machinery-Constr&amp;Mining,,,
198048703,GKOS,GLAUKOS CORP,,K,USD,NYSE,XNYS,,,,,,,,,,,,,,,Healthcare-Products,,,
198051403,TRU,TRANSUNION,,K,USD,NYSE,XNYS,,,,,,,,,,,,,,,Commercial Services,,,
198167234,RELX,RELX PLC - SPON ADR,,K,USD,NYSE,XNYS,,,,,,,,,,,,,,,Commercial Services,,,
198167565,THW,ABRDN WORLD HEALTHCARE FUND,,K,USD,NYSE,XNYS,,,,,,,,,,,,,,,,,,
198560237,WEC,WEC ENERGY GROUP INC,,K,USD,NYSE,XNYS,,,,,,,,,,,,,,,Electric,,,
198563873,TDOC,TELADOC HEALTH INC,,K,USD,NYSE,XNYS,,,,,,,,,,,,,,,Healthcare-Services,,,
198630479,AGI,ALAMOS GOLD INC-CLASS A,,K,USD,NYSE,XNYS,,,,,,,,,,,,,,,Mining,,,
198630481,SRG,SERITAGE GROWTH PROP- A,,K,USD,NYSE,XNYS,,,,,,,,,,,,,,,Real Estate,,,
199914862,AROC,ARCHROCK INC,,K,USD,NYSE,XNYS,,,,,,,,,,,,,,,Oil&amp;Gas Services,,,
199914955,OOMA,OOMA INC,,K,USD,NYSE,XNYS,,,,,,,,,,,,,,,Telecommunications,,,
200166024,DLNG PRA,DYNAGAS LNG PARTNERS LP,,K,USD,NYSE,XNYS,,,,,,,,,,,,,,,Shipbuilding,,,
201113890,LOB,LIVE OAK BANCSHARES INC,,K,USD,NYSE,XNYS,,,,,,,,,,,,,,,Banks,,,
202114841,PLNT,PLANET FITNESS INC - CL A,,K,USD,NYSE,XNYS,,,,,,,,,,,,,,,Leisure Time,,,
202918196,HLI,HOULIHAN LOKEY INC,,K,USD,NYSE,XNYS,,,,,,,,,,,,,,,Diversified Finan Serv,,,
206487194,PJT,PJT PARTNERS INC - A,,K,USD,NYSE,XNYS,,,,,,,,,,,,,,,Diversified Finan Serv,,,
206591285,MSGS,MADISON SQUARE GARDEN SPORTS,,K,USD,NYSE,XNYS,,,,,,,,,,,,,,,Entertainment,,,
206663845,CSW,CSW INDUSTRIALS INC,,K,USD,NYSE,XNYS,,,,,,,,,,,,,,,Machinery-Diversified,,,
206663857,PEN,PENUMBRA INC,,K,USD,NYSE,XNYS,,,,,,,,,,,,,,,Healthcare-Products,,,
207737140,SMBK,SMARTFINANCIAL INC,,K,USD,NYSE,XNYS,,,,,,,,,,,,,,,Banks,,,
207739931,WELL,WELLTOWER INC,,K,USD,NYSE,XNYS,,,,,,,,,,,,,,,REITS,,,
208317027,PFGC,PERFORMANCE FOOD GROUP CO,,K,USD,NYSE,XNYS,,,,,,,,,,,,,,,Food,,,
208711503,NXDT,NEXPOINT DIVERSIFIED REAL ES,,K,USD,NYSE,XNYS,,,,,,,,,,,,,,,REITS,,,
208813725,P,EVERPURE INC-A,,K,USD,NYSE,XNYS,,,,,,,,,,,,,,,Computers,,,
209411798,HPE,HEWLETT PACKARD ENTERPRISE,,K,USD,NYSE,XNYS,,,,,,,,,,,,,,,Computers,,,
209411801,HPQ,HP INC,,K,USD,NYSE,XNYS,,,,,,,,,,,,,,,Computers,,,
210810670,FCPT,FOUR CORNERS PROPERTY TRUST,,K,USD,NYSE,XNYS,,,,,,,,,,,,,,,REITS,,,
212212695,EQBK,EQUITY BANCSHARES INC - CL A,,K,USD,NYSE,XNYS,,,,,,,,,,,,,,,Banks,,,
212671971,XYZ,BLOCK INC,,K,USD,NYSE,XNYS,,,,,,,,,,,,,,,Commercial Services,,,
212990433,OMF,ONEMAIN HOLDINGS INC,,K,USD,NYSE,XNYS,,,,,,,,,,,,,,,Diversified Finan Serv,,,
215361221,YRD,YIREN DIGITAL LTD - SPS ADR,,K,USD,NYSE,XNYS,,,,,,,,,,,,,,,Diversified Finan Serv,,,
217234340,RACE,FERRARI NV,,K,USD,NYSE,XNYS,,,,,,,,,,,,,,,Auto Manufacturers,,,
215524614,RIV,RIVERNORTH OPPORTUNITIES,,K,USD,NYSE,XNYS,,,,,,,,,,,,,,,,,,
216386790,HUBB,HUBBELL INC,,K,USD,NYSE,XNYS,,,,,,,,,,,,,,,Electronics,,,
221646041,NRP,NATURAL RESOURCE PARTNERS LP,,K,USD,NYSE,XNYS,,,,,,,,,,,,,,,Coal,,,
224309800,SCHW PRD,CHARLES SCHWAB CORP,,K,USD,NYSE,XNYS,,,,,,,,,,,,,,,Diversified Finan Serv,,,
225585820,ENO,ETR 5 1/2 04/01/66 PFD,,K,USD,NYSE,XNYS,,,,,,,,,,,,,,,Electric,,,
225590118,UA,UNDER ARMOUR INC-CLASS C,,K,USD,NYSE,XNYS,,,,,,,,,,,,,,,Apparel,,,
229115037,ENIC,ENEL CHILE SA-ADR,,K,USD,NYSE,XNYS,,,,,,,,,,,,,,,Electric,,,
229198872,STT PRG,STATE STREET CORP,,K,USD,NYSE,XNYS,,,,,,,,,,,,,,,Banks,,,
229629397,SPGI,S&P GLOBAL INC,,K,USD,NYSE,XNYS,,,,,,,,,,,,,,,Commercial Services,,,
231125622,NGVT,INGEVITY CORP,,K,USD,NYSE,XNYS,,,,,,,,,,,,,,,Chemicals,,,
231408961,SR,SPIRE INC,,K,USD,NYSE,XNYS,,,,,,,,,,,,,,,Gas,,,
233010383,ITT,ITT INC,,K,USD,NYSE,XNYS,,,,,,,,,,,,,,,Miscellaneous Manufactur,,,
233089461,SITE,SITEONE LANDSCAPE SUPPLY INC,,K,USD,NYSE,XNYS,,,,,,,,,,,,,,,Distribution/Wholesale,,,
233089623,TPB,TURNING POINT BRANDS INC,,K,USD,NYSE,XNYS,,,,,,,,,,,,,,,Agriculture,,,
233587209,SUPV,GRUPO SUPERVIELLE SA-SP ADR,,K,USD,NYSE,XNYS,,,,,,,,,,,,,,,Banks,,,
234662860,USFD,US FOODS HOLDING CORP,,K,USD,NYSE,XNYS,,,,,,,,,,,,,,,Food,,,
235241382,GUT PRC,GABELLI UTILITY TRUST,,K,USD,NYSE,XNYS,,,,,,,,,,,,,,,Closed-end Funds,,,
235248586,WCN,WASTE CONNECTIONS INC,,K,USD,NYSE,XNYS,,,,,,,,,,,,,,,Environmental Control,,,
235873392,RZB,REINSURNCE GR AMER 5 3/4 % DEBENTURES 2016-15.06.56,,K,USD,NYSE,XNYS,,,,,,,,,,,,,,,Insurance,,,
236074120,FTV,FORTIVE CORP,,K,USD,NYSE,XNYS,,,,,,,,,,,,,,,Electronics,,,
236082828,BXC,BLUELINX HOLDINGS INC,,K,USD,NYSE,XNYS,,,,,,,,,,,,,,,Retail,,,
236086467,HRI,HERC HOLDINGS INC,,K,USD,NYSE,XNYS,,,,,,,,,,,,,,,Commercial Services,,,
236205569,ATKR,ATKORE INC,,K,USD,NYSE,XNYS,,,,,,,,,,,,,,,Electronics,,,
236747758,MHLA,MAIDEN HOLDINGS LTD,,K,USD,NYSE,XNYS,,,,,,,,,,,,,,,Insurance,,,
237794430,TWLO,TWILIO INC - A,,K,USD,NYSE,XNYS,,,,,,,,,,,,,,,Software,,,
238591520,ITGR,INTEGER HOLDINGS CORP,,K,USD,NYSE,XNYS,,,,,,,,,,,,,,,Healthcare-Products,,,
239699934,GNK,GENCO SHIPPING & TRADING LTD,,K,USD,NYSE,XNYS,,,,,,,,,,,,,,,Transportation,,,
240115422,AHT PRF,ASHFORD HOSPITALITY TRUS,,K,USD,NYSE,XNYS,,,,,,,,,,,,,,,REITS,,,
241891174,CRK,COMSTOCK RESOURCES INC,,K,USD,NYSE,XNYS,,,,,,,,,,,,,,,Oil&amp;Gas,,,
242140470,KNSL,KINSALE CAPITAL GROUP INC,,K,USD,NYSE,XNYS,,,,,,,,,,,,,,,Insurance,,,
243499255,PHI,PLDT INC-SPON ADR,,K,USD,NYSE,XNYS,,,,,,,,,,,,,,,Telecommunications,,,
243505391,EAI,ENTERGY ARKANSAS INC,,K,USD,NYSE,XNYS,,,,,,,,,,,,,,,Electric,,,
243702056,ELC,ENTERGY LOUISIANA LLC,,K,USD,NYSE,XNYS,,,,,,,,,,,,,,,Electric,,,
244164913,JCI,JOHNSON CONTROLS INTERNATION,,K,USD,NYSE,XNYS,,,,,,,,,,,,,,,Building Materials,,,
247294984,MCI,BARINGS CORPORATE INVESTORS,,K,USD,NYSE,XNYS,,,,,,,,,,,,,,,,,,
247294989,MPV,BARINGS PARTICIPATION INVEST,,K,USD,NYSE,XNYS,,,,,,,,,,,,,,,,,,
247294995,BGH,BARINGS GLBL SHRT DUR HI YLD,,K,USD,NYSE,XNYS,,,,,,,,,,,,,,,,,,
247555136,EMP,ENTERGY MISSISSIPPI INC,,K,USD,NYSE,XNYS,,,,,,,,,,,,,,,Electric,,,
247571042,ASIX,ADVANSIX INC,,K,USD,NYSE,XNYS,,,,,,,,,,,,,,,Chemicals,,,
247845864,AHL PRD,ASPEN INSURANCE HLDG LTD,,K,USD,NYSE,XNYS,,,,,,,,,,,,,,,Insurance,,,
247848839,NTB,BANK OF N.T. BUTTERFIELD&SON,,K,USD,NYSE,XNYS,,,,,,,,,,,,,,,Banks,,,
247848908,FBK,FB FINANCIAL CORP,,K,USD,NYSE,XNYS,,,,,,,,,,,,,,,Banks,,,
247915706,ASH,ASHLAND INC,,K,USD,NYSE,XNYS,,,,,,,,,,,,,,,Chemicals,,,
247915711,DFIN,DONNELLEY FINANCIAL SOLUTION,,K,USD,NYSE,XNYS,,,,,,,,,,,,,,,Software,,,
248682005,ELF,ELF BEAUTY INC,,K,USD,NYSE,XNYS,,,,,,,,,,,,,,,Cosmetics/Personal Care,,,
248754546,VVV,VALVOLINE INC,,K,USD,NYSE,XNYS,,,,,,,,,,,,,,,Commercial Services,,,
249089410,ZTR,VIRTUS TOTAL RETURN FUND INC,,K,USD,NYSE,XNYS,,,,,,,,,,,,,,,,,,
249095463,OPP,RIVERNRTH/DOUBLELNE STR OPP,,K,USD,NYSE,XNYS,,,,,,,,,,,,,,,,,,
249453965,SD,SANDRIDGE ENERGY INC,,K,USD,NYSE,XNYS,,,,,,,,,,,,,,,Oil&amp;Gas,,,
249723154,SEAL PRA,TGP 9 12/31/49 PFD,,K,USD,NYSE,XNYS,,,,,,,,,,,,,,,Transportation,,,
250142644,CWH,CAMPING WORLD HOLDINGS INC-A,,K,USD,NYSE,XNYS,,,,,,,,,,,,,,,Retail,,,
251279719,CIM PRA,CIM 8 12/31/49 PFD,,K,USD,NYSE,XNYS,,,,,,,,,,,,,,,REITS,,,
251376406,YUMC,YUM CHINA HOLDINGS INC,,K,USD,NYSE,XNYS,,,,,,,,,,,,,,,Retail,,,
251962528,AA,ALCOA CORP,,K,USD,NYSE,XNYS,,,,,,,,,,,,,,,Mining,,,
252023246,AHT PRG,ASHFORD HOSPITALITY TRUS,,K,USD,NYSE,XNYS,,,,,,,,,,,,,,,REITS,,,
252066451,ADNT,ADIENT PLC,,K,USD,NYSE,XNYS,,,,,,,,,,,,,,,Auto Parts&amp;Equipment,,,
253184108,LW,LAMB WESTON HOLDINGS INC,,K,USD,NYSE,XNYS,,,,,,,,,,,,,,,Food,,,
253210632,ZTO,ZTO EXPRESS CAYMAN INC-ADR,,K,USD,NYSE,XNYS,,,,,,,,,,,,,,,Transportation,,,
253210637,GOLF,ACUSHNET HOLDINGS CORP,,K,USD,NYSE,XNYS,,,,,,,,,,,,,,,Leisure Time,,,
253914886,DSU,BLACKROCK DEBT STRATEGIES,,K,USD,NYSE,XNYS,,,,,,,,,,,,,,,,,,
254032786,AXS PRE,AXIS CAPITAL HLDGS LTD,,K,USD,NYSE,XNYS,,,,,,,,,,,,,,,Insurance,,,
254455210,CXW,CORECIVIC INC,,K,USD,NYSE,XNYS,,,,,,,,,,,,,,,Commercial Services,,,
254457731,VST,VISTRA CORP,,K,USD,NYSE,XNYS,,,,,,,,,,,,,,,Electric,,,
254791638,INSW,INTERNATIONAL SEAWAYS INC,,K,USD,NYSE,XNYS,,,,,,,,,,,,,,,Transportation,,,
255608245,IIPR,INNOVATIVE INDUSTRIAL PROPER,,K,USD,NYSE,XNYS,,,,,,,,,,,,,,,REITS,,,
257298774,RA,BROOKFIELD REAL ASSETS INCOM,,K,USD,NYSE,XNYS,,,,,,,,,,,,,,,,,,
257683661,MAA PRI,MID-AMER APT CMNTYS INC 8.5% PFD SE,,K,USD,NYSE,XNYS,,,,,,,,,,,,,,,REITS,,,
257939796,HGV,HILTON GRAND VACATIONS INC,,K,USD,NYSE,XNYS,,,,,,,,,,,,,,,Lodging,,,
257941386,KEY PRI,KEY 6 1/8 12/31/49 PFD,,K,USD,NYSE,XNYS,,,,,,,,,,,,,,,Banks,,,
257944570,HLT,HILTON WORLDWIDE HOLDINGS IN,,K,USD,NYSE,XNYS,,,,,,,,,,,,,,,Lodging,,,
257944575,PK,PARK HOTELS & RESORTS INC,,K,USD,NYSE,XNYS,,,,,,,,,,,,,,,REITS,,,
258821404,RH,RH,,K,USD,NYSE,XNYS,,,,,,,,,,,,,,,Retail,,,
259941292,WBIY,WBI POWER FACTOR HIGH DIV,,K,USD,NYSE,XNYS,,,,,,,,,,,,,,,,,,
260424621,LCII,LCI INDUSTRIES,,K,USD,NYSE,XNYS,,,,,,,,,,,,,,,Home Builders,,,
260821236,TFII,TFI INTERNATIONAL INC,,K,USD,NYSE,XNYS,,,,,,,,,,,,,,,Transportation,,,
262072228,FTI,TECHNIPFMC PLC,,K,USD,NYSE,XNYS,,,,,,,,,,,,,,,Oil&amp;Gas Services,,,
263852212,JELD,JELD-WEN HOLDING INC,,K,USD,NYSE,XNYS,,,,,,,,,,,,,,,Building Materials,,,
264212473,MS PRK,MORGAN STANLEY,,K,USD,NYSE,XNYS,,,,,,,,,,,,,,,Banks,,,
264405214,INVH,INVITATION HOMES INC,,K,USD,NYSE,XNYS,,,,,,,,,,,,,,,REITS,,,
264485689,KRP,KIMBELL ROYALTY PARTNERS LP,,K,USD,NYSE,XNYS,,,,,,,,,,,,,,,Oil&amp;Gas,,,
265109878,CLPR,CLIPPER REALTY INC,,K,USD,NYSE,XNYS,,,,,,,,,,,,,,,REITS,,,
265852072,GNL,GLOBAL NET LEASE INC,,K,USD,NYSE,XNYS,,,,,,,,,,,,,,,REITS,,,
267760742,CPAC,CEMENTOS PACASMAYO SAA - ADR,,K,USD,NYSE,XNYS,,,,,,,,,,,,,,,Building Materials,,,
267816003,CIM PRB,CIM 8 PERP PD,,K,USD,NYSE,XNYS,,,,,,,,,,,,,,,REITS,,,
268060148,SNAP,SNAP INC - A,,K,USD,NYSE,XNYS,,,,,,,,,,,,,,,Internet,,,
268947832,PMT PRA,PENNYMAC MTGE INVESTMENT,,K,USD,NYSE,XNYS,,,,,,,,,,,,,,,REITS,,,
268960158,DXC,DXC TECHNOLOGY CO,,K,USD,NYSE,XNYS,,,,,,,,,,,,,,,Computers,,,
269024586,TWO PRA,TWO 8 1/8 12/31/49 PFD,,K,USD,NYSE,XNYS,,,,,,,,,,,,,,,REITS,,,
269497577,FLG PRA,FLAGSTAR FINANCIAL INC,,K,USD,NYSE,XNYS,,,,,,,,,,,,,,,Banks,,,
269515674,GOOS,CANADA GOOSE HOLDINGS INC,,K,USD,NYSE,XNYS,,,,,,,,,,,,,,,Apparel,,,
269581459,PUMP,PROPETRO HOLDING CORP,,K,USD,NYSE,XNYS,,,,,,,,,,,,,,,Oil&amp;Gas Services,,,
271303334,BTU,PEABODY ENERGY CORP,,K,USD,NYSE,XNYS,,,,,,,,,,,,,,,Coal,,,
271583095,TEN PRE,TSAKOS ENERGY NAVIGATION,,K,USD,NYSE,XNYS,,,,,,,,,,,,,,,Transportation,,,
271857752,SNDR,SCHNEIDER NATIONAL INC-CL B,,K,USD,NYSE,XNYS,,,,,,,,,,,,,,,Transportation,,,
272561931,HCC,WARRIOR MET COAL INC,,K,USD,NYSE,XNYS,,,,,,,,,,,,,,,Coal,,,
272561934,YEXT,YEXT INC,,K,USD,NYSE,XNYS,,,,,,,,,,,,,,,Software,,,
273043170,WFC PRY,WFC 5 5/8 PRER PFD,,K,USD,NYSE,XNYS,,,,,,,,,,,,,,,Banks,,,
273043228,WTTR,SELECT WATER SOLUTIONS INC,,K,USD,NYSE,XNYS,,,,,,,,,,,,,,,Oil&amp;Gas Services,,,
273241270,NGG,NATIONAL GRID PLC-SP ADR,,K,USD,NYSE,XNYS,,,,,,,,,,,,,,,Electric,,,
273992879,FND,FLOOR & DECOR HOLDINGS INC-A,,K,USD,NYSE,XNYS,,,,,,,,,,,,,,,Retail,,,
274144952,CVNA,CARVANA CO,,K,USD,NYSE,XNYS,,,,,,,,,,,,,,,Retail,,,
274836867,WPM,WHEATON PRECIOUS METALS CORP,,K,USD,NYSE,XNYS,,,,,,,,,,,,,,,Mining,,,
274859321,KREF,KKR REAL ESTATE FINANCE TRUS,,K,USD,NYSE,XNYS,,,,,,,,,,,,,,,REITS,,,
275358244,FPH,FIVE POINT HOLDINGS LLC-CL A,,K,USD,NYSE,XNYS,,,,,,,,,,,,,,,Real Estate,,,
275472777,CARS,CARS.COM INC,,K,USD,NYSE,XNYS,,,,,,,,,,,,,,,Internet,,,
275577730,GLOP PRA,GLOP 8/58 PERP PFD,,K,USD,NYSE,XNYS,,,,,,,,,,,,,,,Transportation,,,
275582621,SEI,SOLARIS ENERGY INFRASTRUCTUR,,K,USD,NYSE,XNYS,,,,,,,,,,,,,,,Oil&amp;Gas Services,,,
276046464,MT,ARCELORMITTAL-NY REGISTERED,,K,USD,NYSE,XNYS,,,,,,,,,,,,,,,Iron/Steel,,,
276140774,SMHI,SEACOR MARINE HOLDINGS INC,,K,USD,NYSE,XNYS,,,,,,,,,,,,,,,Oil&amp;Gas Services,,,
276328013,CVSA,COVISTA INC,,K,USD,NYSE,XNYS,,,,,,,,,,,,,,,Commercial Services,,,
277376628,JHG,JANUS HENDERSON GROUP PLC,,K,USD,NYSE,XNYS,,,,,,,,,,,,,,,Diversified Finan Serv,,,
277364431,PSA PRF,PUBLIC STORAGE,,K,USD,NYSE,XNYS,,,,,,,,,,,,,,,REITS,,,
278468262,NGL PRB,NGL 9 PERP PFD,,K,USD,NYSE,XNYS,,,,,,,,,,,,,,,Pipelines,,,
279262660,BOC,BOSTON OMAHA CORP-CL A,,K,USD,NYSE,XNYS,,,,,,,,,,,,,,,Advertising,,,
280153137,OPTU,OPTIMUM COMMUNICATIONS INC-A,,K,USD,NYSE,XNYS,,,,,,,,,,,,,,,Media,,,
280259074,SCE PRL,SCE TRUST VI,,K,USD,NYSE,XNYS,,,,,,,,,,,,,,,Electric,,,
280540825,GPMT,GRANITE POINT MORTGAGE TRUST,,K,USD,NYSE,XNYS,,,,,,,,,,,,,,,REITS,,,
280731752,DK,DELEK US HOLDINGS INC,,K,USD,NYSE,XNYS,,,,,,,,,,,,,,,Oil&amp;Gas,,,
280739314,BY,BYLINE BANCORP INC,,K,USD,NYSE,XNYS,,,,,,,,,,,,,,,Banks,,,
280803967,JBGS,JBG SMITH PROPERTIES,,K,USD,NYSE,XNYS,,,,,,,,,,,,,,,REITS,,,
281195011,PMT PRB,PENNYMAC MTGE INVESTMENT,,K,USD,NYSE,XNYS,,,,,,,,,,,,,,,REITS,,,
281316191,CODI PRA,COMPASS DIVERSIF HOLDING,,K,USD,NYSE,XNYS,,,,,,,,,,,,,,,Investment Companies,,,
282015494,AMH PRG,AMH 5 7/8 PERP PFD,,K,USD,NYSE,XNYS,,,,,,,,,,,,,,,REITS,,,
282556791,TWO PRB,TWO HARBORS INV CORP,,K,USD,NYSE,XNYS,,,,,,,,,,,,,,,REITS,,,
282665987,TRTX,TPG RE FINANCE TRUST INC,,K,USD,NYSE,XNYS,,,,,,,,,,,,,,,REITS,,,
283972151,NLY PRF,NLY 6.95 PERP PFD,,K,USD,NYSE,XNYS,,,,,,,,,,,,,,,REITS,,,
284447308,TDW,TIDEWATER INC,,K,USD,NYSE,XNYS,,,,,,,,,,,,,,,Oil&amp;Gas Services,,,
284629422,PSA PRG,PSA 5.05 12/31/49 PFD,,K,USD,NYSE,XNYS,,,,,,,,,,,,,,,REITS,,,
284937845,DLR PRJ,DIGITAL REALTY TRUST INC,,K,USD,NYSE,XNYS,,,,,,,,,,,,,,,REITS,,,
285217742,KIM PRL,KIM 5 1/8 PERP,,K,USD,NYSE,XNYS,,,,,,,,,,,,,,,REITS,,,
285217852,RNGR,RANGER ENERGY SERVICES-CL A,,K,USD,NYSE,XNYS,,,,,,,,,,,,,,,Oil&amp;Gas Services,,,
285542386,IVR PRC,IVR 7/12 PERP PFD,,K,USD,NYSE,XNYS,,,,,,,,,,,,,,,REITS,,,
285675109,CHMI PRA,CHMI 8.2 PERP PFD,,K,USD,NYSE,XNYS,,,,,,,,,,,,,,,REITS,,,
286030327,CLF,CLEVELAND-CLIFFS INC,,K,USD,NYSE,XNYS,,,,,,,,,,,,,,,Iron/Steel,,,
286166565,AHT PRH,ASHFORD HOSPITALITY TRUS,,K,USD,NYSE,XNYS,,,,,,,,,,,,,,,REITS,,,
287247072,CDR PRC,CEDAR REALTY TRUST INC,,K,USD,NYSE,XNYS,,,,,,,,,,,,,,,REITS,,,
287872167,RLJ PRA,RLJ LODGING TRUST,,K,USD,NYSE,XNYS,,,,,,,,,,,,,,,REITS,,,
288039996,KNX,KNIGHT-SWIFT TRANSPORTATION,,K,USD,NYSE,XNYS,,,,,,,,,,,,,,,Transportation,,,
288871058,GNL PRA,GLOBAL NET LEASE INC,,K,USD,NYSE,XNYS,,,,,,,,,,,,,,,REITS,,,
289903549,HBB,HAMILTON BEACH BRAND-A,,K,USD,NYSE,XNYS,,,,,,,,,,,,,,,Home Furnishings,,,
290000402,FOR,FORESTAR GROUP INC,,K,USD,NYSE,XNYS,,,,,,,,,,,,,,,Home Builders,,,
290006009,GPJA,SO 5 10/01/77 PFD,,K,USD,NYSE,XNYS,,,,,,,,,,,,,,,Electric,,,
290088200,XRN PRA,GLOBAL MEDICAL REIT INC,,K,USD,NYSE,XNYS,,,,,,,,,,,,,,,REITS,,,
290952951,GGT PRE,GABELLI MULTIMEDIA TRUST,,K,USD,NYSE,XNYS,,,,,,,,,,,,,,,Closed-end Funds,,,
291082864,SFB,SF 5.2 10/15/47 PFD,,K,USD,NYSE,XNYS,,,,,,,,,,,,,,,Diversified Finan Serv,,,
291373174,NSA PRA,NATIONAL STORAGE AFFILIA,,K,USD,NYSE,XNYS,,,,,,,,,,,,,,,REITS,,,
292080616,VICI,VICI PROPERTIES INC,,K,USD,NYSE,XNYS,,,,,,,,,,,,,,,REITS,,,
292491487,TPR,TAPESTRY INC,,K,USD,NYSE,XNYS,,,,,,,,,,,,,,,Apparel,,,
292608665,HTT,HIGH TEMPLAR TECH LIMITED,,K,USD,NYSE,XNYS,,,,,,,,,,,,,,,Diversified Finan Serv,,,
292735472,SE,SEA LTD-ADR,,K,USD,NYSE,XNYS,,,,,,,,,,,,,,,Internet,,,
292735614,SEAL PRB,TEEKAY LNG PARTNERS,,K,USD,NYSE,XNYS,,,,,,,,,,,,,,,Transportation,,,
491932200,ERO,ERO COPPER CORP,,K,USD,NYSE,XNYS,,,,,,,,,,,,,,,Mining,,,
292984312,IIPR PRA,INNOVATIVE INDL PPTYS INC PFD SR A,,K,USD,NYSE,XNYS,,,,,,,,,,,,,,,REITS,,,
293786477,GNT PRA,GAMCO NATURAL RE GOLD,,K,USD,NYSE,XNYS,,,,,,,,,,,,,,,Closed-end Funds,,,
293795910,NEXA,NEXA RESOURCES SA,,K,USD,NYSE,XNYS,,,,,,,,,,,,,,,Mining,,,
294108963,TBB,T 5.35 11/01/66 PFD,,K,USD,NYSE,XNYS,,,,,,,,,,,,,,,Telecommunications,,,
294363537,LOMA,LOMA NEGRA CIA IND-SPON ADR,,K,USD,NYSE,XNYS,,,,,,,,,,,,,,,Building Materials,,,
295154159,INN PRE,INN 6 1/4 PERP PFD,,K,USD,NYSE,XNYS,,,,,,,,,,,,,,,REITS,,,
295296295,CNX,CNX RESOURCES CORP,,K,USD,NYSE,XNYS,,,,,,,,,,,,,,,Oil&amp;Gas,,,
295297490,HFRO,HIGHLAND OPPORT & INCOME,,K,USD,NYSE,XNYS,,,,,,,,,,,,,,,,,,
295297705,MCB,METROPOLITAN BANK HOLDING CO,,K,USD,NYSE,XNYS,,,,,,,,,,,,,,,Banks,,,
295400692,REXR PRB,REXFORD INDUSTRIAL REALT,,K,USD,NYSE,XNYS,,,,,,,,,,,,,,,REITS,,,
295400714,EHC,ENCOMPASS HEALTH CORP,,K,USD,NYSE,XNYS,,,,,,,,,,,,,,,Healthcare-Services,,,
295754145,AHT PRI,AHT 7 1/2 PERP PFD,,K,USD,NYSE,XNYS,,,,,,,,,,,,,,,REITS,,,
295757261,IQV,IQVIA HOLDINGS INC,,K,USD,NYSE,XNYS,,,,,,,,,,,,,,,Healthcare-Services,,,
296044427,CNNE,CANNAE HOLDINGS INC,,K,USD,NYSE,XNYS,,,,,,,,,,,,,,,Investment Companies,,,
296180927,DTW,DTE 5 1/4 12/01/77 PFD,,K,USD,NYSE,XNYS,,,,,,,,,,,,,,,Electric,,,
296448092,MTW,MANITOWOC COMPANY INC,,K,USD,NYSE,XNYS,,,,,,,,,,,,,,,Machinery-Constr&amp;Mining,,,
296562825,TWO PRC,TWO HARBORS INVESTMENT CORP PFD,,K,USD,NYSE,XNYS,,,,,,,,,,,,,,,REITS,,,
297165005,LXFR,LUXFER HOLDINGS PLC,,K,USD,NYSE,XNYS,,,,,,,,,,,,,,,Hand/Machine Tools,,,
297167919,SOJC,SO 5 1/4 12/01/77 PFD,,K,USD,NYSE,XNYS,,,,,,,,,,,,,,,Electric,,,
297263249,EPR PRG,EPR PROPERTIES,,K,USD,NYSE,XNYS,,,,,,,,,,,,,,,REITS,,,
297992417,ACP,ABRDN INCOME CREDIT STRAT,,K,USD,NYSE,XNYS,,,,,,,,,,,,,,,,,,
298639395,VNO PRM,VNO 5 1/4 PERP PFD,,K,USD,NYSE,XNYS,,,,,,,,,,,,,,,REITS,,,
298640634,BWG,BRANDYWINEGLOBAL GLOBAL INCO,,K,USD,NYSE,XNYS,,,,,,,,,,,,,,,,,,
298720901,WBS PRF,WEBSTER FINANCIAL CORP,,K,USD,NYSE,XNYS,,,,,,,,,,,,,,,Banks,,,
299184619,SRG PRA,SERITAGE GROWTH PROPERT,,K,USD,NYSE,XNYS,,,,,,,,,,,,,,,Real Estate,,,
299331672,KIM PRM,KIMCO REALTY CORP,,K,USD,NYSE,XNYS,,,,,,,,,,,,,,,REITS,,,
301035662,NTR,NUTRIEN LTD,,K,USD,NYSE,XNYS,,,,,,,,,,,,,,,Chemicals,,,
302197396,NLY PRG,NLY 6 1/2 PERP PFD,,K,USD,NYSE,XNYS,,,,,,,,,,,,,,,REITS,,,
302202060,LBRT,LIBERTY ENERGY INC,,K,USD,NYSE,XNYS,,,,,,,,,,,,,,,Oil&amp;Gas Services,,,
302541040,GLOP PRB,GLOP 8.2 PERP PFD,,K,USD,NYSE,XNYS,,,,,,,,,,,,,,,Transportation,,,
302902498,ADT,ADT INC,,K,USD,NYSE,XNYS,,,,,,,,,,,,,,,Commercial Services,,,
302902503,COLD,AMERICOLD REALTY TRUST INC,,K,USD,NYSE,XNYS,,,,,,,,,,,,,,,REITS,,,
302999897,BFS PRD,BFS 6 1/8 PERP PFD,,K,USD,NYSE,XNYS,,,,,,,,,,,,,,,REITS,,,
303325834,PAGS,PAGSEGURO DIGITAL LTD-CL A,,K,USD,NYSE,XNYS,,,,,,,,,,,,,,,Diversified Finan Serv,,,
304032101,GTES,GATES INDUSTRIAL CORP PLC,,K,USD,NYSE,XNYS,,,,,,,,,,,,,,,Machinery-Diversified,,,
304278109,UMH PRD,UMH PROPERTIES INC,,K,USD,NYSE,XNYS,,,,,,,,,,,,,,,REITS,,,
304958839,CAAP,CORP AMERICA AIRPORTS SA,,K,USD,NYSE,XNYS,,,,,,,,,,,,,,,Engineering&amp;Construction,,,
305095834,CEPU,CENTRAL PUERTO-SPONSORED ADR,,K,USD,NYSE,XNYS,,,,,,,,,,,,,,,Electric,,,
305881950,WHD,CACTUS INC - A,,K,USD,NYSE,XNYS,,,,,,,,,,,,,,,Machinery-Diversified,,,
308729732,EFOR,EVERFORTH INC,,K,USD,NYSE,XNYS,,,,,,,,,,,,,,,Computers,,,
309630185,CMSA,CMS 5 5/8 03/15/78 PRD,,K,USD,NYSE,XNYS,,,,,,,,,,,,,,,Electric,,,
309787158,CODI PRB,COMPASS DIVERSIF HOLDING,,K,USD,NYSE,XNYS,,,,,,,,,,,,,,,Investment Companies,,,
310171667,RFL,RAFAEL HOLDINGS INC-CLASS B,,K,USD,NYSE,XNYS,,,,,,,,,,,,,,,Real Estate,,,
310323321,RCUS,ARCUS BIOSCIENCES INC,,K,USD,NYSE,XNYS,,,,,,,,,,,,,,,Biotechnology,,,
311458442,ST,SENSATA TECHNOLOGIES HOLDING,,K,USD,NYSE,XNYS,,,,,,,,,,,,,,,Electronics,,,
312184402,GHG,GREENTREE HOSPITALITY GR-ADR,,K,USD,NYSE,XNYS,,,,,,,,,,,,,,,Lodging,,,
312299788,WRB PRE,BERKLEY (WR) CORPORATION,,K,USD,NYSE,XNYS,,,,,,,,,,,,,,,Insurance,,,
312496724,SPOT,SPOTIFY TECHNOLOGY SA,,K,USD,NYSE,XNYS,,,,,,,,,,,,,,,Internet,,,
313488811,NOA,NORTH AMERICAN CONSTRUCTION,,K,USD,NYSE,XNYS,,,,,,,,,,,,,,,Oil&amp;Gas Services,,,
314064093,NVT,NVENT ELECTRIC PLC,,K,USD,NYSE,XNYS,,,,,,,,,,,,,,,Electronics,,,
314244771,ASX,ASE TECHNOLOGY HOLDING -ADR,,K,USD,NYSE,XNYS,,,,,,,,,,,,,,,Semiconductors,,,
314840619,BHR,BRAEMAR HOTELS & RESORTS INC,,K,USD,NYSE,XNYS,,,,,,,,,,,,,,,REITS,,,
314840622,AGD,ABRDN GLBL DYNM DIVID,,K,USD,NYSE,XNYS,,,,,,,,,,,,,,,,,,
314840629,AOD,ABRDN TOTAL DYNAMIC DIVIDEND,,K,USD,NYSE,XNYS,,,,,,,,,,,,,,,,,,
315543434,BHR PRB,BRAEMAR HOTELS & RESORTS INC,,K,USD,NYSE,XNYS,,,,,,,,,,,,,,,REITS,,,
315543549,BH,BIGLARI HOLDINGS INC-B,,K,USD,NYSE,XNYS,,,,,,,,,,,,,,,Retail,,,
315543555,BH A,BIGLARI HOLDINGS INC-A,,K,USD,NYSE,XNYS,,,,,,,,,,,,,,,Retail,,,
316336255,PRT,PERMROCK ROYALTY TRUST,,K,USD,NYSE,XNYS,,,,,,,,,,,,,,,Oil&amp;Gas,,,
316490710,INSP,INSPIRE MEDICAL SYSTEMS INC,,K,USD,NYSE,XNYS,,,,,,,,,,,,,,,Healthcare-Products,,,
316544447,TALO,TALOS ENERGY INC,,K,USD,NYSE,XNYS,,,,,,,,,,,,,,,Oil&amp;Gas,,,
316805134,HUYA,HUYA INC-ADR,,K,USD,NYSE,XNYS,,,,,,,,,,,,,,,Software,,,
316805238,EQNR,EQUINOR ASA-SPON ADR,,K,USD,NYSE,XNYS,,,,,,,,,,,,,,,Oil&amp;Gas,,,
317034769,ISD,PGIM HIGH YIELD BOND FUND,,K,USD,NYSE,XNYS,,,,,,,,,,,,,,,,,,
317034772,GHY,PGIM GLOBAL HIGH YIELD FUND,,K,USD,NYSE,XNYS,,,,,,,,,,,,,,,,,,
317114543,BAC PRB,BANK OF AMERICA CORP,,K,USD,NYSE,XNYS,,,,,,,,,,,,,,,Banks,,,
317116247,OBK,ORIGIN BANCORP INC,,K,USD,NYSE,XNYS,,,,,,,,,,,,,,,Banks,,,
317612464,OAK PRA,OAKTREE CAPITAL GRP LLC,,K,USD,NYSE,XNYS,,,,,,,,,,,,,,,Investment Companies,,,
317669729,WH,WYNDHAM HOTELS & RESORTS INC,,K,USD,NYSE,XNYS,,,,,,,,,,,,,,,Lodging,,,
318902618,KTF,DWS MUNICIPAL INCOME TRUST,,K,USD,NYSE,XNYS,,,,,,,,,,,,,,,,,,
318911976,JEF,JEFFERIES FINANCIAL GROUP IN,,K,USD,NYSE,XNYS,,,,,,,,,,,,,,,Diversified Finan Serv,,,
319094836,UNMA,UNM 6 1/4 06/15/58 PFD,,K,USD,NYSE,XNYS,,,,,,,,,,,,,,,Insurance,,,
320057639,MET PRE,METLIFE INC 5 5/8 PERP,,K,USD,NYSE,XNYS,,,,,,,,,,,,,,,Insurance,,,
321205630,RNR PRF,RENAISSANCERE HOLDINGS L,,K,USD,NYSE,XNYS,,,,,,,,,,,,,,,Insurance,,,
321325546,AVNS,AVANOS MEDICAL INC,,K,USD,NYSE,XNYS,,,,,,,,,,,,,,,Healthcare-Products,,,
321328198,KKR,KKR & CO INC,,K,USD,NYSE,XNYS,,,,,,,,,,,,,,,Private Equity,,,
322317091,EPRT,ESSENTIAL PROPERTIES REALTY,,K,USD,NYSE,XNYS,,,,,,,,,,,,,,,REITS,,,
323612141,TEN PRF,TSAKOS ENERGY NAVIGATION,,K,USD,NYSE,XNYS,,,,,,,,,,,,,,,Transportation,,,
323612220,BJ,BJ'S WHOLESALE CLUB HOLDINGS,,K,USD,NYSE,XNYS,,,,,,,,,,,,,,,Retail,,,
323805596,BV,BRIGHTVIEW HOLDINGS INC,,K,USD,NYSE,XNYS,,,,,,,,,,,,,,,Commercial Services,,,
325231495,SPB,SPECTRUM BRANDS HOLDINGS INC,,K,USD,NYSE,XNYS,,,,,,,,,,,,,,,Household Products/Wares,,,
325536414,BHC,BAUSCH HEALTH COS INC,,K,USD,NYSE,XNYS,,,,,,,,,,,,,,,Pharmaceuticals,,,
326089294,PCF,HIGH INCOME SECURITIES FUND,,K,USD,NYSE,XNYS,,,,,,,,,,,,,,,,,,
326177830,BAC PRK,BANK OF AMERICA CORP,,K,USD,NYSE,XNYS,,,,,,,,,,,,,,,Banks,,,
326398514,BE,BLOOM ENERGY CORP- A,,K,USD,NYSE,XNYS,,,,,,,,,,,,,,,Machinery-Constr&amp;Mining,,,
327230557,BBDC,BARINGS BDC INC,,K,USD,NYSE,XNYS,,,,,,,,,,,,,,,Investment Companies,,,
327314137,KEY PRJ,KEYCORP - PUBLIC,,K,USD,NYSE,XNYS,,,,,,,,,,,,,,,Banks,,,
327314215,DAVA,ENDAVA PLC- SPON ADR,,K,USD,NYSE,XNYS,,,,,,,,,,,,,,,Computers,,,
327849712,MGY,MAGNOLIA OIL & GAS CORP - A,,K,USD,NYSE,XNYS,,,,,,,,,,,,,,,Oil&amp;Gas,,,
328099462,ARLO,ARLO TECHNOLOGIES INC,,K,USD,NYSE,XNYS,,,,,,,,,,,,,,,Commercial Services,,,
328774782,OAK PRB,OAKTREE CAPITAL GRP LLC,,K,USD,NYSE,XNYS,,,,,,,,,,,,,,,Investment Companies,,,
328849160,PRS,PRUDENTIAL FINANCIAL INC,,K,USD,NYSE,XNYS,,,,,,,,,,,,,,,Insurance,,,
328901662,USB PRP,US BANCORP,,K,USD,NYSE,XNYS,,,,,,,,,,,,,,,Banks,,,
332126693,CWEN,CLEARWAY ENERGY INC-C,,K,USD,NYSE,XNYS,,,,,,,,,,,,,,,Electric,,,
332274915,PVL,PERMIANVILLE ROYALTY TRUST,,K,USD,NYSE,XNYS,,,,,,,,,,,,,,,Oil&amp;Gas,,,
332794741,NIO,NIO INC - ADR,,K,USD,NYSE,XNYS,,,,,,,,,,,,,,,Auto Manufacturers,,,
333107927,AX,AXOS FINANCIAL INC,,K,USD,NYSE,XNYS,,,,,,,,,,,,,,,Savings&amp;Loans,,,
333483947,AMH PRH,AMERICAN HOMES 4 RENT,,K,USD,NYSE,XNYS,,,,,,,,,,,,,,,REITS,,,
333739052,CIM PRC,CHIMERA INVESTMENT CORP,,K,USD,NYSE,XNYS,,,,,,,,,,,,,,,REITS,,,
333739102,DUKB,DUKE ENERGY CORP,,K,USD,NYSE,XNYS,,,,,,,,,,,,,,,Electric,,,
333848163,JPM PRD,JPMORGAN CHASE & CO,,K,USD,NYSE,XNYS,,,,,,,,,,,,,,,Banks,,,
333848211,ELAN,ELANCO ANIMAL HEALTH INC,,K,USD,NYSE,XNYS,,,,,,,,,,,,,,,Pharmaceuticals,,,
334902388,NWN,NORTHWEST NATURAL HOLDING CO,,K,USD,NYSE,XNYS,,,,,,,,,,,,,,,Gas,,,
335049701,RC,READY CAPITAL CORP,,K,USD,NYSE,XNYS,,,,,,,,,,,,,,,REITS,,,
335135867,HCXY,HERCULES CAPITAL INC,,K,USD,NYSE,XNYS,,,,,,,,,,,,,,,Private Equity,,,
335460271,ASB PRE,ASSOC BANC-CORP,,K,USD,NYSE,XNYS,,,,,,,,,,,,,,,Banks,,,
335460283,RAMP,LIVERAMP HOLDINGS INC,,K,USD,NYSE,XNYS,,,,,,,,,,,,,,,Software,,,
335479111,CMSC,CMS ENERGY CORP,,K,USD,NYSE,XNYS,,,,,,,,,,,,,,,Electric,,,
335844146,ESTC,ELASTIC NV,,K,USD,NYSE,XNYS,,,,,,,,,,,,,,,Software,,,
336517319,REZI,RESIDEO TECHNOLOGIES INC,,K,USD,NYSE,XNYS,,,,,,,,,,,,,,,Distribution/Wholesale,,,
336517320,ACA,ARCOSA INC,,K,USD,NYSE,XNYS,,,,,,,,,,,,,,,Engineering&amp;Construction,,,
337611946,MSC,STUDIO CITY INTERNATIONA-ADR,,K,USD,NYSE,XNYS,,,,,,,,,,,,,,,Lodging,,,
337868804,MER PRK,BANK AMER CORP INCOME CAP OBLIG NT,,K,USD,NYSE,XNYS,,,,,,,,,,,,,,,Banks,,,
338719595,YETI,YETI HOLDINGS INC,,K,USD,NYSE,XNYS,,,,,,,,,,,,,,,Leisure Time,,,
338831049,RMI,RIVERNORTH OPPORT MUNI INC,,K,USD,NYSE,XNYS,,,,,,,,,,,,,,,,,,
339976292,PFSI,PENNYMAC FINANCIAL SERVICES,,K,USD,NYSE,XNYS,,,,,,,,,,,,,,,Diversified Finan Serv,,,
340760461,HIG PRG,HARTFORD FINL SVCS GRP,,K,USD,NYSE,XNYS,,,,,,,,,,,,,,,Insurance,,,
341513071,BCSF,BAIN CAPITAL SPECIALTY FINAN,,K,USD,NYSE,XNYS,,,,,,,,,,,,,,,Investment Companies,,,
341898786,BHR PRD,BRAEMAR HOTELS & RESORTS,,K,USD,NYSE,XNYS,,,,,,,,,,,,,,,REITS,,,
341904548,ARES,ARES MANAGEMENT CORP - A,,K,USD,NYSE,XNYS,,,,,,,,,,,,,,,Diversified Finan Serv,,,
342700964,GLOP PRC,GASLOG PARTNERS LP,,K,USD,NYSE,XNYS,,,,,,,,,,,,,,,Transportation,,,
344164194,PEB PRE,LASALLE HOTEL PROPERTIES,,K,USD,NYSE,XNYS,,,,,,,,,,,,,,,REITS,,,
344164199,PEB PRF,LASALLE HOTEL PROPERTIES,,K,USD,NYSE,XNYS,,,,,,,,,,,,,,,REITS,,,
344439802,TME,TENCENT MUSIC ENTERTAINM-ADR,,K,USD,NYSE,XNYS,,,,,,,,,,,,,,,Internet,,,
346218218,DELL,DELL TECHNOLOGIES -C,,K,USD,NYSE,XNYS,,,,,,,,,,,,,,,Computers,,,
346219259,EGO,ELDORADO GOLD CORP,,K,USD,NYSE,XNYS,,,,,,,,,,,,,,,Mining,,,
346369068,KOS,KOSMOS ENERGY LTD,,K,USD,NYSE,XNYS,,,,,,,,,,,,,,,Oil&amp;Gas,,,
346403540,CI,THE CIGNA GROUP,,K,USD,NYSE,XNYS,,,,,,,,,,,,,,,Healthcare-Services,,,
347409760,CPRI,CAPRI HOLDINGS LTD,,K,USD,NYSE,XNYS,,,,,,,,,,,,,,,Apparel,,,
347543727,IHG,INTERCONTINENTAL HOTELS-ADR,,K,USD,NYSE,XNYS,,,,,,,,,,,,,,,Lodging,,,
348300802,WF,WOORI FINANCIAL-SPON ADR,,K,USD,NYSE,XNYS,,,,,,,,,,,,,,,Banks,,,
352677799,KFS,KINGSWAY CORP,,K,USD,NYSE,XNYS,,,,,,,,,,,,,,,Insurance,,,
349869083,STNG,SCORPIO TANKERS INC,,K,USD,NYSE,XNYS,,,,,,,,,,,,,,,Transportation,,,
349972189,CIM PRD,CHIMERA INVESTMENT CORP,,K,USD,NYSE,XNYS,,,,,,,,,,,,,,,REITS,,,
350074677,GIB,CGI INC,,K,USD,NYSE,XNYS,,,,,,,,,,,,,,,Computers,,,
350074696,JPM PRC,JPMORGAN CHASE & CO,,K,USD,NYSE,XNYS,,,,,,,,,,,,,,,Banks,,,
351659552,ESI,ELEMENT SOLUTIONS INC,,K,USD,NYSE,XNYS,,,,,,,,,,,,,,,Chemicals,,,
351679880,PDX,PIMCO DYNAMIC INCOME STRAT,,K,USD,NYSE,XNYS,,,,,,,,,,,,,,,,,,
352677811,NTEST,NYSE TEST SYMBOL,,K,USD,NYSE,XNYS,,,,,,,,,,,,,,,,,,
352913462,CHMI PRB,CHERRY HILL MTG INV CORP,,K,USD,NYSE,XNYS,,,,,,,,,,,,,,,REITS,,,
353294366,NTZ,NATUZZI SPA-SP ADR,,K,USD,NYSE,XNYS,,,,,,,,,,,,,,,Home Furnishings,,,
354402766,HGLB,HIGHLAND GLOBAL ALLOCATION,,K,USD,NYSE,XNYS,,,,,,,,,,,,,,,,,,
354532825,CMSD,CMS ENERGY CORP,,K,USD,NYSE,XNYS,,,,,,,,,,,,,,,Electric,,,
354581103,WES,WESTERN MIDSTREAM PARTNERS L,,K,USD,NYSE,XNYS,,,,,,,,,,,,,,,Pipelines,,,
355090937,EFC,ELLINGTON FINANCIAL INC,,K,USD,NYSE,XNYS,,,,,,,,,,,,,,,REITS,,,
371274438,FLNG,FLEX LNG LTD,,K,USD,NYSE,XNYS,,,,,,,,,,,,,,,Transportation,,,
355947671,AM,ANTERO MIDSTREAM CORP,,K,USD,NYSE,XNYS,,,,,,,,,,,,,,,Pipelines,,,
356312857,BC PRC,BRUNSWICK CORP/DE,,K,USD,NYSE,XNYS,,,,,,,,,,,,,,,Leisure Time,,,
356325560,SF PRB,STIFEL FINANCIAL CORP,,K,USD,NYSE,XNYS,,,,,,,,,,,,,,,Diversified Finan Serv,,,
356576040,DOW,DOW INC,,K,USD,NYSE,XNYS,,,,,,,,,,,,,,,Chemicals,,,
356858002,PSA PRH,PUBLIC STORAGE,,K,USD,NYSE,XNYS,,,,,,,,,,,,,,,REITS,,,
356947764,NEE PRN,NEXTERA ENERGY CAPITAL,,K,USD,NYSE,XNYS,,,,,,,,,,,,,,,Electric,,,
356974594,TRTN PRA,TRITON INTERNATIONAL LTD,,K,USD,NYSE,XNYS,,,,,,,,,,,,,,,Commercial Services,,,
357194959,DLR PRK,DIGITAL REALTY TRUST INC,,K,USD,NYSE,XNYS,,,,,,,,,,,,,,,REITS,,,
357888136,TROX,TRONOX HOLDINGS PLC,,K,USD,NYSE,XNYS,,,,,,,,,,,,,,,Chemicals,,,
357949196,AFGB,AMERICAN FINANCIAL GROUP INC/OH,,K,USD,NYSE,XNYS,,,,,,,,,,,,,,,Insurance,,,
358053635,LEVI,LEVI STRAUSS & CO- CLASS A,,K,USD,NYSE,XNYS,,,,,,,,,,,,,,,Apparel,,,
358060563,STE,STERIS PLC,,K,USD,NYSE,XNYS,,,,,,,,,,,,,,,Healthcare-Products,,,
358159257,HOV,HOVNANIAN ENTERPRISES-A,,K,USD,NYSE,XNYS,,,,,,,,,,,,,,,Home Builders,,,
358162268,GSL,GLOBAL SHIP LEASE INC-CL A,,K,USD,NYSE,XNYS,,,,,,,,,,,,,,,Transportation,,,
358401411,DBI,DESIGNER BRANDS INC-CLASS A,,K,USD,NYSE,XNYS,,,,,,,,,,,,,,,Retail,,,
358680770,MGR,AFFILIATED MANAGERS GROU,,K,USD,NYSE,XNYS,,,,,,,,,,,,,,,Diversified Finan Serv,,,
358790073,ALC,ALCON INC,,K,USD,NYSE,XNYS,,,,,,,,,,,,,,,Healthcare-Products,,,
358792959,DUK PRA,DUKE ENERGY CORP,,K,USD,NYSE,XNYS,,,,,,,,,,,,,,,Electric,,,
359690209,NGL PRC,NGL ENERGY PARTNERS LP,,K,USD,NYSE,XNYS,,,,,,,,,,,,,,,Pipelines,,,
360310571,JMIA,JUMIA TECHNOLOGIES AG-ADR,,K,USD,NYSE,XNYS,,,,,,,,,,,,,,,Internet,,,
360310574,PD,PAGERDUTY INC,,K,USD,NYSE,XNYS,,,,,,,,,,,,,,,Software,,,
360975915,PINS,PINTEREST INC- CLASS A,,K,USD,NYSE,XNYS,,,,,,,,,,,,,,,Internet,,,
362047735,DAC,DANAOS CORP,,K,USD,NYSE,XNYS,,,,,,,,,,,,,,,Transportation,,,
362155244,TRP,TC ENERGY CORP,,K,USD,NYSE,XNYS,,,,,,,,,,,,,,,Pipelines,,,
362157574,KEY PRK,KEYCORP,,K,USD,NYSE,XNYS,,,,,,,,,,,,,,,Banks,,,
362175385,CCO,CLEAR CHANNEL OUTDOOR HOLDIN,,K,USD,NYSE,XNYS,,,,,,,,,,,,,,,Advertising,,,
362592110,RF PRC,REGIONS FINANCIAL CORP,,K,USD,NYSE,XNYS,,,,,,,,,,,,,,,Banks,,,
362915197,NMM,NAVIOS MARITIME PARTNERS LP,,K,USD,NYSE,XNYS,,,,,,,,,,,,,,,Transportation,,,
363803376,KTB,KONTOOR BRANDS INC,,K,USD,NYSE,XNYS,,,,,,,,,,,,,,,Apparel,,,
365037248,PSN,PARSONS CORP,,K,USD,NYSE,XNYS,,,,,,,,,,,,,,,Computers,,,
365037275,MEC,MAYVILLE ENGINEERING CO INC,,K,USD,NYSE,XNYS,,,,,,,,,,,,,,,Metal Fabricate/Hardware,,,
365195805,NRUC,NATIONAL RURAL UTILITIES COOPERATIVE FINANCE CORP,,K,USD,NYSE,XNYS,,,,,,,,,,,,,,,Electric,,,
365207014,UBER,UBER TECHNOLOGIES INC,,K,USD,NYSE,XNYS,,,,,,,,,,,,,,,Internet,,,
365214696,PSTL,POSTAL REALTY TRUST INC- A,,K,USD,NYSE,XNYS,,,,,,,,,,,,,,,REITS,,,
670780648,ECO,OKEANIS ECO TANKERS CORP,,K,USD,NYSE,XNYS,,,,,,,,,,,,,,,Transportation,,,
365769499,AGM PRD,FARMER MAC,,K,USD,NYSE,XNYS,,,,,,,,,,,,,,,Sovereign,,,
365792551,CLVT,CLARIVATE PLC,,K,USD,NYSE,XNYS,,,,,,,,,,,,,,,Commercial Services,,,
365921621,DD,DUPONT DE NEMOURS INC,,K,USD,NYSE,XNYS,,,,,,,,,,,,,,,Chemicals,,,
366131368,AVTR,AVANTOR INC,,K,USD,NYSE,XNYS,,,,,,,,,,,,,,,Healthcare-Products,,,
366239371,CTVA,CORTEVA INC,,K,USD,NYSE,XNYS,,,,,,,,,,,,,,,Biotechnology,,,
366504295,AUB,ATLANTIC UNION BANKSHARES CO,,K,USD,NYSE,XNYS,,,,,,,,,,,,,,,Banks,,,
366577681,AQNB,ALGONQUIN PWR & UTILITY,,K,USD,NYSE,XNYS,,,,,,,,,,,,,,,Electric,,,
367504850,SRL,SCULLY ROYALTY LTD,,K,USD,NYSE,XNYS,,,,,,,,,,,,,,,Iron/Steel,,,
367504855,DMB,BNY MELLON MUNI BND INFRA,,K,USD,NYSE,XNYS,,,,,,,,,,,,,,,,,,
367504865,DHF,BNYM HIGH YIELD STRATEGIES,,K,USD,NYSE,XNYS,,,,,,,,,,,,,,,,,,
367504868,DSM,BNYM STRAT MUNI BND,,K,USD,NYSE,XNYS,,,,,,,,,,,,,,,,,,
367504875,LEO,BNY MELLON STRATEGIC MUNI,,K,USD,NYSE,XNYS,,,,,,,,,,,,,,,,,,
367707978,F PRB,FORD MOTOR COMPANY PFD,,K,USD,NYSE,XNYS,,,,,,,,,,,,,,,Auto Manufacturers,,,
368316148,FINS,ANGEL OAK FINANC STRAT INC,,K,USD,NYSE,XNYS,,,,,,,,,,,,,,,,,,
368680064,CCIF,CARLYLE CREDIT INCOME FUND,,K,USD,NYSE,XNYS,,,,,,,,,,,,,,,,,,
368681400,PACK,RANPAK HOLDINGS CORP,,K,USD,NYSE,XNYS,,,,,,,,,,,,,,,Packaging&amp;Containers,,,
369120395,GOTU,GAOTU TECHEDU INC,,K,USD,NYSE,XNYS,,,,,,,,,,,,,,,Commercial Services,,,
369919463,RVLV,REVOLVE GROUP INC,,K,USD,NYSE,XNYS,,,,,,,,,,,,,,,Internet,,,
370049385,GDV PRH,GABELLI DVD & INC TR,,K,USD,NYSE,XNYS,,,,,,,,,,,,,,,Closed-end Funds,,,
370528221,DX,DYNEX CAPITAL INC,,K,USD,NYSE,XNYS,,,,,,,,,,,,,,,REITS,,,
370528272,CUZ,COUSINS PROPERTIES INC,,K,USD,NYSE,XNYS,,,,,,,,,,,,,,,REITS,,,
370695082,FVRR,FIVERR INTERNATIONAL LTD,,K,USD,NYSE,XNYS,,,,,,,,,,,,,,,Internet,,,
370759020,RSF,RIVERNORTH CAPITAL & INCOME,,K,USD,NYSE,XNYS,,,,,,,,,,,,,,,,,,
370766146,CHWY,CHEWY INC - CLASS A,,K,USD,NYSE,XNYS,,,,,,,,,,,,,,,Internet,,,
371115358,AMTB,AMERANT BANCORP INC,,K,USD,NYSE,XNYS,,,,,,,,,,,,,,,Banks,,,
371248010,AHRT PRA,AH REALTY TRUST INC,,K,USD,NYSE,XNYS,,,,,,,,,,,,,,,REITS,,,
371248344,SREA,SEMPRA ENERGY PREFERRED,,K,USD,NYSE,XNYS,,,,,,,,,,,,,,,Electric,,,
371248349,HLIO,HELIOS TECHNOLOGIES INC,,K,USD,NYSE,XNYS,,,,,,,,,,,,,,,Metal Fabricate/Hardware,,,
371586146,BAC PRM,BANK OF AMERICA CORP,,K,USD,NYSE,XNYS,,,,,,,,,,,,,,,Banks,,,
371586319,PRIF PRD,PRIORITY INCOME FUND INC,,K,USD,NYSE,XNYS,,,,,,,,,,,,,,,Diversified Finan Serv,,,
371602116,VOYA PRB,VOYA FINANCIAL INC,,K,USD,NYSE,XNYS,,,,,,,,,,,,,,,Diversified Finan Serv,,,
371718576,TRTN PRB,TRITON INTERNATIONAL LTD,,K,USD,NYSE,XNYS,,,,,,,,,,,,,,,Commercial Services,,,
371886040,LHX,L3HARRIS TECHNOLOGIES INC,,K,USD,NYSE,XNYS,,,,,,,,,,,,,,,Aerospace/Defense,,,
371972810,BSTZ,BLACKROCK SCI & TECH TRM TR,,K,USD,NYSE,XNYS,,,,,,,,,,,,,,,,,,
372593188,NLY PRI,ANNALY CAPITAL MGMT,,K,USD,NYSE,XNYS,,,,,,,,,,,,,,,REITS,,,
372615778,PRMI,PRIAM PROPERTIES INC,,K,USD,NYSE,XNYS,,,,,,,,,,,,,,,REITS,,,
372834689,BX,BLACKSTONE INC,,K,USD,NYSE,XNYS,,,,,,,,,,,,,,,Private Equity,,,
373296366,RITM PRA,RITHM CAPITAL CORP,,K,USD,NYSE,XNYS,,,,,,,,,,,,,,,REITS,,,
373514246,LC,LENDINGCLUB CORP,,K,USD,NYSE,XNYS,,,,,,,,,,,,,,,Diversified Finan Serv,,,
374166573,PKE,PARK AEROSPACE CORP,,K,USD,NYSE,XNYS,,,,,,,,,,,,,,,Miscellaneous Manufactur,,,
374293788,AAMI,ACADIAN ASSET MANAGEMENT INC,,K,USD,NYSE,XNYS,,,,,,,,,,,,,,,Diversified Finan Serv,,,
374627687,BW,BABCOCK & WILCOX ENTERPR,,K,USD,NYSE,XNYS,,,,,,,,,,,,,,,Machinery-Constr&amp;Mining,,,
374688629,PHR,PHREESIA INC,,K,USD,NYSE,XNYS,,,,,,,,,,,,,,,Software,,,
374690034,OBDC,BLUE OWL CAPITAL CORP,,K,USD,NYSE,XNYS,,,,,,,,,,,,,,,Investment Companies,,,
374733820,IFS,INTERCORP FINANCIAL SERVICES,,K,USD,NYSE,XNYS,,,,,,,,,,,,,,,Diversified Finan Serv,,,
375033821,AMPY,AMPLIFY ENERGY CORP,,K,USD,NYSE,XNYS,,,,,,,,,,,,,,,Oil&amp;Gas,,,
375034803,EIC,EAGLE POINT INCOME CO INC,,K,USD,NYSE,XNYS,,,,,,,,,,,,,,,,,,
375796350,VIST,VISTA ENERGY SAB DE CV,,K,USD,NYSE,XNYS,,,,,,,,,,,,,,,Oil&amp;Gas,,,
375868349,GL,GLOBE LIFE INC,,K,USD,NYSE,XNYS,,,,,,,,,,,,,,,Insurance,,,
375868372,RMM,RVRNRTH MGD DUR MUNI INC,,K,USD,NYSE,XNYS,,,,,,,,,,,,,,,,,,
375869271,COSO,COASTAL SOUTH BANCSHARES INC,,K,USD,NYSE,XNYS,,,,,,,,,,,,,,,Banks,,,
376427905,DT,DYNATRACE INC,,K,USD,NYSE,XNYS,,,,,,,,,,,,,,,Software,,,
376497332,HFRO PRA,HIGHLAND INCOME FUND,,K,USD,NYSE,XNYS,,,,,,,,,,,,,,,Closed-end Funds,,,
376942329,ALL PRH,ALLSTATE CORP,,K,USD,NYSE,XNYS,,,,,,,,,,,,,,,Insurance,,,
377777498,AHL PRE,ASPEN INSURANCE HLDG LTD,,K,USD,NYSE,XNYS,,,,,,,,,,,,,,,Insurance,,,
378597440,RITM PRB,RITHM CAPITAL CORP,,K,USD,NYSE,XNYS,,,,,,,,,,,,,,,REITS,,,
379198868,UI,UBIQUITI INC,,K,USD,NYSE,XNYS,,,,,,,,,,,,,,,Telecommunications,,,
382181602,COF PRI,CAPITAL ONE FINANCIAL CO,,K,USD,NYSE,XNYS,,,,,,,,,,,,,,,Diversified Finan Serv,,,
382325936,ETI PR,ENTERGY TEXAS INC,,K,USD,NYSE,XNYS,,,,,,,,,,,,,,,Electric,,,
382533538,PSA PRI,PUBLIC STORAGE,,K,USD,NYSE,XNYS,,,,,,,,,,,,,,,REITS,,,
382633646,NET,CLOUDFLARE INC - CLASS A,,K,USD,NYSE,XNYS,,,,,,,,,,,,,,,Software,,,
382829420,BAC PRN,BANK OF AMERICA CORP,,K,USD,NYSE,XNYS,,,,,,,,,,,,,,,Banks,,,
383168168,BFS PRE,SAUL CENTERS INC,,K,USD,NYSE,XNYS,,,,,,,,,,,,,,,REITS,,,
383168173,MITT PRC,AG MORTGAGE INVEST TR,,K,USD,NYSE,XNYS,,,,,,,,,,,,,,,REITS,,,
383308232,NMCO,NUVEEN MUNICIPAL CREDIT OPP,,K,USD,NYSE,XNYS,,,,,,,,,,,,,,,,,,
383308243,NVST,ENVISTA HOLDINGS CORP,,K,USD,NYSE,XNYS,,,,,,,,,,,,,,,Healthcare-Products,,,
383604736,REXR PRC,REXFORD INDUSTRIAL REALT,,K,USD,NYSE,XNYS,,,,,,,,,,,,,,,REITS,,,
384947280,ATH PRB,ATHENE HOLDING LTD,,K,USD,NYSE,XNYS,,,,,,,,,,,,,,,Insurance,,,
386383327,DLR PRL,DIGITAL REALTY TRUST INC,,K,USD,NYSE,XNYS,,,,,,,,,,,,,,,REITS,,,
387597494,ONTO,ONTO INNOVATION INC,,K,USD,NYSE,XNYS,,,,,,,,,,,,,,,Semiconductors,,,
387742232,AEFC,AEGON FUNDING CORP II,,K,USD,NYSE,XNYS,,,,,,,,,,,,,,,Insurance,,,
388706073,CFG PRE,CITIZENS FINANCIAL GROUP,,K,USD,NYSE,XNYS,,,,,,,,,,,,,,,Banks,,,
388709073,DAO,YOUDAO INC - ADR,,K,USD,NYSE,XNYS,,,,,,,,,,,,,,,Software,,,
389700396,DOC,HEALTHPEAK PROPERTIES INC,,K,USD,NYSE,XNYS,,,,,,,,,,,,,,,REITS,,,
390160312,JPM PRJ,JPMORGAN CHASE & CO,,K,USD,NYSE,XNYS,,,,,,,,,,,,,,,Banks,,,
390327788,TRTN PRC,TRITON INTERNATIONAL LTD,,K,USD,NYSE,XNYS,,,,,,,,,,,,,,,Commercial Services,,,
390460508,ALL PRI,ALLSTATE CORP - PUBLIC,,K,USD,NYSE,XNYS,,,,,,,,,,,,,,,Insurance,,,
390462028,BBAR,BBVA ARGENTINA SA-ADR,,K,USD,NYSE,XNYS,,,,,,,,,,,,,,,Banks,,,
390603973,SFL,SFL CORP LTD,,K,USD,NYSE,XNYS,,,,,,,,,,,,,,,Transportation,,,
390897714,SYF PRA,SYNCHRONY FINANCIAL,,K,USD,NYSE,XNYS,,,,,,,,,,,,,,,Diversified Finan Serv,,,
391036065,PSA PRJ,PUBLIC STORAGE,,K,USD,NYSE,XNYS,,,,,,,,,,,,,,,REITS,,,
391208849,TDAY,USA TODAY CO INC,,K,USD,NYSE,XNYS,,,,,,,,,,,,,,,Media,,,
391511574,CODI PRC,COMPASS DIVERSIF HOLDING,,K,USD,NYSE,XNYS,,,,,,,,,,,,,,,Investment Companies,,,
391638321,ACEL,ACCEL ENTERTAINMENT INC,,K,USD,NYSE,XNYS,,,,,,,,,,,,,,,Entertainment,,,
392428133,FINV,FINVOLUTION GROUP-ADR,,K,USD,NYSE,XNYS,,,,,,,,,,,,,,,Diversified Finan Serv,,,
392445556,PINE,ALPINE INCOME PROPERTY TRUST,,K,USD,NYSE,XNYS,,,,,,,,,,,,,,,REITS,,,
392883916,GNL PRB,GLOBAL NET LEASE INC - PUBLIC,,K,USD,NYSE,XNYS,,,,,,,,,,,,,,,REITS,,,
393219689,MS PRL,MORGAN STANLEY,,K,USD,NYSE,XNYS,,,,,,,,,,,,,,,Banks,,,
393460310,TFC,TRUIST FINANCIAL CORP,,K,USD,NYSE,XNYS,,,,,,,,,,,,,,,Banks,,,
393490324,CELG RT,BRISTOL MYERS - CELGENE CVR,,K,USD,NYSE,XNYS,,,,,,,,,,,,,,,Pharmaceuticals,,,
394126600,AFGC,AMERICAN FINANCIAL GROUP INC/OH,,K,USD,NYSE,XNYS,,,,,,,,,,,,,,,Insurance,,,
394959345,F PRC,FORD MOTOR COMPANY,,K,USD,NYSE,XNYS,,,,,,,,,,,,,,,Auto Manufacturers,,,
394959348,CUBB,CUSTOMERS BANCORP INC,,K,USD,NYSE,XNYS,,,,,,,,,,,,,,,Banks,,,
394959362,T PRA,AT&T INC,,K,USD,NYSE,XNYS,,,,,,,,,,,,,,,Telecommunications,,,
394959368,CSTM,CONSTELLIUM SE,,K,USD,NYSE,XNYS,,,,,,,,,,,,,,,Mining,,,
395086633,TFC PRI,TRUIST FINANCIAL CORP - SERIES I,,K,USD,NYSE,XNYS,,,,,,,,,,,,,,,Banks,,,
395196161,BILL,BILL HOLDINGS INC,,K,USD,NYSE,XNYS,,,,,,,,,,,,,,,Software,,,
395196174,HESM,HESS MIDSTREAM LP - CLASS A,,K,USD,NYSE,XNYS,,,,,,,,,,,,,,,Pipelines,,,
395298055,GAB PRK,GABELLI EQUITY TRUST INC,,K,USD,NYSE,XNYS,,,,,,,,,,,,,,,Closed-end Funds,,,
396020580,WRB PRF,WR BERKLEY CORP,,K,USD,NYSE,XNYS,,,,,,,,,,,,,,,Insurance,,,
396135117,OI,O-I GLASS INC,,K,USD,NYSE,XNYS,,,,,,,,,,,,,,,Packaging&amp;Containers,,,
396141453,GGT PRG,GABELLI MULTIMEDIA TRUST,,K,USD,NYSE,XNYS,,,,,,,,,,,,,,,Closed-end Funds,,,
396447769,PSA PRK,PUBLIC STORAGE,,K,USD,NYSE,XNYS,,,,,,,,,,,,,,,REITS,,,
397710974,BGSI,THE BOYD GROUP INC,,K,USD,NYSE,XNYS,,,,,,,,,,,,,,,Commercial Services,,,
398435212,SOJD,SOUTHERN CO,,K,USD,NYSE,XNYS,,,,,,,,,,,,,,,Electric,,,
398576364,MET PRF,METLIFE INC,,K,USD,NYSE,XNYS,,,,,,,,,,,,,,,Insurance,,,
398898580,EQH,EQUITABLE HOLDINGS INC,,K,USD,NYSE,XNYS,,,,,,,,,,,,,,,Insurance,,,
399463115,EQH PRA,AXA EQUITABLE HOLDINGS I,,K,USD,NYSE,XNYS,,,,,,,,,,,,,,,Insurance,,,
399498047,VEL,VELOCITY FINANCIAL INC,,K,USD,NYSE,XNYS,,,,,,,,,,,,,,,Diversified Finan Serv,,,
399781508,WFC PRZ,WELLS FARGO & COMPANY,,K,USD,NYSE,XNYS,,,,,,,,,,,,,,,Banks,,,
399802179,EPAC,ENERPAC TOOL GROUP CORP,,K,USD,NYSE,XNYS,,,,,,,,,,,,,,,Hand/Machine Tools,,,
399936017,TRTN PRD,TRITON INTERNATIONAL LTD,,K,USD,NYSE,XNYS,,,,,,,,,,,,,,,Commercial Services,,,
400651394,OVV,OVINTIV INC,,K,USD,NYSE,XNYS,,,,,,,,,,,,,,,Oil&amp;Gas,,,
400759007,HYTR,COUNTER POINT HI YLD ETF,,K,USD,NYSE,XNYS,,,,,,,,,,,,,,,,,,
401357651,BMEZ,BLACKROCK HLTH SCI TRM TR II,,K,USD,NYSE,XNYS,,,,,,,,,,,,,,,,,,
401498350,ARR PRC,ARMOUR RESIDENTIAL REIT,,K,USD,NYSE,XNYS,,,,,,,,,,,,,,,REITS,,,
401501770,WTRG,ESSENTIAL UTILITIES INC,,K,USD,NYSE,XNYS,,,,,,,,,,,,,,,Water,,,
401630584,ANVS,ANNOVIS BIO,,K,USD,NYSE,XNYS,,,,,,,,,,,,,,,Biotechnology,,,
401781713,COF PRJ,CAPITAL ONE FINANCIAL CO,,K,USD,NYSE,XNYS,,,,,,,,,,,,,,,Diversified Finan Serv,,,
402626211,EEX,EMERALD HOLDING INC,,K,USD,NYSE,XNYS,,,,,,,,,,,,,,,Commercial Services,,,
402647034,NREF,NEXPOINT REAL ESTATE FINANCE,,K,USD,NYSE,XNYS,,,,,,,,,,,,,,,REITS,,,
402783527,VRT,VERTIV HOLDINGS CO-A,,K,USD,NYSE,XNYS,,,,,,,,,,,,,,,Machinery-Constr&amp;Mining,,,
403121976,HWM,HOWMET AEROSPACE INC,,K,USD,NYSE,XNYS,,,,,,,,,,,,,,,Aerospace/Defense,,,
403645596,RITM PRC,RITHM CAPITAL CORP,,K,USD,NYSE,XNYS,,,,,,,,,,,,,,,REITS,,,
403671928,ALTG,ALTA EQUIPMENT GROUP INC,,K,USD,NYSE,XNYS,,,,,,,,,,,,,,,Commercial Services,,,
404019864,DX PRC,DYNEX CAPITAL INC,,K,USD,NYSE,XNYS,,,,,,,,,,,,,,,REITS,,,
404125262,T PRC,AT&T INC,,K,USD,NYSE,XNYS,,,,,,,,,,,,,,,Telecommunications,,,
404364696,SBSW,SIBANYE-STILLWATER LTD-ADR,,K,USD,NYSE,XNYS,,,,,,,,,,,,,,,Mining,,,
404509190,IR,INGERSOLL-RAND INC,,K,USD,NYSE,XNYS,,,,,,,,,,,,,,,Machinery-Diversified,,,
404674566,BEP PRA,BROOKFIELD RENEWABLE PAR,,K,USD,NYSE,XNYS,,,,,,,,,,,,,,,Electric,,,
404842358,DLY,DOUBLELINE YIELD OPPORT,,K,USD,NYSE,XNYS,,,,,,,,,,,,,,,,,,
405788020,MFA PRC,MFA FINANCIAL INC,,K,USD,NYSE,XNYS,,,,,,,,,,,,,,,REITS,,,
406709270,TT,TRANE TECHNOLOGIES PLC,,K,USD,NYSE,XNYS,,,,,,,,,,,,,,,Building Materials,,,
406766975,GFL,GFL ENVIRONMENTAL INC-SUB VT,,K,USD,NYSE,XNYS,,,,,,,,,,,,,,,Environmental Control,,,
409841962,BWMX,BETTERWARE DE MEXICO SAPI DE,,K,USD,NYSE,XNYS,,,,,,,,,,,,,,,Retail,,,
410755397,CARR,CARRIER GLOBAL CORP,,K,USD,NYSE,XNYS,,,,,,,,,,,,,,,Building Materials,,,
410755402,OTIS,OTIS WORLDWIDE CORP,,K,USD,NYSE,XNYS,,,,,,,,,,,,,,,Machinery-Diversified,,,
414348321,RFM,RIVERNORTH FLEXIBLE MUNI,,K,USD,NYSE,XNYS,,,,,,,,,,,,,,,,,,
414366114,AON,AON PLC-CLASS A,,K,USD,NYSE,XNYS,,,,,,,,,,,,,,,Insurance,,,
415342104,RTX,RTX CORP,,K,USD,NYSE,XNYS,,,,,,,,,,,,,,,Aerospace/Defense,,,
415600200,SPHR,SPHERE ENTERTAINMENT CO,,K,USD,NYSE,XNYS,,,,,,,,,,,,,,,Media,,,
417915989,NBR,NABORS INDUSTRIES LTD,,K,USD,NYSE,XNYS,,,,,,,,,,,,,,,Oil&amp;Gas,,,
418728941,TYG,TORTOISE ENERGY INFRASTRUCT,,K,USD,NYSE,XNYS,,,,,,,,,,,,,,,,,,
419583227,APG,API GROUP CORP,,K,USD,NYSE,XNYS,,,,,,,,,,,,,,,Commercial Services,,,
420561619,ICL,ICL GROUP LTD,,K,USD,NYSE,XNYS,,,,,,,,,,,,,,,Chemicals,,,
421686551,ADCT,ADC THERAPEUTICS SA,,K,USD,NYSE,XNYS,,,,,,,,,,,,,,,Biotechnology,,,
423071297,SLQT,SELECTQUOTE INC,,K,USD,NYSE,XNYS,,,,,,,,,,,,,,,Insurance,,,
423197586,TFC PRO,TRUIST FINANCIAL CORP,,K,USD,NYSE,XNYS,,,,,,,,,,,,,,,Banks,,,
423521959,SF PRC,STIFEL FINANCIAL CORP,,K,USD,NYSE,XNYS,,,,,,,,,,,,,,,Diversified Finan Serv,,,
423676976,FHN PRE,FIRST HORIZON NATIONAL,,K,USD,NYSE,XNYS,,,,,,,,,,,,,,,Banks,,,
423920215,SII,SPROTT INC,,K,USD,NYSE,XNYS,,,,,,,,,,,,,,,Diversified Finan Serv,,,
423920221,AGM PRE,FARMER MAC,,K,USD,NYSE,XNYS,,,,,,,,,,,,,,,Sovereign,,,
424099317,SGOV,ISHARES 0-3 MONTH TREASURY B,,K,USD,NYSE,XNYS,,,,,,,,,,,,,,,,,,
424563067,VHI,VALHI INC,,K,USD,NYSE,XNYS,,,,,,,,,,,,,,,Chemicals,,,
424793505,AFGD,AMERICAN FINANCIAL GROUP,,K,USD,NYSE,XNYS,,,,,,,,,,,,,,,Insurance,,,
425010522,FOUR,SHIFT4 PAYMENTS INC-CLASS A,,K,USD,NYSE,XNYS,,,,,,,,,,,,,,,Commercial Services,,,
425177149,SRV,NXG CUSHING MIDSTREAM ENERGY,,K,USD,NYSE,XNYS,,,,,,,,,,,,,,,,,,
425177152,NXG,NXG NEXTGEN INFRASTR INC,,K,USD,NYSE,XNYS,,,,,,,,,,,,,,,,,,
425178190,AUB PRA,ATLANTIC UNION BANKSHARE,,K,USD,NYSE,XNYS,,,,,,,,,,,,,,,Banks,,,
425178192,VTOL,BRISTOW GROUP INC,,K,USD,NYSE,XNYS,,,,,,,,,,,,,,,Oil&amp;Gas Services,,,
425834231,TSLX,SIXTH STREET SPECIALTY LENDI,,K,USD,NYSE,XNYS,,,,,,,,,,,,,,,Investment Companies,,,
426117794,FSK,FS KKR CAPITAL CORP,,K,USD,NYSE,XNYS,,,,,,,,,,,,,,,Investment Companies,,,
426312328,PSA PRL,PUBLIC STORAGE,,K,USD,NYSE,XNYS,,,,,,,,,,,,,,,REITS,,,
427383985,TEN,TSAKOS ENERGY NAVIGATION LTD,,K,USD,NYSE,XNYS,,,,,,,,,,,,,,,Transportation,,,
427788982,ASB PRF,ASSOC BANC-CORP,,K,USD,NYSE,XNYS,,,,,,,,,,,,,,,Banks,,,
428413627,TFIN PR,TRIUMPH FINANCIAL INC,,K,USD,NYSE,XNYS,,,,,,,,,,,,,,,Banks,,,
429435235,ACI,ALBERTSONS COS INC - CLASS A,,K,USD,NYSE,XNYS,,,,,,,,,,,,,,,Food,,,
429665006,FTHY,FIRST TRUST HI YLD OPP 2027,,K,USD,NYSE,XNYS,,,,,,,,,,,,,,,,,,
430625913,LMND,LEMONADE INC,,K,USD,NYSE,XNYS,,,,,,,,,,,,,,,Insurance,,,
430754442,KNTK,KINETIK HOLDINGS INC,,K,USD,NYSE,XNYS,,,,,,,,,,,,,,,Pipelines,,,
431102494,AVNT,AVIENT CORP,,K,USD,NYSE,XNYS,,,,,,,,,,,,,,,Miscellaneous Manufactur,,,
434693556,EMO,CLEARBRIDGE ENERGY MIDSTREAM,,K,USD,NYSE,XNYS,,,,,,,,,,,,,,,,,,
435911699,NREF PRA,NEXPOINT REAL ESTATE FIN,,K,USD,NYSE,XNYS,,,,,,,,,,,,,,,REITS,,,
435932634,ONT,ONTERRIS INC,,K,USD,NYSE,XNYS,,,,,,,,,,,,,,,Environmental Control,,,
436729641,ASGI,ABRDN GLOBAL INFRASTRUCTURE,,K,USD,NYSE,XNYS,,,,,,,,,,,,,,,,,,
438044787,TFC PRR,TRUIST FINANCIAL CORP,,K,USD,NYSE,XNYS,,,,,,,,,,,,,,,Banks,,,
438058842,RKT,ROCKET COS INC-CLASS A,,K,USD,NYSE,XNYS,,,,,,,,,,,,,,,Diversified Finan Serv,,,
438221973,ONIT,ONITY GROUP INC,,K,USD,NYSE,XNYS,,,,,,,,,,,,,,,Diversified Finan Serv,,,
439236278,BEKE,KE HOLDINGS INC-ADR,,K,USD,NYSE,XNYS,,,,,,,,,,,,,,,Real Estate,,,
439236281,NTST,NETSTREIT CORP,,K,USD,NYSE,XNYS,,,,,,,,,,,,,,,REITS,,,
439382118,UZD,UNITED STATES CELLULAR C,,K,USD,NYSE,XNYS,,,,,,,,,,,,,,,Telecommunications,,,
439677475,IPI,INTREPID POTASH INC,,K,USD,NYSE,XNYS,,,,,,,,,,,,,,,Chemicals,,,
439756318,PSA PRM,PUBLIC STORAGE,,K,USD,NYSE,XNYS,,,,,,,,,,,,,,,REITS,,,
439970872,AGM PRF,FARMER MAC,,K,USD,NYSE,XNYS,,,,,,,,,,,,,,,Sovereign,,,
441828902,XPEV,XPENG INC - ADR,,K,USD,NYSE,XNYS,,,,,,,,,,,,,,,Auto Manufacturers,,,
441989394,NDMO,NUVEEN DYNAMIC MUNICIPAL OPP,,K,USD,NYSE,XNYS,,,,,,,,,,,,,,,,,,
442704160,UTZ,UTZ BRANDS INC,,K,USD,NYSE,XNYS,,,,,,,,,,,,,,,Food,,,
443224452,PFH,PRUDENTIAL FINANCIAL INC,,K,USD,NYSE,XNYS,,,,,,,,,,,,,,,Insurance,,,
443378898,NOG,NORTHERN OIL AND GAS INC,,K,USD,NYSE,XNYS,,,,,,,,,,,,,,,Oil&amp;Gas,,,
444884769,SNOW,SNOWFLAKE INC,,K,USD,NYSE,XNYS,,,,,,,,,,,,,,,Software,,,
445404521,BIP PRA,BROOKFIELD INFRASTRUCTURE PARTNERS LP,,K,USD,NYSE,XNYS,,,,,,,,,,,,,,,Electric,,,
445423543,U,UNITY SOFTWARE INC,,K,USD,NYSE,XNYS,,,,,,,,,,,,,,,Software,,,
445554157,VNT,VONTIER CORP,,K,USD,NYSE,XNYS,,,,,,,,,,,,,,,Electronics,,,
445554336,SOJE,SOUTHERN CO,,K,USD,NYSE,XNYS,,,,,,,,,,,,,,,Electric,,,
445554618,AFGE,AMERICAN FINANCIAL GROUP,,K,USD,NYSE,XNYS,,,,,,,,,,,,,,,Insurance,,,
445554623,COF PRK,CAPITAL ONE FINANCIAL CO,,K,USD,NYSE,XNYS,,,,,,,,,,,,,,,Diversified Finan Serv,,,
446872222,MGRB,AFFILIATED MANAGERS GROU,,K,USD,NYSE,XNYS,,,,,,,,,,,,,,,Diversified Finan Serv,,,
446991711,BCAT,BLACKROCK CAPITAL ALLOC TR,,K,USD,NYSE,XNYS,,,,,,,,,,,,,,,,,,
446991724,WRB PRG,W R BERKLEY CORP,,K,USD,NYSE,XNYS,,,,,,,,,,,,,,,Insurance,,,
447584483,ASAN,ASANA INC - CL A,,K,USD,NYSE,XNYS,,,,,,,,,,,,,,,Software,,,
447585292,YALA,YALLA GROUP LTD,,K,USD,NYSE,XNYS,,,,,,,,,,,,,,,Software,,,
448598578,DTB,DTE ENERGY CO,,K,USD,NYSE,XNYS,,,,,,,,,,,,,,,Electric,,,
449068470,IH,IHUMAN INC,,K,USD,NYSE,XNYS,,,,,,,,,,,,,,,Commercial Services,,,
449074379,TIMB,TIM SA-ADR,,K,USD,NYSE,XNYS,,,,,,,,,,,,,,,Telecommunications,,,
449372297,PSA PRN,PUBLIC STORAGE,,K,USD,NYSE,XNYS,,,,,,,,,,,,,,,REITS,,,
449741524,BNH,BROOKFIELD FINANCE INC,,K,USD,NYSE,XNYS,,,,,,,,,,,,,,,Private Equity,,,
449896083,MNSO,MINISO GROUP HOLDING LTD-ADR,,K,USD,NYSE,XNYS,,,,,,,,,,,,,,,Retail,,,
450862219,BUR,BURFORD CAPITAL LTD,,K,USD,NYSE,XNYS,,,,,,,,,,,,,,,Diversified Finan Serv,,,
451304705,USB PRQ,US BANKCORP,,K,USD,NYSE,XNYS,,,,,,,,,,,,,,,Banks,,,
451709894,WFC PRA,WELLS FARGO & COMPANY,,K,USD,NYSE,XNYS,,,,,,,,,,,,,,,Banks,,,
451930319,PTA,COHEN & STEERS TAX-ADVANTAGE,,K,USD,NYSE,XNYS,,,,,,,,,,,,,,,,,,
452080083,OPP PRA,RIVERNORTH/DOUBLELINE,,K,USD,NYSE,XNYS,,,,,,,,,,,,,,,Closed-end Funds,,,
452191201,MAX,MEDIAALPHA INC-CLASS A,,K,USD,NYSE,XNYS,,,,,,,,,,,,,,,Internet,,,
452216961,BAC PRO,BANK OF AMERICA CORP,,K,USD,NYSE,XNYS,,,,,,,,,,,,,,,Banks,,,
452226249,CRC,CALIFORNIA RESOURCES CORP,,K,USD,NYSE,XNYS,,,,,,,,,,,,,,,Oil&amp;Gas,,,
452226258,HOMS,CALIBER HOME LOANS INC,,K,USD,NYSE,XNYS,,,,,,,,,,,,,,,Diversified Finan Serv,,,
452844866,PDS,PRECISION DRILLING CORP,,K,USD,NYSE,XNYS,,,,,,,,,,,,,,,Oil&amp;Gas,,,
453020818,FET,FORUM ENERGY TECHNOLOGIES IN,,K,USD,NYSE,XNYS,,,,,,,,,,,,,,,Oil&amp;Gas Services,,,
453590733,JILL,J. JILL INC,,K,USD,NYSE,XNYS,,,,,,,,,,,,,,,Retail,,,
454386216,UAN,CVR PARTNERS LP,,K,USD,NYSE,XNYS,,,,,,,,,,,,,,,Chemicals,,,
454570171,CVEO,CIVEO CORP,,K,USD,NYSE,XNYS,,,,,,,,,,,,,,,Oil&amp;Gas Services,,,
454570404,XYF,X FINANCIAL-ADR,,K,USD,NYSE,XNYS,,,,,,,,,,,,,,,Diversified Finan Serv,,,
455575437,VIV,TELEFONICA BRASIL-ADR,,K,USD,NYSE,XNYS,,,,,,,,,,,,,,,Telecommunications,,,
455592408,MP,MP MATERIALS CORP,,K,USD,NYSE,XNYS,,,,,,,,,,,,,,,Mining,,,
455801540,PSA PRO,PUBLIC STORAGE,,K,USD,NYSE,XNYS,,,,,,,,,,,,,,,REITS,,,
455946269,LRN,STRIDE INC,,K,USD,NYSE,XNYS,,,,,,,,,,,,,,,Commercial Services,,,
455946288,PRG,PROG HOLDINGS INC,,K,USD,NYSE,XNYS,,,,,,,,,,,,,,,Commercial Services,,,
456498265,BNJ,BROOKFIELD FIN I UK PLC,,K,USD,NYSE,XNYS,,,,,,,,,,,,,,,Diversified Finan Serv,,,
457080519,VNO PRN,VORNADO REALTY TRUST,,K,USD,NYSE,XNYS,,,,,,,,,,,,,,,REITS,,,
457231968,SDHY,PGIM SHRT DURAT HI YLD,,K,USD,NYSE,XNYS,,,,,,,,,,,,,,,,,,
457286166,CFR PRB,CULLEN/FROST BANKERS INC,,K,USD,NYSE,XNYS,,,,,,,,,,,,,,,Banks,,,
457291443,AIZN,ASSURANT INC,,K,USD,NYSE,XNYS,,,,,,,,,,,,,,,Insurance,,,
457630882,AIV,APARTMENT INVT & MGMT CO -A,,K,USD,NYSE,XNYS,,,,,,,,,,,,,,,REITS,,,
458022289,CNO PRA,CNO FINANCIAL GROUP INC,,K,USD,NYSE,XNYS,,,,,,,,,,,,,,,Insurance,,,
459113767,AI,C3.AI INC-A,,K,USD,NYSE,XNYS,,,,,,,,,,,,,,,Software,,,
459450944,UZE,US CELLULAR CORP,,K,USD,NYSE,XNYS,,,,,,,,,,,,,,,Telecommunications,,,
459557545,SNDA,SONIDA SENIOR LIVING INC,,K,USD,NYSE,XNYS,,,,,,,,,,,,,,,Healthcare-Services,,,
459889203,CSR,CENTERSPACE,,K,USD,NYSE,XNYS,,,,,,,,,,,,,,,REITS,,,
460347739,DSTX,DISTILLATE INTERNATIONAL FUN,,K,USD,NYSE,XNYS,,,,,,,,,,,,,,,,,,
460623537,ATH PRD,ATHENE HOLDING LTD,,K,USD,NYSE,XNYS,,,,,,,,,,,,,,,Insurance,,,
461454994,LFT,LUMENT FINANCE TRUST INC,,K,USD,NYSE,XNYS,,,,,,,,,,,,,,,REITS,,,
462100032,NOV,NOV INC,,K,USD,NYSE,XNYS,,,,,,,,,,,,,,,Oil&amp;Gas Services,,,
462107949,ALTG PRA,ALTA EQUIPMENT GROUP,,K,USD,NYSE,XNYS,,,,,,,,,,,,,,,Commercial Services,,,
462139454,RSI,RUSH STREET INTERACTIVE INC,,K,USD,NYSE,XNYS,,,,,,,,,,,,,,,Entertainment,,,
463104648,FXED,SOUND ENHANCED FIXED INCOME,,K,USD,NYSE,XNYS,,,,,,,,,,,,,,,,,,
463104653,DIVY,SOUND EQUITY DIVIDEND INCOME,,K,USD,NYSE,XNYS,,,,,,,,,,,,,,,,,,
463647466,STLA,STELLANTIS NV,,K,USD,NYSE,XNYS,,,,,,,,,,,,,,,Auto Manufacturers,,,
463654490,TPL,TEXAS PACIFIC LAND CORP,,K,USD,NYSE,XNYS,,,,,,,,,,,,,,,Oil&amp;Gas,,,
463841945,EQH PRC,EQUITABLE HOLDINGS,,K,USD,NYSE,XNYS,,,,,,,,,,,,,,,Insurance,,,
464678993,NXDT PRA,NEXPOINT STRATEGIC OPPORTUNITIES FUND 5.50% SERIES A PFD,,K,USD,NYSE,XNYS,,,,,,,,,,,,,,,REITS,,,
466188387,HIMS,HIMS & HERS HEALTH INC,,K,USD,NYSE,XNYS,,,,,,,,,,,,,,,Internet,,,
446613345,LUMN,LUMEN TECHNOLOGIES INC,,K,USD,NYSE,XNYS,,,,,,,,,,,,,,,Telecommunications,,,
466739480,LUXE,LUXEXPERIENCE BV,,K,USD,NYSE,XNYS,,,,,,,,,,,,,,,Internet,,,
466739489,RLX,RLX TECHNOLOGY INC-ADR,,K,USD,NYSE,XNYS,,,,,,,,,,,,,,,Agriculture,,,
466860974,DFH,DREAM FINDERS HOMES INC - A,,K,USD,NYSE,XNYS,,,,,,,,,,,,,,,Home Builders,,,
467250056,UWMC,UWM HOLDINGS CORP,,K,USD,NYSE,XNYS,,,,,,,,,,,,,,,Diversified Finan Serv,,,
467524601,PDO,PIMCO DYNAMIC INCOME OPPORT,,K,USD,NYSE,XNYS,,,,,,,,,,,,,,,,,,
467732828,BAC PRP,BANK OF AMERICA CORP,,K,USD,NYSE,XNYS,,,,,,,,,,,,,,,Banks,,,
467746572,BIP PRB,BROOKFIELD INFRASTRUCTUR,,K,USD,NYSE,XNYS,,,,,,,,,,,,,,,Electric,,,
467752322,ACV,VIRTUS DIVERS INC & CONVERT,,K,USD,NYSE,XNYS,,,,,,,,,,,,,,,,,,
467755666,AIO,VIRTUS ARTIFIC INTEL & TECH,,K,USD,NYSE,XNYS,,,,,,,,,,,,,,,,,,
467755681,NIE,VIRTUS EQUITY & CONVERTIBLE,,K,USD,NYSE,XNYS,,,,,,,,,,,,,,,,,,
467755684,NFJ,VIRTUS DVD INTRST & PRM STR,,K,USD,NYSE,XNYS,,,,,,,,,,,,,,,,,,
467882303,BGSF,BGSF INC,,K,USD,NYSE,XNYS,,,,,,,,,,,,,,,Commercial Services,,,
467917822,WFC PRC,WELLS FARGO & COMPANY,,K,USD,NYSE,XNYS,,,,,,,,,,,,,,,Banks,,,
468056568,AMR,ALPHA METALLURGICAL RESOURCE,,K,USD,NYSE,XNYS,,,,,,,,,,,,,,,Coal,,,
468091282,ZIM,ZIM INTEGRATED SHIPPING SERV,,K,USD,NYSE,XNYS,,,,,,,,,,,,,,,Transportation,,,
468436450,CTO,CTO REALTY GROWTH INC,,K,USD,NYSE,XNYS,,,,,,,,,,,,,,,REITS,,,
468760665,DCOM,DIME COMMUNITY BANCSHARES IN,,K,USD,NYSE,XNYS,,,,,,,,,,,,,,,Banks,,,
468791163,DCOM PR,DIME COMMUNITY BANCSHARES INC,,K,USD,NYSE,XNYS,,,,,,,,,,,,,,,Banks,,,
469012215,NCZ PRA,VIRTUS ALLIANZGI CONVERTIBLE & INCOME FUND II,,K,USD,NYSE,XNYS,,,,,,,,,,,,,,,Closed-end Funds,,,
469012227,NCV PRA,VIRTUS ALLIANZGI CONVERTIBLE & INCOME FUND II,,K,USD,NYSE,XNYS,,,,,,,,,,,,,,,Closed-end Funds,,,
469015035,TNL,TRAVEL + LEISURE CO,,K,USD,NYSE,XNYS,,,,,,,,,,,,,,,Lodging,,,
469015102,LDI,LOANDEPOT INC -CLASS A,,K,USD,NYSE,XNYS,,,,,,,,,,,,,,,Diversified Finan Serv,,,
469692660,USB PRR,US BANCORP,,K,USD,NYSE,XNYS,,,,,,,,,,,,,,,Banks,,,
469715202,ACR,ACRES COMMERCIAL REALTY CORP,,K,USD,NYSE,XNYS,,,,,,,,,,,,,,,REITS,,,
470446488,NUVB,NUVATION BIO INC,,K,USD,NYSE,XNYS,,,,,,,,,,,,,,,Biotechnology,,,
470662751,BFLY,BUTTERFLY NETWORK INC,,K,USD,NYSE,XNYS,,,,,,,,,,,,,,,Healthcare-Products,,,
471245525,SPNT,SIRIUSPOINT LTD,,K,USD,NYSE,XNYS,,,,,,,,,,,,,,,Insurance,,,
471767596,ACR PRC,ACRES COMMERCIAL REALTY CORP,,K,USD,NYSE,XNYS,,,,,,,,,,,,,,,REITS,,,
472431633,WRB PRH,BERKLEY (WR) CORPORATION,,K,USD,NYSE,XNYS,,,,,,,,,,,,,,,Insurance,,,
473280136,RFMZ,RIVERNORTH FLEX MUNI II,,K,USD,NYSE,XNYS,,,,,,,,,,,,,,,,,,
473481576,TDS PRU,TELEPHONE & DATA SYS,,K,USD,NYSE,XNYS,,,,,,,,,,,,,,,Telecommunications,,,
474517727,OSCR,OSCAR HEALTH INC - CLASS A,,K,USD,NYSE,XNYS,,,,,,,,,,,,,,,Healthcare-Services,,,
474517740,CSAN,COSAN SA -ADR,,K,USD,NYSE,XNYS,,,,,,,,,,,,,,,Oil&amp;Gas,,,
475686899,CPNG,COUPANG INC,,K,USD,NYSE,XNYS,,,,,,,,,,,,,,,Internet,,,
475864036,HAYW,HAYWARD HOLDINGS INC,,K,USD,NYSE,XNYS,,,,,,,,,,,,,,,Building Materials,,,
476026060,RBLX,ROBLOX CORP -CLASS A,,K,USD,NYSE,XNYS,,,,,,,,,,,,,,,Software,,,
476377438,BNL,BROADSTONE NET LEASE INC,,K,USD,NYSE,XNYS,,,,,,,,,,,,,,,REITS,,,
476639109,JPM PRK,JPMORGAN CHASE & CO,,K,USD,NYSE,XNYS,,,,,,,,,,,,,,,Banks,,,
477167078,TUYA,TUYA INC,,K,USD,NYSE,XNYS,,,,,,,,,,,,,,,Software,,,
477985888,GLP PRB,GLOBAL PARTNERS LP,,K,USD,NYSE,XNYS,,,,,,,,,,,,,,,Gas,,,
478460243,CTOS,CUSTOM TRUCK ONE SOURCE INC,,K,USD,NYSE,XNYS,,,,,,,,,,,,,,,Commercial Services,,,
478461815,RC PRC,CVPR READY CAP CORP 6.25% +,,K,USD,NYSE,XNYS,,,,,,,,,,,,,,,REITS,,,
478483385,ACVA,ACV AUCTIONS INC-A,,K,USD,NYSE,XNYS,,,,,,,,,,,,,,,Software,,,
478483393,DOCN,DIGITALOCEAN HOLDINGS INC,,K,USD,NYSE,XNYS,,,,,,,,,,,,,,,Software,,,
479088068,BTX,BLACKROCK TECH & PRIV EQTY,,K,USD,NYSE,XNYS,,,,,,,,,,,,,,,,,,
479429945,COUR,COURSERA INC,,K,USD,NYSE,XNYS,,,,,,,,,,,,,,,Commercial Services,,,
479785149,NMG,NOUVEAU MONDE GRAPHITE INC,,K,USD,NYSE,XNYS,,,,,,,,,,,,,,,Mining,,,
479630127,COMP,COMPASS INC - CLASS A,,K,USD,NYSE,XNYS,,,,,,,,,,,,,,,Real Estate,,,
479974038,SCHW PRJ,CHARLES SCHWAB CORP,,K,USD,NYSE,XNYS,,,,,,,,,,,,,,,Diversified Finan Serv,,,
481746601,BEPH,BROOKFIELD BRP HOLDINGS,,K,USD,NYSE,XNYS,,,,,,,,,,,,,,,Electric,,,
481824788,KREF PRA,KKR REAL ESTATE FIN,,K,USD,NYSE,XNYS,,,,,,,,,,,,,,,REITS,,,
482880561,GENI,GENIUS SPORTS LTD,,K,USD,NYSE,XNYS,,,,,,,,,,,,,,,Software,,,
483311199,PATH,UIPATH INC - CLASS A,,K,USD,NYSE,XNYS,,,,,,,,,,,,,,,Software,,,
483311209,DV,DOUBLEVERIFY HOLDINGS INC,,K,USD,NYSE,XNYS,,,,,,,,,,,,,,,Software,,,
483333254,KKRS,KKR GROUP FIN CO IX LLC,,K,USD,NYSE,XNYS,,,,,,,,,,,,,,,Private Equity,,,
484410138,NPCT,NUVEEN CORE PLUS IMPACT,,K,USD,NYSE,XNYS,,,,,,,,,,,,,,,,,,
484472825,TFG,FORTEGRA GROUP INC/THE,,K,USD,NYSE,XNYS,,,,,,,,,,,,,,,Insurance,,,
484595118,RF PRE,REGIONS FINANCIAL CORP,,K,USD,NYSE,XNYS,,,,,,,,,,,,,,,Banks,,,
484743861,FHN PRF,FIRST HORIZON CORP,,K,USD,NYSE,XNYS,,,,,,,,,,,,,,,Banks,,,
488980507,VAL,VALARIS LTD,,K,USD,NYSE,XNYS,,,,,,,,,,,,,,,Oil&amp;Gas,,,
489134066,LFT PRA,LUMENT FINANCE TRUST INC,,K,USD,NYSE,XNYS,,,,,,,,,,,,,,,REITS,,,
489134071,COF PRL,CAPITAL ONE FINANCIAL CO,,K,USD,NYSE,XNYS,,,,,,,,,,,,,,,Diversified Finan Serv,,,
489137021,ACP PRA,AVENUE INCOME CREDIT STR,,K,USD,NYSE,XNYS,,,,,,,,,,,,,,,Closed-end Funds,,,
489397877,WDH,WATERDROP INC,,K,USD,NYSE,XNYS,,,,,,,,,,,,,,,Insurance,,,
489875284,BW PRA,BABCOCK & WILCOX ENTERPR,,K,USD,NYSE,XNYS,,,,,,,,,,,,,,,Machinery-Constr&amp;Mining,,,
490119764,PEB PRG,PEBBLEBROOK HOTEL TRUST,,K,USD,NYSE,XNYS,,,,,,,,,,,,,,,REITS,,,
490414355,OGN,ORGANON & CO,,K,USD,NYSE,XNYS,,,,,,,,,,,,,,,Pharmaceuticals,,,
490450373,SMWB,SIMILARWEB LTD,,K,USD,NYSE,XNYS,,,,,,,,,,,,,,,Software,,,
490616399,UZF,US CELLULAR CORP,,K,USD,NYSE,XNYS,,,,,,,,,,,,,,,Telecommunications,,,
491186703,GPOR,GULFPORT ENERGY CORP,,K,USD,NYSE,XNYS,,,,,,,,,,,,,,,Oil&amp;Gas,,,
491399296,JPM PRL,JPMORGAN CHASE & CO,,K,USD,NYSE,XNYS,,,,,,,,,,,,,,,Banks,,,
491635677,OWL,BLUE OWL CAPITAL INC,,K,USD,NYSE,XNYS,,,,,,,,,,,,,,,Diversified Finan Serv,,,
491665285,BIPH,BROOKFIELD INFRASTRUCTURE FINANCE ULC,,K,USD,NYSE,XNYS,,,,,,,,,,,,,,,Electric,,,
491665436,PCOR,PROCORE TECHNOLOGIES INC,,K,USD,NYSE,XNYS,,,,,,,,,,,,,,,Software,,,
492142744,ACR PRD,ACRES COMMERCIAL REALTY,,K,USD,NYSE,XNYS,,,,,,,,,,,,,,,REITS,,,
574937595,TFPM,TRIPLE FLAG PRECIOUS MET,,K,USD,NYSE,XNYS,,,,,,,,,,,,,,,Mining,,,
493119057,AGM PRG,FARMER MAC,,K,USD,NYSE,XNYS,,,,,,,,,,,,,,,Sovereign,,,
493119080,PAY,PAYMENTUS HOLDINGS INC-A,,K,USD,NYSE,XNYS,,,,,,,,,,,,,,,Commercial Services,,,
493119085,ZIP,ZIPRECRUITER INC-A,,K,USD,NYSE,XNYS,,,,,,,,,,,,,,,Internet,,,
493464130,NBXG,NEUBERGER NEXT GENERATION CO,,K,USD,NYSE,XNYS,,,,,,,,,,,,,,,,,,
493574759,SHO PRH,SUNSTONE HOTEL INVESTORS,,K,USD,NYSE,XNYS,,,,,,,,,,,,,,,REITS,,,
493581450,FIGS,FIGS INC-CLASS A,,K,USD,NYSE,XNYS,,,,,,,,,,,,,,,Internet,,,
494398845,ABR PRD,ARBOR REALTY TRUST INC,,K,USD,NYSE,XNYS,,,,,,,,,,,,,,,REITS,,,
495306511,RC PRE,READY CAPITAL CORP,,K,USD,NYSE,XNYS,,,,,,,,,,,,,,,REITS,,,
495752311,JBI,JANUS INTERNATIONAL GROUP IN,,K,USD,NYSE,XNYS,,,,,,,,,,,,,,,Metal Fabricate/Hardware,,,
495763832,ZETA,ZETA GLOBAL HOLDINGS CORP-A,,K,USD,NYSE,XNYS,,,,,,,,,,,,,,,Software,,,
495763837,TRTX PRC,TPG RE FINANCE TRUST INC,,K,USD,NYSE,XNYS,,,,,,,,,,,,,,,REITS,,,
495876055,DTM,DT MIDSTREAM INC,,K,USD,NYSE,XNYS,,,,,,,,,,,,,,,Pipelines,,,
495918846,TPTA,TERRA PROPERTY TRUST,,K,USD,NYSE,XNYS,,,,,,,,,,,,,,,REITS,,,
512772927,SKE,SKEENA RESOURCES LTD,,K,USD,NYSE,XNYS,,,,,,,,,,,,,,,Mining,,,
495923533,PSA PRP,PUBLIC STORAGE,,K,USD,NYSE,XNYS,,,,,,,,,,,,,,,REITS,,,
496362564,BOH PRA,BANK OF HAWAII CORP,,K,USD,NYSE,XNYS,,,,,,,,,,,,,,,Banks,,,
496879089,AOMR,ANGEL OAK MORTGAGE REIT INC,,K,USD,NYSE,XNYS,,,,,,,,,,,,,,,REITS,,,
496997968,BRSP,BRIGHTSPIRE CAPITAL INC,,K,USD,NYSE,XNYS,,,,,,,,,,,,,,,REITS,,,
497190260,ECCC,EAGLE POINT CREDIT CO,,K,USD,NYSE,XNYS,,,,,,,,,,,,,,,Closed-end Funds,,,
497222446,GIC,GLOBAL INDUSTRIAL CO,,K,USD,NYSE,XNYS,,,,,,,,,,,,,,,Distribution/Wholesale,,,
497222735,RERE,ATRENEW INC,,K,USD,NYSE,XNYS,,,,,,,,,,,,,,,Retail,,,
498287734,YMM,FULL TRUCK ALLIANCE -SPN ADR,,K,USD,NYSE,XNYS,,,,,,,,,,,,,,,Internet,,,
498631248,GL PRD,GLOBE LIFE INC,,K,USD,NYSE,XNYS,,,,,,,,,,,,,,,Insurance,,,
498661804,CXM,SPRINKLR INC-A,,K,USD,NYSE,XNYS,,,,,,,,,,,,,,,Internet,,,
498661844,DOCS,DOXIMITY INC-CLASS A,,K,USD,NYSE,XNYS,,,,,,,,,,,,,,,Software,,,
498808220,DBRG PRI,DIGITALBRIDGE GROUP INC,,K,USD,NYSE,XNYS,,,,,,,,,,,,,,,Diversified Finan Serv,,,
498808809,DBRG PRJ,PFD DIGITALBRIDGE GRO BE<,,K,USD,NYSE,XNYS,,,,,,,,,,,,,,,Diversified Finan Serv,,,
498808818,DBRG PRH,PFD DIGITALBRIDGE GRO BE<,,K,USD,NYSE,XNYS,,,,,,,,,,,,,,,Diversified Finan Serv,,,
498843743,GE,GENERAL ELECTRIC,,K,USD,NYSE,XNYS,,,,,,,,,,,,,,,Aerospace/Defense,,,
499023816,WDI,WESTERN ASSET DIVERS INC,,K,USD,NYSE,XNYS,,,,,,,,,,,,,,,,,,
499478673,CMS PRC,CMS ENERGY CORP,,K,USD,NYSE,XNYS,,,,,,,,,,,,,,,Electric,,,
499640641,DDL,DINGDONG CAYMAN LTD -SPN ADR,,K,USD,NYSE,XNYS,,,,,,,,,,,,,,,Food,,,
499640678,YOU,CLEAR SECURE INC -CLASS A,,K,USD,NYSE,XNYS,,,,,,,,,,,,,,,Software,,,
499640681,S,SENTINELONE INC -CLASS A,,K,USD,NYSE,XNYS,,,,,,,,,,,,,,,Software,,,
499872614,CLDT PRA,CHATHAM LODGING,,K,USD,NYSE,XNYS,,,,,,,,,,,,,,,REITS,,,
499901403,CURV,TORRID HOLDINGS INC,,K,USD,NYSE,XNYS,,,,,,,,,,,,,,,Apparel,,,
500048548,CTO PRA,CTO REALTY GROWTH INC,,K,USD,NYSE,XNYS,,,,,,,,,,,,,,,REITS,,,
500073396,OKLO,OKLO INC,,K,USD,NYSE,XNYS,,,,,,,,,,,,,,,Electric,,,
500243944,NABL,N-ABLE INC,,K,USD,NYSE,XNYS,,,,,,,,,,,,,,,Software,,,
500289412,ALIT,ALIGHT INC - CLASS A,,K,USD,NYSE,XNYS,,,,,,,,,,,,,,,Commercial Services,,,
502041586,MITT,TPG MORTGAGE INVESTMENT TRUS,,K,USD,NYSE,XNYS,,,,,,,,,,,,,,,REITS,,,
502056022,PSEC PRA,PROSPECT CAPITAL CORP,,K,USD,NYSE,XNYS,,,,,,,,,,,,,,,Investment Companies,,,
502252234,BLND,BLEND LABS INC-A,,K,USD,NYSE,XNYS,,,,,,,,,,,,,,,Software,,,
502252241,STVN,STEVANATO GROUP SPA,,K,USD,NYSE,XNYS,,,,,,,,,,,,,,,Healthcare-Products,,,
502252244,GXO,GXO LOGISTICS INC,,K,USD,NYSE,XNYS,,,,,,,,,,,,,,,Transportation,,,
502252263,BBWI,BATH & BODY WORKS INC,,K,USD,NYSE,XNYS,,,,,,,,,,,,,,,Retail,,,
502415272,RNR PRG,RENAISSANCERE HOLDINGS L,,K,USD,NYSE,XNYS,,,,,,,,,,,,,,,Insurance,,,
502415300,HLLY,HOLLEY INC,,K,USD,NYSE,XNYS,,,,,,,,,,,,,,,Auto Parts&amp;Equipment,,,
502415462,SHO PRI,SUNSTONE HOTEL INVESTORS INC,,K,USD,NYSE,XNYS,,,,,,,,,,,,,,,REITS,,,
502415474,MGRD,AFFILIATED MANAGERS GROU,,K,USD,NYSE,XNYS,,,,,,,,,,,,,,,Diversified Finan Serv,,,
502415513,VSCO,VICTORIA'S SECRET & CO,,K,USD,NYSE,XNYS,,,,,,,,,,,,,,,Retail,,,
503292672,OPFI,OPPFI INC,,K,USD,NYSE,XNYS,,,,,,,,,,,,,,,Diversified Finan Serv,,,
503299587,LAW,CS DISCO INC,,K,USD,NYSE,XNYS,,,,,,,,,,,,,,,Software,,,
503299590,VTEX,VTEX -CLASS A,,K,USD,NYSE,XNYS,,,,,,,,,,,,,,,Software,,,
503836700,RYAN,RYAN SPECIALTY HOLDINGS INC,,K,USD,NYSE,XNYS,,,,,,,,,,,,,,,Insurance,,,
503836784,ZVIA,ZEVIA PBC-A,,K,USD,NYSE,XNYS,,,,,,,,,,,,,,,Beverages,,,
504091736,WFC PRD,WELLS FARGO & COMPANY,,K,USD,NYSE,XNYS,,,,,,,,,,,,,,,Banks,,,
504091776,HKD,AMTD DIGITAL INC-ADR,,K,USD,NYSE,XNYS,,,,,,,,,,,,,,,Software,,,
504091781,CNM,CORE & MAIN INC-CLASS A,,K,USD,NYSE,XNYS,,,,,,,,,,,,,,,Distribution/Wholesale,,,
504091786,XPOF,XPONENTIAL FITNESS INC-A,,K,USD,NYSE,XNYS,,,,,,,,,,,,,,,Leisure Time,,,
504495367,PEB PRH,PEBBLEBROOK HOTEL TRUST,,K,USD,NYSE,XNYS,,,,,,,,,,,,,,,REITS,,,
504546625,JPM PRM,JPMORGAN CHASE & CO,,K,USD,NYSE,XNYS,,,,,,,,,,,,,,,Banks,,,
504758862,ECVT,ECOVYST INC,,K,USD,NYSE,XNYS,,,,,,,,,,,,,,,Chemicals,,,
505002201,DOLE,DOLE PLC,,K,USD,NYSE,XNYS,,,,,,,,,,,,,,,Agriculture,,,
505002204,RSKD,RISKIFIED LTD-A,,K,USD,NYSE,XNYS,,,,,,,,,,,,,,,Software,,,
505002213,COF PRN,CAPITAL ONE FINANCIAL CO,,K,USD,NYSE,XNYS,,,,,,,,,,,,,,,Diversified Finan Serv,,,
505227375,SF PRD,STIFEL FINANCIAL CORP,,K,USD,NYSE,XNYS,,,,,,,,,,,,,,,Diversified Finan Serv,,,
505227423,PHCC,PRESTON HOLLOW COMMUNITY A,,K,USD,NYSE,XNYS,,,,,,,,,,,,,,,Diversified Finan Serv,,,
505227433,BTRY,CLARIOS INTERNATIONAL INC,,K,USD,NYSE,XNYS,,,,,,,,,,,,,,,Auto Parts&amp;Equipment,,,
505980240,LSPD,LIGHTSPEED COMMERCE INC,,K,USD,NYSE,XNYS,,,,,,,,,,,,,,,Software,,,
506295843,BBCO,NUTRITION TOPCO LLC,,K,USD,NYSE,XNYS,,,,,,,,,,,,,,,Pharmaceuticals,,,
506470958,AMBP,ARDAGH METAL PACKAGING SA,,K,USD,NYSE,XNYS,,,,,,,,,,,,,,,Packaging&amp;Containers,,,
506470960,CDRE,CADRE HOLDINGS INC,,K,USD,NYSE,XNYS,,,,,,,,,,,,,,,Hand/Machine Tools,,,
506993765,IVT,INVENTRUST PROPERTIES CORP,,K,USD,NYSE,XNYS,,,,,,,,,,,,,,,REITS,,,
507157329,ABR PRE,ARBOR RLTY TR INC PFD SER E (MD),,K,USD,NYSE,XNYS,,,,,,,,,,,,,,,REITS,,,
507188246,JOBY,JOBY AVIATION INC,,K,USD,NYSE,XNYS,,,,,,,,,,,,,,,Aerospace/Defense,,,
507482686,INN PRF,SUMMIT HOTEL PPTYS CUM RED PFD SER,,K,USD,NYSE,XNYS,,,,,,,,,,,,,,,REITS,,,
507487982,TDS PRV,TELEPHONE AND DATA SYS,,K,USD,NYSE,XNYS,,,,,,,,,,,,,,,Telecommunications,,,
507821939,TRTN PRE,TRITON INTERNATIONAL LTD,,K,USD,NYSE,XNYS,,,,,,,,,,,,,,,Commercial Services,,,
508811020,PMT PRC,PENNYMAC MTGE INVESTMENT,,K,USD,NYSE,XNYS,,,,,,,,,,,,,,,REITS,,,
508949099,PSA PRQ,PUBLIC STORAGE DEP SH REPSTG PFD SH,,K,USD,NYSE,XNYS,,,,,,,,,,,,,,,REITS,,,
509950599,STG,SUNLANDS TECHNOLOGY- SP ADR,,K,USD,NYSE,XNYS,,,,,,,,,,,,,,,Internet,,,
510424230,JXN,JACKSON FINANCIAL INC-A,,K,USD,NYSE,XNYS,,,,,,,,,,,,,,,Insurance,,,
510459516,SMRT,SMARTRENT INC,,K,USD,NYSE,XNYS,,,,,,,,,,,,,,,Building Materials,,,
512000171,RDW,REDWIRE CORP,,K,USD,NYSE,XNYS,,,,,,,,,,,,,,,Aerospace/Defense,,,
512958006,SLVM,SYLVAMO CORP,,K,USD,NYSE,XNYS,,,,,,,,,,,,,,,Forest Products&amp;Paper,,,
513880596,BROS,DUTCH BROS INC-CLASS A,,K,USD,NYSE,XNYS,,,,,,,,,,,,,,,Retail,,,
513880603,ONON,ON HOLDING AG-CLASS A,,K,USD,NYSE,XNYS,,,,,,,,,,,,,,,Apparel,,,
514277705,ADC PRA,AGREE REALTY CORP,,K,USD,NYSE,XNYS,,,,,,,,,,,,,,,REITS,,,
514484958,RITM PRD,RITHM CAPITAL CORP,,K,USD,NYSE,XNYS,,,,,,,,,,,,,,,REITS,,,
514634921,VNO PRO,VORNADO REALTY TRUST,,K,USD,NYSE,XNYS,,,,,,,,,,,,,,,REITS,,,
514640214,ACHR,ARCHER AVIATION INC-A,,K,USD,NYSE,XNYS,,,,,,,,,,,,,,,Aerospace/Defense,,,
514674455,NRDY,NERDY INC,,K,USD,NYSE,XNYS,,,,,,,,,,,,,,,Internet,,,
515606257,MDV PRA,MODIV INC PERP PFD SER A,,K,USD,NYSE,XNYS,,,,,,,,,,,,,,,REITS,,,
515606267,WAL PRA,WESTERN ALLIANCE BANCORP DEP REPST,,K,USD,NYSE,XNYS,,,,,,,,,,,,,,,Banks,,,
516064483,ICR PRA,INPOINT COML REAL ESTATE INCOME IN,,K,USD,NYSE,XNYS,,,,,,,,,,,,,,,REITS,,,
516064498,ZWS,ZURN ELKAY WATER SOLUTIONS C,,K,USD,NYSE,XNYS,,,,,,,,,,,,,,,Machinery-Diversified,,,
516097394,TOST,TOAST INC-CLASS A,,K,USD,NYSE,XNYS,,,,,,,,,,,,,,,Commercial Services,,,
516097415,KDC,KNOWLTON DEVELOPMENT CORP IN,,K,USD,NYSE,XNYS,,,,,,,,,,,,,,,Cosmetics/Personal Care,,,
516625135,CWAN,CLEARWATER ANALYTICS HDS-A,,K,USD,NYSE,XNYS,,,,,,,,,,,,,,,Software,,,
517203785,ECAT,BLACKROCK ESG CAP ALL TRM TR,,K,USD,NYSE,XNYS,,,,,,,,,,,,,,,,,,
517203799,WRBY,WARBY PARKER INC-CLASS A,,K,USD,NYSE,XNYS,,,,,,,,,,,,,,,Retail,,,
517423823,ALVU,ALLVUE SYSTEMS HDS INC-A,,K,USD,NYSE,XNYS,,,,,,,,,,,,,,,Software,,,
517423828,VLN,VALENS SEMICONDUCTOR LTD,,K,USD,NYSE,XNYS,,,,,,,,,,,,,,,Semiconductors,,,
517593749,IONQ,IONQ INC,,K,USD,NYSE,XNYS,,,,,,,,,,,,,,,Software,,,
518627900,XPRO,EXPRO GROUP HOLDINGS NV,,K,USD,NYSE,XNYS,,,,,,,,,,,,,,,Oil&amp;Gas Services,,,
518943154,LTH,LIFE TIME GROUP HOLDINGS INC,,K,USD,NYSE,XNYS,,,,,,,,,,,,,,,Leisure Time,,,
519136554,CION,CION INVESTMENT CORP,,K,USD,NYSE,XNYS,,,,,,,,,,,,,,,Investment Companies,,,
519270945,GDV PRK,GABELLI DIVID & INCOME TR CUM PFD,,K,USD,NYSE,XNYS,,,,,,,,,,,,,,,Closed-end Funds,,,
519293896,ABR PRF,ARBOR RLTY TR INC 6.25% SER F FXD/F,,K,USD,NYSE,XNYS,,,,,,,,,,,,,,,REITS,,,
519293901,PRIF PRK,PRIORITY INCOME FD INC CUM PFD SER,,K,USD,NYSE,XNYS,,,,,,,,,,,,,,,Diversified Finan Serv,,,
520181563,IHS,IHS HOLDING LTD,,K,USD,NYSE,XNYS,,,,,,,,,,,,,,,Engineering&amp;Construction,,,
520488080,KD,KYNDRYL HOLDINGS INC,,K,USD,NYSE,XNYS,,,,,,,,,,,,,,,Computers,,,
521279191,FBRT,FRANKLIN BSP REALTY TRUST IN,,K,USD,NYSE,XNYS,,,,,,,,,,,,,,,REITS,,,
521961990,MIR,MIRION TECHNOLOGIES INC,,K,USD,NYSE,XNYS,,,,,,,,,,,,,,,Electronics,,,
521979146,FBRT PRE,FRANKLIN BSP REALTY TRST,,K,USD,NYSE,XNYS,,,,,,,,,,,,,,,REITS,,,
522147520,EICA,EAGLE PT INCOME CO INC,,K,USD,NYSE,XNYS,,,,,,,,,,,,,,,Closed-end Funds,,,
522320580,RPC,RIDGEPOST CAPITAL INC-A,,K,USD,NYSE,XNYS,,,,,,,,,,,,,,,Private Equity,,,
522586439,MS PRO,MORGAN STANLEY,,K,USD,NYSE,XNYS,,,,,,,,,,,,,,,Banks,,,
522592608,BAC PRQ,BANK AMER CORP DEP SHS REPSG 1/1000,,K,USD,NYSE,XNYS,,,,,,,,,,,,,,,Banks,,,
522982392,MEGI,NYLI CBRE GLBL INFR MEGA TRM,,K,USD,NYSE,XNYS,,,,,,,,,,,,,,,,,,
523014861,BXSL,BLACKSTONE SECURED LENDING F,,K,USD,NYSE,XNYS,,,,,,,,,,,,,,,Investment Companies,,,
523014876,ONL,ORION PROPERTIES INC,,K,USD,NYSE,XNYS,,,,,,,,,,,,,,,REITS,,,
524096642,CBL,CBL & ASSOCIATES PROPERTIES,,K,USD,NYSE,XNYS,,,,,,,,,,,,,,,REITS,,,
524133226,DMOB,DELIMOBIL HOLDING SA,,K,USD,NYSE,XNYS,,,,,,,,,,,,,,,Commercial Services,,,
524305695,CMTG,CLAROS MORTGAGE TRUST INC,,K,USD,NYSE,XNYS,,,,,,,,,,,,,,,REITS,,,
524517647,SKM,SK TELECOM CO LTD-SPON ADR,,K,USD,NYSE,XNYS,,,,,,,,,,,,,,,Telecommunications,,,
524706401,NXDR,NEXTDOOR HOLDINGS INC,,K,USD,NYSE,XNYS,,,,,,,,,,,,,,,Internet,,,
524706466,DPM,DESERT PEAK MINERALS INC-A,,K,USD,NYSE,XNYS,,,,,,,,,,,,,,,Mining,,,
525260366,CINT,CI&T INC/UNITED STATES-A,,K,USD,NYSE,XNYS,,,,,,,,,,,,,,,Computers,,,
525520657,HPP PRC,HUDSON PACIFIC PROPERTIE,,K,USD,NYSE,XNYS,,,,,,,,,,,,,,,REITS,,,
525552632,TCBX,THIRD COAST BANCSHARES INC,,K,USD,NYSE,XNYS,,,,,,,,,,,,,,,Banks,,,
525770138,WEAV,WEAVE COMMUNICATIONS INC,,K,USD,NYSE,XNYS,,,,,,,,,,,,,,,Software,,,
526884558,OPP PRB,RIVERNORTH / DOUBLELINE STRAT. OPP,,K,USD,NYSE,XNYS,,,,,,,,,,,,,,,Closed-end Funds,,,
526906301,KLC,KINDERCARE LEARNING COS INC,,K,USD,NYSE,XNYS,,,,,,,,,,,,,,,Commercial Services,,,
526906304,SG,SWEETGREEN INC - CLASS A,,K,USD,NYSE,XNYS,,,,,,,,,,,,,,,Retail,,,
528021990,NMAI,NUVEEN MULTI-ASSET INCOME,,K,USD,NYSE,XNYS,,,,,,,,,,,,,,,,,,
528022013,GUG,GUGGENHEIM ACTIVE ALLOCATION,,K,USD,NYSE,XNYS,,,,,,,,,,,,,,,,,,
528916174,ECC PRD,EAGLE POINT CREDIT CO,,K,USD,NYSE,XNYS,,,,,,,,,,,,,,,Closed-end Funds,,,
529024217,DTG,DTE ENERGY CO JR SUB NT SER E,,K,USD,NYSE,XNYS,,,,,,,,,,,,,,,Electric,,,
529347042,GPMT PRA,GRANITE POINT MTGE TRST,,K,USD,NYSE,XNYS,,,,,,,,,,,,,,,REITS,,,
530091801,HGTY,HAGERTY INC-A,,K,USD,NYSE,XNYS,,,,,,,,,,,,,,,Insurance,,,
530633067,PSA PRR,PUBLIC STORAGE,,K,USD,NYSE,XNYS,,,,,,,,,,,,,,,REITS,,,
530906124,PL,PLANET LABS PBC,,K,USD,NYSE,XNYS,,,,,,,,,,,,,,,Software,,,
530965685,CRGY,CRESCENT ENERGY INC-A,,K,USD,NYSE,XNYS,,,,,,,,,,,,,,,Oil&amp;Gas,,,
530965695,BBAI,BIGBEAR.AI HOLDINGS INC,,K,USD,NYSE,XNYS,,,,,,,,,,,,,,,Software,,,
531212179,WLTG,WEALTHTRUST DBS LNG TRM GRW,,K,USD,NYSE,XNYS,,,,,,,,,,,,,,,,,,
531212348,NU,NU HOLDINGS LTD/CAYMAN ISL-A,,K,USD,NYSE,XNYS,,,,,,,,,,,,,,,Banks,,,
531398916,BORR,BORR DRILLING LTD,,K,USD,NYSE,XNYS,,,,,,,,,,,,,,,Oil&amp;Gas,,,
532211215,BEPI,BROOKFIELD BRP HOLDINGS,,K,USD,NYSE,XNYS,,,,,,,,,,,,,,,Electric,,,
532266285,LUCK,LUCKY STRIKE ENTERTAINMENT C,,K,USD,NYSE,XNYS,,,,,,,,,,,,,,,Leisure Time,,,
532274461,IOT,SAMSARA INC-CL A,,K,USD,NYSE,XNYS,,,,,,,,,,,,,,,Software,,,
532600570,EFC PRB,ELLINGTON FINL INC CUM.RED PFD STK,,K,USD,NYSE,XNYS,,,,,,,,,,,,,,,REITS,,,
532646923,NPFD,NUVEEN VAR RT PREF & INC,,K,USD,NYSE,XNYS,,,,,,,,,,,,,,,,,,
532646933,DOUG,DOUGLAS ELLIMAN INC,,K,USD,NYSE,XNYS,,,,,,,,,,,,,,,Real Estate,,,
532790286,BWNB,BABCOCK & WILCOX ENTERPR,,K,USD,NYSE,XNYS,,,,,,,,,,,,,,,Machinery-Constr&amp;Mining,,,
532829500,ZGN,ERMENEGILDO ZEGNA NV,,K,USD,NYSE,XNYS,,,,,,,,,,,,,,,Apparel,,,
533809096,GRBK PRA,GREEN BRICK PARTNERS INC,,K,USD,NYSE,XNYS,,,,,,,,,,,,,,,Home Builders,,,
535271307,FRT,FEDERAL REALTY INVS TRUST,,K,USD,NYSE,XNYS,,,,,,,,,,,,,,,REITS,,,
535283345,GPGI,GPGI INC,,K,USD,NYSE,XNYS,,,,,,,,,,,,,,,Commercial Services,,,
535288388,APO,APOLLO GLOBAL MANAGEMENT INC,,K,USD,NYSE,XNYS,,,,,,,,,,,,,,,Diversified Finan Serv,,,
536222334,FRT PRC,FRT 5 12/31/49 PFD,,K,USD,NYSE,XNYS,,,,,,,,,,,,,,,REITS,,,
536390428,PSA PRS,PUBLIC STORAGE,,K,USD,NYSE,XNYS,,,,,,,,,,,,,,,REITS,,,
537789289,SLG,SL GREEN REALTY CORP,,K,USD,NYSE,XNYS,,,,,,,,,,,,,,,REITS,,,
537817749,DMA,DESTRA MULTI-ALTERNATIVE,,K,USD,NYSE,XNYS,,,,,,,,,,,,,,,,,,
538323399,BIPI,BIP BERMUDA HOLDINGS I,,K,USD,NYSE,XNYS,,,,,,,,,,,,,,,Electric,,,
538837691,FSPR,FOUR SPRINGS CAPITAL TRUST,,K,USD,NYSE,XNYS,,,,,,,,,,,,,,,REITS,,,
539866811,ECCV,EAGLE POINT CREDIT CO,,K,USD,NYSE,XNYS,,,,,,,,,,,,,,,Closed-end Funds,,,
540900810,SHEL,SHELL PLC-ADR,,K,USD,NYSE,XNYS,,,,,,,,,,,,,,,Oil&amp;Gas,,,
540920359,SPE PRC,SPECIAL OPPORTUNITIES FD INC PFD CO,,K,USD,NYSE,XNYS,,,,,,,,,,,,,,,Closed-end Funds,,,
541197792,SKYH,SKY HARBOUR GROUP CORP,,K,USD,NYSE,XNYS,,,,,,,,,,,,,,,Real Estate,,,
541265128,PAXS,PIMCO ACCESS INCOME FUND,,K,USD,NYSE,XNYS,,,,,,,,,,,,,,,,,,
541265139,SGHC,SUPER GROUP SGHC LTD,,K,USD,NYSE,XNYS,,,,,,,,,,,,,,,Entertainment,,,
542225026,WBS PRG,WEBSTER FINL CORP DEPOSITARY SHS RE,,K,USD,NYSE,XNYS,,,,,,,,,,,,,,,Banks,,,
542523126,BAC PRS,BANK AMER CORP DEP SHS REPSTG 1/000,,K,USD,NYSE,XNYS,,,,,,,,,,,,,,,Banks,,,
542577742,SES,SES AI CORP,,K,USD,NYSE,XNYS,,,,,,,,,,,,,,,Auto Parts&amp;Equipment,,,
542577763,WINN,HARBOR LONG-TERM GROWERS ETF,,K,USD,NYSE,XNYS,,,,,,,,,,,,,,,,,,
543265441,USB PRS,US BANCORP,,K,USD,NYSE,XNYS,,,,,,,,,,,,,,,Banks,,,
543507613,BRCC,BRC INC-A,,K,USD,NYSE,XNYS,,,,,,,,,,,,,,,Beverages,,,
543663083,MDV,MODIV INDUSTRIAL INC,,K,USD,NYSE,XNYS,,,,,,,,,,,,,,,REITS,,,
543663103,RMMZ,RVRNRTH MGD DUR MUNI INC II,,K,USD,NYSE,XNYS,,,,,,,,,,,,,,,,,,
543810481,NRGV,ENERGY VAULT HOLDINGS INC,,K,USD,NYSE,XNYS,,,,,,,,,,,,,,,Energy-Alternate Sources,,,
543859902,HGER,HARBOR COMMODITY ALL WEATHER,,K,USD,NYSE,XNYS,,,,,,,,,,,,,,,,,,
545665955,BRBR,BELLRING BRANDS INC,,K,USD,NYSE,XNYS,,,,,,,,,,,,,,,Pharmaceuticals,,,
545798694,RLTY,COHEN & STEERS RL EST OPPRT,,K,USD,NYSE,XNYS,,,,,,,,,,,,,,,,,,
623588756,HSHP,HIMALAYA SHIPPING LTD,,K,USD,NYSE,XNYS,,,,,,,,,,,,,,,Transportation,,,
546518734,SDRL,SEADRILL LIMITED,,K,USD,NYSE,XNYS,,,,,,,,,,,,,,,Oil&amp;Gas,,,
547600637,PRIF PRL,PRIORITY INCOME FD INC PFD SER L,,K,USD,NYSE,XNYS,,,,,,,,,,,,,,,Diversified Finan Serv,,,
550324178,DINO,HF SINCLAIR CORP,,K,USD,NYSE,XNYS,,,,,,,,,,,,,,,Oil&amp;Gas,,,
550344963,KMPB,KEMPER CORP,,K,USD,NYSE,XNYS,,,,,,,,,,,,,,,Insurance,,,
550587856,ENOV,ENOVIS CORP,,K,USD,NYSE,XNYS,,,,,,,,,,,,,,,Healthcare-Products,,,
550617891,ESAB,ESAB CORP,,K,USD,NYSE,XNYS,,,,,,,,,,,,,,,Machinery-Diversified,,,
552747219,MFA,MFA FINANCIAL INC,,K,USD,NYSE,XNYS,,,,,,,,,,,,,,,REITS,,,
553247719,MOGU,MOGU INC-ADR,,K,USD,NYSE,XNYS,,,,,,,,,,,,,,,Internet,,,
554208336,EDU,NEW ORIENTAL EDUCATIO-SP ADR,,K,USD,NYSE,XNYS,,,,,,,,,,,,,,,Commercial Services,,,
554386244,GHI,GREYSTONE HOUSING IMPACT INV,,K,USD,NYSE,XNYS,,,,,,,,,,,,,,,Diversified Finan Serv,,,
554413380,MTB PRH,M&T BANK CORPORATION,,K,USD,NYSE,XNYS,,,,,,,,,,,,,,,Banks,,,
555711270,EE,EXCELERATE ENERGY INC-A,,K,USD,NYSE,XNYS,,,,,,,,,,,,,,,Pipelines,,,
556067839,RIV PRA,RIVERNORTH OPP FUND INC,,K,USD,NYSE,XNYS,,,,,,,,,,,,,,,Closed-end Funds,,,
557337352,BRW,SABA CAPITAL INCOME & OPPORT,,K,USD,NYSE,XNYS,,,,,,,,,,,,,,,,,,
558659748,SAT,SARATOGA INVESTMENT CORP,,K,USD,NYSE,XNYS,,,,,,,,,,,,,,,Investment Companies,,,
559289446,SMR,NUSCALE POWER CORP,,K,USD,NYSE,XNYS,,,,,,,,,,,,,,,Machinery-Constr&amp;Mining,,,
559723037,ODV,OSISKO DEVELOPMENT CORP,,K,USD,NYSE,XNYS,,,,,,,,,,,,,,,Mining,,,
559931480,BLCO,BAUSCH + LOMB CORP,,K,USD,NYSE,XNYS,,,,,,,,,,,,,,,Healthcare-Products,,,
560375049,IVR,INVESCO MORTGAGE CAPITAL,,K,USD,NYSE,XNYS,,,,,,,,,,,,,,,REITS,,,
560751549,EVEX,EVE HOLDING INC,,K,USD,NYSE,XNYS,,,,,,,,,,,,,,,Aerospace/Defense,,,
561043577,CXT,CRANE NXT CO,,K,USD,NYSE,XNYS,,,,,,,,,,,,,,,Computers,,,
561977871,FENG,PHOENIX NEW MEDIA LTD -ADR,,K,USD,NYSE,XNYS,,,,,,,,,,,,,,,Internet,,,
563578577,GDIV,HARBOR DIVIDEND GROWTH LEADE,,K,USD,NYSE,XNYS,,,,,,,,,,,,,,,,,,
564354641,GBTG,GLOBAL BUSINESS TRAVEL GROUP,,K,USD,NYSE,XNYS,,,,,,,,,,,,,,,Leisure Time,,,
566842207,FEDU,FOUR SEASONS EDUCATION CAYMA,,K,USD,NYSE,XNYS,,,,,,,,,,,,,,,Commercial Services,,,
570164220,HTFC,HORIZON TECHNOLOGY FINANCE CORP,,K,USD,NYSE,XNYS,,,,,,,,,,,,,,,Investment Companies,,,
572313495,GSK,GSK PLC-SPON ADR,,K,USD,NYSE,XNYS,,,,,,,,,,,,,,,Pharmaceuticals,,,
573009153,HLN,HALEON PLC-ADR,,K,USD,NYSE,XNYS,,,,,,,,,,,,,,,Cosmetics/Personal Care,,,
573166977,MUX,MCEWEN INC,,K,USD,NYSE,XNYS,,,,,,,,,,,,,,,Mining,,,
575088334,HR,HEALTHCARE REALTY TRUST INC,,K,USD,NYSE,XNYS,,,,,,,,,,,,,,,REITS,,,
575436677,GETY,GETTY IMAGES HOLDINGS INC,,K,USD,NYSE,XNYS,,,,,,,,,,,,,,,Internet,,,
576721164,MS PRP,MORGAN STANLEY,,K,USD,NYSE,XNYS,,,,,,,,,,,,,,,Banks,,,
576969490,CGV,CONDUCTOR GLOBAL EQ VAL ETF,,K,USD,NYSE,XNYS,,,,,,,,,,,,,,,,,,
578031277,QBTS,D-WAVE QUANTUM INC,,K,USD,NYSE,XNYS,,,,,,,,,,,,,,,Computers,,,
578327143,DBRG,DIGITALBRIDGE GROUP INC,,K,USD,NYSE,XNYS,,,,,,,,,,,,,,,Diversified Finan Serv,,,
578351119,SPXC,SPX TECHNOLOGIES INC,,K,USD,NYSE,XNYS,,,,,,,,,,,,,,,Building Materials,,,
578413063,DRLL,STRIVE US ENERGY ETF,,K,USD,NYSE,XNYS,,,,,,,,,,,,,,,,,,
579118449,NWG,NATWEST GROUP PLC -SPON ADR,,K,USD,NYSE,XNYS,,,,,,,,,,,,,,,Banks,,,
579656134,F PRD,FORD MOTOR COMPANY,,K,USD,NYSE,XNYS,,,,,,,,,,,,,,,Auto Manufacturers,,,
580815157,PRH,PRUDENTIAL FINANCIAL INC,,K,USD,NYSE,XNYS,,,,,,,,,,,,,,,Insurance,,,
581240386,ORC,ORCHID ISLAND CAPITAL INC,,K,USD,NYSE,XNYS,,,,,,,,,,,,,,,REITS,,,
581418961,CMCM,CHEETAH MOBILE INC - ADR,,K,USD,NYSE,XNYS,,,,,,,,,,,,,,,Software,,,
581445463,KEY PRL,KEYCORP NEW DEP SHS REPSTG 1/40TH I,,K,USD,NYSE,XNYS,,,,,,,,,,,,,,,Banks,,,
582332987,J,JACOBS SOLUTIONS INC,,K,USD,NYSE,XNYS,,,,,,,,,,,,,,,Engineering&amp;Construction,,,
583257697,PR,PERMIAN RESOURCES CORP-CL A,,K,USD,NYSE,XNYS,,,,,,,,,,,,,,,Oil&amp;Gas,,,
584127832,COHR,COHERENT CORP,,K,USD,NYSE,XNYS,,,,,,,,,,,,,,,Electronics,,,
584418882,BKT,BLACKROCK INCOME TRUST,,K,USD,NYSE,XNYS,,,,,,,,,,,,,,,,,,
585013481,NLY,ANNALY CAPITAL MANAGEMENT IN,,K,USD,NYSE,XNYS,,,,,,,,,,,,,,,REITS,,,
585036584,THLV,THOR EQUAL WL VL ETF-USD INC,,K,USD,NYSE,XNYS,,,,,,,,,,,,,,,,,,
585036604,CRBG,COREBRIDGE FINANCIAL INC,,K,USD,NYSE,XNYS,,,,,,,,,,,,,,,Insurance,,,
585323053,AMPX,AMPRIUS TECHNOLOGIES INC,,K,USD,NYSE,XNYS,,,,,,,,,,,,,,,Aerospace/Defense,,,
585324503,STRV,STRIVE 500 ETF,,K,USD,NYSE,XNYS,,,,,,,,,,,,,,,,,,
586067697,XPER,XPERI INC,,K,USD,NYSE,XNYS,,,,,,,,,,,,,,,Home Furnishings,,,
586873967,BHVN,BIOHAVEN LTD,,K,USD,NYSE,XNYS,,,,,,,,,,,,,,,Biotechnology,,,
587227168,HIPO,HIPPO HOLDINGS INC,,K,USD,NYSE,XNYS,,,,,,,,,,,,,,,Insurance,,,
587257548,NE,NOBLE CORP PLC,,K,USD,NYSE,XNYS,,,,,,,,,,,,,,,Oil&amp;Gas,,,
587842007,LVWR,LIVEWIRE GROUP INC,,K,USD,NYSE,XNYS,,,,,,,,,,,,,,,Leisure Time,,,
588206703,ARIS,ARIS MINING CORP,,K,USD,NYSE,XNYS,,,,,,,,,,,,,,,Mining,,,
589359983,STEL,STELLAR BANCORP INC,,K,USD,NYSE,XNYS,,,,,,,,,,,,,,,Banks,,,
589828153,TWO,TWO HARBORS INVESTMENT CORP,,K,USD,NYSE,XNYS,,,,,,,,,,,,,,,REITS,,,
589896897,DSMC,DISTILLATE S/M CASH FLOW ETF,,K,USD,NYSE,XNYS,,,,,,,,,,,,,,,,,,
589896907,SHOC,SHOC US SEMICON EQUITY ETF,,K,USD,NYSE,XNYS,,,,,,,,,,,,,,,,,,
590475528,RZC,REINSURANCE GROUP OF AMERICA INC,,K,USD,NYSE,XNYS,,,,,,,,,,,,,,,Insurance,,,
590510605,HFND,UNLTD HFND MULT ST RET TRACK,,K,USD,NYSE,XNYS,,,,,,,,,,,,,,,,,,
592052137,RXO,RXO INC,,K,USD,NYSE,XNYS,,,,,,,,,,,,,,,Transportation,,,
593019000,GRNT,GRANITE RIDGE RESOURCES INC,,K,USD,NYSE,XNYS,,,,,,,,,,,,,,,Oil&amp;Gas,,,
593850402,BMN,BLACKROCK 2037 MUNI TRGT TRM,,K,USD,NYSE,XNYS,,,,,,,,,,,,,,,,,,
594761639,PERF,PERFECT CORP,,K,USD,NYSE,XNYS,,,,,,,,,,,,,,,Software,,,
595752399,SAJ,SARATOGA INVETSMENT CORP,,K,USD,NYSE,XNYS,,,,,,,,,,,,,,,Investment Companies,,,
596111531,TESTTE33,TEST CA TEST US,,K,USD,NYSE,XNYS,,,,,,,,,,,,,,,,,,
596545571,UHAL B,U-HAUL HOLDING CO-NON VOTING,,K,USD,NYSE,XNYS,,,,,,,,,,,,,,,Commercial Services,,,
596739249,STXD,STRIVE 1000 DIVIDEND GROWTH,,K,USD,NYSE,XNYS,,,,,,,,,,,,,,,,,,
596739252,STXG,STRIVE 1000 GROWTH ETF,,K,USD,NYSE,XNYS,,,,,,,,,,,,,,,,,,
596739259,STXV,STRIVE 1000 VALUE ETF,,K,USD,NYSE,XNYS,,,,,,,,,,,,,,,,,,
596739262,STXK,STRIVE SMALL-CAP ETF,,K,USD,NYSE,XNYS,,,,,,,,,,,,,,,,,,
596994044,FSCO,FS CREDIT OPPORTUNITIES CORP,,K,USD,NYSE,XNYS,,,,,,,,,,,,,,,,,,
597669736,FG,F&G ANNUITIES & LIFE INC,,K,USD,NYSE,XNYS,,,,,,,,,,,,,,,Insurance,,,
597954941,LNC PRD,LINCOLN NATIONAL CORP,,K,USD,NYSE,XNYS,,,,,,,,,,,,,,,Insurance,,,
598077906,GRND,GRINDR INC,,K,USD,NYSE,XNYS,,,,,,,,,,,,,,,Internet,,,
599374254,ATS,ATS CORP,,K,USD,NYSE,XNYS,,,,,,,,,,,,,,,Machinery-Diversified,,,
599900800,BN,BROOKFIELD CORP,,K,USD,NYSE,XNYS,,,,,,,,,,,,,,,Private Equity,,,
599900805,BAM,BROOKFIELD ASSET MGMT-A,,K,USD,NYSE,XNYS,,,,,,,,,,,,,,,Diversified Finan Serv,,,
600782764,PSFE,PAYSAFE LTD,,K,USD,NYSE,XNYS,,,,,,,,,,,,,,,Commercial Services,,,
602111290,MBC,MASTERBRAND INC,,K,USD,NYSE,XNYS,,,,,,,,,,,,,,,Building Materials,,,
602416109,ATH PRE,ATHENE HLDG LTD DEP SH REPSTG 1/100,,K,USD,NYSE,XNYS,,,,,,,,,,,,,,,Insurance,,,
602423308,TISI,TEAM INC,,K,USD,NYSE,XNYS,,,,,,,,,,,,,,,Commercial Services,,,
602439320,LANV,LANVIN GROUP HOLDINGS LTD,,K,USD,NYSE,XNYS,,,,,,,,,,,,,,,Apparel,,,
602596427,SLAI,SOLAI LTD,,K,USD,NYSE,XNYS,,,,,,,,,,,,,,,Investment Companies,,,
602745519,SAY,SARATOGA INVESTMENT CORP,,K,USD,NYSE,XNYS,,,,,,,,,,,,,,,Investment Companies,,,
604736961,FRO,FRONTLINE PLC,,K,USD,NYSE,XNYS,,,,,,,,,,,,,,,Transportation,,,
606097067,NYC,AMERICAN STRATEGIC INVESTM-A,,K,USD,NYSE,XNYS,,,,,,,,,,,,,,,REITS,,,
606826288,VTS,VITESSE ENERGY INC,,K,USD,NYSE,XNYS,,,,,,,,,,,,,,,Oil&amp;Gas,,,
607501731,RWT PRA,REDWOOD TRUST INC,,K,USD,NYSE,XNYS,,,,,,,,,,,,,,,REITS,,,
610456566,TXO,TXO PARTNERS LP,,K,USD,NYSE,XNYS,,,,,,,,,,,,,,,Oil&amp;Gas,,,
611160158,STXE,STRIVE EM MARKETS EX-CHINA,,K,USD,NYSE,XNYS,,,,,,,,,,,,,,,,,,
611946672,EFC PRC,ELLINGTON FINANCIAL,,K,USD,NYSE,XNYS,,,,,,,,,,,,,,,REITS,,,
617975681,ASBA,ASSOCIATED BANC-CORP,,K,USD,NYSE,XNYS,,,,,,,,,,,,,,,Banks,,,
618310823,AMX,AMERICA MOVIL SAB DE CV,,K,USD,NYSE,XNYS,,,,,,,,,,,,,,,Telecommunications,,,
618945949,JXN PRA,JACKSON FINL INC DPSTRY SHS REPSTG,,K,USD,NYSE,XNYS,,,,,,,,,,,,,,,Insurance,,,
621500411,CR,CRANE CO,,K,USD,NYSE,XNYS,,,,,,,,,,,,,,,Machinery-Diversified,,,
621734928,SAFE,SAFEHOLD INC,,K,USD,NYSE,XNYS,,,,,,,,,,,,,,,REITS,,,
622812525,CP,CANADIAN PACIFIC KANSAS CITY,,K,USD,NYSE,XNYS,,,,,,,,,,,,,,,Transportation,,,
624996076,MSGE,MADISON SQUARE GARDEN ENTERT,,K,USD,NYSE,XNYS,,,,,,,,,,,,,,,Entertainment,,,
627545222,SAZ,SARATOGA INVESTMENT CORP,,K,USD,NYSE,XNYS,,,,,,,,,,,,,,,Investment Companies,,,
628622256,CLB,CORE LABORATORIES INC,,K,USD,NYSE,XNYS,,,,,,,,,,,,,,,Oil&amp;Gas Services,,,
629043863,KVUE,KENVUE INC,,K,USD,NYSE,XNYS,,,,,,,,,,,,,,,Cosmetics/Personal Care,,,
630919726,RBA,RB GLOBAL INC,,K,USD,NYSE,XNYS,,,,,,,,,,,,,,,Distribution/Wholesale,,,
631325171,ALL PRJ,ALLSTATE CORP,,K,USD,NYSE,XNYS,,,,,,,,,,,,,,,Insurance,,,
631329277,KNF,KNIFE RIVER CORP,,K,USD,NYSE,XNYS,,,,,,,,,,,,,,,Building Materials,,,
633108219,ATMU,ATMUS FILTRATION TECHNOLOGIE,,K,USD,NYSE,XNYS,,,,,,,,,,,,,,,Electronics,,,
633937587,GROV,GROVE COLLABORATIVE HOLDINGS ,,K,USD,NYSE,XNYS,,,,,,,,,,,,,,,Internet,,,
634819668,OPAD,OFFERPAD SOLUTIONS INC,,K,USD,NYSE,XNYS,,,,,,,,,,,,,,,Real Estate,,,
635438413,LOCL,LOCAL BOUNTI CORP ,,K,USD,NYSE,XNYS,,,,,,,,,,,,,,,Agriculture,,,
635951859,NPWR,NET POWER INC,,K,USD,NYSE,XNYS,,,,,,,,,,,,,,,Electric,,,
636387343,CAVA,CAVA GROUP INC,,K,USD,NYSE,XNYS,,,,,,,,,,,,,,,Retail,,,
636678518,SKLZ,SKILLZ INC,,K,USD,NYSE,XNYS,,,,,,,,,,,,,,,Software,,,
638219806,PHIN,PHINIA INC,,K,USD,NYSE,XNYS,,,,,,,,,,,,,,,Auto Parts&amp;Equipment,,,
639336269,PLGO,PELAGOS INSURANCE CAPITAL LT,,K,USD,NYSE,XNYS,,,,,,,,,,,,,,,Insurance,,,
639336275,KGS,KODIAK GAS SERVICES INC,,K,USD,NYSE,XNYS,,,,,,,,,,,,,,,Oil&amp;Gas Services,,,
639336278,SVV,SAVERS VALUE VILLAGE INC,,K,USD,NYSE,XNYS,,,,,,,,,,,,,,,Retail,,,
639441347,OWLT,OWLET INC ,,K,USD,NYSE,XNYS,,,,,,,,,,,,,,,Healthcare-Products,,,
639450954,VTMX,CORP INMOBILIARIA VESTA-ADR,,K,USD,NYSE,XNYS,,,,,,,,,,,,,,,Real Estate,,,
640331692,LZM,LIFEZONE METALS LTD,,K,USD,NYSE,XNYS,,,,,,,,,,,,,,,Mining,,,
640550564,ABX,ABACUS GLOBAL MANAGEMENT INC,,K,USD,NYSE,XNYS,,,,,,,,,,,,,,,Insurance,,,
642427345,HF,DGA CORE PLUS ABS RTRN ETF,,K,USD,NYSE,XNYS,,,,,,,,,,,,,,,,,,
642848418,PSQH,PSQ HOLDINGS INC,,K,USD,NYSE,XNYS,,,,,,,,,,,,,,,Internet,,,
644855271,SN,SHARKNINJA INC,,K,USD,NYSE,XNYS,,,,,,,,,,,,,,,Home Furnishings,,,
647324578,BUXX,STRIVE ENHANCED INCOME SHORT,,K,USD,NYSE,XNYS,,,,,,,,,,,,,,,,,,
647324583,STXT,STRIVE TOTAL RETURN BOND ETF,,K,USD,NYSE,XNYS,,,,,,,,,,,,,,,,,,
647324601,HHH,HOWARD HUGHES HOLDINGS INC,,K,USD,NYSE,XNYS,,,,,,,,,,,,,,,Real Estate,,,
647611140,DBD,DIEBOLD NIXDORF INC,,K,USD,NYSE,XNYS,,,,,,,,,,,,,,,Computers,,,
647800108,APO PRA,APOLLO GLOBAL MGMT INC NEW SER A MA,,K,USD,NYSE,XNYS,,,,,,,,,,,,,,,Diversified Finan Serv,,,
648081824,AMC,AMC ENTERTAINMENT HLDS-CL A,,K,USD,NYSE,XNYS,,,,,,,,,,,,,,,Entertainment,,,
649389091,SPIR,SPIRE GLOBAL INC,,K,USD,NYSE,XNYS,,,,,,,,,,,,,,,Commercial Services,,,
650949028,APOS,APOLLO GLOBAL MANAGEMENT INC,,K,USD,NYSE,XNYS,,,,,,,,,,,,,,,Diversified Finan Serv,,,
651420084,FTWO,STRIVE NATURAL RESOURCES AND,,K,USD,NYSE,XNYS,,,,,,,,,,,,,,,,,,
652841542,TKO,TKO GROUP HOLDINGS INC,,K,USD,NYSE,XNYS,,,,,,,,,,,,,,,Entertainment,,,
653579423,GNL PRD,GLOBAL NET LEASE INC,,K,USD,NYSE,XNYS,,,,,,,,,,,,,,,REITS,,,
653585087,GNL PRE,GLOBAL NET LEASE INC,,K,USD,NYSE,XNYS,,,,,,,,,,,,,,,REITS,,,
654711260,FTK,FLOTEK INDUSTRIES INC,,K,USD,NYSE,XNYS,,,,,,,,,,,,,,,Oil&amp;Gas Services,,,
654750909,KVYO,KLAVIYO INC-A,,K,USD,NYSE,XNYS,,,,,,,,,,,,,,,Software,,,
655276604,AU,ANGLOGOLD ASHANTI PLC,,K,USD,NYSE,XNYS,,,,,,,,,,,,,,,Mining,,,
655276622,VLTO,VERALTO CORP,,K,USD,NYSE,XNYS,,,,,,,,,,,,,,,Environmental Control,,,
655276634,ARR,ARMOUR RESIDENTIAL REIT INC,,K,USD,NYSE,XNYS,,,,,,,,,,,,,,,REITS,,,
655294494,AKA,AKA BRANDS HOLDING CORP ,,K,USD,NYSE,XNYS,,,,,,,,,,,,,,,Internet,,,
655315709,GFR,GREENFIRE RESOURCES LTD,,K,USD,NYSE,XNYS,,,,,,,,,,,,,,,Oil&amp;Gas,,,
655454642,VSTS,VESTIS CORP,,K,USD,NYSE,XNYS,,,,,,,,,,,,,,,Commercial Services,,,
655617924,SKIL,SKILLSOFT CORP,,K,USD,NYSE,XNYS,,,,,,,,,,,,,,,Software,,,
655617958,IRS,IRSA -SP ADR,,K,USD,NYSE,XNYS,,,,,,,,,,,,,,,Real Estate,,,
656365592,AESI,ATLAS ENERGY SOLUTIONS INC,,K,USD,NYSE,XNYS,,,,,,,,,,,,,,,Oil&amp;Gas Services,,,
656379390,NSA PRB,NATIONAL STORAGE AFFILIATES TR PFD,,K,USD,NYSE,XNYS,,,,,,,,,,,,,,,REITS,,,
656769411,AEG,AEGON LTD-NY REG SHR,,K,USD,NYSE,XNYS,,,,,,,,,,,,,,,Insurance,,,
657143196,PMTU,PENNYMAC MTG INVT TR SR NT,,K,USD,NYSE,XNYS,,,,,,,,,,,,,,,REITS,,,
657517509,LAC,LITHIUM AMERICAS CORP,,K,USD,NYSE,XNYS,,,,,,,,,,,,,,,Mining,,,
657745727,NATL,NCR ATLEOS CORP,,K,USD,NYSE,XNYS,,,,,,,,,,,,,,,Computers,,,
657753149,SPRU,SPRUCE POWER HOLDING CORP,,K,USD,NYSE,XNYS,,,,,,,,,,,,,,,Energy-Alternate Sources,,,
658821477,BIRK,BIRKENSTOCK HOLDING PLC,,K,USD,NYSE,XNYS,,,,,,,,,,,,,,,Apparel,,,
659068180,JBND,JPMORGAN ACTIVE BOND ETF,,K,USD,NYSE,XNYS,,,,,,,,,,,,,,,,,,
660293657,NLOP,NET LEASE OFFICE PROPERTY,,K,USD,NYSE,XNYS,,,,,,,,,,,,,,,REITS,,,
661256265,MNR,MACH NATURAL RESOURCES LP,,K,USD,NYSE,XNYS,,,,,,,,,,,,,,,Oil&amp;Gas,,,
663174498,BG,BUNGE GLOBAL SA,,K,USD,NYSE,XNYS,,,,,,,,,,,,,,,Agriculture,,,
664164697,ET PRI,ENERGY TRANSFER LP,,K,USD,NYSE,XNYS,,,,,,,,,,,,,,,Pipelines,,,
664697724,HG,HAMILTON INSURANCE GROU-CL B,,K,USD,NYSE,XNYS,,,,,,,,,,,,,,,Insurance,,,
665145378,AMTD,AMTD IDEA GROUP,,K,USD,NYSE,XNYS,,,,,,,,,,,,,,,Diversified Finan Serv,,,
666754553,SCE PRM,SCE TRUST VII,,K,USD,NYSE,XNYS,,,,,,,,,,,,,,,Electric,,,
667403608,WS,WORTHINGTON STEEL INC,,K,USD,NYSE,XNYS,,,,,,,,,,,,,,,Metal Fabricate/Hardware,,,
667578268,LU,LUFAX HOLDING LTD-ADR,,K,USD,NYSE,XNYS,,,,,,,,,,,,,,,Diversified Finan Serv,,,
667606858,ABXL,ABACUS LIFE INC,,K,USD,NYSE,XNYS,,,,,,,,,,,,,,,Insurance,,,
668447006,CPAI,COUNTERPOINT QUAN EQUITY ETF,,K,USD,NYSE,XNYS,,,,,,,,,,,,,,,,,,
669231223,BANC PRF,BANC OF CALIFORNIA INC,,K,USD,NYSE,XNYS,,,,,,,,,,,,,,,Savings&amp;Loans,,,
669998150,CDLR,CADELER A/S-ADR,,K,USD,NYSE,XNYS,,,,,,,,,,,,,,,Energy-Alternate Sources,,,
671073668,FGN,F&G ANNUITIES & LIFE INC,,K,USD,NYSE,XNYS,,,,,,,,,,,,,,,Insurance,,,
671347171,ZKH,ZKH GROUP LTD,,K,USD,NYSE,XNYS,,,,,,,,,,,,,,,Commercial Services,,,
672382672,EFC PRD,ELLINGTON FINANCIAL,,K,USD,NYSE,XNYS,,,,,,,,,,,,,,,REITS,,,
673814681,ELPC,CIA PARANAENSE DE ENER-ADR,,K,USD,NYSE,XNYS,,,,,,,,,,,,,,,Electric,,,
673821848,LAZ,LAZARD INC,,K,USD,NYSE,XNYS,,,,,,,,,,,,,,,Diversified Finan Serv,,,
674590140,TE,T1 ENERGY INC,,K,USD,NYSE,XNYS,,,,,,,,,,,,,,,Energy-Alternate Sources,,,
675388455,ATH PRA,ATHENE HOLDING LTD,,K,USD,NYSE,XNYS,,,,,,,,,,,,,,,Insurance,,,
675610937,KIM PRN,KIMCO RLTY CORP 7.25% BE<,,K,USD,NYSE,XNYS,,,,,,,,,,,,,,,REITS,,,
676612595,SDHC,SMITH DOUGLAS HOMES CORP,,K,USD,NYSE,XNYS,,,,,,,,,,,,,,,Home Builders,,,
677574819,PSBD,PALMER SQUARE CAPITAL BDC IN,,K,USD,NYSE,XNYS,,,,,,,,,,,,,,,Investment Companies,,,
679113364,MSDL,MORGAN STANLEY DIRECT LENDIN,,K,USD,NYSE,XNYS,,,,,,,,,,,,,,,Investment Companies,,,
679723634,NCDL,NUVEEN CHURCHILL DIRECT LEND,,K,USD,NYSE,XNYS,,,,,,,,,,,,,,,Investment Companies,,,
679725935,MFAN,MFA FINANCIAL INC,,K,USD,NYSE,XNYS,,,,,,,,,,,,,,,REITS,,,
681156868,AS,AMER SPORTS INC,,K,USD,NYSE,XNYS,,,,,,,,,,,,,,,Leisure Time,,,
681352407,ANRO,ALTO NEUROSCIENCE INC,,K,USD,NYSE,XNYS,,,,,,,,,,,,,,,Biotechnology,,,
682148376,RWTN,REDWOOD TRUST INC,,K,USD,NYSE,XNYS,,,,,,,,,,,,,,,REITS,,,
682161364,AHR,AMERICAN HEALTHCARE REIT INC,,K,USD,NYSE,XNYS,,,,,,,,,,,,,,,REITS,,,
682654122,TBBB,BBB FOODS INC-CLASS A,,K,USD,NYSE,XNYS,,,,,,,,,,,,,,,Retail,,,
682699612,MITN,AG MTG INVT TR INC SR NT DUE 02/15/,,K,USD,NYSE,XNYS,,,,,,,,,,,,,,,REITS,,,
683779067,SOC,SABLE OFFSHORE CORP,,K,USD,NYSE,XNYS,,,,,,,,,,,,,,,Oil&amp;Gas,,,
685003455,SYF PRB,SYNCHRONY FINANCIAL,,K,USD,NYSE,XNYS,,,,,,,,,,,,,,,Diversified Finan Serv,,,
689024122,ALB PRA,ALBEMARLE CORP PFD,,K,USD,NYSE,XNYS,,,,,,,,,,,,,,,Chemicals,,,
689683761,YSG,YATSEN HOLDING LTD-ADR,,K,USD,NYSE,XNYS,,,,,,,,,,,,,,,Internet,,,
691611099,ATHS,ATHENE HLDG LTD FIXED RATE 7.25% RE,,K,USD,NYSE,XNYS,,,,,,,,,,,,,,,Insurance,,,
691984360,SOLV,SOLVENTUM CORP,,K,USD,NYSE,XNYS,,,,,,,,,,,,,,,Healthcare-Products,,,
691984365,GEV,GE VERNOVA INC,,K,USD,NYSE,XNYS,,,,,,,,,,,,,,,Machinery-Constr&amp;Mining,,,
691994611,CPAY,CORPAY INC,,K,USD,NYSE,XNYS,,,,,,,,,,,,,,,Commercial Services,,,
692025016,RDDT,REDDIT INC-CL A,,K,USD,NYSE,XNYS,,,,,,,,,,,,,,,Internet,,,
692197717,AUNA,AUNA SA-CLASS A,,K,USD,NYSE,XNYS,,,,,,,,,,,,,,,Healthcare-Services,,,
692416133,GCTS,GCT SEMICONDUCTOR HOLDING IN,,K,USD,NYSE,XNYS,,,,,,,,,,,,,,,Semiconductors,,,
692783790,EVTR,EATON VANCE TOTAL RETURN,,K,USD,NYSE,XNYS,,,,,,,,,,,,,,,,,,
692783792,DXYZ,DESTINY TECH100 INC,,K,USD,NYSE,XNYS,,,,,,,,,,,,,,,,,,
693772711,MGRE,AFFILIATED MANAGERS GROUP INC,,K,USD,NYSE,XNYS,,,,,,,,,,,,,,,Diversified Finan Serv,,,
693772712,BEPJ,BROOKFIELD BRP HOLDINGS CANADA INC,,K,USD,NYSE,XNYS,,,,,,,,,,,,,,,Electric,,,
695627172,MDST,WESTWD SAT ENCD MDSTR IN ETF,,K,USD,NYSE,XNYS,,,,,,,,,,,,,,,,,,
695807147,PACS,PACS GROUP INC,,K,USD,NYSE,XNYS,,,,,,,,,,,,,,,Healthcare-Services,,,
695996615,CLS,CELESTICA INC,,K,USD,NYSE,XNYS,,,,,,,,,,,,,,,Electronics,,,
696003918,BKKT,BAKKT INC,,K,USD,NYSE,XNYS,,,,,,,,,,,,,,,Diversified Finan Serv,,,
696016914,ULS,UL SOLUTIONS INC - CLASS A,,K,USD,NYSE,XNYS,,,,,,,,,,,,,,,Commercial Services,,,
697080353,CTRI,CENTURI HOLDINGS INC,,K,USD,NYSE,XNYS,,,,,,,,,,,,,,,Engineering&amp;Construction,,,
697080356,IBTA,IBOTTA INC-CL A,,K,USD,NYSE,XNYS,,,,,,,,,,,,,,,Software,,,
698511239,MFAO,MFA FINL INC SR NT 09.000% 08/15/29,,K,USD,NYSE,XNYS,,,,,,,,,,,,,,,REITS,,,
699030008,LOAR,LOAR HOLDINGS INC,,K,USD,NYSE,XNYS,,,,,,,,,,,,,,,Aerospace/Defense,,,
699030013,RBRK,RUBRIK INC-A,,K,USD,NYSE,XNYS,,,,,,,,,,,,,,,Computers,,,
700079602,VIK,VIKING HOLDINGS LTD,,K,USD,NYSE,XNYS,,,,,,,,,,,,,,,Leisure Time,,,
700506979,ZH,ZHIHU INC - ADR,,K,USD,NYSE,XNYS,,,,,,,,,,,,,,,Internet,,,
701506662,MTB PRJ,M&T BANK CORPPRATION,,K,USD,NYSE,XNYS,,,,,,,,,,,,,,,Banks,,,
702643305,GGL,GAMES GLOBAL LTD,,K,USD,NYSE,XNYS,,,,,,,,,,,,,,,Software,,,
702867568,SCE PRN,SCE TR VIII TR PREF SER N,,K,USD,NYSE,XNYS,,,,,,,,,,,,,,,Electric,,,
702882678,MDA,MDA SPACE LTD,,K,USD,NYSE,XNYS,,,,,,,,,,,,,,,Aerospace/Defense,,,
703168255,CIM,CHIMERA INVESTMENT CORP,,K,USD,NYSE,XNYS,,,,,,,,,,,,,,,REITS,,,
703660032,LH,LABCORP HOLDINGS INC,,K,USD,NYSE,XNYS,,,,,,,,,,,,,,,Healthcare-Services,,,
703670659,MITP,AG MORTGAGE INVESTMENT TRUST INC,,K,USD,NYSE,XNYS,,,,,,,,,,,,,,,REITS,,,
704415151,SILA,SILA REALTY TRUST INC,,K,USD,NYSE,XNYS,,,,,,,,,,,,,,,REITS,,,
704634496,KBDC,KAYNE ANDERSON BDC INC,,K,USD,NYSE,XNYS,,,,,,,,,,,,,,,Investment Companies,,,
705166800,BOW,BOWHEAD SPECIALTY HOLDINGS I,,K,USD,NYSE,XNYS,,,,,,,,,,,,,,,Insurance,,,
705406377,CFG PRH,CITIZENS FINL GROUP INC DEP SHS RE,,K,USD,NYSE,XNYS,,,,,,,,,,,,,,,Banks,,,
705584193,CIMN,CHIMERA INVESTMENT CORP,,K,USD,NYSE,XNYS,,,,,,,,,,,,,,,REITS,,,
706731002,BNED,BARNES & NOBLE EDUCATION INC,,K,USD,NYSE,XNYS,,,,,,,,,,,,,,,Retail,,,
707673305,NVL,NOVELIS INC,,K,USD,NYSE,XNYS,,,,,,,,,,,,,,,Mining,,,
707875919,QXO,QXO INC,,K,USD,NYSE,XNYS,,,,,,,,,,,,,,,Retail,,,
709025619,SABA,SABA CAPITAL INCOME & OPP II,,K,USD,NYSE,XNYS,,,,,,,,,,,,,,,,,,
709229198,SPCE,VIRGIN GALACTIC HOLDINGS INC,,K,USD,NYSE,XNYS,,,,,,,,,,,,,,,Aerospace/Defense,,,
709237174,SPMC,SOUND POINT MERIDIAN CAPITAL,,K,USD,NYSE,XNYS,,,,,,,,,,,,,,,,,,
711270309,RWTO,REDWOOD TRUST INC,,K,USD,NYSE,XNYS,,,,,,,,,,,,,,,REITS,,,
711280672,FLXR,TCW FLEXIBLE INCOME ETF,,K,USD,NYSE,XNYS,,,,,,,,,,,,,,,,,,
711473879,NEE PRS,NEXTERA ENERGY INC CORPORATE UNIT,,K,USD,NYSE,XNYS,,,,,,,,,,,,,,,Electric,,,
712108680,BOH PRB,BANK HAWAII CORPDEP SHS REPSTG 1/40,,K,USD,NYSE,XNYS,,,,,,,,,,,,,,,Banks,,,
712108704,FUN,SIX FLAGS ENTERTAINMENT CORP,,K,USD,NYSE,XNYS,,,,,,,,,,,,,,,Entertainment,,,
712118325,KORE,KORE GROUP HOLDINGS INC,,K,USD,NYSE,XNYS,,,,,,,,,,,,,,,Telecommunications,,,
712118395,FSM,FORTUNA MINING CORP,,K,USD,NYSE,XNYS,,,,,,,,,,,,,,,Mining,,,
712146473,TBN,TAMBORAN RESOURCES CORP,,K,USD,NYSE,XNYS,,,,,,,,,,,,,,,Oil&amp;Gas,,,
712414332,LB,LANDBRIDGE CO LLC-A,,K,USD,NYSE,XNYS,,,,,,,,,,,,,,,Oil&amp;Gas,,,
713228991,AMWL,AMERICAN WELL CORP-CLASS A,,K,USD,NYSE,XNYS,,,,,,,,,,,,,,,Healthcare-Services,,,
713434903,SW,SMURFIT WESTROCK PLC,,K,USD,NYSE,XNYS,,,,,,,,,,,,,,,Packaging&amp;Containers,,,
713596871,BWLP,BW LPG LTD,,K,USD,NYSE,XNYS,,,,,,,,,,,,,,,Transportation,,,
713910628,FLG,FLAGSTAR BANK NA,,K,USD,NYSE,XNYS,,,,,,,,,,,,,,,Banks,,,
713921503,DCBG,DIME COMMUNITY BANCSHARES INC,,K,USD,NYSE,XNYS,,,,,,,,,,,,,,,Banks,,,
715885516,SITC,SITE CENTERS CORP,,K,USD,NYSE,XNYS,,,,,,,,,,,,,,,REITS,,,
715916513,PDCC,PEARL DIVER CREDIT COMPY INC,,K,USD,NYSE,XNYS,,,,,,,,,,,,,,,,,,
716121729,FOA,FINANCE OF AMERICA COS INC-A,,K,USD,NYSE,XNYS,,,,,,,,,,,,,,,Diversified Finan Serv,,,
716121769,CCM,CONCORD MEDICAL - SPON ADR,,K,USD,NYSE,XNYS,,,,,,,,,,,,,,,Healthcare-Services,,,
716160987,ARDT,ARDENT HEALTH INC,,K,USD,NYSE,XNYS,,,,,,,,,,,,,,,Healthcare-Services,,,
717810528,SEG,SEAPORT ENTERTAINMENT GROUP,,K,USD,NYSE,XNYS,,,,,,,,,,,,,,,Real Estate,,,
717821722,VATE,INNOVATE CORP,,K,USD,NYSE,XNYS,,,,,,,,,,,,,,,Engineering&amp;Construction,,,
717833309,LTM,LATAM AIRLINES GROUP SA-ADR,,K,USD,NYSE,XNYS,,,,,,,,,,,,,,,Airlines,,,
717838613,CON,CONCENTRA GROUP HOLDINGS PAR,,K,USD,NYSE,XNYS,,,,,,,,,,,,,,,Healthcare-Services,,,
717988170,FERG,FERGUSON ENTERPRISES INC,,K,USD,NYSE,XNYS,,,,,,,,,,,,,,,Retail,,,
717988177,SMC,SUMMIT MIDSTREAM CORP,,K,USD,NYSE,XNYS,,,,,,,,,,,,,,,Pipelines,,,
718001445,MS PRQ,MORGAN STANLEY DEP SHS REPSTG 1/100,,K,USD,NYSE,XNYS,,,,,,,,,,,,,,,Banks,,,
718500300,RF PRF,REGIONS FINL CORP NEW SHS REPSTG 1/,,K,USD,NYSE,XNYS,,,,,,,,,,,,,,,Banks,,,
718507605,DNA,GINKGO BIOWORKS HOLDINGS INC,,K,USD,NYSE,XNYS,,,,,,,,,,,,,,,Healthcare-Services,,,
718650450,PSUS,PERSHING SQUARE USA LTD,,K,USD,NYSE,XNYS,,,,,,,,,,,,,,,,,,
719731566,AOMN,ANGEL OAK MORTGAGE REIT INC,,K,USD,NYSE,XNYS,,,,,,,,,,,,,,,REITS,,,
722282314,SRFM,SURF AIR MOBILITY INC,,K,USD,NYSE,XNYS,,,,,,,,,,,,,,,Aerospace/Defense,,,
722740644,SBXD U,SILVERBOX CORP IV,,K,USD,NYSE,XNYS,,,,,,,,,,,,,,,Holding Companies-Divers,,,
723652189,GWH,ESS TECH INC,,K,USD,NYSE,XNYS,,,,,,,,,,,,,,,Electrical Compo&amp;Equip,,,
724681609,CIMO,CHIMERA INVESTMENT CORP,,K,USD,NYSE,XNYS,,,,,,,,,,,,,,,REITS,,,
725633619,BNT,BROOKFIELD WEALTH SOLUTIONS,,K,USD,NYSE,XNYS,,,,,,,,,,,,,,,Diversified Finan Serv,,,
725648194,INVX,INNOVEX INTERNATIONAL INC,,K,USD,NYSE,XNYS,,,,,,,,,,,,,,,Oil&amp;Gas Services,,,
725792504,LITB,LIGHTINTHEBOX HOLDING-ADR,,K,USD,NYSE,XNYS,,,,,,,,,,,,,,,Internet,,,
725797137,BKSY,BLACKSKY TECHNOLOGY INC,,K,USD,NYSE,XNYS,,,,,,,,,,,,,,,Telecommunications,,,
727524354,ZEPP,ZEPP HEALTH CORP-ADR,,K,USD,NYSE,XNYS,,,,,,,,,,,,,,,Home Furnishings,,,
727981234,EVTL,VERTICAL AEROSPACE LTD,,K,USD,NYSE,XNYS,,,,,,,,,,,,,,,Aerospace/Defense,,,
728168208,HPE PRC,HP ENTERPRISE CO,,K,USD,NYSE,XNYS,,,,,,,,,,,,,,,Computers,,,
728168227,CTEV,CLARITEV CORP,,K,USD,NYSE,XNYS,,,,,,,,,,,,,,,Software,,,
729193719,BLK,BLACKROCK INC,,K,USD,NYSE,XNYS,,,,,,,,,,,,,,,Diversified Finan Serv,,,
729217598,BIPJ,BROOKFIELD INFRA FIN ULC,,K,USD,NYSE,XNYS,,,,,,,,,,,,,,,Electric,,,
729362584,AMTM,AMENTUM HOLDINGS INC,,K,USD,NYSE,XNYS,,,,,,,,,,,,,,,Computers,,,
729367096,CURB,CURBLINE PROPERTIES CORP,,K,USD,NYSE,XNYS,,,,,,,,,,,,,,,REITS,,,
730640136,THIR,THOR INDEX ROTATION ETF,,K,USD,NYSE,XNYS,,,,,,,,,,,,,,,,,,
731109560,MMKT,TEXAS CAP GOVT MNY MRKT ETF,,K,USD,NYSE,XNYS,,,,,,,,,,,,,,,,,,
732963088,SOBO,SOUTH BOW CORP,,K,USD,NYSE,XNYS,,,,,,,,,,,,,,,Pipelines,,,
731109568,BKV,BKV CORPORATION,,K,USD,NYSE,XNYS,,,,,,,,,,,,,,,Oil&amp;Gas,,,
731109573,GRDN,GUARDIAN PHRMCY SERVICES-A,,K,USD,NYSE,XNYS,,,,,,,,,,,,,,,Pharmaceuticals,,,
731466408,TEL,TE CONNECTIVITY PLC,,K,USD,NYSE,XNYS,,,,,,,,,,,,,,,Electronics,,,
732027252,TNK,TEEKAY TANKERS LTD-CLASS A,,K,USD,NYSE,XNYS,,,,,,,,,,,,,,,Transportation,,,
732027280,TK,TEEKAY CORP LTD,,K,USD,NYSE,XNYS,,,,,,,,,,,,,,,Transportation,,,
732636195,FVR,FRONTVIEW REIT INC,,K,USD,NYSE,XNYS,,,,,,,,,,,,,,,REITS,,,
732636198,SARO,STANDARDAERO INC,,K,USD,NYSE,XNYS,,,,,,,,,,,,,,,Aerospace/Defense,,,
732735445,SBXD,SILVERBOX CORP IV-A,,K,USD,NYSE,XNYS,,,,,,,,,,,,,,,Holding Companies-Divers,,,
733131941,HAFN,HAFNIA LTD,,K,USD,NYSE,XNYS,,,,,,,,,,,,,,,Transportation,,,
733168198,CBNA,CHAIN BRIDGE BANCORP INC-A,,K,USD,NYSE,XNYS,,,,,,,,,,,,,,,Banks,,,
733466047,CICB,CION INVESTMENT CORP,,K,USD,NYSE,XNYS,,,,,,,,,,,,,,,Investment Companies,,,
733984849,MOOV,MOOVE LUBRICANTS HOLDINGS,,K,USD,NYSE,XNYS,,,,,,,,,,,,,,,Chemicals,,,
734184075,INFO,HARBOR PANAGORA DYC LCC ETF,,K,USD,NYSE,XNYS,,,,,,,,,,,,,,,,,,
734423787,EIIA,EAPIIF NEW YORK PFD,,K,USD,NYSE,XNYS,,,,,,,,,,,,,,,Diversified Finan Serv,,,
734424271,ARES PRB,ARES MANAGEMENT CORP,,K,USD,NYSE,XNYS,,,,,,,,,,,,,,,Diversified Finan Serv,,,
735658973,AHT,ASHFORD HOSPITALITY TRUST,,K,USD,NYSE,XNYS,,,,,,,,,,,,,,,REITS,,,
737178111,ECG,EVERUS CONSTRUCTION GROUP,,K,USD,NYSE,XNYS,,,,,,,,,,,,,,,Engineering&amp;Construction,,,
737201087,INGM,INGRAM MICRO HOLDING CORP,,K,USD,NYSE,XNYS,,,,,,,,,,,,,,,Electronics,,,
737874252,MAGN,MAGNERA CORP,,K,USD,NYSE,XNYS,,,,,,,,,,,,,,,Forest Products&amp;Paper,,,
738709855,NEE PRT,NEXTERA ENERGY INC,,K,USD,NYSE,XNYS,,,,,,,,,,,,,,,Electric,,,
739040164,BA PRA,BOEING CO DEP SHS REPSTG 1/20TH INT,,K,USD,NYSE,XNYS,,,,,,,,,,,,,,,Aerospace/Defense,,,
740054035,SPMA,SOUND PT MERIDIAN CAP INC PFD SHS W,,K,USD,NYSE,XNYS,,,,,,,,,,,,,,,Investment Companies,,,
740066865,PRMB,PRIMO BRANDS CORP,,K,USD,NYSE,XNYS,,,,,,,,,,,,,,,Beverages,,,
740948854,ANET,ARISTA NETWORKS INC,,K,USD,NYSE,XNYS,,,,,,,,,,,,,,,Telecommunications,,,
741185074,BALY,BALLY'S CORP,,K,USD,NYSE,XNYS,,,,,,,,,,,,,,,Entertainment,,,
742459262,ACLO,TCW AAA CLO ETF,,K,USD,NYSE,XNYS,,,,,,,,,,,,,,,,,,
742459265,IGCB,TCW CORPORATE BOND ETF,,K,USD,NYSE,XNYS,,,,,,,,,,,,,,,,,,
742459268,HYBX,TCW HIGH YIELD BOND ETF,,K,USD,NYSE,XNYS,,,,,,,,,,,,,,,,,,
742459275,MUSE,TCW MULTIS CREDIT INCOME ETF,,K,USD,NYSE,XNYS,,,,,,,,,,,,,,,,,,
742459278,SLNZ,TCW SENIOR LOAN ETF,,K,USD,NYSE,XNYS,,,,,,,,,,,,,,,,,,
743353381,PRM,PERIMETER SOLUTIONS INC,,K,USD,NYSE,XNYS,,,,,,,,,,,,,,,Chemicals,,,
744102298,SOR,SOURCE CAPITAL,,K,USD,NYSE,XNYS,,,,,,,,,,,,,,,,,,
744396821,CRBD,COREBRIDGE FINANCIAL INC,,K,USD,NYSE,XNYS,,,,,,,,,,,,,,,Insurance,,,
745721507,JACS U,JACKSON ACQUISITION CO II,,K,USD,NYSE,XNYS,,,,,,,,,,,,,,,Holding Companies-Divers,,,
745930019,AHL PRF,ASPEN INSURANCE HLDG LTD,,K,USD,NYSE,XNYS,,,,,,,,,,,,,,,Insurance,,,
746163414,MFSB,MFS ACTIVE CORE PLUS BOND,,K,USD,NYSE,XNYS,,,,,,,,,,,,,,,,,,
746163417,MFSG,MFS ACTIVE GROWTH,,K,USD,NYSE,XNYS,,,,,,,,,,,,,,,,,,
746163420,MFSM,MFS ACTIVE INTER MUNI BOND,,K,USD,NYSE,XNYS,,,,,,,,,,,,,,,,,,
746163424,MFSI,MFS ACTIVE INTERNATIONAL,,K,USD,NYSE,XNYS,,,,,,,,,,,,,,,,,,
746163429,MFSV,MFS ACTIVE VALUE,,K,USD,NYSE,XNYS,,,,,,,,,,,,,,,,,,
746163770,PCG PRX,PG&E CORP,,K,USD,NYSE,XNYS,,,,,,,,,,,,,,,Electric,,,
747567834,RCD,READY CAPITAL CORP,,K,USD,NYSE,XNYS,,,,,,,,,,,,,,,REITS,,,
747757158,PRCS,PARNASSUS CORE SELECT ETF,,K,USD,NYSE,XNYS,,,,,,,,,,,,,,,,,,
747757161,PRVS,PARNASSUS VALUE SELECT ETF,,K,USD,NYSE,XNYS,,,,,,,,,,,,,,,,,,
748351585,APTV,APTIV PLC,,K,USD,NYSE,XNYS,,,,,,,,,,,,,,,Auto Parts&amp;Equipment,,,
748353460,PDPA,PEARL DIVER CR CO INC SER A TERM P,,K,USD,NYSE,XNYS,,,,,,,,,,,,,,,Diversified Finan Serv,,,
748681028,ECCU,EAGLE POINT CREDIT CO,,K,USD,NYSE,XNYS,,,,,,,,,,,,,,,Closed-end Funds,,,
749040423,FEGE,FIRST EAGLE GL EQUITY ETF,,K,USD,NYSE,XNYS,,,,,,,,,,,,,,,,,,
749040424,FEOE,FIRST EAGLE OVERSEAS EQ ETF,,K,USD,NYSE,XNYS,,,,,,,,,,,,,,,,,,
751001208,TPZ,TORT ELECTF INFRA ETF-USD IN,,K,USD,NYSE,XNYS,,,,,,,,,,,,,,,,,,
751356945,BIPC,BROOKFIELD INFRASTRUCTURE-A,,K,USD,NYSE,XNYS,,,,,,,,,,,,,,,Gas,,,
751356948,BEPC,BROOKFIELD RENEWABLE CORP,,K,USD,NYSE,XNYS,,,,,,,,,,,,,,,Electric,,,
760569270,TIC,TIC SOLUTIONS INC,,K,USD,NYSE,XNYS,,,,,,,,,,,,,,,Commercial Services,,,
752731994,CNR,CORE NATURAL RESOURCES INC,,K,USD,NYSE,XNYS,,,,,,,,,,,,,,,Coal,,,
752943788,NCV,VIRTUS CONVERTIBLE & INCOME,,K,USD,NYSE,XNYS,,,,,,,,,,,,,,,,,,
752943794,NCZ,VIRTUS CONVERTIBLE & INCOME,,K,USD,NYSE,XNYS,,,,,,,,,,,,,,,,,,
753278762,OUT,OUTFRONT MEDIA INC,,K,USD,NYSE,XNYS,,,,,,,,,,,,,,,REITS,,,
753729019,ANG PRD,AMERICAN NATL GROUP INC NEW DEPOSIT,,K,USD,NYSE,XNYS,,,,,,,,,,,,,,,Insurance,,,
754087849,SOJF,SOUTHERN CO,,K,USD,NYSE,XNYS,,,,,,,,,,,,,,,Electric,,,
754102248,FLOC,FLOWCO HOLDINGS INC-CL A,,K,USD,NYSE,XNYS,,,,,,,,,,,,,,,Oil&amp;Gas Services,,,
754544278,FGSN,F&G ANNUITIES & LIFE INC,,K,USD,NYSE,XNYS,,,,,,,,,,,,,,,Insurance,,,
755606536,MRP,MILLROSE PROPERTIES,,K,USD,NYSE,XNYS,,,,,,,,,,,,,,,REITS,,,
755608633,RWTP,REDWOOD TRUST INC,,K,USD,NYSE,XNYS,,,,,,,,,,,,,,,REITS,,,
756373540,VG,VENTURE GLOBAL INC-CL A,,K,USD,NYSE,XNYS,,,,,,,,,,,,,,,Pipelines,,,
756555617,JACS RT,JACKSON ACQUISITION CO II,,K,USD,NYSE,XNYS,,,,,,,,,,,,,,,Holding Companies-Divers,,,
756555620,JACS,JACKSON ACQUISITION CO-CL A,,K,USD,NYSE,XNYS,,,,,,,,,,,,,,,Holding Companies-Divers,,,
756894871,LAR,LITHIUM ARGENTINA AG,,K,USD,NYSE,XNYS,,,,,,,,,,,,,,,Mining,,,
757877644,INR,INFINITY NATURAL RESOUR-CL A,,K,USD,NYSE,XNYS,,,,,,,,,,,,,,,Oil&amp;Gas,,,
758089699,MSIF,MSC INCOME FUND INC,,K,USD,NYSE,XNYS,,,,,,,,,,,,,,,Investment Companies,,,
759331638,GMMF,ISHARES GOVT MMKT ETF,,K,USD,NYSE,XNYS,,,,,,,,,,,,,,,,,,
759331641,PMMF,ISHRS PRIME MMKT ETF,,K,USD,NYSE,XNYS,,,,,,,,,,,,,,,,,,
759331719,TTAM,TITAN AMERICA SA,,K,USD,NYSE,XNYS,,,,,,,,,,,,,,,Building Materials,,,
759904220,TRTN PRF,TRITON INTERNATIONAL LTD,,K,USD,NYSE,XNYS,,,,,,,,,,,,,,,Commercial Services,,,
760582932,KRMN,KARMAN HOLDINGS INC,,K,USD,NYSE,XNYS,,,,,,,,,,,,,,,Aerospace/Defense,,,
760778290,NPB,NORTHPOINTE BANCSHARES INC,,K,USD,NYSE,XNYS,,,,,,,,,,,,,,,Banks,,,
760958705,PMTV,PENNYMAC MTGE INVESTMENT,,K,USD,NYSE,XNYS,,,,,,,,,,,,,,,REITS,,,
762549331,RHLD,RESOLUTE HOLDINGS MANAG,,K,USD,NYSE,XNYS,,,,,,,,,,,,,,,Diversified Finan Serv,,,
764486326,RAC U,RITHM ACQUISITION CORP,,K,USD,NYSE,XNYS,,,,,,,,,,,,,,,Holding Companies-Divers,,,
765262072,RPT PRC,RITHM PPTY TR INC PFD SER C,,K,USD,NYSE,XNYS,,,,,,,,,,,,,,,REITS,,,
766482473,KKR PRD,KKR & CO INC PFD MANDATORY CONV SER,,K,USD,NYSE,XNYS,,,,,,,,,,,,,,,Private Equity,,,
767284805,BK PRK,BANK OF NEW YORK MELLON CORP,,K,USD,NYSE,XNYS,,,,,,,,,,,,,,,Banks,,,
768194236,HFRO PRB,HIGHLAND OPPORTUNITIES AND INCOME FUND,,K,USD,NYSE,XNYS,,,,,,,,,,,,,,,Closed-end Funds,,,
771759969,NMAX,NEWSMAX INC,,K,USD,NYSE,XNYS,,,,,,,,,,,,,,,Internet,,,
772518042,SMA,SMARTSTOP SELF STORAGE REIT,,K,USD,NYSE,XNYS,,,,,,,,,,,,,,,REITS,,,
772518047,SOUL U,SOULPOWER ACQUISITION CORP,,K,USD,NYSE,XNYS,,,,,,,,,,,,,,,Holding Companies-Divers,,,
776725419,HFGM,UNLTD HFGM GLOBAL MACRO ETF,,K,USD,NYSE,XNYS,,,,,,,,,,,,,,,,,,
777166617,RAC,RITHM ACQUISITION CORP-A,,K,USD,NYSE,XNYS,,,,,,,,,,,,,,,Holding Companies-Divers,,,
777441513,DEA,EASTERLY GOVERNMENT PROPERTI,,K,USD,NYSE,XNYS,,,,,,,,,,,,,,,REITS,,,
779307616,CMDB,COSTAMARE BULKERS HOLDING,,K,USD,NYSE,XNYS,,,,,,,,,,,,,,,Transportation,,,
780709675,B,BARRICK MINING CORP,,K,USD,NYSE,XNYS,,,,,,,,,,,,,,,Mining,,,
780715499,COPL U,COPLEY ACQUISITION CORP,,K,USD,NYSE,XNYS,,,,,,,,,,,,,,,Holding Companies-Divers,,,
780983809,OR,OR ROYALTIES INC,,K,USD,NYSE,XNYS,,,,,,,,,,,,,,,Mining,,,
781540521,LION,LIONSGATE STUDIOS CORP,,K,USD,NYSE,XNYS,,,,,,,,,,,,,,,Entertainment,,,
782097056,AII,AMERICAN INTEGRITY INSURANCE,,K,USD,NYSE,XNYS,,,,,,,,,,,,,,,Insurance,,,
782583550,FOUR PRA,SHIFT4 PMTS INC MANDATORY PFD STK C,,K,USD,NYSE,XNYS,,,,,,,,,,,,,,,Commercial Services,,,
783247136,TPYP,TORTOISE NORTH AMERICAN PIPE,,K,USD,NYSE,XNYS,,,,,,,,,,,,,,,,,,
783893964,TWOD,TWO HBRS INVT CORP SR NT 009.375% 0,,K,USD,NYSE,XNYS,,,,,,,,,,,,,,,REITS,,,
784207063,SOUL,SOULPOWER ACQUISITION CO-A,,K,USD,NYSE,XNYS,,,,,,,,,,,,,,,Holding Companies-Divers,,,
784207064,SOUL RT,SOULPOWER ACQUISITION CORP,,K,USD,NYSE,XNYS,,,,,,,,,,,,,,,Holding Companies-Divers,,,
785071865,BMNR,BITMINE IMMERSION TECHNOLOGI,,K,USD,NYSE,XNYS,,,,,,,,,,,,,,,Diversified Finan Serv,,,
785075858,NEE PRU,NEXTERA ENERGY CAPITAL,,K,USD,NYSE,XNYS,,,,,,,,,,,,,,,Electric,,,
785370492,CIB,GRUPO CIBEST SA-ADR,,K,USD,NYSE,XNYS,,,,,,,,,,,,,,,Banks,,,
786034490,HNGE,HINGE HEALTH INC-A,,K,USD,NYSE,XNYS,,,,,,,,,,,,,,,Software,,,
786172159,MNTN,MNTN INC-A,,K,USD,NYSE,XNYS,,,,,,,,,,,,,,,Advertising,,,
789046083,AAUC,ALLIED GOLD CORP,,K,USD,NYSE,XNYS,,,,,,,,,,,,,,,Mining,,,
787273570,AOMD,ANGEL OAK MORTGAGE REIT INC,,K,USD,NYSE,XNYS,,,,,,,,,,,,,,,REITS,,,
787550824,COPL,COPLEY ACQUISITION CORP-A,,K,USD,NYSE,XNYS,,,,,,,,,,,,,,,Holding Companies-Divers,,,
787755303,JENA U,JENA ACQUISITION CORP II,,K,USD,NYSE,XNYS,,,,,,,,,,,,,,,Holding Companies-Divers,,,
787980769,SST,SYSTEM1 INC,,K,USD,NYSE,XNYS,,,,,,,,,,,,,,,Computers,,,
788453275,QXO PRB,QXO INC DEP SH REPSTG 1/20TH INT CO,,K,USD,NYSE,XNYS,,,,,,,,,,,,,,,Retail,,,
788703939,KKRT,KKR & CO INC SUB NT(DE),,K,USD,NYSE,XNYS,,,,,,,,,,,,,,,Private Equity,,,
789044667,CRCL,CIRCLE INTERNET GROUP INC,,K,USD,NYSE,XNYS,,,,,,,,,,,,,,,Diversified Finan Serv,,,
789486824,TGE,GENERATION ESSENTIALS GROU-A,,K,USD,NYSE,XNYS,,,,,,,,,,,,,,,Internet,,,
790400436,ASIC,ATEGRITY SPECIALTY HOLDINGS,,K,USD,NYSE,XNYS,,,,,,,,,,,,,,,Insurance,,,
790400443,VOYG,VOYAGER TECHNOLOGIES INC-A,,K,USD,NYSE,XNYS,,,,,,,,,,,,,,,Aerospace/Defense,,,
790694713,OTF,BLUE OWL TECHNOLOGY FINANCE,,K,USD,NYSE,XNYS,,,,,,,,,,,,,,,Investment Companies,,,
790695214,JBS,JBS NV-A,,K,USD,NYSE,XNYS,,,,,,,,,,,,,,,Food,,,
790893274,PMTW,PENNYMAC MTG INVESTMENT,,K,USD,NYSE,XNYS,,,,,,,,,,,,,,,REITS,,,
791454689,STEM,STEM INC,,K,USD,NYSE,XNYS,,,,,,,,,,,,,,,Energy-Alternate Sources,,,
791739625,TNGY,TORTOISE ENERGY ETF,,K,USD,NYSE,XNYS,,,,,,,,,,,,,,,,,,
791742712,FIXT,TCW CORE PLUS BOND ETF,,K,USD,NYSE,XNYS,,,,,,,,,,,,,,,,,,
792051315,RAL,RALLIANT CORP,,K,USD,NYSE,XNYS,,,,,,,,,,,,,,,Electronics,,,
792307606,WBX,WALLBOX NV,,K,USD,NYSE,XNYS,,,,,,,,,,,,,,,Electrical Compo&amp;Equip,,,
792315797,AMRZ,AMRIZE LTD,,K,USD,NYSE,XNYS,,,,,,,,,,,,,,,Building Materials,,,
793642110,OGC,OCEANAGOLD CORP,,K,USD,NYSE,XNYS,,,,,,,,,,,,,,,Mining,,,
794909199,JHX,JAMES HARDIE IND PLC,,K,USD,NYSE,XNYS,,,,,,,,,,,,,,,Building Materials,,,
794922965,AKAF,THE FRONTIER ECONOMIC FUND,,K,USD,NYSE,XNYS,,,,,,,,,,,,,,,,,,
796073426,EVAC U,EQV VENTURES ACQUISITION COR,,K,USD,NYSE,XNYS,,,,,,,,,,,,,,,Holding Companies-Divers,,,
798495514,CHPT,CHARGEPOINT HOLDINGS INC,,K,USD,NYSE,XNYS,,,,,,,,,,,,,,,Electrical Compo&amp;Equip,,,
798837421,TBLU,TORTOISE GLOBAL WATER ETF,,K,USD,NYSE,XNYS,,,,,,,,,,,,,,,,,,
798837444,PAII U,PYROPHYTE ACQUISITION CORP I,,K,USD,NYSE,XNYS,,,,,,,,,,,,,,,Holding Companies-Divers,,,
798837451,PEW,GRABAGUN DIGITAL HOLDINGS IN,,K,USD,NYSE,XNYS,,,,,,,,,,,,,,,Internet,,,
799138457,JENA RT,JENA ACQUISITION CORP II-RTS,,K,USD,NYSE,XNYS,,,,,,,,,,,,,,,Holding Companies-Divers,,,
799138460,JENA,JENA ACQUISITION CORP II - A,,K,USD,NYSE,XNYS,,,,,,,,,,,,,,,Holding Companies-Divers,,,
799143679,SPME,SOUND POINT MERIDIAN CAPITAL INC,,K,USD,NYSE,XNYS,,,,,,,,,,,,,,,Investment Companies,,,
799160844,HFEQ,UNLIMITED HFEQ EQUITY LS ETF,,K,USD,NYSE,XNYS,,,,,,,,,,,,,,,,,,
799160850,HFMF,UNLMTED HFMF MNGED FTRES ETF,,K,USD,NYSE,XNYS,,,,,,,,,,,,,,,,,,
801299795,NIQ,NIQ GLOBAL INTELLIGENCE PLC,,K,USD,NYSE,XNYS,,,,,,,,,,,,,,,Commercial Services,,,
801327622,ARX,ACCELERANT HOLDINGS-CL A,,K,USD,NYSE,XNYS,,,,,,,,,,,,,,,Insurance,,,
801327625,MH,MCGRAW HILL INC,,K,USD,NYSE,XNYS,,,,,,,,,,,,,,,Software,,,
802476467,AMBQ,AMBIQ MICRO INC,,K,USD,NYSE,XNYS,,,,,,,,,,,,,,,Semiconductors,,,
802794976,FIG,FIGMA INC-CL A,,K,USD,NYSE,XNYS,,,,,,,,,,,,,,,Software,,,
802794981,SI,SHOULDER INNOVATIONS INC,,K,USD,NYSE,XNYS,,,,,,,,,,,,,,,Healthcare-Products,,,
802801215,LOB PRA,LIVE OAK BANCSHARES INC DP SHS RPST,,K,USD,NYSE,XNYS,,,,,,,,,,,,,,,Banks,,,
803005698,AVBC,AVIDIA BANCORP INC,,K,USD,NYSE,XNYS,,,,,,,,,,,,,,,Banks,,,
803739970,CFG PRI,CITIZENS FINL GROUP INC DEP SHS REP,,K,USD,NYSE,XNYS,,,,,,,,,,,,,,,Banks,,,
803774815,NLY PRJ,ANNALY CAP MGMT INC CUM RED PFD SER,,K,USD,NYSE,XNYS,,,,,,,,,,,,,,,REITS,,,
804124941,TCAI,TORTOISE AI INFRASTRUCTR ETF,,K,USD,NYSE,XNYS,,,,,,,,,,,,,,,,,,
804495772,CFND,C1 FUND INC,,K,USD,NYSE,XNYS,,,,,,,,,,,,,,,,,,
805705289,BLSH,BULLISH,,K,USD,NYSE,XNYS,,,,,,,,,,,,,,,Software,,,
806021775,MIAX,MIAMI INTERNATIONAL HOLDINGS,,K,USD,NYSE,XNYS,,,,,,,,,,,,,,,Diversified Finan Serv,,,
806555905,EVAC,EQV VENTURES ACQUISITION C-A,,K,USD,NYSE,XNYS,,,,,,,,,,,,,,,Holding Companies-Divers,,,
808300520,XRN,CHIRON REAL ESTATE INC,,K,USD,NYSE,XNYS,,,,,,,,,,,,,,,REITS,,,
808613935,CNF,CNFINANCE HOLDINGS LTD,,K,USD,NYSE,XNYS,,,,,,,,,,,,,,,Diversified Finan Serv,,,
808619071,EAF,GRAFTECH INTERNATIONAL LTD,,K,USD,NYSE,XNYS,,,,,,,,,,,,,,,Miscellaneous Manufactur,,,
811021444,SSB,SOUTHSTATE BANK CORP,,K,USD,NYSE,XNYS,,,,,,,,,,,,,,,Banks,,,
811280215,PAII,PYROPHYTE ACQUISITION CORP-A,,K,USD,NYSE,XNYS,,,,,,,,,,,,,,,Holding Companies-Divers,,,
811725984,AGM PRH,FEDERAL AGRIC MTG CORP NON-CUMULATI,,K,USD,NYSE,XNYS,,,,,,,,,,,,,,,Sovereign,,,
811739086,SOS,SOS LTD-A,,K,USD,NYSE,XNYS,,,,,,,,,,,,,,,Investment Companies,,,
812511737,KLAR,KLARNA GROUP PLC,,K,USD,NYSE,XNYS,,,,,,,,,,,,,,,Commercial Services,,,
812809135,SQNS,SEQUANS COMMUNICATIONS-ADR,,K,USD,NYSE,XNYS,,,,,,,,,,,,,,,Semiconductors,,,
812853295,ANGX,ANGEL STUDIOS INC,,K,USD,NYSE,XNYS,,,,,,,,,,,,,,,Entertainment,,,
813093254,VIA,VIA TRANSPORTATION INC-CL A,,K,USD,NYSE,XNYS,,,,,,,,,,,,,,,Software,,,
814089479,STUB,STUBHUB HOLDINGS INC-CLASS A,,K,USD,NYSE,XNYS,,,,,,,,,,,,,,,Internet,,,
814089480,WBI,WATERBRIDGE INFRASTRUC-CL A,,K,USD,NYSE,XNYS,,,,,,,,,,,,,,,Oil&amp;Gas Services,,,
814794856,CIMP,CHIMERA INVESTMENT CORP,,K,USD,NYSE,XNYS,,,,,,,,,,,,,,,REITS,,,
816850969,DTK,DTE ENERGY CO,,K,USD,NYSE,XNYS,,,,,,,,,,,,,,,Electric,,,
816879126,MMID,MFS ACTIVE MID CAP ETF,,K,USD,NYSE,XNYS,,,,,,,,,,,,,,,,,,
817230116,AEXA,AMERICAN EXCEPTIONALISM-CL A,,K,USD,NYSE,XNYS,,,,,,,,,,,,,,,Holding Companies-Divers,,,
817230123,FCRS U,FUTURECREST ACQUISITION CORP,,K,USD,NYSE,XNYS,,,,,,,,,,,,,,,Holding Companies-Divers,,,
817815740,WOLF,WOLFSPEED INC,,K,USD,NYSE,XNYS,,,,,,,,,,,,,,,Semiconductors,,,
817957145,RITM PRE,RITHM CAP CORP SER E FXD-RATE CUMUL,,K,USD,NYSE,XNYS,,,,,,,,,,,,,,,REITS,,,
818284919,BCSS U,BAIN CAPITAL GSS INVESTMENT,,K,USD,NYSE,XNYS,,,,,,,,,,,,,,,Holding Companies-Divers,,,
818284930,NP,NEPTUNE INSURANCE HOLDI-CL A,,K,USD,NYSE,XNYS,,,,,,,,,,,,,,,Insurance,,,
818627506,KRSP U,RICE ACQUISITION CORP 3,,K,USD,NYSE,XNYS,,,,,,,,,,,,,,,Holding Companies-Divers,,,
818630468,YCY U,AA MISSION ACQUISITION CORP,,K,USD,NYSE,XNYS,,,,,,,,,,,,,,,Holding Companies-Divers,,,
819397091,AIIA U,AI INFRASTRUCTURE ACQUISITIO,,K,USD,NYSE,XNYS,,,,,,,,,,,,,,,Holding Companies-Divers,,,
820579945,ALH,ALLIANCE LAUNDRY HOLDINGS IN,,K,USD,NYSE,XNYS,,,,,,,,,,,,,,,Home Furnishings,,,
820617512,PXED,PHOENIX EDUCATION PARTNERS I,,K,USD,NYSE,XNYS,,,,,,,,,,,,,,,Internet,,,
821226907,TCPA,TRANSCANADA PIPELINES LTD 6.250% JR,,K,USD,NYSE,XNYS,,,,,,,,,,,,,,,Pipelines,,,
824788107,Q,QNITY ELECTRONICS INC,,K,USD,NYSE,XNYS,,,,,,,,,,,,,,,Chemicals,,,
824828112,BRCE,MFS BR CORE EQUITY ETF,,K,USD,NYSE,XNYS,,,,,,,,,,,,,,,,,,
824830051,BRIE,MFS BR INTL EQUITY ETF,,K,USD,NYSE,XNYS,,,,,,,,,,,,,,,,,,
826135929,YCY,AA MISSION ACQUISITION-A,,K,USD,NYSE,XNYS,,,,,,,,,,,,,,,Holding Companies-Divers,,,
827250342,CCID,CARLYLE CR INCOME FD PFD CL D,,K,USD,NYSE,XNYS,,,,,,,,,,,,,,,Closed-end Funds,,,
827301822,VACI U,VIKING ACQUISITIONS CORP I,,K,USD,NYSE,XNYS,,,,,,,,,,,,,,,Holding Companies-Divers,,,
827303554,SUNC,SUNOCOCORP LLC,,K,USD,NYSE,XNYS,,,,,,,,,,,,,,,Pipelines,,,
827707267,LXP,LXP INDUSTRIAL TRUST,,K,USD,NYSE,XNYS,,,,,,,,,,,,,,,REITS,,,
827748448,MTB PRK,M&T BK CORP DEP SHS REPSTG 1/400TH,,K,USD,NYSE,XNYS,,,,,,,,,,,,,,,Banks,,,
827749273,BETA,BETA TECHNOLOGIES INC -CL A,,K,USD,NYSE,XNYS,,,,,,,,,,,,,,,Aerospace/Defense,,,
828049091,XZO,EXZEO GROUP INC,,K,USD,NYSE,XNYS,,,,,,,,,,,,,,,Insurance,,,
828378995,EVMN,EVOMMUNE INC,,K,USD,NYSE,XNYS,,,,,,,,,,,,,,,Biotechnology,,,
828378998,AERO,GRUPO AEROMEXICO SAB DE CV,,K,USD,NYSE,XNYS,,,,,,,,,,,,,,,Airlines,,,
829305680,SOMN,SOUTHERN CO CORP UNIT,,K,USD,NYSE,XNYS,,,,,,,,,,,,,,,Electric,,,
830386206,BCSS,BAIN CAPITAL GSS INV- A,,K,USD,NYSE,XNYS,,,,,,,,,,,,,,,Holding Companies-Divers,,,
830405601,ALUB U,ALUSSA ENERGY ACQUISITION CO,,K,USD,NYSE,XNYS,,,,,,,,,,,,,,,Holding Companies-Divers,,,
830625031,KRSP,RICE ACQUISITION CORP 3 - A,,K,USD,NYSE,XNYS,,,,,,,,,,,,,,,Holding Companies-Divers,,,
831089019,CANG,CANGO INC/KY - CLASS A,,K,USD,NYSE,XNYS,,,,,,,,,,,,,,,Investment Companies,,,
831418652,FSSL,FS SPECIALTY LENDING FUND,,K,USD,NYSE,XNYS,,,,,,,,,,,,,,,,,,
831426175,PINE PRA,ALPINE INCOME PPTY TR INC PFD REDE,,K,USD,NYSE,XNYS,,,,,,,,,,,,,,,REITS,,,
831843620,DEC,DIVERSIFIED ENERGY CO,,K,USD,NYSE,XNYS,,,,,,,,,,,,,,,Oil&amp;Gas,,,
831872607,VACI,VIKING ACQUISITION CORP - A,,K,USD,NYSE,XNYS,,,,,,,,,,,,,,,Holding Companies-Divers,,,
832127764,XRN PRB,GLOBAL MED REIT INC CUMULATIVE REDE,,K,USD,NYSE,XNYS,,,,,,,,,,,,,,,REITS,,,
832140754,HPP,HUDSON PACIFIC PROPERTIES IN,,K,USD,NYSE,XNYS,,,,,,,,,,,,,,,REITS,,,
832479154,FCRS,FUTURECREST ACQUISITION-CL A,,K,USD,NYSE,XNYS,,,,,,,,,,,,,,,Holding Companies-Divers,,,
832486222,AIIA,AI INFRASTRUCTURE AC-A,,K,USD,NYSE,XNYS,,,,,,,,,,,,,,,Holding Companies-Divers,,,
832486249,AIIA RT,AI INFRASTRUCTURE ACQUISITIO,,K,USD,NYSE,XNYS,,,,,,,,,,,,,,,Holding Companies-Divers,,,
833191541,RWTQ,REDWOOD TRUST INC PREFERRED,,K,USD,NYSE,XNYS,,,,,,,,,,,,,,,REITS,,,
833194082,UL,UNILEVER PLC-SPONSORED ADR,,K,USD,NYSE,XNYS,,,,,,,,,,,,,,,Cosmetics/Personal Care,,,
834270053,CWK,CUSHMAN & WAKEFIELD LTD,,K,USD,NYSE,XNYS,,,,,,,,,,,,,,,Real Estate,,,
834535020,BFH PRA,BREAD FINL HLDGS INC DEP SHS REPSTG,,K,USD,NYSE,XNYS,,,,,,,,,,,,,,,Diversified Finan Serv,,,
835894408,SAC U,SAFEGUARD ACQUISITION CORP,,K,USD,NYSE,XNYS,,,,,,,,,,,,,,,Holding Companies-Divers,,,
835894782,SBXE U,SILVERBOX CORP V,,K,USD,NYSE,XNYS,,,,,,,,,,,,,,,Holding Companies-Divers,,,
835896191,NWAX U,NEW AMERICA ACQUISITION I CO,,K,USD,NYSE,XNYS,,,,,,,,,,,,,,,Holding Companies-Divers,,,
836365978,MICC,MAGNUM ICE CREAM CO NV/THE,,K,USD,NYSE,XNYS,,,,,,,,,,,,,,,Food,,,
837468789,XXI,TWENTY ONE CAPITAL INC-CL A,,K,USD,NYSE,XNYS,,,,,,,,,,,,,,,Diversified Finan Serv,,,
838612589,RONB,BARON FIRST PRINCIPLES ETF,,K,USD,NYSE,XNYS,,,,,,,,,,,,,,,,,,
838612595,BCGD,BARON GLOBAL DURABLE ADV ETF,,K,USD,NYSE,XNYS,,,,,,,,,,,,,,,,,,
838612598,BCSM,BARON SMID CAP ETF,,K,USD,NYSE,XNYS,,,,,,,,,,,,,,,,,,
838625851,ANDG,ANDERSEN GROUP INC - A,,K,USD,NYSE,XNYS,,,,,,,,,,,,,,,Commercial Services,,,
839277078,BPRE,BLUEROCK PRIVATE REAL ESTATE,,K,USD,NYSE,XNYS,,,,,,,,,,,,,,,,,,
840179321,BEBE U,TGE VALUE CREATIVE SOLUTIONS,,K,USD,NYSE,XNYS,,,,,,,,,,,,,,,Holding Companies-Divers,,,
840411975,AXIA PRC,AXIA ENERGIA-ADR PREF C,,K,USD,NYSE,XNYS,,,,,,,,,,,,,,,Electric,,,
840414918,QGEN,QIAGEN N.V.,,K,USD,NYSE,XNYS,,,,,,,,,,,,,,,Healthcare-Products,,,
841260649,RPT,RITHM PROPERTY TRUST INC,,K,USD,NYSE,XNYS,,,,,,,,,,,,,,,REITS,,,
841841359,PNFP,PINNACLE FINANCIAL PARTNERS,,K,USD,NYSE,XNYS,,,,,,,,,,,,,,,Banks,,,
842016525,AXIA PR,AXIA ENERGIA-ADR PREF,,K,USD,NYSE,XNYS,,,,,,,,,,,,,,,Electric,,,
842933177,PNFP PRB,TEEL NEWCO INC PREFFERED,,K,USD,NYSE,XNYS,,,,,,,,,,,,,,,Banks,,,
842933180,PNFP PRA,TEEL NEWCO INC PREFFERED,,K,USD,NYSE,XNYS,,,,,,,,,,,,,,,Banks,,,
843167163,BIII U,BLACK SPADE ACQUISITION III,,K,USD,NYSE,XNYS,,,,,,,,,,,,,,,Holding Companies-Divers,,,
843494123,PNFP PRC,PINNACLE FINL PART INC NW FXD FL RT,,K,USD,NYSE,XNYS,,,,,,,,,,,,,,,Banks,,,
843508860,ALUB,ALUSSA ENERGY ACQUISIT II-A,,K,USD,NYSE,XNYS,,,,,,,,,,,,,,,Holding Companies-Divers,,,
845303166,TRTN PRG,TRITON INTERNATIONAL LTD,,K,USD,NYSE,XNYS,,,,,,,,,,,,,,,Commercial Services,,,
845305949,AMCR,AMCOR PLC,,K,USD,NYSE,XNYS,,,,,,,,,,,,,,,Packaging&amp;Containers,,,
845891725,SRJN,SPIRE INC,,K,USD,NYSE,XNYS,,,,,,,,,,,,,,,Gas,,,
845911437,RITM PRF,RITHM CAP CORP RESET RED PFD SER F,,K,USD,NYSE,XNYS,,,,,,,,,,,,,,,REITS,,,
847074070,SBXE,SILVERBOX CORP V-CL A,,K,USD,NYSE,XNYS,,,,,,,,,,,,,,,Holding Companies-Divers,,,
847099374,BTGO,BITGO HOLDINGS INC-CL A,,K,USD,NYSE,XNYS,,,,,,,,,,,,,,,Software,,,
847686920,NWAX,NEW AMERICA ACQUISITION-CL A,,K,USD,NYSE,XNYS,,,,,,,,,,,,,,,Holding Companies-Divers,,,
848266071,SAC,SAFEGUARD ACQUISITION C-CL A,,K,USD,NYSE,XNYS,,,,,,,,,,,,,,,Holding Companies-Divers,,,
848753921,AWP,ABRDN GLOBAL PREMIER PROPERT,,K,USD,NYSE,XNYS,,,,,,,,,,,,,,,,,,
849555240,BIII,BLACK SPADE ACQUISITION-CL A,,K,USD,NYSE,XNYS,,,,,,,,,,,,,,,Holding Companies-Divers,,,
849557888,YSS,YORK SPACE SYSTEMS INC,,K,USD,NYSE,XNYS,,,,,,,,,,,,,,,Aerospace/Defense,,,
850027846,C PRR,CITI GROUP INC PREFERRED,,K,USD,NYSE,XNYS,,,,,,,,,,,,,,,Banks,,,
850324517,MANE,VERADERMICS INC,,K,USD,NYSE,XNYS,,,,,,,,,,,,,,,Pharmaceuticals,,,
850790318,WPAC U,WHITE PEARL ACQUISITION CORP,,K,USD,NYSE,XNYS,,,,,,,,,,,,,,,Holding Companies-Divers,,,
850790325,BEBE,TGE VALUE CREATIVE SOLU-CL A,,K,USD,NYSE,XNYS,,,,,,,,,,,,,,,Holding Companies-Divers,,,
851243292,IRAB U,IRIS ACQUISITION CORP II,,K,USD,NYSE,XNYS,,,,,,,,,,,,,,,Holding Companies-Divers,,,
851509154,BOBS,BOB'S DISCOUNT FURNITURE,,K,USD,NYSE,XNYS,,,,,,,,,,,,,,,Retail,,,
851538894,CLBR U,COLOMBIER ACQSTN CORP III,,K,USD,NYSE,XNYS,,,,,,,,,,,,,,,Holding Companies-Divers,,,
851539566,FPS,FORGENT POWER SOLUTIONS INC,,K,USD,NYSE,XNYS,,,,,,,,,,,,,,,Machinery-Constr&amp;Mining,,,
851828475,OFRM,ONCE UPON A FARM PBC,,K,USD,NYSE,XNYS,,,,,,,,,,,,,,,Food,,,
852621831,ORCL PRD,ORACLE CORP DEPOSITARY SHS REP 1/20,,K,USD,NYSE,XNYS,,,,,,,,,,,,,,,Software,,,
853045159,WAGN,PABRAI WAGONS ETF,,K,USD,NYSE,XNYS,,,,,,,,,,,,,,,,,,
853053465,SAV,SARATOGA INVESTMENT CORP,,K,USD,NYSE,XNYS,,,,,,,,,,,,,,,Investment Companies,,,
853053472,PIPR,PIPER SANDLER COS,,K,USD,NYSE,XNYS,,,,,,,,,,,,,,,Diversified Finan Serv,,,
853066630,AGBK,AGI INC-CL A,,K,USD,NYSE,XNYS,,,,,,,,,,,,,,,Banks,,,
853830429,MMK,STATE STREET PR MON MAR ETF,,K,USD,NYSE,XNYS,,,,,,,,,,,,,,,,,,
854083840,INFQ,INFLEQTION INC,,K,USD,NYSE,XNYS,,,,,,,,,,,,,,,Computers,,,
854104967,XFLH U,XFLH CAPITAL CORP,,K,USD,NYSE,XNYS,,,,,,,,,,,,,,,Holding Companies-Divers,,,
854923603,CICC,CION INVT CORP NT 7.500% 03/31/31,,K,USD,NYSE,XNYS,,,,,,,,,,,,,,,Investment Companies,,,
856697823,IRAB,IRIS ACQUISITION CORP I-CL A,,K,USD,NYSE,XNYS,,,,,,,,,,,,,,,Holding Companies-Divers,,,
856697827,WPAC RT,WHITE PEARL ACQUISITION CORP,,K,USD,NYSE,XNYS,,,,,,,,,,,,,,,Holding Companies-Divers,,,
856697830,WPAC,WHITE PEARL ACQUISITION CO-A,,K,USD,NYSE,XNYS,,,,,,,,,,,,,,,Holding Companies-Divers,,,
857733918,TRAD U,APEX TECH ACQUISITION INC,,K,USD,NYSE,XNYS,,,,,,,,,,,,,,,Holding Companies-Divers,,,
857733993,MZYX U,MOZAYYX ACQUISITION CORP,,K,USD,NYSE,XNYS,,,,,,,,,,,,,,,Holding Companies-Divers,,,
858138573,PPLC,PPL CORPORATION,,K,USD,NYSE,XNYS,,,,,,,,,,,,,,,Electric,,,
858451255,WHR PRA,WHIRLPOOL CORP,,K,USD,NYSE,XNYS,,,,,,,,,,,,,,,Home Furnishings,,,
858494169,SUNB,SUNBELT RENTALS HOLDINGS INC,,K,USD,NYSE,XNYS,,,,,,,,,,,,,,,Commercial Services,,,
859478795,NEE PRV,NEXTERA ENERGY INC,,K,USD,NYSE,XNYS,,,,,,,,,,,,,,,Electric,,,
860094814,KCAC U,KENSINGTON CAPITAL ACQUISITI,,K,USD,NYSE,XNYS,,,,,,,,,,,,,,,Holding Companies-Divers,,,
860467883,BREE,MFS BR EM EQUITY ETF,,K,USD,NYSE,XNYS,,,,,,,,,,,,,,,,,,
860489383,GLED U,GALAXYEDGE ACQUISITION CORP,,K,USD,NYSE,XNYS,,,,,,,,,,,,,,,Holding Companies-Divers,,,
860490275,RVI,ROBINHOOD VENTURES FUND I,,K,USD,NYSE,XNYS,,,,,,,,,,,,,,,,,,
860755854,FTW,PRESIDIO PRODUCTION CO-A,,K,USD,NYSE,XNYS,,,,,,,,,,,,,,,Oil&amp;Gas,,,
860938591,XFLH,XFLH CAPITAL CORP,,K,USD,NYSE,XNYS,,,,,,,,,,,,,,,Holding Companies-Divers,,,
860939269,XFLH RT,XFLH CAPITAL CORP,,K,USD,NYSE,XNYS,,,,,,,,,,,,,,,Holding Companies-Divers,,,
861863538,COOK,TRAEGER INC,,K,USD,NYSE,XNYS,,,,,,,,,,,,,,,Home Furnishings,,,
862417127,XFLT,XAI OCTAGON FLTNG RT & ALT,,K,USD,NYSE,XNYS,,,,,,,,,,,,,,,,,,
862542826,MTAL U,METALS ACQUISITION CORP II,,K,USD,NYSE,XNYS,,,,,,,,,,,,,,,Holding Companies-Divers,,,
862833903,FHN PRH,FIRST HORIZON CORP DEP SH REPSTG 1/,,K,USD,NYSE,XNYS,,,,,,,,,,,,,,,Banks,,,
863841644,VCX,FUNDRISE INNOVATION FUND LLC,,K,USD,NYSE,XNYS,,,,,,,,,,,,,,,,,,
864281476,FUBO,FUBOTV INC -CLASS A,,K,USD,NYSE,XNYS,,,,,,,,,,,,,,,Internet,,,
865214463,JAN,JANUS LIVING INC CL-A-1,,K,USD,NYSE,XNYS,,,,,,,,,,,,,,,REITS,,,
865634599,VGNT,VERSIGENT PLC,,K,USD,NYSE,XNYS,,,,,,,,,,,,,,,Auto Parts&amp;Equipment,,,
865765838,BWIV U,BLUE WATER ACQUISITION CORP,,K,USD,NYSE,XNYS,,,,,,,,,,,,,,,Holding Companies-Divers,,,
865766229,CLBR,COLOMBIER ACQ III-CL A,,K,USD,NYSE,XNYS,,,,,,,,,,,,,,,Holding Companies-Divers,,,
866485437,AGL,AGILON HEALTH INC,,K,USD,NYSE,XNYS,,,,,,,,,,,,,,,Healthcare-Services,,,
866918764,NEE PRW,NEXTERA ENERGY CAP HLDGS INC GTD JR,,K,USD,NYSE,XNYS,,,,,,,,,,,,,,,Electric,,,
867879630,UNIU,RIVERNORTH LNG PRM UNIC 2028,,K,USD,NYSE,XNYS,,,,,,,,,,,,,,,,,,
867879892,UNID,RIVERNORTH SHR PRM UNIC 2028,,K,USD,NYSE,XNYS,,,,,,,,,,,,,,,,,,
868140240,BARK,BARK INC,,K,USD,NYSE,XNYS,,,,,,,,,,,,,,,Internet,,,
868953526,BBUC,BROOKFIELD BUSINESS CORP-A,,K,USD,NYSE,XNYS,,,,,,,,,,,,,,,Investment Companies,,,
869314623,KPET U,KPET ULTRA PACELINE CORP,,K,USD,NYSE,XNYS,,,,,,,,,,,,,,,Holding Companies-Divers,,,
871033325,CFTR PRA,CANTOR FITZGERALD INCOME TR INC SER,,K,USD,NYSE,XNYS,,,,,,,,,,,,,,,REITS,,,
871579967,QRED U,QUASAREDGE ACQUISITION CORP,,K,USD,NYSE,XNYS,,,,,,,,,,,,,,,Holding Companies-Divers,,,
871579970,THMR,THOR ADAPTIVERISK DYNMIC ETF,,K,USD,NYSE,XNYS,,,,,,,,,,,,,,,,,,
871612896,BCEM,BARON EM SELECT ETF,,K,USD,NYSE,XNYS,,,,,,,,,,,,,,,,,,
872502400,GLED RT,GALAXYEDGE ACQUISITION CO-R,,K,USD,NYSE,XNYS,,,,,,,,,,,,,,,Holding Companies-Divers,,,
872502862,GLED,GALAXYEDGE ACQUISITION CORP,,K,USD,NYSE,XNYS,,,,,,,,,,,,,,,Holding Companies-Divers,,,
872502864,MTAL,METALS ACQUISITION II-CL A,,K,USD,NYSE,XNYS,,,,,,,,,,,,,,,Holding Companies-Divers,,,
872864819,PLUN U,PLUTONIAN ACQUISITION CORP I,,K,USD,NYSE,XNYS,,,,,,,,,,,,,,,Holding Companies-Divers,,,
873192317,TRAD RT,APEX TECH ACQUISITION INC-R,,K,USD,NYSE,XNYS,,,,,,,,,,,,,,,Holding Companies-Divers,,,
873192322,TRAD,APEX TECH ACQUISITION INC,,K,USD,NYSE,XNYS,,,,,,,,,,,,,,,Holding Companies-Divers,,,
873192327,MZYX,MOZAYYX ACQUISITION COR-CL A,,K,USD,NYSE,XNYS,,,,,,,,,,,,,,,Holding Companies-Divers,,,
873225333,MAIR,MADISON AIR SOLUTIONS CORP-A,,K,USD,NYSE,XNYS,,,,,,,,,,,,,,,Building Materials,,,
873473252,UP,WHEELS UP EXPERIENCE INC,,K,USD,NYSE,XNYS,,,,,,,,,,,,,,,Airlines,,,
873538145,AVEX,AEVEX CORP CL-A,,K,USD,NYSE,XNYS,,,,,,,,,,,,,,,Aerospace/Defense,,,
873837760,KCA U,KENSINGTON CAPITAL ACQUISITI,,K,USD,NYSE,XNYS,,,,,,,,,,,,,,,Holding Companies-Divers,,,
877316218,PS,PERSHING SQUARE INC,,K,USD,NYSE,XNYS,,,,,,,,,,,,,,,Diversified Finan Serv,,,
878372298,CCL,CARNIVAL CORP LTD,,K,USD,NYSE,XNYS,,,,,,,,,,,,,,,Leisure Time,,,
878376251,MTNE U,CH4 NATURAL SOLUTIONS CORP,,K,USD,NYSE,XNYS,,,,,,,,,,,,,,,Holding Companies-Divers,,,
878376254,WENC U,WEST ENCLAVE MERGER CORP,,K,USD,NYSE,XNYS,,,,,,,,,,,,,,,Holding Companies-Divers,,,
878691379,ELLA,ELLINGTON CREDIT COMPANY,,K,USD,NYSE,XNYS,,,,,,,,,,,,,,,Closed-end Funds,,,
878753313,ETSS U,ENERGY TRANSITION SPECIAL OP,,K,USD,NYSE,XNYS,,,,,,,,,,,,,,,Holding Companies-Divers,,,
878753316,QLEP U,QUANTUM LEAP ACQUISITION COR,,K,USD,NYSE,XNYS,,,,,,,,,,,,,,,Holding Companies-Divers,,,
879850959,BWIV,BLUE WATER ACQUISITION-CL A,,K,USD,NYSE,XNYS,,,,,,,,,,,,,,,Holding Companies-Divers,,,
879876146,VECA U,VERNAL CAPITAL ACQUISITION C,,K,USD,NYSE,XNYS,,,,,,,,,,,,,,,Holding Companies-Divers,,,
879876152,HAWK,HAWKEYE 360 INC,,K,USD,NYSE,XNYS,,,,,,,,,,,,,,,Aerospace/Defense,,,
880200689,ENHA,ENHANCED GROUP INC,,K,USD,NYSE,XNYS,,,,,,,,,,,,,,,Cosmetics/Personal Care,,,
880200707,QRED,QUASAREDGE ACQUISITION CORP,,K,USD,NYSE,XNYS,,,,,,,,,,,,,,,Holding Companies-Divers,,,
880200710,QRED RT,QUASAREDGE ACQUISITION CORP,,K,USD,NYSE,XNYS,,,,,,,,,,,,,,,Holding Companies-Divers,,,
880200713,SAGU U,SHREYA ACQUISITION GROUP,,K,USD,NYSE,XNYS,,,,,,,,,,,,,,,Holding Companies-Divers,,,
880604018,OTAI U,STARLINK AI ACQUISITION CORP,,K,USD,NYSE,XNYS,,,,,,,,,,,,,,,Holding Companies-Divers,,,
881493330,BFH PRB,BREAD FINL HLDGS INC DEP SHS / 1/40,,K,USD,NYSE,XNYS,,,,,,,,,,,,,,,Diversified Finan Serv,,,
881566861,GMRS,GMR SOLUTIONS INC-A,,K,USD,NYSE,XNYS,,,,,,,,,,,,,,,Healthcare-Services,,,
881954917,TYG RTWI,TORTOISE ENERGY INFRAS-RT,,K,USD,NYSE,XNYS,,,,,,,,,,,,,,,Closed-end Funds,,,
881987414,WENC RT,WEST ENCLAVE MERGER CORP-RT,,K,USD,NYSE,XNYS,,,,,,,,,,,,,,,Holding Companies-Divers,,,
881989902,WENC,WEST ENCLAVE MERGER CORP,,K,USD,NYSE,XNYS,,,,,,,,,,,,,,,Holding Companies-Divers,,,
881993794,BXDC,BLACKSTONE DIGITAL INFRASTRU,,K,USD,NYSE,XNYS,,,,,,,,,,,,,,,REITS,,,
881993799,EROK,EAGLEROCK LAND LLC -CL A,,K,USD,NYSE,XNYS,,,,,,,,,,,,,,,Oil&amp;Gas,,,
881993800,USPE,TAP US PRIVATE EQUITY FOF,,K,USD,NYSE,XNYS,,,,,,,,,,,,,,,,,,
882326191,KPET,KPET ULTRA PACELINE COR-CL A,,K,USD,NYSE,XNYS,,,,,,,,,,,,,,,Holding Companies-Divers,,,
883665521,VECA,VERNAL CAPITAL ACQUI CORP,,K,USD,NYSE,XNYS,,,,,,,,,,,,,,,Holding Companies-Divers,,,
883665524,VECA RT,VERNAL CAPITAL ACQUISITI-RTS,,K,USD,NYSE,XNYS,,,,,,,,,,,,,,,Holding Companies-Divers,,,
884047191,LCLN,LINCOLN INTERNATIONAL INC,,K,USD,NYSE,XNYS,,,,,,,,,,,,,,,Diversified Finan Serv,,,
