conid,ticker,currency,listingExchange,countryCode,name,assetClass,group,sector,sectorGroup,type,hasOptions,fullName
5094,BMO,USD,NYSE,US,BANK OF MONTREAL,STK,Banks,Financial,Commer Banks Non-US,COMMON,true,BMO
15156975,BNS,USD,NYSE,US,BANK OF NOVA SCOTIA,STK,Banks,Financial,Diversified Banking Inst,COMMON,true,BNS
121811784,TU,USD,NYSE,US,TELUS CORP,STK,Telecommunications,Communications,Telecom Services,COMMON,true,TU
6607659,CM,USD,NYSE,US,CAN IMPERIAL BK OF COMMERCE,STK,Banks,Financial,Commer Banks Non-US,COMMON,true,CM
11926119,CNQ,USD,NYSE,US,CANADIAN NATURAL RESOURCES,STK,Oil&amp;Gas,Energy,Oil Comp-Explor&amp;Prodtn,COMMON,true,CNQ
4457163,CNI,USD,NYSE,US,CANADIAN NATL RAILWAY CO,STK,Transportation,Industrial,Transport-Rail,COMMON,true,CNI
4730124,ENB,USD,NYSE,US,ENBRIDGE INC,STK,Pipelines,Energy,Pipelines,COMMON,true,ENB
2008980,RY,USD,NYSE,US,ROYAL BANK OF CANADA,STK,Banks,Financial,Commer Banks Non-US,COMMON,true,RY
14487456,TAC,USD,NYSE,US,TRANSALTA CORP,STK,Electric,Utilities,Electric-Generation,COMMON,true,TAC
2009210,TD,USD,NYSE,US,TORONTO-DOMINION BANK,STK,Banks,Financial,Commer Banks Non-US,COMMON,true,TD
39921623,TECK,USD,NYSE,US,TECK RESOURCES LTD-CLS B,STK,Mining,Basic Materials,Metal-Diversified,COMMON,true,TECK
851181134,AZN,USD,NYSE,US,ASTRAZENECA PLC,STK,Pharmaceuticals,"Consumer, Non-cyclical",Medical-Drugs,COMMON,true,AZN
4065,ABT,USD,NYSE,US,ABBOTT LABORATORIES .,STK,Healthcare-Products,"Consumer, Non-cyclical",Medical Products,COMMON,true,ABT
13435352,DB,USD,NYSE,US,DEUTSCHE BANK AG-REGISTERED,STK,Banks,Financial,Diversified Banking Inst,COMMON,true,DB
3804335,SAP,USD,NYSE,US,SAP SE-SPONSORED ADR,STK,Software,Technology,Enterprise Software/Serv,ADR,true,SAP
837140579,TTE,USD,NYSE,US,TOTALENERGIES SE,STK,Oil&amp;Gas,Energy,Oil Comp-Integrated,COMMON,true,TTE
4721,AXP,USD,NYSE,US,AMERICAN EXPRESS CO,STK,Diversified Finan Serv,Financial,Finance-Credit Card,COMMON,true,AXP
5749,CL,USD,NYSE,US,COLGATE-PALMOLIVE CO,STK,Cosmetics/Personal Care,"Consumer, Non-cyclical",Cosmetics&amp;Toiletries,COMMON,true,CL
8314,IBM,USD,NYSE,US,INTL BUSINESS MACHINES CORP,STK,Computers,Technology,Computer Services,COMMON,true,IBM
9408,MCD,USD,NYSE,US,MC DONALD'S-CORP,STK,Retail,"Consumer, Cyclical",Retail-Restaurants,COMMON,true,MCD
11031,PFE,USD,NYSE,US,PFIZER INC,STK,Pharmaceuticals,"Consumer, Non-cyclical",Medical-Drugs,COMMON,true,PFE
11054,PG,USD,NYSE,US,PROCTER & GAMBLE CO/THE,STK,Cosmetics/Personal Care,"Consumer, Non-cyclical",Cosmetics&amp;Toiletries,COMMON,true,PG
9769,MO,USD,NYSE,US,ALTRIA GROUP INC,STK,Agriculture,"Consumer, Non-cyclical",Tobacco,COMMON,true,MO
1715006,A,USD,NYSE,US,AGILENT TECHNOLOGIES INC,STK,Healthcare-Products,"Consumer, Non-cyclical",Diagnostic Equipment,COMMON,true,A
4027,AAP,USD,NYSE,US,ADVANCE AUTO PARTS INC,STK,Retail,"Consumer, Cyclical",Retail-Auto Parts,COMMON,true,AAP
1714996,COR,USD,NYSE,US,CENCORA INC,STK,Pharmaceuticals,"Consumer, Non-cyclical",Medical-Whsle Drug Dist,COMMON,true,COR
4050,ABM,USD,NYSE,US,ABM INDUSTRIES INC,STK,Commercial Services,"Consumer, Non-cyclical",Building-Maint&amp;Service,COMMON,true,ABM
4151,ADC,USD,NYSE,US,AGREE REALTY CORP,STK,REITS,Financial,REITS-Single Tenant,REIT,true,ADC
4165,ADM,USD,NYSE,US,ARCHER-DANIELS-MIDLAND CO,STK,Agriculture,"Consumer, Non-cyclical",Agricultural Operations,COMMON,true,ADM
4187,ADX,USD,NYSE,US,ADAMS DIVERSIFIED EQUITY,STK,,,,CLOSED-END FUND,false,ADX
4227,AFL,USD,NYSE,US,AFLAC INC,STK,Insurance,Financial,Life/Health Insurance,COMMON,true,AFL
4230,AGCO,USD,NYSE,US,AGCO CORP,STK,Machinery-Diversified,Industrial,Machinery-Farm,COMMON,true,AGCO
13181,AEE,USD,NYSE,US,AMEREN CORP,STK,Electric,Utilities,Electric-Integrated,COMMON,true,AEE
4205,AEM,USD,NYSE,US,AGNICO EAGLE MINES LTD,STK,Mining,Basic Materials,Gold Mining,COMMON,true,AEM
2560358,AES,USD,NYSE,US,AES CORP,STK,Electric,Utilities,Electric-Integrated,COMMON,true,AES
661377,AFG,USD,NYSE,US,AMERICAN FINANCIAL GROUP INC,STK,Insurance,Financial,Multi-line Insurance,COMMON,true,AFG
4307,AIN,USD,NYSE,US,ALBANY INTL CORP-CL A,STK,Machinery-Diversified,Industrial,Machinery-General Indust,COMMON,true,AIN
4310,AIR,USD,NYSE,US,AAR CORP,STK,Aerospace/Defense,Industrial,Aerospace/Defense-Equip,COMMON,true,AIR
4313,AIT,USD,NYSE,US,APPLIED INDUSTRIAL TECH INC,STK,Machinery-Diversified,Industrial,Machinery-General Indust,COMMON,true,AIT
4325,AJG,USD,NYSE,US,ARTHUR J GALLAGHER & CO,STK,Insurance,Financial,Insurance Brokers,COMMON,true,AJG
2730947,AKO B,USD,NYSE,US,EMBOTELLADORA ANDINA-ADR B,STK,Beverages,"Consumer, Non-cyclical",Beverages-Non-alcoholic,ADR,false,AKO B
4347,ALB,USD,NYSE,US,ALBEMARLE CORP,STK,Chemicals,Basic Materials,Chemicals-Specialty,COMMON,true,ALB
2009780,ALG,USD,NYSE,US,ALAMO GROUP INC,STK,Machinery-Diversified,Industrial,Machinery-Farm,COMMON,true,ALG
4352,ALK,USD,NYSE,US,ALASKA AIR GROUP INC,STK,Airlines,"Consumer, Cyclical",Airlines,COMMON,true,ALK
4357,ALL,USD,NYSE,US,ALLSTATE CORP,STK,Insurance,Financial,Multi-line Insurance,COMMON,true,ALL
1946967,ATI,USD,NYSE,US,ATI INC,STK,Aerospace/Defense,Industrial,Aerospace/Defense-Equip,COMMON,true,ATI
2746144,ALV,USD,NYSE,US,AUTOLIV INC,STK,Auto Parts&amp;Equipment,"Consumer, Cyclical",Auto/Trk Prts&amp;Equip-Orig,COMMON,true,ALV
4382,ALX,USD,NYSE,US,ALEXANDER'S INC,STK,REITS,Financial,REITS-Shopping Centers,REIT,false,ALX
4392,AME,USD,NYSE,US,AMETEK INC,STK,Electrical Compo&amp;Equip,Industrial,Electric Products-Misc,COMMON,true,AME
4528615,AN,USD,NYSE,US,AUTONATION INC,STK,Retail,"Consumer, Cyclical",Retail-Automobile,COMMON,true,AN
2585399,ANF,USD,NYSE,US,ABERCROMBIE & FITCH CO-CL A,STK,Retail,"Consumer, Cyclical",Retail-Apparel/Shoe,COMMON,true,ANF
12225,AOS,USD,NYSE,US,SMITH (A.O.) CORP,STK,Miscellaneous Manufactur,Industrial,Diversified Manufact Op,COMMON,true,AOS
4471,AP,USD,NYSE,US,AMPCO-PITTSBURGH CORP,STK,Metal Fabricate/Hardware,Industrial,Metal Processors&amp;Fabrica,COMMON,true,AP
4487,APD,USD,NYSE,US,AIR PRODUCTS & CHEMICALS INC,STK,Chemicals,Basic Materials,Industrial Gases,COMMON,true,APD
4493,APH,USD,NYSE,US,AMPHENOL CORP-CL A,STK,Electronics,Industrial,Electronic Connectors,COMMON,true,APH
4568,ARW,USD,NYSE,US,ARROW ELECTRONICS INC,STK,Electronics,Industrial,Electronic Parts Distrib,COMMON,true,ARW
4580,ASA,USD,NYSE,US,ASA GOLD AND PRECIOUS METALS,STK,,,,CLOSED-END FUND,true,ASA
7816,ASG,USD,NYSE,US,LIBERTY ALL-STAR GROWTH FD,STK,,,,CLOSED-END FUND,false,ASG
4694,AVY,USD,NYSE,US,AVERY DENNISON CORP,STK,Household Products/Wares,"Consumer, Non-cyclical",Office Supplies&amp;Forms,COMMON,true,AVY
4644,ATO,USD,NYSE,US,ATMOS ENERGY CORP,STK,Gas,Utilities,Gas-Distribution,COMMON,true,ATO
4651,ATR,USD,NYSE,US,APTARGROUP INC,STK,Packaging&amp;Containers,Industrial,Containers-Paper/Plastic,COMMON,true,ATR
5026974,AVB,USD,NYSE,US,AVALONBAY COMMUNITIES INC,STK,REITS,Financial,REITS-Apartments,REIT,true,AVB
4750,AZO,USD,NYSE,US,AUTOZONE INC,STK,Retail,"Consumer, Cyclical",Retail-Auto Parts,COMMON,true,AZO
4762,BA,USD,NYSE,US,BOEING CO/THE,STK,Aerospace/Defense,Industrial,Aerospace/Defense,COMMON,true,BA
10098,BAC,USD,NYSE,US,BANK OF AMERICA CORP,STK,Banks,Financial,Diversified Banking Inst,COMMON,true,BAC
2006458,BAP,USD,NYSE,US,CREDICORP LTD,STK,Banks,Financial,Commer Banks Non-US,COMMON,true,BAP
4704,AWF,USD,NYSE,US,ALLIANCEBERNSTEIN GL HI INC,STK,,,,CLOSED-END FUND,false,AWF
5082651,DCH,USD,NYSE,US,DAUCH CORPORATION,STK,Auto Parts&amp;Equipment,"Consumer, Cyclical",Auto/Trk Prts&amp;Equip-Orig,COMMON,true,DCH
4724,AXR,USD,NYSE,US,AMREP CORP,STK,Real Estate,Financial,Real Estate Oper/Develop,COMMON,false,AXR
4815,BBVA,USD,NYSE,US,BANCO BILBAO VIZCAYA-SP ADR,STK,Banks,Financial,Commer Banks Non-US,ADR,true,BBVA
4817,BBY,USD,NYSE,US,BEST BUY CO INC,STK,Retail,"Consumer, Cyclical",Retail-Consumer Electron,COMMON,true,BBY
4820,BC,USD,NYSE,US,BRUNSWICK CORP,STK,Leisure Time,"Consumer, Cyclical",Recreational Vehicles,COMMON,true,BC
4839,BCH,USD,NYSE,US,BANCO DE CHILE-ADR,STK,Banks,Financial,Commer Banks Non-US,ADR,true,BCH
4854,BCS,USD,NYSE,US,BARCLAYS PLC-SPONS ADR,STK,Banks,Financial,Diversified Banking Inst,ADR,true,BCS
4886,BDX,USD,NYSE,US,BECTON DICKINSON AND CO,STK,Pharmaceuticals,"Consumer, Non-cyclical",Drug Delivery Systems,COMMON,true,BDX
4901,VZ,USD,NYSE,US,VERIZON COMMUNICATIONS INC,STK,Telecommunications,Communications,Telephone-Integrated,COMMON,true,VZ
4906,BEN,USD,NYSE,US,FRANKLIN RESOURCES INC,STK,Diversified Finan Serv,Financial,Invest Mgmnt/Advis Serv,COMMON,true,BEN
4926,BF A,USD,NYSE,US,BROWN-FORMAN CORP-CLASS A,STK,Beverages,"Consumer, Non-cyclical",Beverages-Wine/Spirits,COMMON,true,BF A
4931,BF B,USD,NYSE,US,BROWN-FORMAN CORP-CLASS B,STK,Beverages,"Consumer, Non-cyclical",Beverages-Wine/Spirits,COMMON,true,BF B
4946,BFS,USD,NYSE,US,SAUL CENTERS INC,STK,REITS,Financial,REITS-Shopping Centers,REIT,true,BFS
5052,BALL,USD,NYSE,US,BALL CORP,STK,Packaging&amp;Containers,Industrial,Containers-Metal/Glass,COMMON,true,BALL
5072,BLX,USD,NYSE,US,BANCO LATINOAMERICANO COME-E,STK,Multi-National,Government,Supranational Bank,COMMON,true,BLX
3206032,BKE,USD,NYSE,US,BUCKLE INC/THE,STK,Retail,"Consumer, Cyclical",Retail-Apparel/Shoe,COMMON,true,BKE
5022,BKH,USD,NYSE,US,BLACK HILLS CORP,STK,Electric,Utilities,Electric-Integrated,COMMON,true,BKH
5147,BOH,USD,NYSE,US,BANK OF HAWAII CORP,STK,Banks,Financial,Commer Banks-Western US,COMMON,true,BOH
5171,BP,USD,NYSE,US,BP PLC-SPONS ADR,STK,Oil&amp;Gas,Energy,Oil Comp-Integrated,ADR,true,BP
3141362,BHE,USD,NYSE,US,BENCHMARK ELECTRONICS INC,STK,Electronics,Industrial,Electronic Compo-Misc,COMMON,true,BHE
4986,BHP,USD,NYSE,US,BHP GROUP LTD-SPON ADR,STK,Mining,Basic Materials,Diversified Minerals,ADR,true,BHP
5111,BMY,USD,NYSE,US,BRISTOL-MYERS SQUIBB CO,STK,Pharmaceuticals,"Consumer, Non-cyclical",Medical-Drugs,COMMON,true,BMY
5222,BRK A,USD,NYSE,US,BERKSHIRE HATHAWAY INC-CL A,STK,Insurance,Financial,Property/Casualty Ins,COMMON,false,BRK A
5234,BRT,USD,NYSE,US,BRT APARTMENTS CORP,STK,REITS,Financial,REITS-Apartments,REIT,true,BRT
5270,BSX,USD,NYSE,US,BOSTON SCIENTIFIC CORP,STK,Healthcare-Products,"Consumer, Non-cyclical",Medical Instruments,COMMON,true,BSX
1715014,BVN,USD,NYSE,US,CIA DE MINAS BUENAVENTUR-ADR,STK,Mining,Basic Materials,Metal-Diversified,ADR,true,BVN
5336,BWA,USD,NYSE,US,BORGWARNER INC,STK,Auto Parts&amp;Equipment,"Consumer, Cyclical",Auto/Trk Prts&amp;Equip-Orig,COMMON,true,BWA
5021340,BXP,USD,NYSE,US,BXP INC,STK,REITS,Financial,REITS-Office Property,REIT,true,BXP
5365,BYD,USD,NYSE,US,BOYD GAMING CORP,STK,Lodging,"Consumer, Cyclical",Casino Hotels,COMMON,true,BYD
5402,CAG,USD,NYSE,US,CONAGRA BRANDS INC,STK,Food,"Consumer, Non-cyclical",Food-Misc/Diversified,COMMON,true,CAG
5407,CAH,USD,NYSE,US,CARDINAL HEALTH INC,STK,Pharmaceuticals,"Consumer, Non-cyclical",Medical-Whsle Drug Dist,COMMON,true,CAH
5437,CAT,USD,NYSE,US,CATERPILLAR INC,STK,Machinery-Constr&amp;Mining,Industrial,Machinery-Constr&amp;Mining,COMMON,true,CAT
5480,CBT,USD,NYSE,US,CABOT CORP,STK,Chemicals,Basic Materials,Chemicals-Specialty,COMMON,true,CBT
2586156,KMX,USD,NYSE,US,CARMAX INC,STK,Retail,"Consumer, Cyclical",Retail-Automobile,COMMON,true,KMX
1447060,CCJ,USD,NYSE,US,CAMECO CORP,STK,Mining,Basic Materials,Non-Ferrous Metals,COMMON,true,CCJ
5513,CCK,USD,NYSE,US,CROWN HOLDINGS INC,STK,Packaging&amp;Containers,Industrial,Containers-Metal/Glass,COMMON,true,CCK
1134240,CEE,USD,NYSE,US,CENTRAL AND EASTERN EUROPE F,STK,,,,CLOSED-END FUND,false,CEE
5651,CHD,USD,NYSE,US,CHURCH & DWIGHT CO INC,STK,Household Products/Wares,"Consumer, Non-cyclical",Soap&amp;Cleaning Prepar,COMMON,true,CHD
5654,CHE,USD,NYSE,US,CHEMED CORP,STK,Healthcare-Services,"Consumer, Non-cyclical",Medical-Outptnt/Home Med,COMMON,true,CHE
2585515,CHH,USD,NYSE,US,CHOICE HOTELS INTL INC,STK,Lodging,"Consumer, Cyclical",Hotels&amp;Motels,COMMON,true,CHH
5610,CFR,USD,NYSE,US,CULLEN/FROST BANKERS INC,STK,Banks,Financial,Commer Banks-Central US,COMMON,true,CFR
5684,CVX,USD,NYSE,US,CHEVRON CORP,STK,Oil&amp;Gas,Energy,Oil Comp-Integrated,COMMON,true,CVX
2006842,CIG,USD,NYSE,US,CIA ENERGETICA DE-SPON ADR,STK,Electric,Utilities,Electric-Integrated,ADR,true,CIG
5794,CLX,USD,NYSE,US,CLOROX COMPANY,STK,Household Products/Wares,"Consumer, Non-cyclical",Consumer Products-Misc,COMMON,true,CLX
1520593,JPM,USD,NYSE,US,JPMORGAN CHASE & CO,STK,Banks,Financial,Diversified Banking Inst,COMMON,true,JPM
5811,CMC,USD,NYSE,US,COMMERCIAL METALS CO,STK,Iron/Steel,Basic Materials,Steel-Producers,COMMON,true,CMC
5862,CNA,USD,NYSE,US,CNA FINANCIAL CORP,STK,Insurance,Financial,Multi-line Insurance,COMMON,true,CNA
5840,CMS,USD,NYSE,US,CMS ENERGY CORP,STK,Electric,Utilities,Electric-Integrated,COMMON,true,CMS
2006947,CMS PRB,USD,NYSE,US,CONSUMERS PWR CO: CMS PRB,STK,Electric,Utilities,Electric-Integrated,PREFERRED,false,CMS PRB
5941,COF,USD,NYSE,US,CAPITAL ONE FINANCIAL CORP,STK,Diversified Finan Serv,Financial,Finance-Credit Card,COMMON,true,COF
5994,CPK,USD,NYSE,US,CHESAPEAKE UTILITIES CORP,STK,Gas,Utilities,Gas-Distribution,COMMON,true,CPK
6004,CPT,USD,NYSE,US,CAMDEN PROPERTY TRUST,STK,REITS,Financial,REITS-Apartments,REIT,true,CPT
6032,CRD A,USD,NYSE,US,CRAWFORD & COMPANY -CL A,STK,Insurance,Financial,Insurance Brokers,COMMON,true,CRD A
6037,CRD B,USD,NYSE,US,CRAWFORD & CO -CL B,STK,Insurance,Financial,Insurance Brokers,COMMON,false,CRD B
2730877,CRL,USD,NYSE,US,CHARLES RIVER LABORATORIES,STK,Healthcare-Services,"Consumer, Non-cyclical",Medical Labs&amp;Testing Srv,COMMON,true,CRL
6077,CRS,USD,NYSE,US,CARPENTER TECHNOLOGY,STK,Iron/Steel,Basic Materials,Steel-Specialty,COMMON,true,CRS
6080,CRT,USD,NYSE,US,CROSS TIMBERS ROYALTY TRUST,STK,Oil&amp;Gas,Energy,Oil-US Royalty Trusts,ROYALTY TRST,false,CRT
6120,CSL,USD,NYSE,US,CARLISLE COS INC,STK,Building Materials,Industrial,Bldg&amp;Construct Prod-Misc,COMMON,true,CSL
6257,CX,USD,NYSE,US,CEMEX SAB-SPONS ADR PART CER,STK,Building Materials,Industrial,Bldg Prod-Cement/Aggreg,ADR,true,CX
6283,CYD,USD,NYSE,US,CHINA YUCHAI INTL LTD,STK,Auto Parts&amp;Equipment,"Consumer, Cyclical",Auto/Trk Prts&amp;Equip-Orig,COMMON,true,CYD
6190,CTS,USD,NYSE,US,CTS CORP,STK,Electronics,Industrial,Electronic Compo-Misc,COMMON,true,CTS
6207,CMI,USD,NYSE,US,CUMMINS INC,STK,Auto Manufacturers,"Consumer, Cyclical",Auto-Med&amp;Heavy Duty Trks,COMMON,true,CMI
2585769,CVS,USD,NYSE,US,CVS HEALTH CORP,STK,Pharmaceuticals,"Consumer, Non-cyclical",Pharmacy Services,COMMON,true,CVS
6233,TSI,USD,NYSE,US,TCW STRATEGIC INCOME FUND,STK,,,,CLOSED-END FUND,false,TSI
6236,CW,USD,NYSE,US,CURTISS-WRIGHT CORP,STK,Aerospace/Defense,Industrial,Aerospace/Defense,COMMON,true,CW
6255,CWT,USD,NYSE,US,CALIFORNIA WATER SERVICE GRP,STK,Water,Utilities,Water,COMMON,true,CWT
6327,D,USD,NYSE,US,DOMINION ENERGY INC,STK,Electric,Utilities,Electric-Integrated,COMMON,true,D
6353,DCI,USD,NYSE,US,DONALDSON CO INC,STK,Miscellaneous Manufactur,Industrial,Filtration/Separat Prod,COMMON,true,DCI
2585711,DCO,USD,NYSE,US,DUCOMMUN INC,STK,Aerospace/Defense,Industrial,Aerospace/Defense-Equip,COMMON,true,DCO
2007097,CTA PRA,USD,NYSE,US,EIDP INC,STK,Chemicals,Basic Materials,Agricultural Chemicals,PREFERRED,false,CTA PRA
2007100,CTA PRB,USD,NYSE,US,EIDP INC,STK,Chemicals,Basic Materials,Agricultural Chemicals,PREFERRED,false,CTA PRB
6390,DDS,USD,NYSE,US,DILLARDS INC-CL A,STK,Retail,"Consumer, Cyclical",Retail-Regnl Dept Store,COMMON,false,DDS
6393,DE,USD,NYSE,US,DEERE & CO,STK,Machinery-Diversified,Industrial,Machinery-Farm,COMMON,true,DE
7788,DEO,USD,NYSE,US,DIAGEO PLC-SPONSORED ADR,STK,Beverages,"Consumer, Non-cyclical",Beverages-Wine/Spirits,ADR,true,DEO
2459465,DGX,USD,NYSE,US,QUEST DIAGNOSTICS INC,STK,Healthcare-Services,"Consumer, Non-cyclical",Medical Labs&amp;Testing Srv,COMMON,true,DGX
6437,TGT,USD,NYSE,US,TARGET CORP,STK,Retail,"Consumer, Cyclical",Retail-Discount,COMMON,true,TGT
268627,DHI,USD,NYSE,US,DR HORTON INC,STK,Home Builders,"Consumer, Cyclical",Bldg-Residential/Commer,COMMON,true,DHI
6442,DHR,USD,NYSE,US,DANAHER CORP,STK,Healthcare-Products,"Consumer, Non-cyclical",Diagnostic Equipment,COMMON,true,DHR
6459,DIS,USD,NYSE,US,WALT DISNEY CO/THE,STK,Media,Communications,Multimedia,COMMON,true,DIS
6482,DLX,USD,NYSE,US,DELUXE CORP,STK,Commercial Services,"Consumer, Non-cyclical",Printing-Commercial,COMMON,true,DLX
6497,MCO,USD,NYSE,US,MOODY'S CORP,STK,Commercial Services,"Consumer, Non-cyclical",Commercial Serv-Finance,COMMON,true,MCO
6500,DNP,USD,NYSE,US,DNP SELECT INCOME FUND INC,STK,,,,CLOSED-END FUND,false,DNP
6517,DOV,USD,NYSE,US,DOVER CORP,STK,Machinery-Diversified,Industrial,Machinery-Pumps,COMMON,true,DOV
6585,DTE,USD,NYSE,US,DTE ENERGY COMPANY,STK,Electric,Utilities,Electric-Integrated,COMMON,true,DTE
6588,DTF,USD,NYSE,US,DTF TAX-FREE INCOME 2028 TER,STK,,,,CLOSED-END FUND,false,DTF
661440,DRI,USD,NYSE,US,DARDEN RESTAURANTS INC,STK,Retail,"Consumer, Cyclical",Retail-Restaurants,COMMON,true,DRI
1448477,EL,USD,NYSE,US,ESTEE LAUDER COMPANIES-CL A,STK,Cosmetics/Personal Care,"Consumer, Non-cyclical",Cosmetics&amp;Toiletries,COMMON,true,EL
6808,CALY,USD,NYSE,US,CALLAWAY GOLF COMPANY,STK,Leisure Time,"Consumer, Cyclical",Golf,COMMON,true,CALY
6630,DY,USD,NYSE,US,DYCOM INDUSTRIES INC,STK,Engineering&amp;Construction,Industrial,Building-Heavy Construct,COMMON,true,DY
2007205,E,USD,NYSE,US,ENI SPA-SPONSORED ADR,STK,Oil&amp;Gas,Energy,Oil Comp-Integrated,ADR,true,E
6647,EAT,USD,NYSE,US,BRINKER INTL INC,STK,Retail,"Consumer, Cyclical",Retail-Restaurants,COMMON,true,EAT
6648,EBF,USD,NYSE,US,ENNIS INC,STK,Commercial Services,"Consumer, Non-cyclical",Printing-Commercial,COMMON,true,EBF
6682,ECL,USD,NYSE,US,ECOLAB INC,STK,Chemicals,Basic Materials,Chemicals-Specialty,COMMON,true,ECL
6691,ED,USD,NYSE,US,CONSOLIDATED EDISON INC,STK,Electric,Utilities,Electric-Distribution,COMMON,true,ED
6735,EFX,USD,NYSE,US,EQUIFAX INC,STK,Commercial Services,"Consumer, Non-cyclical",Commercial Serv-Finance,COMMON,true,EFX
6737,RVTY,USD,NYSE,US,REVVITY INC,STK,Healthcare-Products,"Consumer, Non-cyclical",Diagnostic Equipment,COMMON,true,RVTY
6747,EGP,USD,NYSE,US,EASTGROUP PROPERTIES INC,STK,REITS,Financial,REITS-Warehouse/Industr,REIT,true,EGP
11899,EIX,USD,NYSE,US,EDISON INTL,STK,Electric,Utilities,Electric-Integrated,COMMON,true,EIX
6820,EME,USD,NYSE,US,EMCOR GROUP INC,STK,Engineering&amp;Construction,Industrial,Building&amp;Construct-Misc,COMMON,true,EME
6827,EMF,USD,NYSE,US,TEMPLETON EMERGING MARKETS,STK,,,,CLOSED-END FUND,false,EMF
6832,EMN,USD,NYSE,US,EASTMAN CHEMICAL CO,STK,Chemicals,Basic Materials,Chemicals-Diversified,COMMON,true,EMN
6842,EMR,USD,NYSE,US,EMERSON ELECTRIC CO,STK,Electrical Compo&amp;Equip,Industrial,Electric Products-Misc,COMMON,true,EMR
6890,EOG,USD,NYSE,US,EOG RESOURCES INC,STK,Oil&amp;Gas,Energy,Oil Comp-Explor&amp;Prodtn,COMMON,true,EOG
6917,EQR,USD,NYSE,US,EQUITY RESIDENTIAL,STK,REITS,Financial,REITS-Apartments,REIT,true,EQR
6929,ESE,USD,NYSE,US,ESCO TECHNOLOGIES INC,STK,Electronics,Industrial,Electronic Measur Instr,COMMON,true,ESE
6946,ESS,USD,NYSE,US,ESSEX PROPERTY TRUST INC,STK,REITS,Financial,REITS-Apartments,REIT,true,ESS
6957,ETD,USD,NYSE,US,ETHAN ALLEN INTERIORS INC,STK,Home Furnishings,"Consumer, Cyclical",Home Furnishings,COMMON,true,ETD
6969,ETR,USD,NYSE,US,ENTERGY CORP,STK,Electric,Utilities,Electric-Integrated,COMMON,true,ETR
7002,NEU,USD,NYSE,US,NEWMARKET CORP,STK,Chemicals,Basic Materials,Chemicals-Specialty,COMMON,true,NEU
1847145,FDS,USD,NYSE,US,FACTSET RESEARCH SYSTEMS INC,STK,Media,Communications,Multimedia,COMMON,true,FDS
5100583,FDX,USD,NYSE,US,FEDEX CORPORATION,STK,Transportation,Industrial,Transport-Services,COMMON,true,FDX
3265376,FE,USD,NYSE,US,FIRSTENERGY CORP,STK,Electric,Utilities,Electric-Integrated,COMMON,true,FE
7280,FC,USD,NYSE,US,FRANKLIN COVEY CO,STK,Commercial Services,"Consumer, Non-cyclical",Consulting Services,COMMON,true,FC
7077,FCF,USD,NYSE,US,FIRST COMMONWEALTH FINL CORP,STK,Banks,Financial,Commer Banks-Eastern US,COMMON,true,FCF
7238,FMC,USD,NYSE,US,FMC CORP,STK,Chemicals,Basic Materials,Chemicals-Diversified,COMMON,true,FMC
7089,FCX,USD,NYSE,US,FREEPORT-MCMORAN INC,STK,Mining,Basic Materials,Metal-Copper,COMMON,true,FCX
269280,FICO,USD,NYSE,US,FAIR ISAAC CORP,STK,Software,Technology,Data Processing/Mgmt,COMMON,true,FICO
2030556,FMS,USD,NYSE,US,FRESENIUS MEDICAL CARE-ADR,STK,Healthcare-Services,"Consumer, Non-cyclical",Dialysis Centers,ADR,true,FMS
5021349,FMX,USD,NYSE,US,FOMENTO ECONOMICO MEX-SP ADR,STK,Beverages,"Consumer, Non-cyclical",Beverages-Non-alcoholic,ADR,true,FMX
7330,FR,USD,NYSE,US,FIRST INDUSTRIAL REALTY TR,STK,REITS,Financial,REITS-Warehouse/Industr,REIT,true,FR
7381,FSS,USD,NYSE,US,FEDERAL SIGNAL CORP,STK,Miscellaneous Manufactur,Industrial,Diversified Manufact Op,COMMON,true,FSS
7540,GF,USD,NYSE,US,NEW GERMANY FUND INC/THE,STK,,,,CLOSED-END FUND,false,GF
611152,GFF,USD,NYSE,US,GRIFFON CORP,STK,Building Materials,Industrial,Bldg Prod-Doors&amp;Windows,COMMON,true,GFF
7563,GGG,USD,NYSE,US,GRACO INC,STK,Machinery-Diversified,Industrial,Machinery-Pumps,COMMON,true,GGG
7568,GGT,USD,NYSE,US,GABELLI MULTIMEDIA TRUST INC,STK,,,,CLOSED-END FUND,false,GGT
7496,GD,USD,NYSE,US,GENERAL DYNAMICS CORP,STK,Aerospace/Defense,Industrial,Aerospace/Defense,COMMON,true,GD
2585819,GEL,USD,NYSE,US,GENESIS ENERGY L.P.,STK,Pipelines,Energy,Pipelines,MLP,true,GEL
7442,GAB,USD,NYSE,US,GABELLI EQUITY TRUST,STK,,,,CLOSED-END FUND,false,GAB
7448,GAM,USD,NYSE,US,GENERAL AMERICAN INVESTORS,STK,,,,CLOSED-END FUND,false,GAM
7472,GBX,USD,NYSE,US,GREENBRIER COMPANIES INC,STK,Trucking&amp;Leasing,Industrial,Transport-Equip&amp;Leasng,COMMON,true,GBX
7490,GCO,USD,NYSE,US,GENESCO INC,STK,Retail,"Consumer, Cyclical",Retail-Apparel/Shoe,COMMON,true,GCO
2007547,GTN A,USD,NYSE,US,GRAY MEDIA INC-A,STK,Media,Communications,Television,COMMON,false,GTN A
2585360,GTN,USD,NYSE,US,GRAY MEDIA INC,STK,Media,Communications,Television,COMMON,true,GTN
661455,GCV,USD,NYSE,US,GABELLI CONVERT & INC SEC,STK,,,,CLOSED-END FUND,false,GCV
7386,FT,USD,NYSE,US,FRANKLIN UNIVERSAL TRUST,STK,,,,CLOSED-END FUND,false,FT
269555,FHN,USD,NYSE,US,FIRST HORIZON CORP,STK,Banks,Financial,Commer Banks-Southern US,COMMON,true,FHN
7616,GIS,USD,NYSE,US,GENERAL MILLS INC,STK,Food,"Consumer, Non-cyclical",Food-Misc/Diversified,COMMON,true,GIS
7655,GLW,USD,NYSE,US,CORNING INC,STK,Telecommunications,Communications,Telecom Eq Fiber Optics,COMMON,true,GLW
7690,GATX,USD,NYSE,US,GATX CORP,STK,Trucking&amp;Leasing,Industrial,Transport-Equip&amp;Leasng,COMMON,true,GATX
4627828,GS,USD,NYSE,US,GOLDMAN SACHS GROUP INC,STK,Banks,Financial,Diversified Banking Inst,COMMON,true,GS
7745,GPC,USD,NYSE,US,GENUINE PARTS CO,STK,Retail,"Consumer, Cyclical",Retail-Auto Parts,COMMON,true,GPC
7765,GAP,USD,NYSE,US,GAP INC/THE,STK,Retail,"Consumer, Cyclical",Retail-Apparel/Shoe,COMMON,true,GAP
4875668,HSBC,USD,NYSE,US,HSBC HOLDINGS PLC-SPONS ADR,STK,Banks,Financial,Diversified Banking Inst,ADR,true,HSBC
7930,HD,USD,NYSE,US,HOME DEPOT INC,STK,Retail,"Consumer, Cyclical",Retail-Building Products,COMMON,true,HD
2743636,GVA,USD,NYSE,US,GRANITE CONSTRUCTION INC,STK,Engineering&amp;Construction,Industrial,Building-Heavy Construct,COMMON,true,GVA
7867,GWW,USD,NYSE,US,WW GRAINGER INC,STK,Distribution/Wholesale,"Consumer, Cyclical",Distribution/Wholesale,COMMON,true,GWW
7884,HAE,USD,NYSE,US,HAEMONETICS CORP/MASS,STK,Healthcare-Products,"Consumer, Non-cyclical",Medical Products,COMMON,true,HAE
7890,HAL,USD,NYSE,US,HALLIBURTON CO,STK,Oil&amp;Gas Services,Energy,Oil-Field Services,COMMON,true,HAL
7855,GTY,USD,NYSE,US,GETTY REALTY CORP,STK,REITS,Financial,REITS-Single Tenant,REIT,true,GTY
7935,HOG,USD,NYSE,US,HARLEY-DAVIDSON INC,STK,Leisure Time,"Consumer, Cyclical",Motorcycle/Motor Scooter,COMMON,true,HOG
7947,HE,USD,NYSE,US,HAWAIIAN ELECTRIC INDS,STK,Electric,Utilities,Electric-Integrated,COMMON,true,HE
1217009,HIG,USD,NYSE,US,HARTFORD INSURANCE GROUP INC,STK,Insurance,Financial,Multi-line Insurance,COMMON,true,HIG
8015,HIW,USD,NYSE,US,HIGHWOODS PROPERTIES INC,STK,REITS,Financial,REITS-Office Property,REIT,true,HIW
8027,HL,USD,NYSE,US,HECLA MINING CO,STK,Mining,Basic Materials,Silver Mining,COMMON,true,HL
2007731,HL PRB,USD,NYSE,US,HECLA MNG CO: HL PRB,STK,Mining,Basic Materials,Silver Mining,CONVPREFERRED,false,HL PRB
8045,HMC,USD,NYSE,US,HONDA MOTOR CO LTD-SPONS ADR,STK,Auto Manufacturers,"Consumer, Cyclical",Auto-Cars/Light Trucks,ADR,true,HMC
8054,HMN,USD,NYSE,US,HORACE MANN EDUCATORS,STK,Insurance,Financial,Property/Casualty Ins,COMMON,true,HMN
8251,HUM,USD,NYSE,US,HUMANA INC,STK,Healthcare-Services,"Consumer, Non-cyclical",Medical-HMO,COMMON,true,HUM
611167,HXL,USD,NYSE,US,HEXCEL CORP,STK,Aerospace/Defense,Industrial,Aerospace/Defense-Equip,COMMON,true,HXL
8097,HP,USD,NYSE,US,HELMERICH & PAYNE,STK,Oil&amp;Gas,Energy,Oil&amp;Gas Drilling,COMMON,true,HP
8130,HRB,USD,NYSE,US,H&R BLOCK INC,STK,Commercial Services,"Consumer, Non-cyclical",Commercial Serv-Finance,COMMON,true,HRB
8153,HRL,USD,NYSE,US,HORMEL FOODS CORP,STK,Food,"Consumer, Non-cyclical",Food-Meat Products,COMMON,true,HRL
8199,HSY,USD,NYSE,US,HERSHEY CO/THE,STK,Food,"Consumer, Non-cyclical",Food-Confectionery,COMMON,true,HSY
8360,IDA,USD,NYSE,US,IDACORP INC,STK,Electric,Utilities,Electric-Integrated,COMMON,true,IDA
8377,IEX,USD,NYSE,US,IDEX CORP,STK,Machinery-Diversified,Industrial,Machinery-General Indust,COMMON,true,IEX
8385,IFF,USD,NYSE,US,INTL FLAVORS & FRAGRANCES,STK,Chemicals,Basic Materials,Chemicals-Specialty,COMMON,true,IFF
8395,IFN,USD,NYSE,US,ABERDEEN INDIA FUND INC,STK,,,,CLOSED-END FUND,false,IFN
8425,IIF,USD,NYSE,US,MORGAN STANLEY INDIA INVEST,STK,,,,CLOSED-END FUND,false,IIF
8428,IIIN,USD,NYSE,US,INSTEEL INDUSTRIES INC,STK,Electrical Compo&amp;Equip,Industrial,Wire&amp;Cable Products,COMMON,true,IIIN
2865956,ING,USD,NYSE,US,ING GROEP N.V.-SPONSORED ADR,STK,Banks,Financial,Commer Banks Non-US,ADR,true,ING
2007782,WKC,USD,NYSE,US,WORLD KINECT CORP,STK,Transportation,Industrial,Transport-Services,COMMON,true,WKC
8511,IP,USD,NYSE,US,INTERNATIONAL PAPER CO,STK,Forest Products&amp;Paper,Basic Materials,Paper&amp;Related Products,COMMON,true,IP
4457287,IT,USD,NYSE,US,GARTNER INC,STK,Computers,Technology,Computer Services,COMMON,true,IT
8620,ITW,USD,NYSE,US,ILLINOIS TOOL WORKS,STK,Miscellaneous Manufactur,Industrial,Diversified Manufact Op,COMMON,true,ITW
4457282,JBL,USD,NYSE,US,JABIL INC,STK,Electronics,Industrial,Electronic Compo-Misc,COMMON,true,JBL
8691,JHI,USD,NYSE,US,JOHN HANCOCK INVESTORS TR,STK,,,,CLOSED-END FUND,false,JHI
8697,JHS,USD,NYSE,US,JOHN HANCOCK INCOME SEC TR,STK,,,,CLOSED-END FUND,false,JHS
8719,JNJ,USD,NYSE,US,JOHNSON & JOHNSON,STK,Pharmaceuticals,"Consumer, Non-cyclical",Medical-Drugs,COMMON,true,JNJ
12170,JOE,USD,NYSE,US,ST JOE CO/THE,STK,Real Estate,Financial,Real Estate Oper/Develop,COMMON,true,JOE
8731,JOF,USD,NYSE,US,JAPAN SMALLER CAPITALIZATION,STK,,,,CLOSED-END FUND,false,JOF
276049,WLY,USD,NYSE,US,WILEY (JOHN) & SONS-CLASS A,STK,Commercial Services,"Consumer, Non-cyclical",Commercial Services,COMMON,true,WLY
2007866,WLYB,USD,NYSE,US,WILEY (JOHN) & SONS-CL B,STK,Commercial Services,"Consumer, Non-cyclical",Commercial Services,COMMON,false,WLYB
8772,KBH,USD,NYSE,US,KB HOME,STK,Home Builders,"Consumer, Cyclical",Bldg-Residential/Commer,COMMON,true,KBH
8803,KEP,USD,NYSE,US,KOREA ELEC POWER CORP-SP ADR,STK,Electric,Utilities,Electric-Integrated,ADR,true,KEP
2585501,KEX,USD,NYSE,US,KIRBY CORP,STK,Transportation,Industrial,Transport-Marine,COMMON,true,KEX
8809,KEY,USD,NYSE,US,KEYCORP,STK,Banks,Financial,Super-Regional Banks-US,COMMON,true,KEY
8823,KGC,USD,NYSE,US,KINROSS GOLD CORP,STK,Mining,Basic Materials,Gold Mining,COMMON,true,KGC
8845,KIM,USD,NYSE,US,KIMCO REALTY CORP,STK,REITS,Financial,REITS-Shopping Centers,REIT,true,KIM
8879,KMT,USD,NYSE,US,KENNAMETAL INC,STK,Hand/Machine Tools,Industrial,Mach Tools&amp;Rel Products,COMMON,true,KMT
8894,KO,USD,NYSE,US,COCA-COLA CO/THE,STK,Beverages,"Consumer, Non-cyclical",Beverages-Non-alcoholic,COMMON,true,KO
8899,KOF,USD,NYSE,US,COCA-COLA FEMSA SAB-SP ADR,STK,Beverages,"Consumer, Non-cyclical",Beverages-Non-alcoholic,ADR,true,KOF
8908,KR,USD,NYSE,US,KROGER CO,STK,Food,"Consumer, Non-cyclical",Food-Retail,COMMON,true,KR
2009860,KWR,USD,NYSE,US,QUAKER CHEMICAL CORPORATION,STK,Chemicals,Basic Materials,Chemicals-Diversified,COMMON,true,KWR
2586128,KRC,USD,NYSE,US,KILROY REALTY CORP,STK,REITS,Financial,REITS-Office Property,REIT,true,KRC
8942,KSS,USD,NYSE,US,KOHLS CORP,STK,Retail,"Consumer, Cyclical",Retail-Regnl Dept Store,COMMON,true,KSS
9081,LEG,USD,NYSE,US,LEGGETT & PLATT INC,STK,Home Furnishings,"Consumer, Cyclical",Home Furnishings,COMMON,true,LEG
9091,LEN,USD,NYSE,US,LENNAR CORP-A,STK,Home Builders,"Consumer, Cyclical",Bldg-Residential/Commer,COMMON,true,LEN
9160,LLY,USD,NYSE,US,ELI LILLY & CO,STK,Pharmaceuticals,"Consumer, Non-cyclical",Medical-Drugs,COMMON,true,LLY
611191,LMT,USD,NYSE,US,LOCKHEED MARTIN CORP,STK,Aerospace/Defense,Industrial,Aerospace/Defense,COMMON,true,LMT
9174,LNC,USD,NYSE,US,LINCOLN NATIONAL CORP,STK,Insurance,Financial,Life/Health Insurance,COMMON,true,LNC
9282,LUV,USD,NYSE,US,SOUTHWEST AIRLINES CO,STK,Airlines,"Consumer, Cyclical",Airlines,COMMON,true,LUV
9308,LZB,USD,NYSE,US,LA-Z-BOY INC,STK,Retail,"Consumer, Cyclical",Retail-Home Furnishings,COMMON,true,LZB
9317,MAA,USD,NYSE,US,MID-AMERICA APARTMENT COMM,STK,REITS,Financial,REITS-Apartments,REIT,true,MAA
9657,MCK,USD,NYSE,US,MCKESSON CORP,STK,Pharmaceuticals,"Consumer, Non-cyclical",Medical-Whsle Drug Dist,COMMON,true,MCK
9438,MCR,USD,NYSE,US,MFS CHARTER INCOME TRUST,STK,,,,CLOSED-END FUND,false,MCR
9442,MCS,USD,NYSE,US,MARCUS CORPORATION,STK,Lodging,"Consumer, Cyclical",Hotels&amp;Motels,COMMON,true,MCS
2585462,MCY,USD,NYSE,US,MERCURY GENERAL CORP,STK,Insurance,Financial,Property/Casualty Ins,COMMON,true,MCY
9322,MAC,USD,NYSE,US,MACERICH CO/THE,STK,REITS,Financial,REITS-Regional Malls,REIT,true,MAC
2585343,PRA,USD,NYSE,US,PROASSURANCE CORP,STK,Insurance,Financial,Property/Casualty Ins,COMMON,true,PRA
9355,MAN,USD,NYSE,US,MANPOWERGROUP INC,STK,Commercial Services,"Consumer, Non-cyclical",Human Resources,COMMON,true,MAN
9360,MAS,USD,NYSE,US,MASCO CORP,STK,Building Materials,Industrial,Bldg Prod-Wood,COMMON,true,MAS
9199,LOW,USD,NYSE,US,LOWE'S COS INC,STK,Retail,"Consumer, Cyclical",Retail-Building Products,COMMON,true,LOW
9204,LPX,USD,NYSE,US,LOUISIANA-PACIFIC CORP,STK,Building Materials,Industrial,Bldg&amp;Construct Prod-Misc,COMMON,true,LPX
9240,LTC,USD,NYSE,US,LTC PROPERTIES INC,STK,REITS,Financial,REITS-Health Care,REIT,true,LTC
9252,L,USD,NYSE,US,LOEWS CORP,STK,Insurance,Financial,Multi-line Insurance,COMMON,true,L
9388,MBI,USD,NYSE,US,MBIA INC,STK,Insurance,Financial,Financial Guarantee Ins,COMMON,true,MBI
9485,MDU,USD,NYSE,US,MDU RESOURCES GROUP INC,STK,Gas,Utilities,Gas-Distribution,COMMON,true,MDU
1447100,MFC,USD,NYSE,US,MANULIFE FINANCIAL CORP,STK,Insurance,Financial,Life/Health Insurance,COMMON,true,MFC
9531,MFM,USD,NYSE,US,MFS MUNICIPAL INCOME TRUST,STK,,,,CLOSED-END FUND,false,MFM
9545,MGA,USD,NYSE,US,MAGNA INTERNATIONAL INC,STK,Auto Parts&amp;Equipment,"Consumer, Cyclical",Auto/Trk Prts&amp;Equip-Orig,COMMON,true,MGA
9559,MGF,USD,NYSE,US,MFS GOVT MARKETS INC TRUST,STK,,,,CLOSED-END FUND,false,MGF
9560,MGM,USD,NYSE,US,MGM RESORTS INTERNATIONAL,STK,Lodging,"Consumer, Cyclical",Casino Hotels,COMMON,true,MGM
9584,ELS,USD,NYSE,US,EQUITY LIFESTYLE PROPERTIES,STK,REITS,Financial,REITS-Manufactured Homes,REIT,true,ELS
271460,MKL,USD,NYSE,US,MARKEL GROUP INC,STK,Insurance,Financial,Property/Casualty Ins,COMMON,true,MKL
9680,MLI,USD,NYSE,US,MUELLER INDUSTRIES INC,STK,Metal Fabricate/Hardware,Industrial,Metal Processors&amp;Fabrica,COMMON,true,MLI
9690,MLM,USD,NYSE,US,MARTIN MARIETTA MATERIALS,STK,Building Materials,Industrial,Bldg Prod-Cement/Aggreg,COMMON,true,MLM
1644013,MLR,USD,NYSE,US,MILLER INDUSTRIES INC/TENN,STK,Auto Parts&amp;Equipment,"Consumer, Cyclical",Auto/Trk Prts&amp;Equip-Orig,COMMON,true,MLR
9705,MRSH,USD,NYSE,US,MARSH & MCLENNAN COS,STK,Insurance,Financial,Insurance Brokers,COMMON,true,MRSH
9720,MMM,USD,NYSE,US,3M CO,STK,Miscellaneous Manufactur,Industrial,Diversified Manufact Op,COMMON,true,MMM
9852,MSB,USD,NYSE,US,MESABI TRUST,STK,Iron/Steel,Basic Materials,Metal-Iron,ROYALTY TRST,true,MSB
9862,MSD,USD,NYSE,US,MORGAN STANLEY EMRG MKT DEBT,STK,,,,CLOSED-END FUND,false,MSD
2008216,MSM,USD,NYSE,US,MSC INDUSTRIAL DIRECT CO-A,STK,Retail,"Consumer, Cyclical",Retail-Catalog Shopping,COMMON,true,MSM
9594,MHO,USD,NYSE,US,M/I HOMES INC,STK,Home Builders,"Consumer, Cyclical",Bldg-Residential/Commer,COMMON,true,MHO
9627,MIN,USD,NYSE,US,MFS INTERMEDIATE INC TRUST,STK,,,,CLOSED-END FUND,false,MIN
271556,MKC,USD,NYSE,US,MCCORMICK & CO-NON VTG SHRS,STK,Food,"Consumer, Non-cyclical",Food-Misc/Diversified,COMMON,true,MKC
9729,MMT,USD,NYSE,US,MFS MULTIMARKET INC TRUST,STK,,,,CLOSED-END FUND,false,MMT
2585323,MTB,USD,NYSE,US,M & T BANK CORP,STK,Banks,Financial,Commer Banks-Eastern US,COMMON,true,MTB
9902,MTG,USD,NYSE,US,MGIC INVESTMENT CORP,STK,Insurance,Financial,Financial Guarantee Ins,COMMON,true,MTG
2586041,MTH,USD,NYSE,US,MERITAGE HOMES CORP,STK,Home Builders,"Consumer, Cyclical",Bldg-Residential/Commer,COMMON,true,MTH
2586162,MTN,USD,NYSE,US,VAIL RESORTS INC,STK,Entertainment,"Consumer, Cyclical",Resorts/Theme Parks,COMMON,true,MTN
9919,MTR,USD,NYSE,US,MESA ROYALTY TRUST,STK,Oil&amp;Gas,Energy,Oil-US Royalty Trusts,ROYALTY TRST,false,MTR
12200,SLB,USD,NYSE,US,SLB LTD,STK,Oil&amp;Gas Services,Energy,Oil-Field Services,COMMON,true,SLB
9933,MTX,USD,NYSE,US,MINERALS TECHNOLOGIES INC,STK,Chemicals,Basic Materials,Chemicals-Specialty,COMMON,true,MTX
2586246,MTZ,USD,NYSE,US,MASTEC INC,STK,Engineering&amp;Construction,Industrial,Building-Heavy Construct,COMMON,true,MTZ
9952,MUR,USD,NYSE,US,MURPHY OIL CORP,STK,Oil&amp;Gas,Energy,Oil Comp-Explor&amp;Prodtn,COMMON,true,MUR
10174,NEM,USD,NYSE,US,NEWMONT CORP,STK,Mining,Basic Materials,Gold Mining,COMMON,true,NEM
10182,NRT,USD,NYSE,US,NORTH EUROPEAN OIL RTY TRUST,STK,Oil&amp;Gas,Energy,Oil-US Royalty Trusts,ROYALTY TRST,true,NRT
10120,NC,USD,NYSE,US,NACCO INDUSTRIES-CL A,STK,Coal,Energy,Coal,COMMON,false,NC
10125,NCA,USD,NYSE,US,NUVEEN CALIFORNIA MUNI VAL,STK,,,,CLOSED-END FUND,false,NCA
2381302,VYX,USD,NYSE,US,NCR VOYIX CORP,STK,Computers,Technology,Computers-Integrated Sys,COMMON,true,VYX
2841574,MS,USD,NYSE,US,MORGAN STANLEY,STK,Banks,Financial,Diversified Banking Inst,COMMON,true,MS
10001,MXE,USD,NYSE,US,MEXICO EQUITY AND INCOME FD,STK,,,,CLOSED-END FUND,false,MXE
10004,MXF,USD,NYSE,US,MEXICO FUND INC,STK,,,,CLOSED-END FUND,false,MXF
10260,NI,USD,NYSE,US,NISOURCE INC,STK,Gas,Utilities,Gas-Distribution,COMMON,true,NI
10270,NIM,USD,NYSE,US,NUVEEN SELECT MATURIT MUNI,STK,,,,CLOSED-END FUND,false,NIM
10285,NJR,USD,NYSE,US,NEW JERSEY RESOURCES CORP,STK,Gas,Utilities,Gas-Distribution,COMMON,true,NJR
10199,NFG,USD,NYSE,US,NATIONAL FUEL GAS CO,STK,Gas,Utilities,Gas-Distribution,COMMON,true,NFG
10245,NHI,USD,NYSE,US,NATL HEALTH INVESTORS INC,STK,REITS,Financial,REITS-Health Care,REIT,true,NHI
10079,NAC,USD,NYSE,US,NUVEEN CA QLTY MUNI INC,STK,,,,CLOSED-END FUND,false,NAC
10092,NAZ,USD,NYSE,US,NUVEEN AZ QLTY MUNI INC,STK,,,,CLOSED-END FUND,false,NAZ
10291,NKE,USD,NYSE,US,NIKE INC -CL B,STK,Apparel,"Consumer, Cyclical",Athletic Footwear,COMMON,true,NKE
10294,NL,USD,NYSE,US,NLI HOLDINGS INC,STK,Miscellaneous Manufactur,Industrial,Diversified Manufact Op,COMMON,true,NL
10318,NMI,USD,NYSE,US,NUVEEN MUNICIPAL INCOME,STK,,,,CLOSED-END FUND,false,NMI
272475,NPKI,USD,NYSE,US,NPK INTERNATIONAL INC,STK,Commercial Services,"Consumer, Non-cyclical",Rental Auto/Equipment,COMMON,true,NPKI
10370,NNY,USD,NYSE,US,NUVEEN NEW YORK MUNI VAL,STK,,,,CLOSED-END FUND,false,NNY
10376,NOC,USD,NYSE,US,NORTHROP GRUMMAN CORP,STK,Aerospace/Defense,Industrial,Aerospace/Defense,COMMON,true,NOC
661513,NOK,USD,NYSE,US,NOKIA CORP-SPON ADR,STK,Telecommunications,Communications,Networking Products,ADR,true,NOK
10405,NPK,USD,NYSE,US,NATIONAL PRESTO INDS INC,STK,Aerospace/Defense,Industrial,Aerospace/Defense,COMMON,false,NPK
10430,NPV,USD,NYSE,US,NUVEEN VA QLTY MUNI INC,STK,,,,CLOSED-END FUND,false,NPV
10497,NSC,USD,NYSE,US,NORFOLK SOUTHERN CORP,STK,Transportation,Industrial,Transport-Rail,COMMON,true,NSC
10335,NMT,USD,NYSE,US,NUVEEN MA QLTY MUNI INC,STK,,,,CLOSED-END FUND,false,NMT
2585797,NUS,USD,NYSE,US,NU SKIN ENTERPRISES INC - A,STK,Retail,"Consumer, Cyclical",Multilevel Dir Selling,COMMON,true,NUS
10594,NUV,USD,NYSE,US,NUVEEN MUNICIPAL VALUE,STK,,,,CLOSED-END FUND,false,NUV
10611,NVO,USD,NYSE,US,NOVO-NORDISK A/S-SPONS ADR,STK,Pharmaceuticals,"Consumer, Non-cyclical",Medical-Drugs,ADR,true,NVO
10557,NUE,USD,NYSE,US,NUCOR CORP,STK,Iron/Steel,Basic Materials,Steel-Producers,COMMON,true,NUE
10879,OXM,USD,NYSE,US,OXFORD INDUSTRIES INC,STK,Apparel,"Consumer, Cyclical",Apparel Manufacturers,COMMON,true,OXM
10780,OII,USD,NYSE,US,OCEANEERING INTL INC,STK,Oil&amp;Gas Services,Energy,Oil-Field Services,COMMON,true,OII
10794,OKE,USD,NYSE,US,ONEOK INC,STK,Pipelines,Energy,Pipelines,COMMON,true,OKE
10799,OLN,USD,NYSE,US,OLIN CORP,STK,Chemicals,Basic Materials,Chemicals-Diversified,COMMON,true,OLN
10811,OMC,USD,NYSE,US,OMNICOM GROUP,STK,Advertising,Communications,Advertising Agencies,COMMON,true,OMC
10814,ACH,USD,NYSE,US,ACCENDRA HEALTH INC,STK,Pharmaceuticals,"Consumer, Non-cyclical",Medical-Whsle Drug Dist,COMMON,true,ACH
2586038,OGE,USD,NYSE,US,OGE ENERGY CORP,STK,Electric,Utilities,Electric-Integrated,COMMON,true,OGE
10754,OHI,USD,NYSE,US,OMEGA HEALTHCARE INVESTORS,STK,REITS,Financial,REITS-Health Care,REIT,true,OHI
10648,NXP,USD,NYSE,US,NUVEEN SELECT TAX-FREE INC,STK,,,,CLOSED-END FUND,false,NXP
755883,NYT,USD,NYSE,US,NEW YORK TIMES CO-A,STK,Media,Communications,Publishing-Newspapers,COMMON,true,NYT
10672,O,USD,NYSE,US,REALTY INCOME CORP,STK,REITS,Financial,REITS-Single Tenant,REIT,true,O
10710,ODC,USD,NYSE,US,OIL-DRI CORP OF AMERICA,STK,Chemicals,Basic Materials,Chemicals-Specialty,COMMON,false,ODC
10840,ORI,USD,NYSE,US,OLD REPUBLIC INTL CORP,STK,Insurance,Financial,Property/Casualty Ins,COMMON,true,ORI
10880,OXY,USD,NYSE,US,OCCIDENTAL PETROLEUM CORP,STK,Oil&amp;Gas,Energy,Oil Comp-Explor&amp;Prodtn,COMMON,true,OXY
10885,COP,USD,NYSE,US,CONOCOPHILLIPS,STK,Oil&amp;Gas,Energy,Oil Comp-Explor&amp;Prodtn,COMMON,true,COP
10920,PBI,USD,NYSE,US,PITNEY BOWES INC,STK,Computers,Technology,Computer Services,COMMON,true,PBI
10931,PBT,USD,NYSE,US,PERMIAN BASIN ROYALTY TRUST,STK,Oil&amp;Gas,Energy,Oil-US Royalty Trusts,ROYALTY TRST,true,PBT
2586035,PCG,USD,NYSE,US,P G & E CORP,STK,Electric,Utilities,Electric-Integrated,COMMON,true,PCG
611228,PDT,USD,NYSE,US,JOHN HANCOCK PREM DVD FND,STK,,,,CLOSED-END FUND,false,PDT
661533,PCQ,USD,NYSE,US,PIMCO CALIFORNIA MUNI INC FD,STK,,,,CLOSED-END FUND,false,PCQ
11005,PEG,USD,NYSE,US,PUBLIC SERVICE ENTERPRISE GP,STK,Electric,Utilities,Electric-Integrated,COMMON,true,PEG
11094,PH,USD,NYSE,US,PARKER HANNIFIN CORP,STK,Miscellaneous Manufactur,Industrial,Diversified Manufact Op,COMMON,true,PH
11097,PHG,USD,NYSE,US,KONINKLIJKE PHILIPS NVR- NY,STK,Healthcare-Products,"Consumer, Non-cyclical",Medical Products,NY REG SHRS,true,PHG
11109,PHM,USD,NYSE,US,PULTE GROUP INC,STK,Home Builders,"Consumer, Cyclical",Bldg-Residential/Commer,COMMON,true,PHM
611242,PII,USD,NYSE,US,POLARIS INC,STK,Leisure Time,"Consumer, Cyclical",Recreational Vehicles,COMMON,true,PII
11137,PIM,USD,NYSE,US,PUTNAM MASTER INTRM INC TR,STK,,,,CLOSED-END FUND,false,PIM
11080,PGR,USD,NYSE,US,PROGRESSIVE CORP,STK,Insurance,Financial,Property/Casualty Ins,COMMON,true,PGR
11171,PKX,USD,NYSE,US,POSCO HOLDINGS INC -SPON ADR,STK,Iron/Steel,Basic Materials,Steel-Producers,ADR,true,PKX
11251,TXNM,USD,NYSE,US,TXNM ENERGY INC,STK,Electric,Utilities,Electric-Integrated,COMMON,true,TXNM
11257,PNW,USD,NYSE,US,PINNACLE WEST CAPITAL,STK,Electric,Utilities,Electric-Integrated,COMMON,true,PNW
11295,PPG,USD,NYSE,US,PPG INDUSTRIES INC,STK,Chemicals,Basic Materials,Chemicals-Diversified,COMMON,true,PPG
661547,PPL,USD,NYSE,US,PPL CORP,STK,Electric,Utilities,Electric-Integrated,COMMON,true,PPL
11220,PMM,USD,NYSE,US,PUTNAM MGD MUNI INC TR,STK,,,,CLOSED-END FUND,false,PMM
11227,PMO,USD,NYSE,US,PUTNAM MUNICIPAL OPPOR,STK,,,,CLOSED-END FUND,false,PMO
11240,PNC,USD,NYSE,US,PNC FINANCIAL SERVICES GROUP,STK,Banks,Financial,Super-Regional Banks-US,COMMON,true,PNC
11320,PPT,USD,NYSE,US,PUTNAM PREMIER INCOME TRUST,STK,,,,CLOSED-END FUND,false,PPT
12002,PSA,USD,NYSE,US,PUBLIC STORAGE,STK,REITS,Financial,REITS-Storage,REIT,true,PSA
11398,PAR,USD,NYSE,US,PAR TECHNOLOGY CORP/DEL,STK,Computers,Technology,Computers-Integrated Sys,COMMON,true,PAR
11475,BCO,USD,NYSE,US,BRINK'S CO/THE,STK,Commercial Services,"Consumer, Non-cyclical",Security Services,COMMON,true,BCO
11478,R,USD,NYSE,US,RYDER SYSTEM INC,STK,Transportation,Industrial,Transport-Services,COMMON,true,R
8093,CNP,USD,NYSE,US,CENTERPOINT ENERGY INC,STK,Electric,Utilities,Electric-Integrated,COMMON,true,CNP
11588,RES,USD,NYSE,US,RPC INC,STK,Oil&amp;Gas Services,Energy,Oil-Field Services,COMMON,true,RES
11600,RFI,USD,NYSE,US,COHEN & STEERS TOT RET RLTY,STK,,,,CLOSED-END FUND,false,RFI
1250652,RCI,USD,NYSE,US,ROGERS COMMUNICATIONS INC-B,STK,Telecommunications,Communications,Cellular Telecom,COMMON,true,RCI
11619,RGR,USD,NYSE,US,STURM RUGER & CO INC,STK,Miscellaneous Manufactur,Industrial,Firearms&amp;Ammunition,COMMON,true,RGR
11520,RCL,USD,NYSE,US,ROYAL CARIBBEAN CRUISES LTD,STK,Leisure Time,"Consumer, Cyclical",Cruise Lines,COMMON,true,RCL
11535,RCS,USD,NYSE,US,PIMCO STRATEGIC INCOME FUND,STK,,,,CLOSED-END FUND,false,RCS
11634,RHI,USD,NYSE,US,ROBERT HALF INC,STK,Commercial Services,"Consumer, Non-cyclical",Human Resources,COMMON,true,RHI
11656,RJF,USD,NYSE,US,RAYMOND JAMES FINANCIAL INC,STK,Diversified Finan Serv,Financial,Invest Mgmnt/Advis Serv,COMMON,true,RJF
11667,RLI,USD,NYSE,US,RLI CORP,STK,Insurance,Financial,Property/Casualty Ins,COMMON,true,RLI
2008959,RNR,USD,NYSE,US,RENAISSANCERE HOLDINGS LTD,STK,Insurance,Financial,Reinsurance,COMMON,true,RNR
11697,ROK,USD,NYSE,US,ROCKWELL AUTOMATION INC,STK,Machinery-Diversified,Industrial,Industrial Automat/Robot,COMMON,true,ROK
11700,ROL,USD,NYSE,US,ROLLINS INC,STK,Commercial Services,"Consumer, Non-cyclical",Building-Maint&amp;Service,COMMON,true,ROL
11735,RS,USD,NYSE,US,RELIANCE INC,STK,Iron/Steel,Basic Materials,Steel-Producers,COMMON,true,RS
11736,REX,USD,NYSE,US,REX AMERICAN RESOURCES CORP,STK,Energy-Alternate Sources,Energy,Energy-Alternate Sources,COMMON,true,REX
4095586,RIO,USD,NYSE,US,RIO TINTO PLC-SPON ADR,STK,Mining,Basic Materials,Metal-Diversified,ADR,true,RIO
11775,RVT,USD,NYSE,US,ROYCE SMALL-CAP TRUST INC,STK,,,,CLOSED-END FUND,false,RVT
11800,RYN,USD,NYSE,US,RAYONIER INC,STK,REITS,Financial,REITS-Diversified,REIT,true,RYN
1841216,SAM,USD,NYSE,US,BOSTON BEER COMPANY INC-A,STK,Beverages,"Consumer, Non-cyclical",Brewery,COMMON,true,SAM
2586083,BSAC,USD,NYSE,US,BANCO SANTANDER-CHILE-ADR,STK,Banks,Financial,Commer Banks Non-US,ADR,true,BSAC
11882,SBR,USD,NYSE,US,SABINE ROYALTY TRUST,STK,Oil&amp;Gas,Energy,Oil-US Royalty Trusts,ROYALTY TRST,false,SBR
11905,SCHW,USD,NYSE,US,SCHWAB (CHARLES) CORP,STK,Diversified Finan Serv,Financial,Finance-Invest Bnkr/Brkr,COMMON,true,SCHW
1447115,SCL,USD,NYSE,US,STEPAN CO,STK,Chemicals,Basic Materials,Chemicals-Diversified,COMMON,true,SCL
12008,SF,USD,NYSE,US,STIFEL FINANCIAL CORP,STK,Diversified Finan Serv,Financial,Invest Mgmnt/Advis Serv,COMMON,true,SF
12120,SHW,USD,NYSE,US,SHERWIN-WILLIAMS CO/THE,STK,Chemicals,Basic Materials,Coatings/Paint,COMMON,true,SHW
12175,SJT,USD,NYSE,US,SAN JUAN BASIN ROYALTY TR,STK,Oil&amp;Gas,Energy,Oil-US Royalty Trusts,ROYALTY TRST,true,SJT
12187,SKT,USD,NYSE,US,TANGER INC,STK,REITS,Financial,REITS-Regional Malls,REIT,true,SKT
12190,SKY,USD,NYSE,US,CHAMPION HOMES INC,STK,Home Builders,"Consumer, Cyclical",Bldg-Mobil Home/Mfd Hous,COMMON,true,SKY
274173,SMG,USD,NYSE,US,SCOTTS MIRACLE-GRO CO,STK,Housewares,"Consumer, Cyclical",Garden Products,COMMON,true,SMG
12245,SMP,USD,NYSE,US,STANDARD MOTOR PRODS,STK,Auto Parts&amp;Equipment,"Consumer, Cyclical",Auto/Trk Prts&amp;Equip-Repl,COMMON,true,SMP
12259,SNA,USD,NYSE,US,SNAP-ON INC,STK,Hand/Machine Tools,Industrial,Tools-Hand Held,COMMON,true,SNA
12268,SONY,USD,NYSE,US,SONY GROUP CORP - SP ADR,STK,Home Furnishings,"Consumer, Cyclical",Audio/Video Products,ADR,true,SONY
2009113,SPG,USD,NYSE,US,SIMON PROPERTY GROUP INC,STK,REITS,Financial,REITS-Regional Malls,REIT,true,SPG
1433753,SPH,USD,NYSE,US,SUBURBAN PROPANE PARTNERS LP,STK,Retail,"Consumer, Cyclical",Retail-Propane Distrib,MLP,true,SPH
12300,SO,USD,NYSE,US,SOUTHERN CO/THE,STK,Electric,Utilities,Electric-Integrated,COMMON,true,SO
611273,SON,USD,NYSE,US,SONOCO PRODUCTS CO,STK,Packaging&amp;Containers,Industrial,Containers-Paper/Plastic,COMMON,true,SON
12399,SCI,USD,NYSE,US,SERVICE CORP INTL,STK,Commercial Services,"Consumer, Non-cyclical",Funeral Serv&amp;Rel Items,COMMON,true,SCI
12437,STC,USD,NYSE,US,STEWART INFORMATION SERVICES,STK,Insurance,Financial,Property/Casualty Ins,COMMON,true,STC
12442,SAN,USD,NYSE,US,BANCO SANTANDER SA-SPON ADR,STK,Banks,Financial,Diversified Banking Inst,ADR,true,SAN
12374,SQM,USD,NYSE,US,QUIMICA Y MINERA CHIL-SP ADR,STK,Chemicals,Basic Materials,Chemicals-Specialty,ADR,true,SQM
11020,SRE,USD,NYSE,US,SEMPRA,STK,Electric,Utilities,Electric-Distribution,COMMON,true,SRE
12460,STM,USD,NYSE,US,STMICROELECTRONICS NV-NY SHS,STK,Semiconductors,Technology,Electronic Compo-Semicon,NY REG SHRS,true,STM
2730980,STT,USD,NYSE,US,STATE STREET CORP,STK,Banks,Financial,Fiduciary Banks,COMMON,true,STT
12485,SUI,USD,NYSE,US,SUN COMMUNITIES INC,STK,REITS,Financial,REITS-Manufactured Homes,REIT,true,SUI
1321497,MATV,USD,NYSE,US,MATIV HOLDINGS INC,STK,Chemicals,Basic Materials,Chemicals-Specialty,COMMON,true,MATV
12540,SWX,USD,NYSE,US,SOUTHWEST GAS HOLDINGS INC,STK,Gas,Utilities,Gas-Distribution,COMMON,true,SWX
12551,SWZ,USD,NYSE,US,TOTAL RETURN SECURITIES FUND,STK,,,,CLOSED-END FUND,false,SWZ
12552,SXI,USD,NYSE,US,STANDEX INTERNATIONAL CORP,STK,Metal Fabricate/Hardware,Industrial,Metal Processors&amp;Fabrica,COMMON,true,SXI
4430948,SYK,USD,NYSE,US,STRYKER CORP,STK,Healthcare-Products,"Consumer, Non-cyclical",Medical Products,COMMON,true,SYK
12581,SYY,USD,NYSE,US,SYSCO CORP,STK,Food,"Consumer, Non-cyclical",Food-Wholesale/Distrib,COMMON,true,SYY
12644,TCI,USD,NYSE,US,TRANSCONTINENTAL REALTY INV,STK,Real Estate,Financial,Real Estate Oper/Develop,COMMON,false,TCI
12656,TDF,USD,NYSE,US,TEMPLETON DRAGON FUND INC,STK,,,,CLOSED-END FUND,false,TDF
12771,TGS,USD,NYSE,US,TRANSPORTADOR GAS-ADR SP B,STK,Pipelines,Energy,Pipelines,ADR,true,TGS
12786,THO,USD,NYSE,US,THOR INDUSTRIES INC,STK,Home Builders,"Consumer, Cyclical",Bldg-Mobil Home/Mfd Hous,COMMON,true,THO
12723,TEO,USD,NYSE,US,TELECOM ARGENTINA SA-SP ADR,STK,Telecommunications,Communications,Cellular Telecom,ADR,true,TEO
12732,TEX,USD,NYSE,US,TEREX CORP,STK,Machinery-Constr&amp;Mining,Industrial,Machinery-Constr&amp;Mining,COMMON,true,TEX
12750,TFX,USD,NYSE,US,TELEFLEX INC,STK,Healthcare-Products,"Consumer, Non-cyclical",Medical Instruments,COMMON,true,TFX
12752,TG,USD,NYSE,US,TREDEGAR CORP,STK,Metal Fabricate/Hardware,Industrial,Metal Processors&amp;Fabrica,COMMON,true,TG
12706,TEI,USD,NYSE,US,TEMPLETON EMRG MKTS INC,STK,,,,CLOSED-END FUND,false,TEI
12814,TJX,USD,NYSE,US,TJX COMPANIES INC,STK,Retail,"Consumer, Cyclical",Retail-Major Dept Store,COMMON,true,TJX
12816,TKC,USD,NYSE,US,TURKCELL ILETISIM HIZMET-ADR,STK,Telecommunications,Communications,Cellular Telecom,ADR,true,TKC
12826,TKR,USD,NYSE,US,TIMKEN CO,STK,Metal Fabricate/Hardware,Industrial,Metal Processors&amp;Fabrica,COMMON,true,TKR
1448481,TLK,USD,NYSE,US,TELKOM INDONESIA PERSERO-ADR,STK,Telecommunications,Communications,Telecom Services,ADR,false,TLK
12869,TMO,USD,NYSE,US,THERMO FISHER SCIENTIFIC INC,STK,Healthcare-Products,"Consumer, Non-cyclical",Diagnostic Equipment,COMMON,true,TMO
12915,TOL,USD,NYSE,US,TOLL BROTHERS INC,STK,Home Builders,"Consumer, Cyclical",Bldg-Residential/Commer,COMMON,true,TOL
12946,TR,USD,NYSE,US,TOOTSIE ROLL INDS,STK,Food,"Consumer, Non-cyclical",Food-Confectionery,COMMON,true,TR
1035459,DVA,USD,NYSE,US,DAVITA INC,STK,Healthcare-Services,"Consumer, Non-cyclical",Dialysis Centers,COMMON,true,DVA
12974,TRN,USD,NYSE,US,TRINITY INDUSTRIES INC,STK,Miscellaneous Manufactur,Industrial,Diversified Manufact Op,COMMON,true,TRN
275405,TSN,USD,NYSE,US,TYSON FOODS INC-CL A,STK,Food,"Consumer, Non-cyclical",Food-Meat Products,COMMON,true,TSN
13024,TTC,USD,NYSE,US,TORO CO,STK,Machinery-Diversified,Industrial,Machinery-Farm,COMMON,true,TTC
13110,TY,USD,NYSE,US,TRI-CONTINENTAL CORPORATION,STK,,,,CLOSED-END FUND,false,TY
2009367,TY PR,USD,NYSE,US,TRI CONTL CORP: TY PR,STK,Closed-end Funds,Financial,Closed-end Funds,PREFERRED,false,TY PR
13116,TYL,USD,NYSE,US,TYLER TECHNOLOGIES INC,STK,Software,Technology,Enterprise Software/Serv,COMMON,true,TYL
13073,TWI,USD,NYSE,US,TITAN INTERNATIONAL INC,STK,Auto Parts&amp;Equipment,"Consumer, Cyclical",Auto/Trk Prts&amp;Equip-Orig,COMMON,true,TWI
13076,TWN,USD,NYSE,US,TAIWAN FUND INC/TH/MD-US INC,STK,,,,CLOSED-END FUND,false,TWN
13101,TXT,USD,NYSE,US,TEXTRON INC,STK,Miscellaneous Manufactur,Industrial,Diversified Manufact Op,COMMON,true,TXT
13056,TV,USD,NYSE,US,GRUPO TELEVISA SA-SPON ADR,STK,Media,Communications,Cable/Satellite TV,ADR,true,TV
13186,SXT,USD,NYSE,US,SENSIENT TECHNOLOGIES CORP,STK,Chemicals,Basic Materials,Chemicals-Specialty,COMMON,true,SXT
13197,UGI,USD,NYSE,US,UGI CORP,STK,Gas,Utilities,Gas-Distribution,COMMON,true,UGI
13206,UHS,USD,NYSE,US,UNIVERSAL HEALTH SERVICES-B,STK,Healthcare-Services,"Consumer, Non-cyclical",Medical-Hospitals,COMMON,true,UHS
13209,UHT,USD,NYSE,US,UNIVERSAL HEALTH RLTY INCOME,STK,REITS,Financial,REITS-Health Care,REIT,true,UHT
13221,STEW,USD,NYSE,US,SRH TOTAL RETURN FUND INC,STK,,,,CLOSED-END FUND,false,STEW
3629755,URI,USD,NYSE,US,UNITED RENTALS INC,STK,Commercial Services,"Consumer, Non-cyclical",Rental Auto/Equipment,COMMON,true,URI
13314,USA,USD,NYSE,US,LIBERTY ALL STAR EQUITY FUND,STK,,,,CLOSED-END FUND,false,USA
13277,UNM,USD,NYSE,US,UNUM GROUP,STK,Insurance,Financial,Life/Health Insurance,COMMON,true,UNM
13271,UNF,USD,NYSE,US,UNIFIRST CORP/MA,STK,Textiles,"Consumer, Cyclical",Linen Supply&amp;Rel Items,COMMON,true,UNF
13272,UNH,USD,NYSE,US,UNITEDHEALTH GROUP INC,STK,Healthcare-Services,"Consumer, Non-cyclical",Medical-HMO,COMMON,true,UNH
13284,UNP,USD,NYSE,US,UNION PACIFIC CORP,STK,Transportation,Industrial,Transport-Rail,COMMON,true,UNP
13371,UVV,USD,NYSE,US,UNIVERSAL CORP/VA,STK,Agriculture,"Consumer, Non-cyclical",Tobacco,COMMON,true,UVV
13440,VFC,USD,NYSE,US,VF CORP,STK,Apparel,"Consumer, Cyclical",Apparel Manufacturers,COMMON,true,VFC
13497,VLO,USD,NYSE,US,VALERO ENERGY CORP,STK,Oil&amp;Gas,Energy,Oil Refining&amp;Marketing,COMMON,true,VLO
13515,VMC,USD,NYSE,US,VULCAN MATERIALS CO,STK,Building Materials,Industrial,Bldg Prod-Cement/Aggreg,COMMON,true,VMC
13535,VNO,USD,NYSE,US,VORNADO REALTY TRUST,STK,REITS,Financial,REITS-Office Property,REIT,true,VNO
13591,VSH,USD,NYSE,US,VISHAY INTERTECHNOLOGY INC,STK,Electronics,Industrial,Electronic Compo-Misc,COMMON,true,VSH
1448494,WAT,USD,NYSE,US,WATERS CORP,STK,Healthcare-Products,"Consumer, Non-cyclical",Diagnostic Equipment,COMMON,true,WAT
4044062,VTR,USD,NYSE,US,VENTAS INC.,STK,REITS,Financial,REITS-Health Care,REIT,true,VTR
661633,WAB,USD,NYSE,US,WABTEC CORP,STK,Machinery-Diversified,Industrial,Machinery-General Indust,COMMON,true,WAB
13751,WHR,USD,NYSE,US,WHIRLPOOL CORP,STK,Home Furnishings,"Consumer, Cyclical",Appliances,COMMON,true,WHR
13775,WIT,USD,NYSE,US,WIPRO LTD-ADR,STK,Computers,Technology,Computer Services,ADR,true,WIT
10375,WFC,USD,NYSE,US,WELLS FARGO & CO,STK,Banks,Financial,Super-Regional Banks-US,COMMON,true,WFC
13731,WGO,USD,NYSE,US,WINNEBAGO INDUSTRIES,STK,Home Builders,"Consumer, Cyclical",Bldg-Mobil Home/Mfd Hous,COMMON,true,WGO
13805,WMB,USD,NYSE,US,WILLIAMS COS INC,STK,Pipelines,Energy,Pipelines,COMMON,true,WMB
13379,WM,USD,NYSE,US,WASTE MANAGEMENT INC,STK,Environmental Control,Industrial,Non-hazardous Waste Disp,COMMON,true,WM
13817,WMK,USD,NYSE,US,WEIS MARKETS INC,STK,Food,"Consumer, Non-cyclical",Food-Retail,COMMON,true,WMK
13839,WNC,USD,NYSE,US,WABASH NATIONAL CORP,STK,Auto Manufacturers,"Consumer, Cyclical",Auto-Truck Trailers,COMMON,true,WNC
5019164,WSM,USD,NYSE,US,WILLIAMS-SONOMA INC,STK,Retail,"Consumer, Cyclical",Retail-Home Furnishings,COMMON,true,WSM
13904,WSO,USD,NYSE,US,WATSCO INC,STK,Distribution/Wholesale,"Consumer, Cyclical",Distribution/Wholesale,COMMON,true,WSO
13909,WST,USD,NYSE,US,WEST PHARMACEUTICAL SERVICES,STK,Healthcare-Products,"Consumer, Non-cyclical",Medical Products,COMMON,true,WST
2009894,WTS,USD,NYSE,US,WATTS WATER TECHNOLOGIES-A,STK,Machinery-Diversified,Industrial,Machinery-Pumps,COMMON,true,WTS
13938,WWW,USD,NYSE,US,WOLVERINE WORLD WIDE INC,STK,Apparel,"Consumer, Cyclical",Footwear&amp;Related Apparel,COMMON,true,WWW
13949,WY,USD,NYSE,US,WEYERHAEUSER CO,STK,REITS,Financial,REITS-Diversified,REIT,true,WY
13977,XOM,USD,NYSE,US,EXXON MOBIL CORP,STK,Oil&amp;Gas,Energy,Oil Comp-Integrated,COMMON,true,XOM
14019,YPF,USD,NYSE,US,YPF S.A.-SPONSORED ADR,STK,Oil&amp;Gas,Energy,Oil Comp-Integrated,ADR,true,YPF
3206042,YUM,USD,NYSE,US,YUM! BRANDS INC,STK,Retail,"Consumer, Cyclical",Retail-Restaurants,COMMON,true,YUM
4725951,AEO,USD,NYSE,US,AMERICAN EAGLE OUTFITTERS,STK,Retail,"Consumer, Cyclical",Retail-Apparel/Shoe,COMMON,true,AEO
266410,ASB,USD,NYSE,US,ASSOCIATED BANC-CORP,STK,Banks,Financial,Commer Banks-Central US,COMMON,true,ASB
266822,WRB,USD,NYSE,US,WR BERKLEY CORP,STK,Insurance,Financial,Property/Casualty Ins,COMMON,true,WRB
4727645,CBAN,USD,NYSE,US,COLONY BANKCORP,STK,Banks,Financial,Commer Banks-Southern US,COMMON,true,CBAN
267197,CACI,USD,NYSE,US,CACI INTERNATIONAL INC -CL A,STK,Computers,Technology,Computer Services,COMMON,true,CACI
267200,CATO,USD,NYSE,US,CATO CORP-CLASS A,STK,Retail,"Consumer, Cyclical",Retail-Apparel/Shoe,COMMON,true,CATO
276066,STZ,USD,NYSE,US,CONSTELLATION BRANDS INC-A,STK,Beverages,"Consumer, Non-cyclical",Brewery,COMMON,true,STZ
4728003,LNG,USD,NYSE,US,CHENIERE ENERGY INC,STK,Pipelines,Energy,Pipelines,COMMON,true,LNG
41045553,CIEN,USD,NYSE,US,CIENA CORP,STK,Telecommunications,Communications,Telecommunication Equip,COMMON,true,CIEN
267700,CLH,USD,NYSE,US,CLEAN HARBORS INC,STK,Environmental Control,Industrial,Hazardous Waste Disposal,COMMON,true,CLH
267819,CNMD,USD,NYSE,US,CONMED CORP,STK,Healthcare-Products,"Consumer, Non-cyclical",Disposable Medical Prod,COMMON,true,CNMD
268064,AORT,USD,NYSE,US,ARTIVION INC,STK,Healthcare-Products,"Consumer, Non-cyclical",Medical Products,COMMON,true,AORT
268235,CVLG,USD,NYSE,US,COVENANT LOGISTICS GROUP INC,STK,Transportation,Industrial,Transport-Truck,COMMON,true,CVLG
268376,DECK,USD,NYSE,US,DECKERS OUTDOOR CORP,STK,Apparel,"Consumer, Cyclical",Apparel Manufacturers,COMMON,true,DECK
4730419,AGM,USD,NYSE,US,FEDERAL AGRIC MTG CORP-CL C,STK,Diversified Finan Serv,Financial,Finance-Mtge Loan/Banker,COMMON,true,AGM
269135,FNB,USD,NYSE,US,FNB CORP,STK,Banks,Financial,Commer Banks-Eastern US,COMMON,true,FNB
269082,EXPD,USD,NYSE,US,EXPEDITORS INTL WASH INC,STK,Transportation,Industrial,Transport-Services,COMMON,true,EXPD
4543799,FUL,USD,NYSE,US,H.B. FULLER CO.,STK,Chemicals,Basic Materials,Chemicals-Specialty,COMMON,true,FUL
269630,GBCI,USD,NYSE,US,GLACIER BANCORP INC,STK,Banks,Financial,Commer Banks-Western US,COMMON,true,GBCI
4812174,GEF,USD,NYSE,US,GREIF INC-CL A,STK,Packaging&amp;Containers,Industrial,Containers-Metal/Glass,COMMON,true,GEF
4812176,GEF B,USD,NYSE,US,GREIF INC-CL B,STK,Packaging&amp;Containers,Industrial,Containers-Metal/Glass,COMMON,false,GEF B
8111188,BAX,USD,NYSE,US,BAXTER INTERNATIONAL INC.,STK,Healthcare-Products,"Consumer, Non-cyclical",Medical Products,COMMON,true,BAX
270015,HVT,USD,NYSE,US,HAVERTY FURNITURE,STK,Retail,"Consumer, Cyclical",Retail-Home Furnishings,COMMON,true,HVT
4812805,HMY,USD,NYSE,US,HARMONY GOLD MNG-SPON ADR,STK,Mining,Basic Materials,Gold Mining,ADR,true,HMY
270210,HNI,USD,NYSE,US,HNI CORP,STK,Office Furnishings,"Consumer, Cyclical",Office Furnishings-Orig,COMMON,true,HNI
4813359,IMAX,USD,NYSE,US,IMAX CORP,STK,Entertainment,"Consumer, Cyclical",Motion Pictures&amp;Services,COMMON,true,IMAX
4813460,INFY,USD,NYSE,US,INFOSYS LTD-SP ADR,STK,Computers,Technology,Computer Services,ADR,true,INFY
271224,LNN,USD,NYSE,US,LINDSAY CORP,STK,Machinery-Diversified,Industrial,Machinery-Farm,COMMON,true,LNN
271732,MEI,USD,NYSE,US,METHODE ELECTRONICS INC,STK,Auto Parts&amp;Equipment,"Consumer, Cyclical",Auto/Trk Prts&amp;Equip-Orig,COMMON,true,MEI
271952,MOD,USD,NYSE,US,MODINE MANUFACTURING CO,STK,Building Materials,Industrial,Bldg Prod-Air&amp;Heating,COMMON,true,MOD
271967,MHK,USD,NYSE,US,MOHAWK INDUSTRIES INC,STK,Building Materials,Industrial,Bldg&amp;Construct Prod-Misc,COMMON,true,MHK
4815056,MOV,USD,NYSE,US,MOVADO GROUP INC,STK,Retail,"Consumer, Cyclical",Retail-Jewelry,COMMON,true,MOV
48789220,MKC V,USD,NYSE,US,MCCORMICK & CO INC VTG COM,STK,Food,"Consumer, Non-cyclical",Food-Misc/Diversified,COMMON,false,MKC V
13838371,AYI,USD,NYSE,US,ACUITY INC,STK,Electrical Compo&amp;Equip,Industrial,Lighting Products&amp;Sys,COMMON,true,AYI
272800,ORCL,USD,NYSE,US,ORACLE CORP,STK,Software,Technology,Enterprise Software/Serv,COMMON,true,ORCL
4816124,RMT,USD,NYSE,US,ROYCE MICRO-CAP TRUST INC,STK,,,,CLOSED-END FUND,false,RMT
272856,OSK,USD,NYSE,US,OSHKOSH CORP,STK,Machinery-Constr&amp;Mining,Industrial,Machinery-Constr&amp;Mining,COMMON,true,OSK
4816190,PAAS,USD,NYSE,US,PAN AMERICAN SILVER CORP,STK,Mining,Basic Materials,Precious Metals,COMMON,true,PAAS
4816906,PB,USD,NYSE,US,PROSPERITY BANCSHARES INC,STK,Banks,Financial,Commer Banks-Central US,COMMON,true,PB
4817352,RMD,USD,NYSE,US,RESMED INC,STK,Healthcare-Products,"Consumer, Non-cyclical",Respiratory Products,COMMON,true,RMD
273815,RF,USD,NYSE,US,REGIONS FINANCIAL CORP,STK,Banks,Financial,Commer Banks-Southern US,COMMON,true,RF
4817536,KFRC,USD,NYSE,US,KFORCE INC,STK,Commercial Services,"Consumer, Non-cyclical",Human Resources,COMMON,true,KFRC
274058,SSL,USD,NYSE,US,SASOL LTD-SPONSORED ADR,STK,Chemicals,Basic Materials,Chemicals-Diversified,ADR,true,SSL
273962,RPM,USD,NYSE,US,RPM INTERNATIONAL INC,STK,Chemicals,Basic Materials,Coatings/Paint,COMMON,true,RPM
4817780,SBSI,USD,NYSE,US,SOUTHSIDE BANCSHARES INC,STK,Banks,Financial,Commer Banks-Central US,COMMON,true,SBSI
11669769,USB,USD,NYSE,US,US BANCORP,STK,Banks,Financial,Super-Regional Banks-US,COMMON,true,USB
4818193,SLGN,USD,NYSE,US,SILGAN HOLDINGS INC,STK,Packaging&amp;Containers,Industrial,Containers-Metal/Glass,COMMON,true,SLGN
275085,TEVA,USD,NYSE,US,TEVA PHARMACEUTICAL-SP ADR,STK,Pharmaceuticals,"Consumer, Non-cyclical",Medical-Generic Drugs,ADR,true,TEVA
275241,TM,USD,NYSE,US,TOYOTA MOTOR CORP -SPON ADR,STK,Auto Manufacturers,"Consumer, Cyclical",Auto-Cars/Light Trucks,ADR,true,TM
275364,TTI,USD,NYSE,US,TETRA TECHNOLOGIES INC,STK,Oil&amp;Gas Services,Energy,Oil-Field Services,COMMON,true,TTI
275585,USPH,USD,NYSE,US,U.S. PHYSICAL THERAPY INC,STK,Healthcare-Services,"Consumer, Non-cyclical",Phys Therapy/Rehab Cntrs,COMMON,true,USPH
275665,VMI,USD,NYSE,US,VALMONT INDUSTRIES,STK,Metal Fabricate/Hardware,Industrial,Steel Pipe&amp;Tube,COMMON,true,VMI
12362013,BFH,USD,NYSE,US,BREAD FINANCIAL HOLDINGS INC,STK,Diversified Finan Serv,Financial,Finance-Credit Card,COMMON,true,BFH
275948,WBS,USD,NYSE,US,WEBSTER FINANCIAL CORP,STK,Banks,Financial,Commer Banks-Eastern US,COMMON,true,WBS
276179,WOR,USD,NYSE,US,WORTHINGTON ENTERPRISES INC,STK,Metal Fabricate/Hardware,Industrial,Metal Processors&amp;Fabrica,COMMON,true,WOR
764616,BIO,USD,NYSE,US,BIO-RAD LABORATORIES-A,STK,Biotechnology,"Consumer, Non-cyclical",Medical-Biomedical/Gene,COMMON,true,BIO
764621,BIO B,USD,NYSE,US,BIO-RAD LABORATORIES -CL B,STK,Biotechnology,"Consumer, Non-cyclical",Medical-Biomedical/Gene,COMMON,false,BIO B
2586487,BDN,USD,NYSE,US,BRANDYWINE REALTY TRUST,STK,REITS,Financial,REITS-Office Property,REIT,true,BDN
764657,BMI,USD,NYSE,US,BADGER METER INC,STK,Electronics,Industrial,Electronic Measur Instr,COMMON,true,BMI
764692,BTI,USD,NYSE,US,BRITISH AMERICAN TOB-SP ADR,STK,Agriculture,"Consumer, Non-cyclical",Tobacco,ADR,true,BTI
754105,CIA,USD,NYSE,US,CITIZENS INC,STK,Insurance,Financial,Multi-line Insurance,COMMON,true,CIA
754562,EQS,USD,NYSE,US,EQUUS TOTAL RETURN INC,STK,Investment Companies,Financial,Investment Companies,COMMON,false,EQS
754442,DVN,USD,NYSE,US,DEVON ENERGY CORP,STK,Oil&amp;Gas,Energy,Oil Comp-Explor&amp;Prodtn,COMMON,true,DVN
754990,HEI,USD,NYSE,US,HEICO CORP,STK,Aerospace/Defense,Industrial,Aerospace/Defense-Equip,COMMON,true,HEI
2016492,HPI,USD,NYSE,US,JOHN HANCOCK PREFER INC,STK,,,,CLOSED-END FUND,false,HPI
754833,GHM,USD,NYSE,US,GRAHAM CORP,STK,Electrical Compo&amp;Equip,Industrial,Electric Products-Misc,COMMON,true,GHM
754881,GRC,USD,NYSE,US,GORMAN-RUPP CO,STK,Machinery-Diversified,Industrial,Machinery-Pumps,COMMON,true,GRC
755768,MYE,USD,NYSE,US,MYERS INDUSTRIES INC,STK,Miscellaneous Manufactur,Industrial,Rubber/Plastic Products,COMMON,true,MYE
755608,MOG A,USD,NYSE,US,MOOG INC-CLASS A,STK,Aerospace/Defense,Industrial,Aerospace/Defense-Equip,COMMON,true,MOG A
755613,MOG B,USD,NYSE,US,MOOG INC-CLASS B,STK,Aerospace/Defense,Industrial,Aerospace/Defense-Equip,COMMON,false,MOG B
755864,NVR,USD,NYSE,US,NVR INC,STK,Home Builders,"Consumer, Cyclical",Bldg-Residential/Commer,COMMON,false,NVR
755912,OLP,USD,NYSE,US,ONE LIBERTY PROPERTIES INC,STK,REITS,Financial,REITS-Diversified,REIT,true,OLP
756433,ROG,USD,NYSE,US,ROGERS CORP,STK,Chemicals,Basic Materials,Chemicals-Specialty,COMMON,true,ROG
756340,RRX,USD,NYSE,US,REGAL REXNORD CORP,STK,Machinery-Diversified,Industrial,Machinery-General Indust,COMMON,true,RRX
756247,PSO,USD,NYSE,US,PEARSON PLC-SPONSORED ADR,STK,Media,Communications,Multimedia,ADR,true,PSO
757590,TRC,USD,NYSE,US,TEJON RANCH CO,STK,Agriculture,"Consumer, Non-cyclical",Agricultural Operations,COMMON,true,TRC
756877,KAI,USD,NYSE,US,KADANT INC,STK,Machinery-Diversified,Industrial,Machinery-General Indust,COMMON,true,KAI
757966,AD,USD,NYSE,US,ARRAY DIGITAL INFRASTRUCTURE,STK,Telecommunications,Communications,Cellular Telecom,COMMON,true,AD
757973,UTL,USD,NYSE,US,UNITIL CORP,STK,Electric,Utilities,Electric-Distribution,COMMON,true,UTL
758160,ELME,USD,NYSE,US,ELME COMMUNITIES,STK,REITS,Financial,REITS-Apartments,REIT,true,ELME
2016873,WSO B,USD,NYSE,US,WATSCO INC -CL B,STK,Distribution/Wholesale,"Consumer, Cyclical",Distribution/Wholesale,COMMON,false,WSO B
6207405,HEI A,USD,NYSE,US,HEICO CORP-CLASS A,STK,Aerospace/Defense,Industrial,Aerospace/Defense-Equip,COMMON,true,HEI A
6217881,HVT A,USD,NYSE,US,HAVERTY FURNITURE COS-CL A,STK,Retail,"Consumer, Cyclical",Retail-Home Furnishings,COMMON,false,HVT A
6217878,AKO A,USD,NYSE,US,EMBOTELLADORA ANDINA-ADR A,STK,Beverages,"Consumer, Non-cyclical",Beverages-Non-alcoholic,ADR,false,AKO A
6223250,TSM,USD,NYSE,US,TAIWAN SEMICONDUCTOR-SP ADR,STK,Semiconductors,Technology,Semicon Compo-Intg Circu,ADR,true,TSM
6227138,AVA,USD,NYSE,US,AVISTA CORP,STK,Electric,Utilities,Electric-Integrated,COMMON,true,AVA
6227314,GIL,USD,NYSE,US,GILDAN ACTIVEWEAR INC,STK,Apparel,"Consumer, Cyclical",Apparel Manufacturers,COMMON,true,GIL
6227275,EVF,USD,NYSE,US,EATON VANCE SENIOR INCOME TR,STK,,,,CLOSED-END FUND,false,EVF
6227280,EP PRC,USD,NYSE,US,EL PASO ENR CP TSTI 4.75 TCPR,STK,Pipelines,Energy,Pipelines,CONVPREFERRED,false,EP PRC
6231002,UPS,USD,NYSE,US,UNITED PARCEL SERVICE-CL B,STK,Transportation,Industrial,Transport-Services,COMMON,true,UPS
6340773,TDY,USD,NYSE,US,TELEDYNE TECHNOLOGIES INC,STK,Miscellaneous Manufactur,Industrial,Miscellaneous Manufactur,COMMON,true,TDY
6467986,BRC,USD,NYSE,US,BRADY CORPORATION - CL A,STK,Electronics,Industrial,Identification Sys/Dev,COMMON,true,BRC
6477725,EG,USD,NYSE,US,EVEREST GROUP LTD,STK,Insurance,Financial,Reinsurance,COMMON,true,EG
6477845,KFY,USD,NYSE,US,KORN FERRY,STK,Commercial Services,"Consumer, Non-cyclical",Human Resources,COMMON,true,KFY
6477744,FHI,USD,NYSE,US,FEDERATED HERMES INC,STK,Diversified Finan Serv,Financial,Invest Mgmnt/Advis Serv,COMMON,true,FHI
6477749,FLS,USD,NYSE,US,FLOWSERVE CORP,STK,Machinery-Diversified,Industrial,Machinery-Pumps,COMMON,true,FLS
6477908,MTD,USD,NYSE,US,METTLER-TOLEDO INTERNATIONAL,STK,Electronics,Industrial,Instruments-Controls,COMMON,true,MTD
6478015,RDN,USD,NYSE,US,RADIAN GROUP INC,STK,Diversified Finan Serv,Financial,Finance-Mtge Loan/Banker,COMMON,true,RDN
6478023,RWT,USD,NYSE,US,REDWOOD TRUST INC,STK,REITS,Financial,REITS-Mortgage,REIT,true,RWT
6478024,RSG,USD,NYSE,US,REPUBLIC SERVICES INC,STK,Environmental Control,Industrial,Non-hazardous Waste Disp,COMMON,true,RSG
6478065,SAH,USD,NYSE,US,SONIC AUTOMOTIVE INC-CLASS A,STK,Retail,"Consumer, Cyclical",Retail-Automobile,COMMON,true,SAH
6478290,FDP,USD,NYSE,US,FRESH DEL MONTE PRODUCE INC,STK,Agriculture,"Consumer, Non-cyclical",Agricultural Operations,COMMON,true,FDP
6542334,DDD,USD,NYSE,US,3D SYSTEMS CORP,STK,Computers,Technology,Computers-Other,COMMON,true,DDD
6604153,NAT,USD,NYSE,US,NORDIC AMERICAN TANKERS LTD,STK,Transportation,Industrial,Transport-Marine,COMMON,true,NAT
6604203,AVD,USD,NYSE,US,AMERICAN VANGUARD CORP,STK,Chemicals,Basic Materials,Chemicals-Other,COMMON,true,AVD
6604491,FCN,USD,NYSE,US,FTI CONSULTING INC,STK,Commercial Services,"Consumer, Non-cyclical",Consulting Services,COMMON,true,FCN
6604385,DAR,USD,NYSE,US,DARLING INGREDIENTS INC,STK,Agriculture,"Consumer, Non-cyclical",Pastoral&amp;Agricultural,COMMON,true,DAR
6604676,MLP,USD,NYSE,US,MAUI LAND & PINEAPPLE CO,STK,Real Estate,Financial,Real Estate Oper/Develop,COMMON,false,MLP
6607447,WTM,USD,NYSE,US,WHITE MOUNTAINS INSURANCE GP,STK,Insurance,Financial,Property/Casualty Ins,COMMON,false,WTM
6607467,AKR,USD,NYSE,US,ACADIA REALTY TRUST,STK,REITS,Financial,REITS-Shopping Centers,REIT,true,AKR
6607470,AMG,USD,NYSE,US,AFFILIATED MANAGERS GROUP,STK,Diversified Finan Serv,Financial,Invest Mgmnt/Advis Serv,COMMON,true,AMG
6607487,ARE,USD,NYSE,US,ALEXANDRIA REAL ESTATE EQUIT,STK,REITS,Financial,REITS-Health Care,REIT,true,ARE
6607708,FIX,USD,NYSE,US,COMFORT SYSTEMS USA INC,STK,Engineering&amp;Construction,Industrial,Building&amp;Construct-Misc,COMMON,true,FIX
6607712,CCZ,USD,NYSE,US,COMCAST 2.0% EX SB 101529 ZONE,STK,Media,Communications,Cable/Satellite TV,US DOMESTIC,false,CCZ
6607717,CBU,USD,NYSE,US,COMMUNITY FINANCIAL SYSTEM I,STK,Banks,Financial,Commer Banks-Eastern US,COMMON,true,CBU
6607727,SID,USD,NYSE,US,CIA SIDERURGICA NACL-SP ADR,STK,Iron/Steel,Basic Materials,Steel-Producers,ADR,true,SID
6607729,CCU,USD,NYSE,US,CIA CERVECERIAS UNI-SPON ADR,STK,Beverages,"Consumer, Non-cyclical",Beverages-Wine/Spirits,ADR,true,CCU
6607528,AWR,USD,NYSE,US,AMERICAN STATES WATER CO,STK,Water,Utilities,Water,COMMON,true,AWR
6607563,AZZ,USD,NYSE,US,AZZ INC,STK,Electrical Compo&amp;Equip,Industrial,Power Conv/Supply Equip,COMMON,true,AZZ
6607613,BRO,USD,NYSE,US,BROWN & BROWN INC,STK,Insurance,Financial,Insurance Brokers,COMMON,true,BRO
6607664,CSV,USD,NYSE,US,CARRIAGE SERVICES INC,STK,Commercial Services,"Consumer, Non-cyclical",Funeral Serv&amp;Rel Items,COMMON,true,CSV
6607745,BAK,USD,NYSE,US,BRASKEM SA-CLASS A- ADR,STK,Chemicals,Basic Materials,Chemicals-Diversified,ADR,false,BAK
6607758,CDP,USD,NYSE,US,COPT DEFENSE PROPERTIES,STK,REITS,Financial,REITS-Office Property,REIT,true,CDP
6607883,EVN,USD,NYSE,US,EATON VANCE MUNI INC TR,STK,,,,CLOSED-END FUND,false,EVN
6607842,DDT,USD,NYSE,US,DILLARDS CAP TST I 7.50%CP SEC,STK,Retail,"Consumer, Cyclical",Retail-Regnl Dept Store,PREFERRED,false,DDT
6607910,EPD,USD,NYSE,US,ENTERPRISE PRODUCTS PARTNERS,STK,Pipelines,Energy,Pipelines,MLP,true,EPD
6608006,GPI,USD,NYSE,US,GROUP 1 AUTOMOTIVE INC,STK,Retail,"Consumer, Cyclical",Retail-Automobile,COMMON,true,GPI
6608113,LII,USD,NYSE,US,LENNOX INTERNATIONAL INC,STK,Building Materials,Industrial,Bldg Prod-Air&amp;Heating,COMMON,true,LII
6608116,LAD,USD,NYSE,US,LITHIA MOTORS INC,STK,Retail,"Consumer, Cyclical",Retail-Automobile,COMMON,true,LAD
6607953,GUT,USD,NYSE,US,GABELLI UTILITY TRUST,STK,,,,CLOSED-END FUND,false,GUT
6607990,GGB,USD,NYSE,US,GERDAU SA -SPON ADR,STK,Iron/Steel,Basic Materials,Steel-Producers,ADR,true,GGB
6608072,JLL,USD,NYSE,US,JONES LANG LASALLE INC,STK,Real Estate,Financial,Real Estate Mgmnt/Servic,COMMON,true,JLL
6608089,KT,USD,NYSE,US,KT CORP-SP ADR,STK,Telecommunications,Communications,Telephone-Integrated,ADR,true,KT
6608145,HZO,USD,NYSE,US,MARINEMAX INC,STK,Retail,"Consumer, Cyclical",Retail-Leisure Products,COMMON,true,HZO
6608158,MMS,USD,NYSE,US,MAXIMUS INC.,STK,Computers,Technology,Computer Services,COMMON,true,MMS
6608326,NMR,USD,NYSE,US,NOMURA HOLDINGS INC-SPON ADR,STK,Diversified Finan Serv,Financial,Finance-Invest Bnkr/Brkr,ADR,true,NMR
6608344,NAD,USD,NYSE,US,NUVEEN QUALITY MUNICIPAL INC,STK,,,,CLOSED-END FUND,false,NAD
6608349,NAN,USD,NYSE,US,NUVEEN NY QLTY MUNI INC,STK,,,,CLOSED-END FUND,true,NAN
6608368,IX,USD,NYSE,US,ORIX - SPONSORED ADR,STK,Diversified Finan Serv,Financial,Finance-Leasing Compan,ADR,false,IX
6608373,PCN,USD,NYSE,US,PIMCO CORPORATE & INCOME STR,STK,,,,CLOSED-END FUND,false,PCN
6608432,PWR,USD,NYSE,US,QUANTA SERVICES INC,STK,Commercial Services,"Consumer, Non-cyclical",Commercial Services,COMMON,true,PWR
6608450,RRC,USD,NYSE,US,RANGE RESOURCES CORP,STK,Oil&amp;Gas,Energy,Oil Comp-Explor&amp;Prodtn,COMMON,true,RRC
6608528,SSD,USD,NYSE,US,SIMPSON MANUFACTURING CO INC,STK,Building Materials,Industrial,Bldg&amp;Construct Prod-Misc,COMMON,true,SSD
6608538,SNN,USD,NYSE,US,SMITH & NEPHEW PLC -SPON ADR,STK,Healthcare-Products,"Consumer, Non-cyclical",Medical Products,ADR,true,SNN
6608547,SGU,USD,NYSE,US,STAR GROUP LP,STK,Retail,"Consumer, Cyclical",Retail-Propane Distrib,COMMON,true,SGU
6608556,SRI,USD,NYSE,US,STONERIDGE INC,STK,Electronics,Industrial,Electronic Measur Instr,COMMON,true,SRI
6608627,UGP,USD,NYSE,US,ULTRAPAR PARTICPAC-SPON ADR,STK,Oil&amp;Gas,Energy,Oil Refining&amp;Marketing,ADR,true,UGP
6608665,WCC,USD,NYSE,US,WESCO INTERNATIONAL INC,STK,Distribution/Wholesale,"Consumer, Cyclical",Distribution/Wholesale,COMMON,true,WCC
6608573,TVC,USD,NYSE,US,TENNESSE VALLEY AUTH 98 6/1/28,STK,Sovereign,Government,Sovereign Agency,PREFERRED,false,TVC
6608576,TVE,USD,NYSE,US,TVA PWR BD99 SR A 5/1/29(PARRS,STK,Sovereign,Government,Sovereign Agency,PREFERRED,false,TVE
6608603,TREX,USD,NYSE,US,TREX COMPANY INC,STK,Building Materials,Industrial,Bldg&amp;Construct Prod-Misc,COMMON,true,TREX
6746248,UNFI,USD,NYSE,US,UNITED NATURAL FOODS INC,STK,Food,"Consumer, Non-cyclical",Food-Wholesale/Distrib,COMMON,true,UNFI
6746327,USNA,USD,NYSE,US,USANA HEALTH SCIENCES INC,STK,Pharmaceuticals,"Consumer, Non-cyclical",Vitamins&amp;Nutrition Prod,COMMON,true,USNA
6857605,GFI,USD,NYSE,US,GOLD FIELDS LTD-SPONS ADR,STK,Mining,Basic Materials,Gold Mining,ADR,true,GFI
12851783,ZBH,USD,NYSE,US,ZIMMER BIOMET HOLDINGS INC,STK,Healthcare-Products,"Consumer, Non-cyclical",Medical Products,COMMON,true,ZBH
12796138,HDB,USD,NYSE,US,HDFC BANK LTD-ADR,STK,Banks,Financial,Commer Banks Non-US,ADR,true,HDB
655276609,CRH,USD,NYSE,US,CRH PLC,STK,Building Materials,Industrial,Bldg Prod-Cement/Aggreg,COMMON,true,CRH
7740411,PKG,USD,NYSE,US,PACKAGING CORP OF AMERICA,STK,Packaging&amp;Containers,Industrial,Containers-Paper/Plastic,COMMON,true,PKG
8068883,IBN,USD,NYSE,US,ICICI BANK LTD-SPON ADR,STK,Banks,Financial,Commer Banks Non-US,ADR,true,IBN
8093509,MET,USD,NYSE,US,METLIFE INC,STK,Insurance,Financial,Multi-line Insurance,COMMON,true,MET
8101142,EW,USD,NYSE,US,EDWARDS LIFESCIENCES CORP,STK,Healthcare-Products,"Consumer, Non-cyclical",Medical Instruments,COMMON,true,EW
8794522,NVS,USD,NYSE,US,NOVARTIS AG-SPONSORED ADR,STK,Pharmaceuticals,"Consumer, Non-cyclical",Medical-Drugs,ADR,true,NVS
9599491,F,USD,NYSE,US,FORD MOTOR CO,STK,Auto Manufacturers,"Consumer, Cyclical",Auto-Cars/Light Trucks,COMMON,true,F
9662691,SLF,USD,NYSE,US,SUN LIFE FINANCIAL INC,STK,Insurance,Financial,Life/Health Insurance,COMMON,true,SLF
9899879,EVC,USD,NYSE,US,ENTRAVISION COMMUNICATIONS-A,STK,Internet,Communications,E-Marketing/Info,COMMON,true,EVC
10188791,NRG,USD,NYSE,US,NRG ENERGY INC,STK,Electric,Utilities,Independ Power Producer,COMMON,true,NRG
10377696,CYH,USD,NYSE,US,COMMUNITY HEALTH SYSTEMS INC,STK,Healthcare-Services,"Consumer, Non-cyclical",Medical-Hospitals,COMMON,true,CYH
10386005,ASR,USD,NYSE,US,GRUPO AEROPORTUARIO SUR-ADR,STK,Engineering&amp;Construction,Industrial,Airport Develop/Maint,ADR,true,ASR
10828168,PBR,USD,NYSE,US,PETROLEO BRASILEIRO-SPON ADR,STK,Oil&amp;Gas,Energy,Oil Comp-Integrated,ADR,true,PBR
11218575,FLR,USD,NYSE,US,FLUOR CORP,STK,Engineering&amp;Construction,Industrial,Engineering/R&amp;D Services,COMMON,true,FLR
11477774,GPN,USD,NYSE,US,GLOBAL PAYMENTS INC,STK,Commercial Services,"Consumer, Non-cyclical",Commercial Serv-Finance,COMMON,true,GPN
11506420,OIS,USD,NYSE,US,OIL STATES INTERNATIONAL INC,STK,Oil&amp;Gas Services,Energy,Oil-Field Services,COMMON,true,OIS
11720941,PUK,USD,NYSE,US,PRUDENTIAL PLC-ADR,STK,Insurance,Financial,Life/Health Insurance,ADR,true,PUK
11913510,FLO,USD,NYSE,US,FLOWERS FOODS INC,STK,Food,"Consumer, Non-cyclical",Food-Baking,COMMON,true,FLO
12325901,RDY,USD,NYSE,US,DR REDDY'S LABORATORIES-ADR,STK,Pharmaceuticals,"Consumer, Non-cyclical",Medical-Drugs,ADR,true,RDY
13682106,AMN,USD,NYSE,US,AMN HEALTHCARE SERVICES INC,STK,Commercial Services,"Consumer, Non-cyclical",Human Resources,COMMON,true,AMN
13695797,ARL,USD,NYSE,US,AMERICAN REALTY INVESTORS IN,STK,Real Estate,Financial,Real Estate Oper/Develop,COMMON,false,ARL
13865082,PRU,USD,NYSE,US,PRUDENTIAL FINANCIAL INC,STK,Insurance,Financial,Life/Health Insurance,COMMON,true,PRU
13878278,CNC,USD,NYSE,US,CENTENE CORP,STK,Healthcare-Services,"Consumer, Non-cyclical",Medical-HMO,COMMON,true,CNC
15535784,CAE,USD,NYSE,US,CAE INC,STK,Aerospace/Defense,Industrial,Aerospace/Defense-Equip,COMMON,true,CAE
14486571,BBT,USD,NYSE,US,BEACON FINANCIAL CORP,STK,Savings&amp;Loans,Financial,S&amp;L/Thrifts-Eastern US,COMMON,true,BBT
14486871,AFB,USD,NYSE,US,ALLIANCEBERSTEIN NTL MUNI,STK,,,,CLOSED-END FUND,false,AFB
14486877,AGM A,USD,NYSE,US,FEDERAL AGRIC MTG CORP-CL A,STK,Diversified Finan Serv,Financial,Finance-Mtge Loan/Banker,COMMON,false,AGM A
14486922,BHK,USD,NYSE,US,BLACKROCK CORE BOND TRUST,STK,,,,CLOSED-END FUND,false,BHK
14487260,KTH,USD,NYSE,US,STRUTURED PRODUCTS CORP,STK,Diversified Finan Serv,Financial,Special Purpose Entity,PREFERRED,false,KTH
14487274,KTN,USD,NYSE,US,STRUCTURED PRODUCTS CORP,STK,Diversified Finan Serv,Financial,Special Purpose Entity,PREFERRED,false,KTN
14487291,LYG,USD,NYSE,US,LLOYDS BANKING GROUP PLC-ADR,STK,Banks,Financial,Diversified Banking Inst,ADR,true,LYG
14487364,PBR A,USD,NYSE,US,PETROLEO BRASIL-SP PREF ADR,STK,Oil&amp;Gas,Energy,Oil Comp-Integrated,ADR,true,PBR A
14487733,UHAL,USD,NYSE,US,U-HAUL HOLDING CO,STK,Commercial Services,"Consumer, Non-cyclical",Rental Auto/Equipment,COMMON,true,UHAL
14491612,TNC,USD,NYSE,US,TENNANT CO,STK,Machinery-Diversified,Industrial,Machinery-General Indust,COMMON,true,TNC
14495475,RQI,USD,NYSE,US,COHEN & STEERS QUAL INC RLTY,STK,,,,CLOSED-END FUND,false,RQI
14680959,ABG,USD,NYSE,US,ASBURY AUTOMOTIVE GROUP,STK,Retail,"Consumer, Cyclical",Retail-Automobile,COMMON,true,ABG
14732309,NVG,USD,NYSE,US,NUVEEN AMT-FR MUNI CRDT,STK,,,,CLOSED-END FUND,false,NVG
34563787,CGAU,USD,NYSE,US,CENTERRA GOLD INC,STK,Mining,Basic Materials,Gold Mining,COMMON,true,CGAU
75218155,EMA,USD,NYSE,US,EMERA INC,STK,Electric,Utilities,Electric-Integrated,COMMON,true,EMA
59364285,FTS,USD,NYSE,US,FORTIS INC,STK,Electric,Utilities,Electric-Integrated,COMMON,true,FTS
16671499,IAG,USD,NYSE,US,IAMGOLD CORP,STK,Mining,Basic Materials,Gold Mining,COMMON,true,IAG
35442355,STN,USD,NYSE,US,STANTEC INC,STK,Engineering&amp;Construction,Industrial,Engineering/R&amp;D Services,COMMON,true,STN
75218890,WFG,USD,NYSE,US,WEST FRASER TIMBER CO LTD,STK,Building Materials,Industrial,Bldg Prod-Wood,COMMON,true,WFG
14996978,SBS,USD,NYSE,US,CIA SANEAMENTO BASICO DE-ADR,STK,Water,Utilities,Water,ADR,true,SBS
15130035,NPO,USD,NYSE,US,ENPRO INC,STK,Miscellaneous Manufactur,Industrial,Diversified Manufact Op,COMMON,true,NPO
15154983,JRS,USD,NYSE,US,NUVEEN REAL ESTATE INCOME,STK,,,,CLOSED-END FUND,false,JRS
15130038,SJM,USD,NYSE,US,JM SMUCKER CO/THE,STK,Food,"Consumer, Non-cyclical",Food-Confectionery,COMMON,true,SJM
15130059,BBBY,USD,NYSE,US,BED BATH & BEYOND INC,STK,Internet,Communications,E-Commerce/Products,COMMON,true,BBBY
15219460,WHG,USD,NYSE,US,WESTWOOD HOLDINGS GROUP INC,STK,Diversified Finan Serv,Financial,Invest Mgmnt/Advis Serv,COMMON,true,WHG
15399695,PML,USD,NYSE,US,PIMCO MUNICIPAL INCOME FD II,STK,,,,CLOSED-END FUND,false,PML
15399648,PNI,USD,NYSE,US,PIMCO NY MUNI INC II FND,STK,,,,CLOSED-END FUND,false,PNI
15543754,WEA,USD,NYSE,US,WESTERN ASSET PREMIER BOND,STK,,,,CLOSED-END FUND,false,WEA
15544495,BHV,USD,NYSE,US,BLACKROCK VIRGINIA MUNI BND,STK,,,,CLOSED-END FUND,false,BHV
15548118,NZF,USD,NYSE,US,NUVEEN MUNICIPAL CREDIT INC,STK,,,,CLOSED-END FUND,false,NZF
36525494,EXK,USD,NYSE,US,ENDEAVOUR SILVER CORP,STK,Mining,Basic Materials,Silver Mining,COMMON,true,EXK
16310970,DKS,USD,NYSE,US,DICK'S SPORTING GOODS INC,STK,Retail,"Consumer, Cyclical",Retail-Sporting Goods,COMMON,true,DKS
16420271,NGS,USD,NYSE,US,NATURAL GAS SERVICES GROUP,STK,Oil&amp;Gas Services,Energy,Oil Field Mach&amp;Equip,COMMON,true,NGS
16646301,HPF,USD,NYSE,US,JOHN HANCOCK PREFER INC II,STK,,,,CLOSED-END FUND,false,HPF
16675601,TS,USD,NYSE,US,TENARIS SA-ADR,STK,Metal Fabricate/Hardware,Industrial,Steel Pipe&amp;Tube,ADR,true,TS
16693880,NKX,USD,NYSE,US,NUVEEN CA AMT-FR MUNI INC,STK,,,,CLOSED-END FUND,false,NKX
16717814,FMN,USD,NYSE,US,FEDERATED HERM PREM MUNI INC,STK,,,,CLOSED-END FUND,false,FMN
16717790,MED,USD,NYSE,US,MEDIFAST INC,STK,Commercial Services,"Consumer, Non-cyclical",Commercial Services,COMMON,true,MED
16825380,PTY,USD,NYSE,US,PIMCO CORPORATE & INCOME OPP,STK,,,,CLOSED-END FUND,false,PTY
16884706,PFS,USD,NYSE,US,PROVIDENT FINANCIAL SERVICES,STK,Savings&amp;Loans,Financial,S&amp;L/Thrifts-Eastern US,COMMON,true,PFS
17085357,NEA,USD,NYSE,US,NUVEEN AMT-FR QLTY MUNI INC,STK,,,,CLOSED-END FUND,false,NEA
17635192,JPC,USD,NYSE,US,NUVEEN PREFERED & INCOME OPP,STK,,,,CLOSED-END FUND,false,JPC
17722625,LEN B,USD,NYSE,US,LENNAR CORP - B SHS,STK,Home Builders,"Consumer, Cyclical",Bldg-Residential/Commer,COMMON,false,LEN B
17966274,PHK,USD,NYSE,US,PIMCO HIGH INCOME FUND,STK,,,,CLOSED-END FUND,false,PHK
17983637,AVK,USD,NYSE,US,ADVENT CONVERT & INCOME,STK,,,,CLOSED-END FUND,false,AVK
18449400,HPS,USD,NYSE,US,JOHN HANCOCK PREFER INC III,STK,,,,CLOSED-END FUND,false,HPS
18740337,RNP,USD,NYSE,US,COHEN & STEERS REIT AND PREF,STK,,,,CLOSED-END FUND,false,RNP
18832912,JQC,USD,NYSE,US,NUVEEN CREDIT STRATEGIES INC,STK,,,,CLOSED-END FUND,false,JQC
18963197,AXS,USD,NYSE,US,AXIS CAPITAL HOLDINGS LTD,STK,Insurance,Financial,Property/Casualty Ins,COMMON,true,AXS
19012089,MOH,USD,NYSE,US,MOLINA HEALTHCARE INC,STK,Healthcare-Services,"Consumer, Non-cyclical",Medical-HMO,COMMON,true,MOH
20388997,BLW,USD,NYSE,US,BLACKROCK LTD DURAT INC TR,STK,,,,CLOSED-END FUND,false,BLW
22488818,FLC,USD,NYSE,US,FLAHERTY & CRUMRINE TTL RTRN,STK,,,,CLOSED-END FUND,false,FLC
22488838,PFL,USD,NYSE,US,PIMCO INCOME STRATEGY FUND,STK,,,,CLOSED-END FUND,false,PFL
24556794,SHG,USD,NYSE,US,SHINHAN FINANCIAL GROUP-ADR,STK,Banks,Financial,Commer Banks Non-US,ADR,true,SHG
25960485,EVT,USD,NYSE,US,EATON VANCE TAX-ADV DVD INC,STK,,,,CLOSED-END FUND,false,EVT
25975626,WIA,USD,NYSE,US,WESTERN ASSET INFL-LINK SEC,STK,,,,CLOSED-END FUND,false,WIA
26593783,CRI,USD,NYSE,US,CARTER'S INC,STK,Apparel,"Consumer, Cyclical",Apparel Manufacturers,COMMON,true,CRI
26608112,GAM PRB,USD,NYSE,US,"GENERAL AMERICAN INVESTORS, 5.95% CUMUL PFD STOCK B",STK,Closed-end Funds,Financial,Closed-end Funds,PREFERRED,false,GAM PRB
26678891,PFO,USD,NYSE,US,FLAHERTY & CRUMRINE P&I OPP,STK,,,,CLOSED-END FUND,false,PFO
26678884,PFD,USD,NYSE,US,FLAHERTY & CRUMRIN PRE&INC F,STK,,,,CLOSED-END FUND,false,PFD
26678881,FFC,USD,NYSE,US,FLAHERTY & CRUMRINE PREF INC,STK,,,,CLOSED-END FUND,false,FFC
28712051,SA,USD,NYSE,US,SEABRIDGE GOLD INC,STK,Mining,Basic Materials,Gold Mining,COMMON,true,SA
26787469,NMZ,USD,NYSE,US,NUVEEN MUNI HI INC OPPORT,STK,,,,CLOSED-END FUND,false,NMZ
26904812,GDV,USD,NYSE,US,GABELLI DIVIDEND & INCOME TR,STK,,,,CLOSED-END FUND,false,GDV
26904809,EFR,USD,NYSE,US,EATON VANCE SR FLTG RATE TR,STK,,,,CLOSED-END FUND,false,EFR
26904835,SNX,USD,NYSE,US,TD SYNNEX CORP,STK,Electronics,Industrial,Electronic Parts Distrib,COMMON,true,SNX
26976201,KRO,USD,NYSE,US,KRONOS WORLDWIDE INC,STK,Chemicals,Basic Materials,Coatings/Paint,COMMON,true,KRO
27015712,NNI,USD,NYSE,US,NELNET INC-CL A,STK,Diversified Finan Serv,Financial,Finance-Consumer Loans,COMMON,true,NNI
27022213,CMP,USD,NYSE,US,COMPASS MINERALS INTERNATION,STK,Mining,Basic Materials,Quarrying,COMMON,true,CMP
27034533,LXU,USD,NYSE,US,LSB INDUSTRIES INC,STK,Miscellaneous Manufactur,Industrial,Diversified Manufact Op,COMMON,true,LXU
27051830,UTI,USD,NYSE,US,UNIVERSAL TECHNICAL INSTITUT,STK,Commercial Services,"Consumer, Non-cyclical",Schools,COMMON,true,UTI
27059190,SGI,USD,NYSE,US,SOMNIGROUP INTERNATIONAL INC,STK,Home Furnishings,"Consumer, Cyclical",Home Furnishings,COMMON,true,SGI
27267807,EXP,USD,NYSE,US,EAGLE MATERIALS INC,STK,Building Materials,Industrial,Bldg Prod-Cement/Aggreg,COMMON,true,EXP
27727424,AIZ,USD,NYSE,US,ASSURANT INC,STK,Insurance,Financial,Property/Casualty Ins,COMMON,true,AIZ
28003327,WIW,USD,NYSE,US,WESTERN ASST INFL-LNK OPP,STK,,,,CLOSED-END FUND,false,WIW
28113313,IPB,USD,NYSE,US,ML DEPOSITOR 6.0518% INDEXPLUS TRUST SERIES 2003-1 DUE 5/15/,STK,Diversified Finan Serv,Financial,Special Purpose Entity,PREFERRED,false,IPB
28213000,BBD,USD,NYSE,US,BANCO BRADESCO-ADR,STK,Banks,Financial,Commer Banks Non-US,ADR,true,BBD
28828789,JFR,USD,NYSE,US,NUVEEN FLOATING RATE INCOME,STK,,,,CLOSED-END FUND,false,JFR
28840439,AGO,USD,NYSE,US,ASSURED GUARANTY LTD,STK,Insurance,Financial,Financial Guarantee Ins,COMMON,true,AGO
29110391,GNW,USD,NYSE,US,GENWORTH FINANCIAL INC,STK,Insurance,Financial,Multi-line Insurance,COMMON,true,GNW
29251815,ETG,USD,NYSE,US,EATON VANCE T/A GL DVD INCM,STK,,,,CLOSED-END FUND,false,ETG
29489633,PRSU,USD,NYSE,US,PURSUIT ATTRACTIONS AND HOSP,STK,Entertainment,"Consumer, Cyclical",Resorts/Theme Parks,COMMON,true,PRSU
29624264,CRM,USD,NYSE,US,SALESFORCE INC,STK,Software,Technology,Enterprise Software/Serv,COMMON,true,CRM
29624593,LGI,USD,NYSE,US,LAZARD GLBL TTL RTRN & INC,STK,,,,CLOSED-END FUND,false,LGI
29649301,EFT,USD,NYSE,US,EATON VANCE FLTNG RT INC TR,STK,,,,CLOSED-END FUND,false,EFT
29661257,ABR,USD,NYSE,US,ARBOR REALTY TRUST INC,STK,REITS,Financial,REITS-Mortgage,REIT,true,ABR
29854151,FCT,USD,NYSE,US,FIRST TRUST SNR FL RT INC II,STK,,,,CLOSED-END FUND,false,FCT
29857963,JBK,USD,NYSE,US,LEHMAN ABS CORP CRP BACKED FLOATING RATE GOLDMAN,STK,Diversified Finan Serv,Financial,Special Purpose Entity,PREFERRED,false,JBK
29863855,BDC,USD,NYSE,US,BELDEN INC,STK,Electrical Compo&amp;Equip,Industrial,Wire&amp;Cable Products,COMMON,true,BDC
29914393,LPL,USD,NYSE,US,LG DISPLAY CO LTD-ADR,STK,Electronics,Industrial,Electronic Compo-Misc,ADR,true,LPL
30080724,EGY,USD,NYSE,US,VAALCO ENERGY INC,STK,Oil&amp;Gas,Energy,Oil Comp-Explor&amp;Prodtn,COMMON,true,EGY
30207664,AGX,USD,NYSE,US,ARGAN INC,STK,Engineering&amp;Construction,Industrial,Building-Heavy Construct,COMMON,true,AGX
30217916,UVE,USD,NYSE,US,UNIVERSAL INSURANCE HOLDINGS,STK,Insurance,Financial,Property/Casualty Ins,COMMON,true,UVE
30219446,ENS,USD,NYSE,US,ENERSYS,STK,Electrical Compo&amp;Equip,Industrial,Batteries/Battery Sys,COMMON,true,ENS
30217686,UAMY,USD,NYSE,US,UNITED STATES ANTIMONY CORP,STK,Mining,Basic Materials,Non-Ferrous Metals,COMMON,true,UAMY
30301899,HTD,USD,NYSE,US,JOHN HANCOCK TAX ADV DVD INC,STK,,,,CLOSED-END FUND,false,HTD
30350975,CNS,USD,NYSE,US,COHEN & STEERS INC,STK,Diversified Finan Serv,Financial,Invest Mgmnt/Advis Serv,COMMON,true,CNS
30351205,EXR,USD,NYSE,US,EXTRA SPACE STORAGE INC,STK,REITS,Financial,REITS-Storage,REIT,true,EXR
30351217,WLK,USD,NYSE,US,WESTLAKE CORP,STK,Chemicals,Basic Materials,Chemicals-Diversified,COMMON,true,WLK
30689013,FFA,USD,NYSE,US,FIRST TRUST ENHAN EQTY INC,STK,,,,CLOSED-END FUND,false,FFA
30705321,BGT,USD,NYSE,US,BLACKROCK FLTNG RT INC TR,STK,,,,CLOSED-END FUND,false,BGT
31198854,ETO,USD,NYSE,US,EATON VANCE T/A GLBL DVD OPP,STK,,,,CLOSED-END FUND,false,ETO
31250966,KYN,USD,NYSE,US,KAYNE ANDERSON ENERGY INFRA,STK,,,,CLOSED-END FUND,true,KYN
31308348,PYT,USD,NYSE,US,ML DEPOSITOR PPLUS TR GSC-2 TR CTF FLTG RATE,STK,Diversified Finan Serv,Financial,Special Purpose Entity,PREFERRED,false,PYT
31719982,GJH,USD,NYSE,US,SYNTHETIC FIXED-INCOME SEC STRATS 2004-06 6.375% US CELLULAR,STK,Banks,Financial,Super-Regional Banks-US,PREFERRED,false,GJH
31729162,SHO,USD,NYSE,US,SUNSTONE HOTEL INVESTORS INC,STK,REITS,Financial,REITS-Hotels,REIT,true,SHO
31815544,EOI,USD,NYSE,US,EATON VANCE ENHANCED EQ INCM,STK,,,,CLOSED-END FUND,false,EOI
31815560,PFN,USD,NYSE,US,PIMCO INCOME STRATEGY FD II,STK,,,,CLOSED-END FUND,false,PFN
31816457,UTF,USD,NYSE,US,COHEN & STEERS INFRASTRUCTUR,STK,,,,CLOSED-END FUND,false,UTF
31832523,BBW,USD,NYSE,US,BUILD-A-BEAR WORKSHOP INC,STK,Retail,"Consumer, Cyclical",Retail-Toy Store,COMMON,true,BBW
31832526,DLR,USD,NYSE,US,DIGITAL REALTY TRUST INC.,STK,REITS,Financial,REITS-Diversified,REIT,true,DLR
32006502,ORA,USD,NYSE,US,ORMAT TECHNOLOGIES INC,STK,Electric,Utilities,Electric-Generation,COMMON,true,ORA
174267357,CMBT,USD,NYSE,US,CMB TECH NV,STK,Transportation,Industrial,Transport-Marine,COMMON,true,CMBT
32602412,LVS,USD,NYSE,US,LAS VEGAS SANDS CORP,STK,Lodging,"Consumer, Cyclical",Casino Hotels,COMMON,true,LVS
32618459,HLF,USD,NYSE,US,HERBALIFE LTD,STK,Pharmaceuticals,"Consumer, Non-cyclical",Vitamins&amp;Nutrition Prod,COMMON,true,HLF
32821988,BGR,USD,NYSE,US,BLACKROCK ENRGY & RES TR,STK,,,,CLOSED-END FUND,false,BGR
38590542,HBM,USD,NYSE,US,HUDBAY MINERALS INC,STK,Mining,Basic Materials,Metal-Copper,COMMON,true,HBM
32923763,WTI,USD,NYSE,US,W&T OFFSHORE INC,STK,Oil&amp;Gas,Energy,Oil Comp-Explor&amp;Prodtn,COMMON,true,WTI
32943358,CE,USD,NYSE,US,CELANESE CORP,STK,Chemicals,Basic Materials,Chemicals-Diversified,COMMON,true,CE
33175911,HUN,USD,NYSE,US,HUNTSMAN CORP,STK,Chemicals,Basic Materials,Chemicals-Diversified,COMMON,true,HUN
33175912,PBH,USD,NYSE,US,PRESTIGE CONSUMER HEALTHCARE,STK,Cosmetics/Personal Care,"Consumer, Non-cyclical",Cosmetics&amp;Toiletries,COMMON,true,PBH
33191300,TAP,USD,NYSE,US,MOLSON COORS BEVERAGE CO - B,STK,Beverages,"Consumer, Non-cyclical",Brewery,COMMON,true,TAP
52282307,TAP A,USD,NYSE,US,MOLSON COORS BEVERAGE CO - A,STK,Beverages,"Consumer, Non-cyclical",Brewery,COMMON,false,TAP A
33205673,DLB,USD,NYSE,US,DOLBY LABORATORIES INC-CL A,STK,Home Furnishings,"Consumer, Cyclical",Audio/Video Products,COMMON,true,DLB
33442713,EOS,USD,NYSE,US,EATON VANCE ENH EQT INC II,STK,,,,CLOSED-END FUND,false,EOS
33522437,DSX,USD,NYSE,US,DIANA SHIPPING INC,STK,Transportation,Industrial,Transport-Marine,COMMON,true,DSX
33793058,BME,USD,NYSE,US,BLACKROCK HEALTH SCIENCES,STK,,,,CLOSED-END FUND,false,BME
273085,RNST,USD,NYSE,US,RENASANT CORP,STK,Banks,Financial,Commer Banks-Southern US,COMMON,true,RNST
34390308,ETB,USD,NYSE,US,EATON VANCE T/M BUY-WRT INC,STK,,,,CLOSED-END FUND,false,ETB
34432345,GS PRA,USD,NYSE,US,GOLDMAN SACHS GROUP INC DEP SH REPS,STK,Banks,Financial,Diversified Banking Inst,PREFERRED,false,GS PRA
34553933,FLG PRU,USD,NYSE,US,NEW YORK COMMUNITY CAP TR V PFD,STK,Banks,Financial,Commer Banks-Central US,CONVPREFERRED,false,FLG PRU
34700156,FMY,USD,NYSE,US,FIRST TRUST MORTGAGE INCOME,STK,,,,CLOSED-END FUND,false,FMY
34723123,BOE,USD,NYSE,US,BLACKROCK ENH GLBL DVD TR,STK,,,,CLOSED-END FUND,false,BOE
34726095,EVG,USD,NYSE,US,EATON VANCE SHORT DUR DIV IN,STK,,,,CLOSED-END FUND,false,EVG
34764708,PGP,USD,NYSE,US,PIMCO GLBL STOCKSPL & INC,STK,,,,CLOSED-END FUND,false,PGP
34822226,HTGC,USD,NYSE,US,HERCULES CAPITAL INC,STK,Private Equity,Financial,Venture Capital,COMMON,true,HTGC
34851874,BLDR,USD,NYSE,US,BUILDERS FIRSTSOURCE INC,STK,Building Materials,Industrial,Bldg&amp;Construct Prod-Misc,COMMON,true,BLDR
35072121,ETV,USD,NYSE,US,EATON VANCE T/M BUY-WRIT OPP,STK,,,,CLOSED-END FUND,false,ETV
35090283,WAL,USD,NYSE,US,WESTERN ALLIANCE BANCORP,STK,Banks,Financial,Commer Banks-Western US,COMMON,true,WAL
10897,PAI,USD,NYSE,US,WESTERN ASSET INVESTMENT GRA,STK,,,,CLOSED-END FUND,false,PAI
35111040,MPT,USD,NYSE,US,MEDICAL PROPERTIES TRUST INC,STK,REITS,Financial,REITS-Health Care,REIT,true,MPT
35146376,MET PRA,USD,NYSE,US,METLIFE INC PFD SERIES A FLOATING RATE,STK,Insurance,Financial,Multi-line Insurance,PREFERRED,false,MET PRA
35419704,RBC,USD,NYSE,US,RBC BEARINGS INC,STK,Metal Fabricate/Hardware,Industrial,Metal Processors&amp;Fabrica,COMMON,true,RBC
4727679,CBZ,USD,NYSE,US,CBIZ INC,STK,Commercial Services,"Consumer, Non-cyclical",Commercial Serv-Finance,COMMON,true,CBZ
35442319,ACCO,USD,NYSE,US,ACCO BRANDS CORP,STK,Household Products/Wares,"Consumer, Non-cyclical",Office Supplies&amp;Forms,COMMON,true,ACCO
35447205,CF,USD,NYSE,US,CF INDUSTRIES HOLDINGS INC,STK,Chemicals,Basic Materials,Agricultural Chemicals,COMMON,true,CF
35454948,BDJ,USD,NYSE,US,BLACKROCK ENHANCED EQTY DVD,STK,,,,CLOSED-END FUND,false,BDJ
35632791,LXP PRC,USD,NYSE,US,LEXINGTON CORPORATE PPTYS TR PFD SERIES C 6.5%,STK,REITS,Financial,REITS-Warehouse/Industr,CONVPREFERRED,false,LXP PRC
35970258,AMP,USD,NYSE,US,AMERIPRISE FINANCIAL INC,STK,Diversified Finan Serv,Financial,Invest Mgmnt/Advis Serv,COMMON,true,AMP
35976362,GLP,USD,NYSE,US,GLOBAL PARTNERS LP,STK,Gas,Utilities,Gas-Transportation,MLP,true,GLP
4813429,WT,USD,NYSE,US,WISDOMTREE INC,STK,Diversified Finan Serv,Financial,Invest Mgmnt/Advis Serv,COMMON,true,WT
9394,MUFG,USD,NYSE,US,MITSUBISHI UFJ FINL-SPON ADR,STK,Banks,Financial,Diversified Banking Inst,ADR,true,MUFG
36284040,ETW,USD,NYSE,US,EATON VANCE T/M GLBL BUY-WR,STK,,,,CLOSED-END FUND,false,ETW
36285627,GME,USD,NYSE,US,GAMESTOP CORP-CLASS A,STK,Retail,"Consumer, Cyclical",Retail-Misc/Diversified,COMMON,true,GME
1812968,SCCO,USD,NYSE,US,SOUTHERN COPPER CORP,STK,Mining,Basic Materials,Metal-Copper,COMMON,true,SCCO
7535,EEA,USD,NYSE,US,EUROPEAN EQUITY FUND INC/THE,STK,,,,CLOSED-END FUND,false,EEA
36786278,UAA,USD,NYSE,US,UNDER ARMOUR INC-CLASS A,STK,Apparel,"Consumer, Cyclical",Apparel Manufacturers,COMMON,true,UAA
36792384,GJO,USD,NYSE,US,SYNTHETIC FIXED-INCOME 110STRATS FOR WAL MART STORES INC,STK,Banks,Financial,Super-Regional Banks-US,PREFERRED,false,GJO
36791754,BKD,USD,NYSE,US,BROOKDALE SENIOR LIVING INC,STK,Healthcare-Services,"Consumer, Non-cyclical",Retirement/Aged Care,COMMON,true,BKD
36792411,GS PRC,USD,NYSE,US,GOLMAN SACHS GP - DEP SHS SERIES C,STK,Banks,Financial,Diversified Banking Inst,PREFERRED,false,GS PRC
37018770,T,USD,NYSE,US,AT&T INC,STK,Telecommunications,Communications,Telephone-Integrated,COMMON,true,T
37037874,SPXX,USD,NYSE,US,NUVEEN S&P500 DYNAM OVERWR,STK,,,,CLOSED-END FUND,false,SPXX
37075152,THG,USD,NYSE,US,HANOVER INSURANCE GROUP INC/,STK,Insurance,Financial,Property/Casualty Ins,COMMON,true,THG
3655373,ABCB,USD,NYSE,US,AMERIS BANCORP,STK,Banks,Financial,Commer Banks-Southern US,COMMON,true,ABCB
37162669,CPA,USD,NYSE,US,COPA HOLDINGS SA-CLASS A,STK,Airlines,"Consumer, Cyclical",Airlines,COMMON,true,CPA
37511786,LYV,USD,NYSE,US,LIVE NATION ENTERTAINMENT IN,STK,Entertainment,"Consumer, Cyclical",Theaters,COMMON,true,LYV
37655662,KOP,USD,NYSE,US,KOPPERS HOLDINGS INC,STK,Chemicals,Basic Materials,Chemicals-Diversified,COMMON,true,KOP
37655664,CMG,USD,NYSE,US,CHIPOTLE MEXICAN GRILL INC,STK,Retail,"Consumer, Cyclical",Retail-Restaurants,COMMON,true,CMG
37792846,TX,USD,NYSE,US,TERNIUM SA-SPONSORED ADR,STK,Iron/Steel,Basic Materials,Steel-Producers,ADR,true,TX
37830920,ET,USD,NYSE,US,ENERGY TRANSFER LP,STK,Pipelines,Energy,Pipelines,MLP,true,ET
37866641,FIS,USD,NYSE,US,FIDELITY NATIONAL INFO SERV,STK,Software,Technology,Data Processing/Mgmt,COMMON,true,FIS
38163607,PAC,USD,NYSE,US,GRUPO AEROPORTUARIO PAC-ADR,STK,Engineering&amp;Construction,Industrial,Airport Develop/Maint,ADR,false,PAC
38198926,AB,USD,NYSE,US,ALLIANCEBERNSTEIN HOLDING LP,STK,Diversified Finan Serv,Financial,Invest Mgmnt/Advis Serv,MLP,true,AB
38251658,HLX,USD,NYSE,US,HELIX ENERGY SOLUTIONS GROUP,STK,Oil&amp;Gas Services,Energy,Oil-Field Services,COMMON,true,HLX
38285434,TDG,USD,NYSE,US,TRANSDIGM GROUP INC,STK,Aerospace/Defense,Industrial,Aerospace/Defense-Equip,COMMON,true,TDG
38294108,NRK,USD,NYSE,US,NUVEEN NY AMT-FR MUNI INC,STK,,,,CLOSED-END FUND,false,NRK
38551985,BMA,USD,NYSE,US,BANCO MACRO SA-ADR,STK,Banks,Financial,Commer Banks Non-US,ADR,true,BMA
38608398,POR,USD,NYSE,US,PORTLAND GENERAL ELECTRIC CO,STK,Electric,Utilities,Electric-Integrated,COMMON,true,POR
38615181,UMH,USD,NYSE,US,UMH PROPERTIES INC,STK,REITS,Financial,REITS-Diversified,REIT,true,UMH
38685693,MA,USD,NYSE,US,MASTERCARD INC - A,STK,Diversified Finan Serv,Financial,Finance-Credit Card,COMMON,true,MA
38701868,USB PRH,USD,NYSE,US,U.S. BANCORP FLOAT RATE DEPOSITARY SHARES SER B,STK,Banks,Financial,Super-Regional Banks-US,PREFERRED,false,USB PRH
38781874,GJP,USD,NYSE,US,SYNTHETIC FXD INCOME SEC STRATS DOMINION,STK,Banks,Financial,Super-Regional Banks-US,PREFERRED,false,GJP
39042404,NNN,USD,NYSE,US,NNN REIT INC,STK,REITS,Financial,REITS-Single Tenant,REIT,true,NNN
39126011,CODI,USD,NYSE,US,COMPASS DIVERSIFIED HOLDINGS,STK,Investment Companies,Financial,Investment Companies,COMMON,true,CODI
38988979,AXIA,USD,NYSE,US,AXIA ENERGIA-ADR PREF,STK,Electric,Utilities,Electric-Generation,ADR,false,AXIA
39429639,MWA,USD,NYSE,US,MUELLER WATER PRODUCTS INC-A,STK,Machinery-Diversified,Industrial,Machinery-Pumps,COMMON,true,MWA
39592395,HOMB,USD,NYSE,US,HOME BANCSHARES INC,STK,Banks,Financial,Commer Banks-Southern US,COMMON,true,HOMB
39966750,BCE,USD,NYSE,US,BCE INC,STK,Telecommunications,Communications,Telecom Services,COMMON,true,BCE
39997649,GJR,USD,NYSE,US,SYNTHETIC FIXED INC SEC STRATS 2006-01 PROCTOR & GAMBLE,STK,Banks,Financial,Super-Regional Banks-US,PREFERRED,false,GJR
40084833,GS PRD,USD,NYSE,US,OLMAN SACHS GP -DEP SHR FLOAT RATE NON-CUM SER D,STK,Banks,Financial,Diversified Banking Inst,PREFERRED,false,GS PRD
40094994,MS PRA,USD,NYSE,US,MORGAN STANLEY DEP SHARES SER A - NON-CUM,STK,Banks,Financial,Diversified Banking Inst,PREFERRED,false,MS PRA
40066309,GTLS,USD,NYSE,US,CHART INDUSTRIES INC,STK,Machinery-Diversified,Industrial,Machinery-General Indust,COMMON,true,GTLS
40358992,EVR,USD,NYSE,US,EVERCORE INC - A,STK,Diversified Finan Serv,Financial,Finance-Invest Bnkr/Brkr,COMMON,true,EVR
40373180,TRAK,USD,NYSE,US,REPOSITRAK INC,STK,Software,Technology,Applications Software,COMMON,true,TRAK
40773257,WU,USD,NYSE,US,WESTERN UNION CO,STK,Diversified Finan Serv,Financial,Finance-Credit Card,COMMON,true,WU
41073450,MHF,USD,NYSE,US,WESTERN ASSET MUNICIPAL HIGH,STK,,,,CLOSED-END FUND,false,MHF
41073455,MMU,USD,NYSE,US,WESTERN ASSET MANAGED MUNICI,STK,,,,CLOSED-END FUND,false,MMU
41073495,HIO,USD,NYSE,US,WESTERN ASSET HI INC OPPORT,STK,,,,CLOSED-END FUND,false,HIO
41073505,HIX,USD,NYSE,US,WESTERN ASSET HIGH INC II,STK,,,,CLOSED-END FUND,false,HIX
41073515,EMD,USD,NYSE,US,WESTERN ASSET EMRG MRKT DBT,STK,,,,CLOSED-END FUND,false,EMD
41073518,SCD,USD,NYSE,US,LMP CAPITAL AND INCOME FUND,STK,,,,CLOSED-END FUND,false,SCD
41073530,EHI,USD,NYSE,US,WESTERN ASSET GLOBAL HIGH IN,STK,,,,CLOSED-END FUND,false,EHI
41095361,CAF,USD,NYSE,US,MORGAN STANLEY CHINA A SHARE,STK,,,,CLOSED-END FUND,true,CAF
41122080,MHD,USD,NYSE,US,BLACKROCK MUNIHOLDINGS FUND,STK,,,,CLOSED-END FUND,false,MHD
41122097,MUA,USD,NYSE,US,BLACKROCK MUNIASSETS FUND,STK,,,,CLOSED-END FUND,false,MUA
41122110,MQY,USD,NYSE,US,BLACKROCK MUNIYIELD QUALITY,STK,,,,CLOSED-END FUND,false,MQY
41122115,MYI,USD,NYSE,US,BLACKROCK MUNIYIELD QLTY III,STK,,,,CLOSED-END FUND,false,MYI
41122141,MUC,USD,NYSE,US,BLACKROCK MUNIHOLD CA QLTY,STK,,,,CLOSED-END FUND,false,MUC
41122145,MUJ,USD,NYSE,US,BLACKROCK MUNIHOLD NJ QLTY,STK,,,,CLOSED-END FUND,false,MUJ
41122176,MYN,USD,NYSE,US,BLACKROCK MUNIYIELD NY QLTY,STK,,,,CLOSED-END FUND,false,MYN
41122181,MIY,USD,NYSE,US,BLACKROCK MUNIYIELD MI QLTY,STK,,,,CLOSED-END FUND,false,MIY
41122191,MPA,USD,NYSE,US,BLACKROCK MUNIYIELD PA QLTYV,STK,,,,CLOSED-END FUND,false,MPA
41122193,CII,USD,NYSE,US,BLACKROCK ENHAN LRG CAP CORE,STK,,,,CLOSED-END FUND,false,CII
41122203,HYT,USD,NYSE,US,BLACKROCK CORP HI YLD,STK,,,,CLOSED-END FUND,false,HYT
41122216,FRA,USD,NYSE,US,BLACKROCK FLTNG RT INC STRAT,STK,,,,CLOSED-END FUND,false,FRA
41146374,SBI,USD,NYSE,US,WESTERN ASSET INTERMEDIATE,STK,,,,CLOSED-END FUND,false,SBI
41174537,AWI,USD,NYSE,US,ARMSTRONG WORLD INDUSTRIES,STK,Building Materials,Industrial,Bldg&amp;Construct Prod-Misc,COMMON,true,AWI
41235770,DEI,USD,NYSE,US,DOUGLAS EMMETT INC,STK,REITS,Financial,REITS-Office Property,REIT,true,DEI
41268651,GJS,USD,NYSE,US,STRATS TR GOLDMAN SACKS -FLTG 2006-15,STK,Banks,Financial,Super-Regional Banks-US,PREFERRED,false,GJS
41268414,GJT,USD,NYSE,US,STRATS TR ALLSTATE CORP -FLT 2006-3,STK,Banks,Financial,Super-Regional Banks-US,PREFERRED,false,GJT
41289692,OC,USD,NYSE,US,OWENS CORNING,STK,Building Materials,Industrial,Bldg&amp;Construct Prod-Misc,COMMON,true,OC
41545028,EBS,USD,NYSE,US,EMERGENT BIOSOLUTIONS INC,STK,Biotechnology,"Consumer, Non-cyclical",Medical-Biomedical/Gene,COMMON,true,EBS
41552939,KBR,USD,NYSE,US,KBR INC,STK,Computers,Technology,Computer Services,COMMON,true,KBR
41597034,MFG,USD,NYSE,US,MIZUHO FINANCIAL GROUP-ADR,STK,Banks,Financial,Diversified Banking Inst,ADR,true,MFG
41621276,SBH,USD,NYSE,US,SALLY BEAUTY HOLDINGS INC,STK,Retail,"Consumer, Cyclical",Retail-Misc/Diversified,COMMON,true,SBH
41641099,BAC PRE,USD,NYSE,US,BANK AMERICA CORP DEP SHS FLTG RATE -PFD E,STK,Banks,Financial,Diversified Banking Inst,PREFERRED,false,BAC PRE
41693681,ETY,USD,NYSE,US,EATON VANCE TAX-MGD DIV EQTY,STK,,,,CLOSED-END FUND,false,ETY
41692402,AER,USD,NYSE,US,AERCAP HOLDINGS NV,STK,Diversified Finan Serv,Financial,Finance-Leasing Compan,COMMON,true,AER
41842341,FOF,USD,NYSE,US,COHEN & STEERS CLOSED-END OP,STK,,,,CLOSED-END FUND,false,FOF
41855679,AG,USD,NYSE,US,FIRST MAJESTIC SILVER CORP,STK,Mining,Basic Materials,Silver Mining,COMMON,true,AG
42249758,BTZ,USD,NYSE,US,BLACKROCK CREDIT ALLOCATION,STK,,,,CLOSED-END FUND,false,BTZ
42357298,MVO,USD,NYSE,US,MV OIL TRUST,STK,Oil&amp;Gas,Energy,Oil-US Royalty Trusts,ROYALTY TRST,true,MVO
42454579,SHV,USD,NYSE,US,ISHARES 0-1 YEAR TREASURY BO,STK,,,,ETF,true,SHV
42771544,EIG,USD,NYSE,US,EMPLOYERS HOLDINGS INC,STK,Insurance,Financial,Property/Casualty Ins,COMMON,true,EIG
43150567,EXG,USD,NYSE,US,EATON VANCE TAX-MANAGED GLOB,STK,,,,CLOSED-END FUND,false,EXG
43150617,TRV,USD,NYSE,US,TRAVELERS COS INC/THE,STK,Insurance,Financial,Property/Casualty Ins,COMMON,true,TRV
43274444,UDR,USD,NYSE,US,UDR INC,STK,REITS,Financial,REITS-Apartments,REIT,true,UDR
43502814,CQP,USD,NYSE,US,CHENIERE ENERGY PARTNERS LP,STK,Pipelines,Energy,Pipelines,MLP,true,CQP
43523793,BR,USD,NYSE,US,BROADRIDGE FINANCIAL SOLUTIO,STK,Software,Technology,Data Processing/Mgmt,COMMON,true,BR
43556526,JCE,USD,NYSE,US,NUVEEN CORE EQUITY ALPHA,STK,,,,CLOSED-END FUND,false,JCE
43708737,PNNT,USD,NYSE,US,PENNANTPARK INVESTMENT CORP,STK,Investment Companies,Financial,Investment Companies,COMMON,true,PNNT
43739720,CNK,USD,NYSE,US,CINEMARK HOLDINGS INC,STK,Entertainment,"Consumer, Cyclical",Theaters,COMMON,true,CNK
43980336,EDD,USD,NYSE,US,MORGAN STANLEY EMRG MRK DOM,STK,,,,CLOSED-END FUND,false,EDD
43980394,EDN,USD,NYSE,US,EMP DISTRIB Y COMERC NOR-ADR,STK,Electric,Utilities,Electric-Distribution,ADR,false,EDN
43980401,ACM,USD,NYSE,US,AECOM,STK,Engineering&amp;Construction,Industrial,Engineering/R&amp;D Services,COMMON,true,ACM
44001820,DAL,USD,NYSE,US,DELTA AIR LINES INC.,STK,Airlines,"Consumer, Cyclical",Airlines,COMMON,true,DAL
44216351,BGS,USD,NYSE,US,B&G FOODS INC,STK,Food,"Consumer, Non-cyclical",Food-Misc/Diversified,COMMON,true,BGS
44290421,BGY,USD,NYSE,US,BLACKROCK ENH INTL DVD TR,STK,,,,CLOSED-END FUND,false,BGY
44475946,M,USD,NYSE,US,MACYS INC,STK,Retail,"Consumer, Cyclical",Retail-Regnl Dept Store,COMMON,true,M
44559212,PCM,USD,NYSE,US,PCM FUND INC,STK,,,,CLOSED-END FUND,false,PCM
44642606,CIG C,USD,NYSE,US,CIA ENERGETICA DE-SPON ADR,STK,Electric,Utilities,Electric-Integrated,ADR,false,CIG C
44986804,BK,USD,NYSE,US,BANK OF NEW YORK MELLON CORP,STK,Banks,Financial,Fiduciary Banks,COMMON,true,BNY
45006145,PAG,USD,NYSE,US,PENSKE AUTOMOTIVE GROUP INC,STK,Retail,"Consumer, Cyclical",Retail-Automobile,COMMON,true,PAG
45019199,GRX,USD,NYSE,US,GABELLI HEALTHCARE & WELL,STK,,,,CLOSED-END FUND,false,GRX
45045068,CIF,USD,NYSE,US,MFS INTERMEDIATE HIGH INCOME,STK,,,,CLOSED-END FUND,false,CIF
45045074,CXH,USD,NYSE,US,MFS INVESTMENT GRADE MUNI,STK,,,,CLOSED-END FUND,false,CXH
45045099,CXE,USD,NYSE,US,MFS HIGH INCOME MUNICIPAL TR,STK,,,,CLOSED-END FUND,false,CXE
45045079,CMU,USD,NYSE,US,MFS HIGH YIELD MUNICIPAL TR,STK,,,,CLOSED-END FUND,false,CMU
45210327,DRD,USD,NYSE,US,DRDGOLD LTD-SPONSORED ADR,STK,Mining,Basic Materials,Gold Mining,ADR,true,DRD
45411028,G,USD,NYSE,US,GENPACT LTD,STK,Computers,Technology,Computer Services,COMMON,true,G
45461159,ETJ,USD,NYSE,US,EATON VANCE RSK-MGD DIVERS,STK,,,,CLOSED-END FUND,false,ETJ
45523614,AHT PRD,USD,NYSE,US,ASHFORD HOSPITALITY TR INC. 8.45% SER D,STK,REITS,Financial,REITS-Hotels,PREFERRED,false,AHT PRD
45529420,HTH,USD,NYSE,US,HILLTOP HOLDINGS INC,STK,Banks,Financial,Commer Banks-Central US,COMMON,true,HTH
46128760,TDC,USD,NYSE,US,TERADATA CORP,STK,Software,Technology,Computer Software,COMMON,true,TDC
46567665,MAIN,USD,NYSE,US,MAIN STREET CAPITAL CORP,STK,Investment Companies,Financial,Investment Companies,COMMON,true,MAIN
46613372,UMC,USD,NYSE,US,UNITED MICROELECTRON-SP ADR,STK,Semiconductors,Technology,Semicon Compo-Intg Circu,ADR,true,UMC
46671687,CVI,USD,NYSE,US,CVR ENERGY INC,STK,Oil&amp;Gas,Energy,Oil Refining&amp;Marketing,COMMON,true,CVI
47068270,SPG PRJ,USD,NYSE,US,"SIMON PROPERTY GROUP, INC. 8.375% SER J",STK,REITS,Financial,REITS-Regional Malls,PREFERRED,false,SPG PRJ
47101335,MSCI,USD,NYSE,US,MSCI INC,STK,Software,Technology,Decision Support Softwar,COMMON,true,MSCI
69238858,FNV,USD,NYSE,US,FRANCO-NEVADA CORP,STK,Mining,Basic Materials,Gold Mining,COMMON,true,FNV
47550606,IVZ,USD,NYSE,US,INVESCO LTD,STK,Diversified Finan Serv,Financial,Invest Mgmnt/Advis Serv,COMMON,true,IVZ
47619256,TBI,USD,NYSE,US,TRUEBLUE INC,STK,Commercial Services,"Consumer, Non-cyclical",Human Resources,COMMON,true,TBI
47658555,ORN,USD,NYSE,US,ORION GROUP HOLDINGS INC,STK,Engineering&amp;Construction,Industrial,Building-Heavy Construct,COMMON,true,ORN
48085842,BIP,USD,NYSE,US,BROOKFIELD INFRASTRUCTURE PA,STK,Electric,Utilities,Electric-Transmission,LTD PART,true,BIP
48812155,BAC PRL,USD,NYSE,US,BANK OF AMERICA CORP NON CUMULATIVE,STK,Banks,Financial,Diversified Banking Inst,CONVPREFERRED,false,BAC PRL
49260419,DAN,USD,NYSE,US,DANA INC,STK,Auto Parts&amp;Equipment,"Consumer, Cyclical",Auto/Trk Prts&amp;Equip-Orig,COMMON,true,DAN
49462172,V,USD,NYSE,US,VISA INC-CLASS A SHARES,STK,Diversified Finan Serv,Financial,Finance-Credit Card,COMMON,true,V
49476732,GPK,USD,NYSE,US,GRAPHIC PACKAGING HOLDING CO,STK,Packaging&amp;Containers,Industrial,Containers-Paper/Plastic,COMMON,true,GPK
49588376,PM,USD,NYSE,US,PHILIP MORRIS INTERNATIONAL,STK,Agriculture,"Consumer, Non-cyclical",Tobacco,COMMON,true,PM
50488863,NX,USD,NYSE,US,QUANEX BUILDING PRODUCTS,STK,Household Products/Wares,"Consumer, Non-cyclical",Consumer Products-Misc,COMMON,true,NX
50530752,AWK,USD,NYSE,US,AMERICAN WATER WORKS CO INC,STK,Water,Utilities,Water,COMMON,true,AWK
51599110,SB,USD,NYSE,US,SAFE BULKERS INC,STK,Transportation,Industrial,Transport-Marine,COMMON,true,SB
51653885,DIN,USD,NYSE,US,DINE BRANDS GLOBAL INC,STK,Retail,"Consumer, Cyclical",Retail-Restaurants,COMMON,true,DIN
52298132,FF,USD,NYSE,US,FUTUREFUEL CORP,STK,Energy-Alternate Sources,Energy,Energy-Alternate Sources,COMMON,true,FF
218939694,CB,USD,NYSE,US,CHUBB LTD,STK,Insurance,Financial,Multi-line Insurance,COMMON,true,CB
52619008,JBTM,USD,NYSE,US,JBT MAREL CORP,STK,Miscellaneous Manufactur,Industrial,Miscellaneous Manufactur,COMMON,true,JBTM
53509761,PRIM,USD,NYSE,US,PRIMORIS SERVICES CORP,STK,Engineering&amp;Construction,Industrial,Building-Heavy Construct,COMMON,true,PRIM
53747825,SIG,USD,NYSE,US,SIGNET JEWELERS LTD,STK,Retail,"Consumer, Cyclical",Retail-Jewelry,COMMON,true,SIG
53855090,EC,USD,NYSE,US,ECOPETROL SA-SPONSORED ADR,STK,Oil&amp;Gas,Energy,Oil Comp-Integrated,ADR,true,EC
54278217,KB,USD,NYSE,US,KB FINANCIAL GROUP INC-ADR,STK,Diversified Finan Serv,Financial,Diversified Finan Serv,ADR,true,KB
55998789,RGA,USD,NYSE,US,REINSURANCE GROUP OF AMERICA,STK,Insurance,Financial,Reinsurance,COMMON,true,RGA
56381497,CLW,USD,NYSE,US,CLEARWATER PAPER CORP,STK,Packaging&amp;Containers,Industrial,Containers-Paper/Plastic,COMMON,true,CLW
56505491,RIG,USD,NYSE,US,TRANSOCEAN LTD,STK,Oil&amp;Gas,Energy,Oil&amp;Gas Drilling,COMMON,true,RIG
56524930,KF,USD,NYSE,US,KOREA FUND INC,STK,,,,CLOSED-END FUND,false,KF
56630829,VRTS,USD,NYSE,US,VIRTUS INVESTMENT PARTNERS,STK,Diversified Finan Serv,Financial,Invest Mgmnt/Advis Serv,COMMON,false,VRTS
56884113,MD,USD,NYSE,US,PEDIATRIX MEDICAL GROUP INC,STK,Healthcare-Services,"Consumer, Non-cyclical",Medical Labs&amp;Testing Srv,COMMON,true,MD
56911631,WFC PRL,USD,NYSE,US,WELLS FARGO 7.5% NON CUM PERP CONV PFD SHS,STK,Banks,Financial,Super-Regional Banks-US,CONVPREFERRED,false,WFC PRL
56911633,BML PRL,USD,NYSE,US,BANK OF AMERICA DEP SHARES 1/1200TH PFD SER 5,STK,Banks,Financial,Diversified Banking Inst,PREFERRED,false,BML PRL
56911721,BML PRH,USD,NYSE,US,BANK OF AMERICA CORP DEP SH REPS PFD H,STK,Banks,Financial,Diversified Banking Inst,PREFERRED,false,BML PRH
56911971,BML PRG,USD,NYSE,US,BANK OF AMERICA CORP DEP SH REPS PFD G,STK,Banks,Financial,Diversified Banking Inst,PREFERRED,false,BML PRG
56911974,BML PRJ,USD,NYSE,US,BANK OF AMERICA DEP SHR FLOATING RATE PFD,STK,Banks,Financial,Diversified Banking Inst,PREFERRED,false,BML PRJ
56913887,BTO,USD,NYSE,US,JOHN HANCOCK FINANCIAL OPP,STK,,,,CLOSED-END FUND,false,BTO
57698865,EQT,USD,NYSE,US,EQT CORP,STK,Oil&amp;Gas,Energy,Oil Comp-Explor&amp;Prodtn,COMMON,true,EQT
57869558,IDT,USD,NYSE,US,IDT CORP-CLASS B,STK,Telecommunications,Communications,Cellular Telecom,COMMON,true,IDT
58226765,NUW,USD,NYSE,US,NUVEEN AMT-FREE MUNI VAL,STK,,,,CLOSED-END FUND,false,NUW
58996617,ITUB,USD,NYSE,US,ITAU UNIBANCO H-SPON PRF ADR,STK,Banks,Financial,Commer Banks Non-US,ADR,true,ITUB
60037751,TPC,USD,NYSE,US,TUTOR PERINI CORP,STK,Engineering&amp;Construction,Industrial,Building-Heavy Construct,COMMON,true,TPC
60039297,OPY,USD,NYSE,US,OPPENHEIMER HOLDINGS-CL A,STK,Diversified Finan Serv,Financial,Finance-Invest Bnkr/Brkr,COMMON,true,OPY
60532895,CDE,USD,NYSE,US,COEUR MINING INC,STK,Mining,Basic Materials,Precious Metals,COMMON,true,CDE
60581016,EOT,USD,NYSE,US,EATON VANCE NATIONAL MUNICIP,STK,,,,CLOSED-END FUND,false,EOT
60581038,VALE,USD,NYSE,US,VALE SA-SP ADR,STK,Iron/Steel,Basic Materials,Metal-Iron,ADR,true,VALE
61294212,IGI,USD,NYSE,US,WESTERN ASST INV GR OPPOR TR,STK,,,,CLOSED-END FUND,false,IGI
61319701,AIG,USD,NYSE,US,AMERICAN INTERNATIONAL GROUP,STK,Insurance,Financial,Multi-line Insurance,COMMON,true,AIG
61481454,BUD,USD,NYSE,US,ANHEUSER-BUSCH INBEV SPN ADR,STK,Beverages,"Consumer, Non-cyclical",Brewery,ADR,true,BUD
64731225,SU,USD,NYSE,US,SUNCOR ENERGY INC,STK,Oil&amp;Gas,Energy,Oil Comp-Integrated,COMMON,true,SU
64759614,PMT,USD,NYSE,US,PENNYMAC MORTGAGE INVESTMENT,STK,REITS,Financial,REITS-Mortgage,REIT,true,PMT
67418868,STWD,USD,NYSE,US,STARWOOD PROPERTY TRUST INC,STK,REITS,Financial,REITS-Mortgage,REIT,true,STWD
67889930,ACN,USD,NYSE,US,ACCENTURE PLC-CL A,STK,Computers,Technology,Computer Services,COMMON,true,ACN
69052095,ARI,USD,NYSE,US,APOLLO COMMERCIAL REAL ESTAT,STK,REITS,Financial,REITS-Mortgage,REIT,true,ARI
69114941,SEM,USD,NYSE,US,SELECT MEDICAL HOLDINGS CORP,STK,Healthcare-Services,"Consumer, Non-cyclical",Medical-Hospitals,COMMON,true,SEM
69293560,BSBR,USD,NYSE,US,BANCO SANTANDER BRASIL-ADS,STK,Banks,Financial,Commer Banks Non-US,ADR,true,BSBR
69326730,MG,USD,NYSE,US,MISTRAS GROUP INC,STK,Engineering&amp;Construction,Industrial,Engineering/R&amp;D Services,COMMON,true,MG
69342639,PAM,USD,NYSE,US,PAMPA ENERGIA SA-SPON ADR,STK,Electric,Utilities,Electric-Generation,ADR,true,PAM
69884347,UIS,USD,NYSE,US,UNISYS CORP,STK,Computers,Technology,Computer Services,COMMON,true,UIS
69947434,AQN,USD,NYSE,US,ALGONQUIN POWER & UTILITIES,STK,Electric,Utilities,Electric-Distribution,COMMON,true,AQN
70021622,CVE,USD,NYSE,US,CENOVUS ENERGY INC,STK,Oil&amp;Gas,Energy,Oil Comp-Integrated,COMMON,true,CVE
70084337,H,USD,NYSE,US,HYATT HOTELS CORP - CL A,STK,Lodging,"Consumer, Cyclical",Hotels&amp;Motels,COMMON,true,H
70101545,MRK,USD,NYSE,US,MERCK & CO INC,STK,Pharmaceuticals,"Consumer, Non-cyclical",Medical-Drugs,COMMON,true,MRK
70152668,LEA,USD,NYSE,US,LEAR CORP,STK,Auto Parts&amp;Equipment,"Consumer, Cyclical",Auto/Trk Prts&amp;Equip-Orig,COMMON,true,LEA
70212228,DG,USD,NYSE,US,DOLLAR GENERAL CORP,STK,Retail,"Consumer, Cyclical",Retail-Discount,COMMON,true,DG
70298853,KW,USD,NYSE,US,KENNEDY-WILSON HOLDINGS INC,STK,Real Estate,Financial,Real Estate Oper/Develop,COMMON,true,KW
70578542,WDS,USD,NYSE,US,WOODSIDE ENERGY GROUP-ADR,STK,Oil&amp;Gas,Energy,Oil Comp-Explor&amp;Prodtn,ADR,true,WDS
70584602,GDO,USD,NYSE,US,WESTERN AST GLB CORP OPPRNTY,STK,,,,CLOSED-END FUND,false,GDO
70600179,JLS,USD,NYSE,US,NUVEEN MORTGAGE & INCOME,STK,,,,CLOSED-END FUND,false,JLS
70853825,PEB,USD,NYSE,US,PEBBLEBROOK HOTEL TRUST,STK,REITS,Financial,REITS-Hotels,REIT,true,PEB
70907405,OPLN,USD,NYSE,US,OPENLANE INC,STK,Distribution/Wholesale,"Consumer, Cyclical",Distribution/Wholesale,COMMON,true,OPLN
71319847,SPE,USD,NYSE,US,SPECIAL OPPORTUNITIES FUND,STK,,,,CLOSED-END FUND,false,SPE
72063691,BRK B,USD,NYSE,US,BERKSHIRE HATHAWAY INC-CL B,STK,Insurance,Financial,Property/Casualty Ins,COMMON,true,BRK B
72086382,TRNO,USD,NYSE,US,TERRENO REALTY CORP,STK,REITS,Financial,REITS-Warehouse/Industr,REIT,true,TRNO
72529744,JKS,USD,NYSE,US,JINKOSOLAR HOLDING CO-ADR,STK,Energy-Alternate Sources,Energy,Energy-Alternate Sources,ADR,true,JKS
72529754,PDM,USD,NYSE,US,PIEDMONT REALTY TRUST INC,STK,REITS,Financial,REITS-Office Property,REIT,true,PDM
72529783,GNRC,USD,NYSE,US,GENERAC HOLDINGS INC,STK,Electrical Compo&amp;Equip,Industrial,Power Conv/Supply Equip,COMMON,true,GNRC
72950230,DMO,USD,NYSE,US,WESTERN ASSET MORT DEF OPP,STK,,,,CLOSED-END FUND,false,DMO
73354293,SWK,USD,NYSE,US,STANLEY BLACK & DECKER INC,STK,Hand/Machine Tools,Industrial,Tools-Hand Held,COMMON,true,SWK
73793095,CALX,USD,NYSE,US,CALIX INC,STK,Telecommunications,Communications,Networking Products,COMMON,true,CALX
73956870,PRI,USD,NYSE,US,PRIMERICA INC,STK,Insurance,Financial,Life/Health Insurance,COMMON,true,PRI
74264310,CLDT,USD,NYSE,US,CHATHAM LODGING TRUST,STK,REITS,Financial,REITS-Hotels,REIT,true,CLDT
74794436,NBB,USD,NYSE,US,NUVEEN TAXABLE MUNICIPAL INC,STK,,,,CLOSED-END FUND,false,NBB
74866700,LYB,USD,NYSE,US,LYONDELLBASELL INDU-CL A,STK,Chemicals,Basic Materials,Chemicals-Diversified,COMMON,true,LYB
74971600,PLOW,USD,NYSE,US,DOUGLAS DYNAMICS INC,STK,Auto Parts&amp;Equipment,"Consumer, Cyclical",Auto/Trk Prts&amp;Equip-Repl,COMMON,true,PLOW
75124183,TAK,USD,NYSE,US,TAKEDA PHARMACEUTIC-SP ADR,STK,Pharmaceuticals,"Consumer, Non-cyclical",Medical-Drugs,ADR,true,TAK
75176372,CNO,USD,NYSE,US,CNO FINANCIAL GROUP INC,STK,Insurance,Financial,Life/Health Insurance,COMMON,true,CNO
75219227,RTO,USD,NYSE,US,RENTOKIL INITIAL PLC-SP ADR,STK,Commercial Services,"Consumer, Non-cyclical",Building-Maint&amp;Service,ADR,true,RTO
75219572,SUZ,USD,NYSE,US,SUZANO SA - SPON ADR,STK,Forest Products&amp;Paper,Basic Materials,Paper&amp;Related Products,ADR,true,SUZ
75472985,FAF,USD,NYSE,US,FIRST AMERICAN FINANCIAL,STK,Insurance,Financial,Property/Casualty Ins,COMMON,true,FAF
75472988,SM,USD,NYSE,US,SM ENERGY CO,STK,Oil&amp;Gas,Energy,Oil Comp-Explor&amp;Prodtn,COMMON,true,SM
75778772,BSL,USD,NYSE,US,BLACKSTONE SNR FLTNG RT,STK,,,,CLOSED-END FUND,false,BSL
75822146,CPS,USD,NYSE,US,COOPER-STANDARD HOLDING,STK,Auto Parts&amp;Equipment,"Consumer, Cyclical",Auto/Trk Prts&amp;Equip-Orig,COMMON,true,CPS
75911304,VLT,USD,NYSE,US,INVESCO HIGH INCOME TRUST II,STK,,,,CLOSED-END FUND,false,VLT
75911309,VVR,USD,NYSE,US,INVESCO SENIOR INCOME TRUST,STK,,,,CLOSED-END FUND,false,VVR
75911321,VKQ,USD,NYSE,US,INVESCO MUNICIPAL TRUST,STK,,,,CLOSED-END FUND,false,VKQ
75911324,VPV,USD,NYSE,US,INVESCO PA VAL MUNI INC,STK,,,,CLOSED-END FUND,false,VPV
75911423,VMO,USD,NYSE,US,INVESCO MUNICIPAL OPPORT,STK,,,,CLOSED-END FUND,false,VMO
75911440,VTN,USD,NYSE,US,INVESCO TR FOR INVEST GRD NY,STK,,,,CLOSED-END FUND,false,VTN
75911455,VCV,USD,NYSE,US,INVESCO CA VAL MUNI INC TR,STK,,,,CLOSED-END FUND,false,VCV
75911462,VGM,USD,NYSE,US,INVESCO TRUST FOR INVESTMEN,STK,,,,CLOSED-END FUND,false,VGM
75911465,VBF,USD,NYSE,US,INVESCO BOND FUND,STK,,,,CLOSED-END FUND,false,VBF
75912873,IIM,USD,NYSE,US,INVESCO VALUE MUNICIPAL INCO,STK,,,,CLOSED-END FUND,false,IIM
75912893,IQI,USD,NYSE,US,INVESCO QUALITY MUNI INC TR,STK,,,,CLOSED-END FUND,false,IQI
75912911,OIA,USD,NYSE,US,INVESCO MUNICIPAL INCOME OPP,STK,,,,CLOSED-END FUND,false,OIA
75960201,NEE,USD,NYSE,US,NEXTERA ENERGY INC,STK,Electric,Utilities,Electric-Integrated,COMMON,true,NEE
76130631,USB PRA,USD,NYSE,US,US BANCORP,STK,Banks,Financial,Super-Regional Banks-US,PREFERRED,false,USB PRA
76615083,FN,USD,NYSE,US,FABRINET,STK,Miscellaneous Manufactur,Industrial,Diversified Manufact Op,COMMON,true,FN
76669040,VPG,USD,NYSE,US,VISHAY PRECISION GROUP,STK,Semiconductors,Technology,Electronic Compo-Semicon,COMMON,true,VPG
76791198,GRMN,USD,NYSE,US,GARMIN LTD,STK,Electronics,Industrial,Electronic Compo-Misc,COMMON,true,GRMN
76913906,QUAD,USD,NYSE,US,QUAD GRAPHICS INC,STK,Commercial Services,"Consumer, Non-cyclical",Printing-Commercial,COMMON,true,QUAD
77007217,EOD,USD,NYSE,US,ALLSPRING GLOBAL DIVIDEND OP,STK,,,,CLOSED-END FUND,false,EOD
77456656,GDOT,USD,NYSE,US,GREEN DOT CORP-CLASS A,STK,Commercial Services,"Consumer, Non-cyclical",Commercial Serv-Finance,COMMON,true,GDOT
77456695,AMRC,USD,NYSE,US,AMERESCO INC-CL A,STK,Electric,Utilities,Electric-Integrated,COMMON,true,AMRC
77867358,SAR,USD,NYSE,US,SARATOGA INVESTMENT CORP,STK,Investment Companies,Financial,Investment Companies,COMMON,true,SAR
78363996,WSR,USD,NYSE,US,WHITESTONE REIT,STK,REITS,Financial,REITS-Shopping Centers,REIT,true,WSR
78483269,BBN,USD,NYSE,US,BLACKROCK TAXABLE MUNI BND,STK,,,,CLOSED-END FUND,false,BBN
78642228,VET,USD,NYSE,US,VERMILION ENERGY INC,STK,Oil&amp;Gas,Energy,Oil Comp-Explor&amp;Prodtn,COMMON,true,VET
79422543,LND,USD,NYSE,US,BRASILAGRO-CIA BRA - SPN ADR,STK,Agriculture,"Consumer, Non-cyclical",Agricultural Operations,ADR,false,LND
79431735,STK,USD,NYSE,US,COLUMBIA SLGMN PREM TECH GR,STK,,,,CLOSED-END FUND,false,STK
105094305,PBA,USD,NYSE,US,PEMBINA PIPELINE CORP,STK,Pipelines,Energy,Pipelines,COMMON,true,PBA
79706513,C PRN,USD,NYSE,US,CITIGROUP CAP XIII TR PFD SECS FIXE,STK,Banks,Financial,Diversified Banking Inst,PREFERRED,false,C PRN
80269548,TAL,USD,NYSE,US,TAL EDUCATION GROUP- ADR,STK,Commercial Services,"Consumer, Non-cyclical",Schools,ADR,true,TAL
80410784,SMFG,USD,NYSE,US,SUMITOMO MITSUI-SPONS ADR,STK,Banks,Financial,Diversified Banking Inst,ADR,true,SMFG
80410789,HYI,USD,NYSE,US,WESTERN ASSET HIGH YIELD OPP,STK,,,,CLOSED-END FUND,false,HYI
80410794,GBAB,USD,NYSE,US,GUGGENHEIM TAXABLE MUNICIPAL,STK,,,,CLOSED-END FUND,false,GBAB
80598748,UFI,USD,NYSE,US,UNIFI INC,STK,Chemicals,Basic Materials,Chemicals-Fibers,COMMON,true,UFI
80627441,CMRE,USD,NYSE,US,COSTAMARE INC,STK,Transportation,Industrial,Transport-Marine,COMMON,true,CMRE
80814906,NOAH,USD,NYSE,US,NOAH HOLDINGS LTD-SPON ADS,STK,Diversified Finan Serv,Financial,Invest Mgmnt/Advis Serv,ADR,true,NOAH
80968828,BAH,USD,NYSE,US,BOOZ ALLEN HAMILTON HOLDINGS,STK,Commercial Services,"Consumer, Non-cyclical",Consulting Services,COMMON,true,BAH
80986742,GM,USD,NYSE,US,GENERAL MOTORS CO,STK,Auto Manufacturers,"Consumer, Cyclical",Auto-Cars/Light Trucks,COMMON,true,GM
80986824,FBP,USD,NYSE,US,FIRST BANCORP PUERTO RICO,STK,Banks,Financial,Commer Banks-Southern US,COMMON,true,FBP
81330101,PSF,USD,NYSE,US,COHEN & STEERS SELECT PREFER,STK,,,,CLOSED-END FUND,false,PSF
81581011,MSI,USD,NYSE,US,MOTOROLA SOLUTIONS INC,STK,Telecommunications,Communications,Wireless Equipment,COMMON,true,MSI
81613538,EMBJ,USD,NYSE,US,EMBRAER SA-SPON ADR,STK,Aerospace/Defense,Industrial,Aerospace/Defense,ADR,true,EMBJ
81671838,TRGP,USD,NYSE,US,TARGA RESOURCES CORP,STK,Pipelines,Energy,Pipelines,COMMON,true,TRGP
81671853,CHT,USD,NYSE,US,CHUNGHWA TELECOM LT-SPON ADR,STK,Telecommunications,Communications,Telecom Services,ADR,true,CHT
81828690,WD,USD,NYSE,US,WALKER & DUNLOP INC,STK,Banks,Financial,Mortgage Banks,COMMON,true,WD
82371876,EDF,USD,NYSE,US,VSH EMERGING MARKETS INCOME,STK,,,,CLOSED-END FUND,false,EDF
82487862,BTE,USD,NYSE,US,BAYTEX ENERGY CORP,STK,Oil&amp;Gas,Energy,Oil Comp-Explor&amp;Prodtn,COMMON,true,BTE
82819360,AAT,USD,NYSE,US,AMERICAN ASSETS TRUST INC,STK,REITS,Financial,REITS-Diversified,REIT,true,AAT
83434883,BGX,USD,NYSE,US,BLACKSTONE LONG-SHORT CREDIT,STK,,,,CLOSED-END FUND,false,BGX
83512128,BKU,USD,NYSE,US,BANKUNITED INC,STK,Banks,Financial,Commer Banks-Southern US,COMMON,true,BKU
83512173,AGRO,USD,NYSE,US,ADECOAGRO SA,STK,Agriculture,"Consumer, Non-cyclical",Agricultural Operations,COMMON,true,AGRO
83602658,CPF,USD,NYSE,US,CENTRAL PACIFIC FINANCIAL CO,STK,Banks,Financial,Commer Banks-Western US,COMMON,true,CPF
83917285,GDL,USD,NYSE,US,GDL FUND,STK,,,,CLOSED-END FUND,false,GDL
83948749,INN,USD,NYSE,US,SUMMIT HOTEL PROPERTIES INC,STK,REITS,Financial,REITS-Hotels,REIT,true,INN
83975037,KMI,USD,NYSE,US,KINDER MORGAN INC,STK,Pipelines,Energy,Pipelines,COMMON,true,KMI
84822089,MTRN,USD,NYSE,US,MATERION CORP,STK,Miscellaneous Manufactur,Industrial,Advanced Materials/Prd,COMMON,true,MTRN
84836410,NSP,USD,NYSE,US,INSPERITY INC,STK,Commercial Services,"Consumer, Non-cyclical",Human Resources,COMMON,true,NSP
85076790,HCA,USD,NYSE,US,HCA HEALTHCARE INC,STK,Healthcare-Services,"Consumer, Non-cyclical",Medical-Hospitals,COMMON,true,HCA
85258864,MX,USD,NYSE,US,MAGNACHIP SEMICONDUCTOR CORP,STK,Semiconductors,Technology,Electronic Compo-Semicon,COMMON,true,MX
86033355,HII,USD,NYSE,US,HUNTINGTON INGALLS INDUSTRIE,STK,Shipbuilding,Industrial,Shipbuilding,COMMON,true,HII
86174372,GOF,USD,NYSE,US,GUGGENHEIM STRATEGIC OPPORT,STK,,,,CLOSED-END FUND,false,GOF
86253659,BCX,USD,NYSE,US,BLACKROCK RESOURCES & COMMOD,STK,,,,CLOSED-END FUND,false,BCX
86635186,PFLT,USD,NYSE,US,PENNANTPARK FLOATING RATE CA,STK,Investment Companies,Financial,Investment Companies,COMMON,true,PFLT
86766101,ARCO,USD,NYSE,US,ARCOS DORADOS HOLDINGS INC-A,STK,Retail,"Consumer, Cyclical",Retail-Restaurants,COMMON,true,ARCO
86792819,STAG,USD,NYSE,US,STAG INDUSTRIAL INC,STK,REITS,Financial,REITS-Warehouse/Industr,REIT,true,STAG
87335484,C,USD,NYSE,US,CITIGROUP INC,STK,Banks,Financial,Diversified Banking Inst,COMMON,true,C
87741352,VOC,USD,NYSE,US,VOC ENERGY TRUST,STK,Oil&amp;Gas,Energy,Oil Comp-Explor&amp;Prodtn,UNIT,true,VOC
87836953,RLJ,USD,NYSE,US,RLJ LODGING TRUST,STK,REITS,Financial,REITS-Hotels,REIT,true,RLJ
87905747,NGL,USD,NYSE,US,NGL ENERGY PARTNERS LP,STK,Pipelines,Energy,Pipelines,MLP,true,NGL
88292752,MOS,USD,NYSE,US,MOSAIC CO/THE,STK,Chemicals,Basic Materials,Agricultural Chemicals,COMMON,true,MOS
88424945,HEQ,USD,NYSE,US,JOHN HANCOCK DIVERS INC FUND,STK,,,,CLOSED-END FUND,false,HEQ
88819288,PLD,USD,NYSE,US,PROLOGIS INC,STK,REITS,Financial,REITS-Warehouse/Industr,REIT,true,PLD
90005244,EFXT,USD,NYSE,US,ENERFLEX LTD,STK,Oil&amp;Gas Services,Energy,Oil-Field Services,COMMON,true,EFXT
89495776,MPC,USD,NYSE,US,MARATHON PETROLEUM CORP,STK,Oil&amp;Gas,Energy,Oil Refining&amp;Marketing,COMMON,true,MPC
89596963,UCB,USD,NYSE,US,UNITED COMMUNITY BANKS/GA,STK,Banks,Financial,Commer Banks-Southern US,COMMON,true,UCB
90655693,IGR,USD,NYSE,US,CBRE GLOBAL REAL ESTATE INC,STK,,,,CLOSED-END FUND,false,IGR
90794895,PVH,USD,NYSE,US,PVH CORP,STK,Apparel,"Consumer, Cyclical",Apparel Manufacturers,COMMON,true,PVH
91487789,SXC,USD,NYSE,US,SUNCOKE ENERGY INC,STK,Coal,Energy,Coal,COMMON,true,SXC
91850813,DPG,USD,NYSE,US,DUFF & PHELPS UTILITY & INC,STK,,,,CLOSED-END FUND,false,DPG
92306678,RL,USD,NYSE,US,RALPH LAUREN CORP,STK,Apparel,"Consumer, Cyclical",Apparel Manufacturers,COMMON,true,RL
92950764,KMPR,USD,NYSE,US,KEMPER CORP,STK,Insurance,Financial,Multi-line Insurance,COMMON,true,KMPR
93957038,XPO,USD,NYSE,US,XPO INC,STK,Transportation,Industrial,Transport-Truck,COMMON,true,XPO
94078796,FBIN,USD,NYSE,US,FORTUNE BRANDS INNOVATIONS I,STK,Building Materials,Industrial,Bldg&amp;Construct Prod-Misc,COMMON,true,FBIN
94153980,CUBE,USD,NYSE,US,CUBESMART,STK,REITS,Financial,REITS-Storage,REIT,true,CUBE
95514904,CBRE,USD,NYSE,US,CBRE GROUP INC - A,STK,Real Estate,Financial,Real Estate Mgmnt/Servic,COMMON,true,CBRE
95703740,XYL,USD,NYSE,US,XYLEM INC,STK,Machinery-Diversified,Industrial,Machinery-Pumps,COMMON,true,XYL
95980853,GNE,USD,NYSE,US,GENIE ENERGY LTD-B,STK,Electric,Utilities,Electric-Distribution,COMMON,true,GNE
96965587,VAC,USD,NYSE,US,MARRIOTT VACATIONS WORLD,STK,Entertainment,"Consumer, Cyclical",Resorts/Theme Parks,COMMON,true,VAC
98138206,BUI,USD,NYSE,US,BLCKRCK UTIL INFRA & PWR OPP,STK,,,,CLOSED-END FUND,false,BUI
114646358,BEP,USD,NYSE,US,BROOKFIELD RENEWABLE PARTNER,STK,Electric,Utilities,Electric-Generation,LTD PART,true,BEP
98804862,GNT,USD,NYSE,US,GAMCO NATURAL RESOURCES GOLD &,STK,,,,CLOSED-END FUND,false,GNT
99757340,CUBI,USD,NYSE,US,CUSTOMERS BANCORP INC,STK,Banks,Financial,Commer Banks-Eastern US,COMMON,true,CUBI
99831145,AMT,USD,NYSE,US,AMERICAN TOWER CORP,STK,REITS,Financial,REITS-Diversified,REIT,true,AMT
100547520,POST,USD,NYSE,US,POST HOLDINGS INC,STK,Food,"Consumer, Non-cyclical",Food-Misc/Diversified,COMMON,true,POST
100825898,GWRE,USD,NYSE,US,GUIDEWIRE SOFTWARE INC,STK,Software,Technology,Enterprise Software/Serv,COMMON,true,GWRE
101387488,TDS,USD,NYSE,US,TELEPHONE AND DATA SYSTEMS,STK,Telecommunications,Communications,Telephone-Integrated,COMMON,true,TDS
101399760,DBL,USD,NYSE,US,DOUBLELINE OPPORT CREDIT,STK,,,,CLOSED-END FUND,false,DBL
101694297,MTDR,USD,NYSE,US,MATADOR RESOURCES CO,STK,Oil&amp;Gas,Energy,Oil Comp-Explor&amp;Prodtn,COMMON,true,MTDR
101898880,EPAM,USD,NYSE,US,EPAM SYSTEMS INC,STK,Computers,Technology,Computer Services,COMMON,true,EPAM
103111184,PRLB,USD,NYSE,US,PROTO LABS INC,STK,Metal Fabricate/Hardware,Industrial,Metal Processors&amp;Fabrica,COMMON,true,PRLB
103127874,VGI,USD,NYSE,US,VIRTUS GLOBAL MULTI-SECTOR,STK,,,,CLOSED-END FUND,false,VGI
103518430,YELP,USD,NYSE,US,YELP INC,STK,Internet,Communications,Internet Content-Info/Ne,COMMON,true,YELP
103562908,BOND,USD,NYSE,US,PIMCO ACTIVE BOND EXCHANGE-T,STK,,,,ETF,true,BOND
103912519,BBDO,USD,NYSE,US,BANCO BRADESCO-ADR,STK,Banks,Financial,Commer Banks Non-US,ADR,false,BBDO
104054141,ALSN,USD,NYSE,US,ALLISON TRANSMISSION HOLDING,STK,Auto Parts&amp;Equipment,"Consumer, Cyclical",Auto/Trk Prts&amp;Equip-Orig,COMMON,true,ALSN
104863799,VIPS,USD,NYSE,US,VIPSHOP HOLDINGS LTD - ADR,STK,Internet,Communications,E-Commerce/Products,ADR,true,VIPS
105077651,RM,USD,NYSE,US,REGIONAL MANAGEMENT CORP,STK,Diversified Finan Serv,Financial,Finance-Consumer Loans,COMMON,true,RM
105669270,PSX,USD,NYSE,US,PHILLIPS 66,STK,Oil&amp;Gas,Energy,Oil Refining&amp;Marketing,COMMON,true,PSX
106619222,ACRE,USD,NYSE,US,ARES COMMERCIAL REAL ESTATE,STK,REITS,Financial,REITS-Mortgage,REIT,true,ACRE
106634180,JRI,USD,NYSE,US,NUVEEN REAL ASSET INC & GRW,STK,,,,CLOSED-END FUND,false,JRI
106894641,TLYS,USD,NYSE,US,TILLY'S INC-CLASS A SHRS,STK,Retail,"Consumer, Cyclical",Retail-Apparel/Shoe,COMMON,true,TLYS
107051249,INGR,USD,NYSE,US,INGREDION INC,STK,Food,"Consumer, Non-cyclical",Food-Misc/Diversified,COMMON,true,INGR
107976119,PDI,USD,NYSE,US,PIMCO DYNAMIC INCOME FUND,STK,,,,CLOSED-END FUND,false,PDI
107976120,CDR PRB,USD,NYSE,US,CEDAR REALTY TRUST INC,STK,REITS,Financial,REITS-Shopping Centers,PREFERRED,false,CDR PRB
108649896,MATX,USD,NYSE,US,MATSON INC,STK,Transportation,Industrial,Transport-Services,COMMON,true,MATX
110176011,DUK,USD,NYSE,US,DUKE ENERGY CORP,STK,Electric,Utilities,Electric-Integrated,COMMON,true,DUK
109776170,MMD,USD,NYSE,US,NYLI MACKAY DT MUNI OPPO FND,STK,,,,CLOSED-END FUND,false,MMD
109911821,NOW,USD,NYSE,US,SERVICENOW INC,STK,Software,Technology,Applications Software,COMMON,true,NOW
110322264,DHT,USD,NYSE,US,DHT HOLDINGS INC,STK,Transportation,Industrial,Transport-Marine,COMMON,true,DHT
110418094,HTB,USD,NYSE,US,HOMETRUST BANCSHARES INC,STK,Savings&amp;Loans,Financial,S&amp;L/Thrifts-Southern US,COMMON,true,HTB
110753777,NGVC,USD,NYSE,US,NATURAL GROCERS BY VITAMIN C,STK,Food,"Consumer, Non-cyclical",Food-Retail,COMMON,true,NGVC
111323123,LDP,USD,NYSE,US,COHEN & STEERS LIMITED DURAT,STK,,,,CLOSED-END FUND,false,LDP
111576465,GMED,USD,NYSE,US,GLOBUS MEDICAL INC - A,STK,Healthcare-Products,"Consumer, Non-cyclical",Medical Products,COMMON,true,GMED
111726724,GAB PRG,USD,NYSE,US,GABELLI EQUITY TRUST,STK,Closed-end Funds,Financial,Closed-end Funds,PREFERRED,false,GAB PRG
111800674,MITT PRA,USD,NYSE,US,AG MORTGAGE INVEST TR,STK,REITS,Financial,REITS-Mortgage,PREFERRED,false,MITT PRA
111853004,MANU,USD,NYSE,US,MANCHESTER UNITED PLC-CL A,STK,Entertainment,"Consumer, Cyclical",Professional Sports,COMMON,true,MANU
111995490,SLG PRI,USD,NYSE,US,SL GREEN REALTY CORP,STK,REITS,Financial,REITS-Office Property,PREFERRED,false,SLG PRI
112961174,BTT,USD,NYSE,US,BLACKROCK 2030 MUNI TRGT TRM,STK,,,,CLOSED-END FUND,false,BTT
113407826,WPC,USD,NYSE,US,WP CAREY INC,STK,REITS,Financial,REITS-Diversified,REIT,true,WPC
113546099,HY,USD,NYSE,US,HYSTER-YALE INC,STK,Machinery-Constr&amp;Mining,Industrial,Machinery-Constr&amp;Mining,COMMON,true,HY
113865480,NBHC,USD,NYSE,US,NATIONAL BANK HOLD-CL A,STK,Banks,Financial,Super-Regional Banks-US,COMMON,true,NBHC
113960787,RHP,USD,NYSE,US,RYMAN HOSPITALITY PROPERTIES,STK,REITS,Financial,REITS-Hotels,REIT,true,RHP
114670386,BGB,USD,NYSE,US,BLACKSTONE STRATEGIC CREDIT,STK,,,,CLOSED-END FUND,false,BGB
114814358,MITT PRB,USD,NYSE,US,AG MORTGAGE INVEST TR,STK,REITS,Financial,REITS-Mortgage,PREFERRED,false,MITT PRB
114929760,THC,USD,NYSE,US,TENET HEALTHCARE CORP,STK,Healthcare-Services,"Consumer, Non-cyclical",Medical-Hospitals,COMMON,true,THC
114945521,BZH,USD,NYSE,US,BEAZER HOMES USA INC,STK,Home Builders,"Consumer, Cyclical",Bldg-Residential/Commer,COMMON,true,BZH
114986758,GAB PRH,USD,NYSE,US,GABELLI EQUITY TRUST,STK,Closed-end Funds,Financial,Closed-end Funds,PREFERRED,false,GAB PRH
115181214,SSTK,USD,NYSE,US,SHUTTERSTOCK INC,STK,Internet,Communications,E-Commerce/Services,COMMON,true,SSTK
115823351,WEX,USD,NYSE,US,WEX INC,STK,Commercial Services,"Consumer, Non-cyclical",Commercial Serv-Finance,COMMON,true,WEX
116339790,MPLX,USD,NYSE,US,MPLX LP,STK,Pipelines,Energy,Pipelines,MLP,true,MPLX
116608448,DKL,USD,NYSE,US,DELEK LOGISTICS PARTNERS LP,STK,Pipelines,Energy,Pipelines,MLP,true,DKL
116776441,EPR,USD,NYSE,US,EPR PROPERTIES,STK,REITS,Financial,REITS-Diversified,REIT,true,EPR
116787032,SCM,USD,NYSE,US,STELLUS CAPITAL INVESTMENT C,STK,Investment Companies,Financial,Investment Companies,COMMON,true,SCM
116841553,EPR PRC,USD,NYSE,US,ENTERTAINMENT PPTYS TRUST 5.75% SER C PFD,STK,REITS,Financial,REITS-Diversified,CONVPREFERRED,false,EPR PRC
116841556,EPR PRE,USD,NYSE,US,ENTERTAINMENT PROPERTIES TR 9.00% SER E,STK,REITS,Financial,REITS-Diversified,CONVPREFERRED,false,EPR PRE
117818538,ARDC,USD,NYSE,US,ARES DYNAMIC CREDIT ALL,STK,,,,CLOSED-END FUND,false,ARDC
118017869,ETN,USD,NYSE,US,EATON CORP PLC,STK,Electrical Compo&amp;Equip,Industrial,Power Conv/Supply Equip,COMMON,true,ETN
118074730,ENJ,USD,NYSE,US,ENTERGY NEW ORLEANS INC,STK,Electric,Utilities,Electric-Integrated,PREFERRED,false,ENJ
118089500,ABBV,USD,NYSE,US,ABBVIE INC,STK,Pharmaceuticals,"Consumer, Non-cyclical",Medical-Drugs,COMMON,true,ABBV
118786560,PBF,USD,NYSE,US,PBF ENERGY INC-CLASS A,STK,Oil&amp;Gas,Energy,Oil Refining&amp;Marketing,COMMON,true,PBF
118803978,DQ,USD,NYSE,US,DAQO NEW ENERGY CORP-ADR,STK,Chemicals,Basic Materials,Chemicals-Specialty,ADR,true,DQ
119743062,MCN,USD,NYSE,US,XAI MADISON EQUITY PREMIUM I,STK,,,,CLOSED-END FUND,false,MCN
119808418,WPP,USD,NYSE,US,WPP PLC-SPONSORED ADR,STK,Advertising,Communications,Advertising Agencies,ADR,true,WPP
120420959,USAC,USD,NYSE,US,USA COMPRESSION PARTNERS LP,STK,Oil&amp;Gas Services,Energy,Oil-Field Services,MLP,true,USAC
120423050,ALL PRB,USD,NYSE,US,ALLSTATE CORP,STK,Insurance,Financial,Multi-line Insurance,PREFERRED,false,ALL PRB
120643512,NCLH,USD,NYSE,US,NORWEGIAN CRUISE LINE HOLDIN,STK,Leisure Time,"Consumer, Cyclical",Cruise Lines,COMMON,true,NCLH
121250909,BFAM,USD,NYSE,US,BRIGHT HORIZONS FAMILY SOLUT,STK,Commercial Services,"Consumer, Non-cyclical",Schools,COMMON,true,BFAM
121665622,ZTS,USD,NYSE,US,ZOETIS INC,STK,Pharmaceuticals,"Consumer, Non-cyclical",Medical-Drugs,COMMON,true,ZTS
121765777,VNO PRL,USD,NYSE,US,VORNADO REALTY TRUST,STK,REITS,Financial,REITS-Office Property,PREFERRED,false,VNO PRL
121811789,SCE PRG,USD,NYSE,US,SCE TRUST II,STK,Electric,Utilities,Electric-Integrated,PREFERRED,false,SCE PRG
121826487,BCC,USD,NYSE,US,BOISE CASCADE CO,STK,Building Materials,Industrial,Bldg Prod-Wood,COMMON,true,BCC
123288383,BIT,USD,NYSE,US,BLACKROCK MULTI-SECTOR INC,STK,,,,CLOSED-END FUND,false,BIT
123706127,APAM,USD,NYSE,US,ARTISAN PARTNERS ASSET MA -A,STK,Diversified Finan Serv,Financial,Invest Mgmnt/Advis Serv,COMMON,true,APAM
124054386,PBI PRB,USD,NYSE,US,PITNEY BOWES INC 6.70% NTS DUE 2043,STK,Computers,Technology,Computer Services,PREFERRED,false,PBI PRB
124939047,ETX,USD,NYSE,US,EATON VANCE MUNI INC 2028 TM,STK,,,,CLOSED-END FUND,false,ETX
125483759,TMHC,USD,NYSE,US,TAYLOR MORRISON HOME CORP,STK,Home Builders,"Consumer, Cyclical",Bldg-Residential/Commer,COMMON,true,TMHC
125543001,KNOP,USD,NYSE,US,KNOT OFFSHORE PARTNERS LP,STK,Transportation,Industrial,Transport-Marine,COMMON,true,KNOP
125661037,EVTC,USD,NYSE,US,EVERTEC INC,STK,Commercial Services,"Consumer, Non-cyclical",Commercial Serv-Finance,COMMON,true,EVTC
125815462,HASI,USD,NYSE,US,HA SUSTAINABLE INFRASTRUCTUR,STK,Investment Companies,Financial,Investment Companies,COMMON,true,HASI
125846698,PRKS,USD,NYSE,US,UNITED PARKS & RESORTS INC,STK,Entertainment,"Consumer, Cyclical",Resorts/Theme Parks,COMMON,true,PRKS
125903851,MFA PRB,USD,NYSE,US,MFA FINANCIAL INC,STK,REITS,Financial,REITS-Mortgage,PREFERRED,false,MFA PRB
126533174,OFG,USD,NYSE,US,OFG BANCORP,STK,Banks,Financial,Commer Banks-Southern US,COMMON,true,OFG
204774537,NXE,USD,NYSE,US,NEXGEN ENERGY LTD,STK,Mining,Basic Materials,Non-Ferrous Metals,COMMON,true,NXE
126660684,DSL,USD,NYSE,US,DOUBLELINE INCOME SOLUTIONS,STK,,,,CLOSED-END FUND,true,DSL
126782198,NIC,USD,NYSE,US,NICOLET BANKSHARES INC,STK,Banks,Financial,Commer Banks-Central US,COMMON,true,NIC
126863008,EARN,USD,NYSE,US,ELLINGTON CREDIT CO,STK,,,,CLOSED-END FUND,true,EARN
126945652,OSG,USD,NYSE,US,OCTAVE SPECIALTY GROUP INC,STK,Insurance,Financial,Property/Casualty Ins,COMMON,true,OSG
127149802,AHRT,USD,NYSE,US,AH REALTY TRUST INC,STK,REITS,Financial,REITS-Diversified,REIT,true,AHRT
127149807,BXMT,USD,NYSE,US,BLACKSTONE MORTGAGE TRU-CL A,STK,REITS,Financial,REITS-Mortgage,REIT,true,BXMT
128406646,FPF,USD,NYSE,US,FIRST TR INTERM DUR & INC,STK,,,,CLOSED-END FUND,false,FPF
128474781,DFP,USD,NYSE,US,FLAHERTY & CRUMRINE DYN PREF,STK,,,,CLOSED-END FUND,false,DFP
129131475,COTY,USD,NYSE,US,COTY INC-CL A,STK,Cosmetics/Personal Care,"Consumer, Non-cyclical",Cosmetics&amp;Toiletries,COMMON,true,COTY
129151636,HCI,USD,NYSE,US,HCI GROUP INC,STK,Insurance,Financial,Property/Casualty Ins,COMMON,true,HCI
130102172,PGZ,USD,NYSE,US,PRINCIPAL REAL ESTATE INCOME,STK,,,,CLOSED-END FUND,false,PGZ
131122722,BANC,USD,NYSE,US,BANC OF CALIFORNIA INC,STK,Savings&amp;Loans,Financial,S&amp;L/Thrifts-Western US,COMMON,true,BANC
131217639,BB,USD,NYSE,US,BLACKBERRY LTD,STK,Computers,Technology,Computer Data Security,COMMON,true,BB
131219465,REXR,USD,NYSE,US,REXFORD INDUSTRIAL REALTY IN,STK,REITS,Financial,REITS-Warehouse/Industr,REIT,true,REXR
131969802,KIO,USD,NYSE,US,KKR INCOME OPPORTUNITIES,STK,,,,CLOSED-END FUND,false,KIO
132221970,AMH,USD,NYSE,US,AMERICAN HOMES 4 RENT- A,STK,REITS,Financial,REITS-Apartments,REIT,true,AMH
132310540,ASC,USD,NYSE,US,ARDMORE SHIPPING CORP,STK,Transportation,Industrial,Transport-Marine,COMMON,true,ASC
132521382,CMRE PRB,USD,NYSE,US,COSTAMARE INC,STK,Transportation,Industrial,Transport-Marine,PREFERRED,false,CMRE PRB
132629528,IRT,USD,NYSE,US,INDEPENDENCE REALTY TRUST IN,STK,REITS,Financial,REITS-Apartments,REIT,true,IRT
132717465,MUSA,USD,NYSE,US,MURPHY USA INC,STK,Retail,"Consumer, Cyclical",Retail-Petroleum Prod,COMMON,true,MUSA
134005384,KODK,USD,NYSE,US,EASTMAN KODAK CO,STK,Machinery-Diversified,Industrial,Machinery-Print Trade,COMMON,true,KODK
134280621,LDOS,USD,NYSE,US,LEIDOS HOLDINGS INC,STK,Computers,Technology,Computer Services,COMMON,true,LDOS
134457566,VLRS,USD,NYSE,US,CONTROLADORA VUELA CIA-ADR,STK,Airlines,"Consumer, Cyclical",Airlines,ADR,true,VLRS
135330258,CNH,USD,NYSE,US,CNH INDUSTRIAL NV,STK,Machinery-Diversified,Industrial,Machinery-Farm,COMMON,true,CNH
135390580,RNG,USD,NYSE,US,RINGCENTRAL INC-CLASS A,STK,Software,Technology,Communications Software,COMMON,true,RNG
135666376,RMAX,USD,NYSE,US,RE/MAX HOLDINGS INC-CL A,STK,Real Estate,Financial,Real Estate Mgmnt/Servic,COMMON,true,RMAX
135691308,RGT,USD,NYSE,US,ROYCE GLOBAL TRUST INC,STK,,,,CLOSED-END FUND,false,RGT
135699190,BURL,USD,NYSE,US,BURLINGTON STORES INC,STK,Retail,"Consumer, Cyclical",Retail-Apparel/Shoe,COMMON,true,BURL
135702590,ESRT,USD,NYSE,US,EMPIRE STATE REALTY TRUST-A,STK,REITS,Financial,REITS-Office Property,REIT,true,ESRT
135745707,MS PRE,USD,NYSE,US,MORGAN STANLEY DEP SHS REP 1/1000TH,STK,Banks,Financial,Diversified Banking Inst,PREFERRED,false,MS PRE
135748067,CHMI,USD,NYSE,US,CHERRY HILL MORTGAGE INVESTM,STK,REITS,Financial,REITS-Mortgage,REIT,true,CHMI
135942630,AR,USD,NYSE,US,ANTERO RESOURCES CORP,STK,Oil&amp;Gas,Energy,Oil Comp-Explor&amp;Prodtn,COMMON,true,AR
136254493,VEEV,USD,NYSE,US,VEEVA SYSTEMS INC-CLASS A,STK,Software,Technology,Enterprise Software/Serv,COMMON,true,VEEV
136370275,ICE,USD,NYSE,US,INTERCONTINENTAL EXCHANGE IN,STK,Diversified Finan Serv,Financial,Finance-Other Services,COMMON,true,ICE
137494497,BRX,USD,NYSE,US,BRIXMOR PROPERTY GROUP INC,STK,REITS,Financial,REITS-Shopping Centers,REIT,true,BRX
137497720,ESNT,USD,NYSE,US,ESSENT GROUP LTD,STK,Insurance,Financial,Reinsurance,COMMON,true,ESNT
137498854,MMI,USD,NYSE,US,MARCUS & MILLICHAP INC,STK,Real Estate,Financial,Real Estate Mgmnt/Servic,COMMON,true,MMI
137736417,ABEV,USD,NYSE,US,AMBEV SA-ADR,STK,Beverages,"Consumer, Non-cyclical",Brewery,ADR,true,ABEV
138077525,CHGG,USD,NYSE,US,CHEGG INC,STK,Commercial Services,"Consumer, Non-cyclical",Schools,COMMON,true,CHGG
138245094,DLNG,USD,NYSE,US,DYNAGAS LNG PARTNERS LP,STK,Shipbuilding,Industrial,Shipbuilding,MLP,true,DLNG
138438437,ALLE,USD,NYSE,US,ALLEGION PLC,STK,Electronics,Industrial,Electronic Secur Devices,COMMON,true,ALLE
138906043,GHC,USD,NYSE,US,GRAHAM HOLDINGS CO-CLASS B,STK,Commercial Services,"Consumer, Non-cyclical",Schools,COMMON,false,GHC
138999605,NVGS,USD,NYSE,US,NAVIGATOR HOLDINGS LTD,STK,Transportation,Industrial,Transport-Marine,COMMON,true,NVGS
139233064,MHNC,USD,NYSE,US,MAIDEN HOLDINGS NORTH AMERICA LTD,STK,Insurance,Financial,Reinsurance,PREFERRED,false,MHNC
139726256,ATHM,USD,NYSE,US,AUTOHOME INC-ADR,STK,Internet,Communications,E-Commerce/Services,ADR,true,ATHM
139808284,MS PRF,USD,NYSE,US,MORGAN STANLEY,STK,Banks,Financial,Diversified Banking Inst,PREFERRED,false,MS PRF
139816149,ARMK,USD,NYSE,US,ARAMARK,STK,Food Service,"Consumer, Cyclical",Food-Catering,COMMON,true,ARMK
140067524,PRGO,USD,NYSE,US,PERRIGO CO PLC,STK,Cosmetics/Personal Care,"Consumer, Non-cyclical",Cosmetics&amp;Toiletries,COMMON,true,PRGO
140397360,TGLS,USD,NYSE,US,TECNOGLASS INC,STK,Building Materials,Industrial,Bldg Prod-Doors&amp;Windows,COMMON,true,TGLS
141741126,OGS,USD,NYSE,US,ONE GAS INC,STK,Gas,Utilities,Gas-Distribution,COMMON,true,OGS
142893595,CMRE PRC,USD,NYSE,US,COSTAMARE INC,STK,Transportation,Industrial,Transport-Marine,PREFERRED,false,CMRE PRC
143288167,PARR,USD,NYSE,US,PAR PACIFIC HOLDINGS INC,STK,Oil&amp;Gas,Energy,Oil Refining&amp;Marketing,COMMON,true,PARR
143731062,LADR,USD,NYSE,US,LADDER CAPITAL CORP-REIT,STK,REITS,Financial,REITS-Mortgage,REIT,true,LADR
143861494,GPRK,USD,NYSE,US,GEOPARK LTD,STK,Oil&amp;Gas,Energy,Oil Comp-Explor&amp;Prodtn,COMMON,true,GPRK
143926983,KN,USD,NYSE,US,KNOWLES CORP,STK,Electronics,Industrial,Electronic Compo-Misc,COMMON,true,KN
143979238,IBP,USD,NYSE,US,INSTALLED BUILDING PRODUCTS,STK,Home Builders,"Consumer, Cyclical",Bldg-Residential/Commer,COMMON,true,IBP
145074118,DSX PRB,USD,NYSE,US,DIANA SHIPPING INC,STK,Transportation,Industrial,Transport-Marine,PREFERRED,false,DSX PRB
145650693,TPVG,USD,NYSE,US,TRIPLEPOINT VENTURE GROWTH B,STK,Investment Companies,Financial,Investment Companies,COMMON,true,TPVG
145946660,MSA,USD,NYSE,US,MSA SAFETY INC,STK,Hand/Machine Tools,Industrial,Tools-Hand Held,COMMON,true,MSA
146266831,GOLD,USD,NYSE,US,GOLD.COM INC,STK,Distribution/Wholesale,"Consumer, Cyclical",Distribution/Wholesale,COMMON,true,GOLD
146392474,QTWO,USD,NYSE,US,Q2 HOLDINGS INC,STK,Internet,Communications,Web Hosting/Design,COMMON,true,QTWO
146394607,VOYA,USD,NYSE,US,VOYA FINANCIAL INC,STK,Diversified Finan Serv,Financial,Invest Mgmnt/Advis Serv,COMMON,true,VOYA
146405187,ATEN,USD,NYSE,US,A10 NETWORKS INC,STK,Telecommunications,Communications,Networking Products,COMMON,true,ATEN
147243863,TNET,USD,NYSE,US,TRINET GROUP INC,STK,Commercial Services,"Consumer, Non-cyclical",Human Resources,COMMON,true,TNET
148163036,PAYC,USD,NYSE,US,PAYCOM SOFTWARE INC,STK,Software,Technology,Enterprise Software/Serv,COMMON,true,PAYC
148163094,FPI,USD,NYSE,US,FARMLAND PARTNERS INC,STK,REITS,Financial,REITS-Diversified,REIT,true,FPI
148233980,ALLY,USD,NYSE,US,ALLY FINANCIAL INC,STK,Diversified Finan Serv,Financial,Finance-Auto Loans,COMMON,true,ALLY
148429910,IDE,USD,NYSE,US,VOYA INFRASTRUCTURE INDUST,STK,,,,CLOSED-END FUND,false,IDE
148429913,IGA,USD,NYSE,US,VOYA GLOBAL ADVAN & PREM OPP,STK,,,,CLOSED-END FUND,false,IGA
148429916,IHD,USD,NYSE,US,VOYA EMRG MRKT HI DVD EQTY,STK,,,,CLOSED-END FUND,false,IHD
148429920,IGD,USD,NYSE,US,VOYA GLBL EQTY DVD & PRM OPP,STK,,,,CLOSED-END FUND,false,IGD
148430587,IAE,USD,NYSE,US,VOYA ASIA PAC HI DVD EQ INC,STK,,,,CLOSED-END FUND,false,IAE
217509716,NOMD,USD,NYSE,US,NOMAD FOODS LTD,STK,Food,"Consumer, Non-cyclical",Food-Misc/Diversified,COMMON,true,NOMD
148626089,MC,USD,NYSE,US,MOELIS & CO - CLASS A,STK,Diversified Finan Serv,Financial,Finance-Invest Bnkr/Brkr,COMMON,true,MC
150632114,LPG,USD,NYSE,US,DORIAN LPG LTD,STK,Transportation,Industrial,Transport-Marine,COMMON,true,LPG
151059322,SB PRC,USD,NYSE,US,SAFE BULKERS INC,STK,Transportation,Industrial,Transport-Marine,PREFERRED,false,SB PRC
151137271,DNOW,USD,NYSE,US,DNOW INC,STK,Oil&amp;Gas Services,Energy,Oil-Field Services,COMMON,true,DNOW
151265285,SFBS,USD,NYSE,US,SERVISFIRST BANCSHARES INC,STK,Banks,Financial,Commer Banks-Southern US,COMMON,true,SFBS
152254614,CTRE,USD,NYSE,US,CARETRUST REIT INC,STK,REITS,Financial,REITS-Health Care,REIT,true,CTRE
152388751,HRTG,USD,NYSE,US,HERITAGE INSURANCE HOLDINGS,STK,Insurance,Financial,Property/Casualty Ins,COMMON,true,HRTG
153068487,PNR,USD,NYSE,US,PENTAIR PLC,STK,Environmental Control,Industrial,Water Treatment Systems,COMMON,true,PNR
153913552,GGZ,USD,NYSE,US,GABELLI GLOBAL SMALL & M,STK,,,,CLOSED-END FUND,false,GGZ
154821454,RYAM,USD,NYSE,US,RAYONIER ADVANCED MATERIALS,STK,Chemicals,Basic Materials,Chemicals-Fibers,COMMON,true,RYAM
154991941,ASPN,USD,NYSE,US,ASPEN AEROGELS INC,STK,Building Materials,Industrial,Bldg&amp;Construct Prod-Misc,COMMON,true,ASPN
155889856,MTUS,USD,NYSE,US,METALLUS INC,STK,Metal Fabricate/Hardware,Industrial,Steel Pipe&amp;Tube,COMMON,true,MTUS
156106386,CCS,USD,NYSE,US,CENTURY COMMUNITIES INC,STK,Home Builders,"Consumer, Cyclical",Bldg-Residential/Commer,COMMON,true,CCS
156178034,FNF,USD,NYSE,US,FIDELITY NATIONAL FINANCIAL,STK,Insurance,Financial,Property/Casualty Ins,COMMON,true,FNF
158060530,XIFR,USD,NYSE,US,XPLR INFRASTRUCTURE LP,STK,Energy-Alternate Sources,Energy,Energy-Alternate Sources,COMMON,true,XIFR
158655765,GEO,USD,NYSE,US,GEO GROUP INC/THE,STK,Commercial Services,"Consumer, Non-cyclical",Private Corrections,COMMON,true,GEO
159837932,SB PRD,USD,NYSE,US,SAFE BULKERS INC,STK,Transportation,Industrial,Transport-Marine,PREFERRED,false,SB PRD
160756766,GLOB,USD,NYSE,US,GLOBANT SA,STK,Computers,Technology,Computer Services,COMMON,true,GLOB
161589915,TSQ,USD,NYSE,US,TOWNSQUARE MEDIA INC - CL A,STK,Media,Communications,Radio,COMMON,true,TSQ
161687802,WMS,USD,NYSE,US,ADVANCED DRAINAGE SYSTEMS IN,STK,Metal Fabricate/Hardware,Industrial,Steel Pipe&amp;Tube,COMMON,true,WMS
161703135,KRG,USD,NYSE,US,KITE REALTY GROUP TRUST,STK,REITS,Financial,REITS-Shopping Centers,REIT,true,KRG
161846820,OEC,USD,NYSE,US,ORION SA,STK,Chemicals,Basic Materials,Chemicals-Diversified,COMMON,true,OEC
162104105,THQ,USD,NYSE,US,ABRDN HEALTHCARE OPPORT,STK,,,,CLOSED-END FUND,false,THQ
162231797,SYF,USD,NYSE,US,SYNCHRONY FINANCIAL,STK,Diversified Finan Serv,Financial,Finance-Credit Card,COMMON,true,SYF
162237358,WLKP,USD,NYSE,US,WESTLAKE CHEMICAL PARTNERS L,STK,Chemicals,Basic Materials,Chemicals-Diversified,MLP,true,WLKP
162291132,GYLD,USD,NYSE,US,ARROW DOW JONES GLOBAL YIELD,STK,,,,ETF,true,GYLD
162868722,RYZ,USD,NYSE,US,RYERSON HOLDING CORP,STK,Metal Fabricate/Hardware,Industrial,Metal Products-Distrib,COMMON,true,RYZ
164935063,JMM,USD,NYSE,US,NUVEEN MULTI-MARKET INCOME,STK,,,,CLOSED-END FUND,false,JMM
165121737,GSL PRB,USD,NYSE,US,GLOBAL SHIP LEASE INC,STK,Transportation,Industrial,Transport-Marine,PREFERRED,false,GSL PRB
166090175,BABA,USD,NYSE,US,ALIBABA GROUP HOLDING-SP ADR,STK,Internet,Communications,E-Commerce/Products,ADR,true,BABA
166352708,VVX,USD,NYSE,US,V2X INC,STK,Computers,Technology,Computer Services,COMMON,true,VVX
167236267,AVAL,USD,NYSE,US,GRUPO AVAL ACCIONES Y VALORE,STK,Banks,Financial,Commer Banks Non-US,ADR,false,AVAL
167955370,CFG,USD,NYSE,US,CITIZENS FINANCIAL GROUP,STK,Banks,Financial,Commer Banks-Eastern US,COMMON,true,CFG
167968816,MS PRI,USD,NYSE,US,MORGAN STANLEY,STK,Banks,Financial,Diversified Banking Inst,PREFERRED,false,MS PRI
168391375,LEU,USD,NYSE,US,CENTRUS ENERGY CORP-CLASS A,STK,Mining,Basic Materials,Non-Ferrous Metals,COMMON,true,LEU
168620416,NMS,USD,NYSE,US,NUVEEN MN QLTY MUNI INC,STK,,,,CLOSED-END FUND,false,NMS
168812158,W,USD,NYSE,US,WAYFAIR INC- CLASS A,STK,Internet,Communications,E-Commerce/Products,COMMON,true,W
169342119,CAPL,USD,NYSE,US,CROSSAMERICA PARTNERS LP,STK,Oil&amp;Gas Services,Energy,Oil-Field Services,MLP,true,CAPL
169544707,ECC,USD,NYSE,US,EAGLE POINT CREDIT CO,STK,,,,CLOSED-END FUND,false,ECC
169544810,HUBS,USD,NYSE,US,HUBSPOT INC,STK,Software,Technology,Enterprise Software/Serv,COMMON,true,HUBS
169688387,RITM,USD,NYSE,US,RITHM CAPITAL CORP,STK,REITS,Financial,REITS-Diversified,REIT,true,RITM
170167160,KEYS,USD,NYSE,US,KEYSIGHT TECHNOLOGIES IN,STK,Electronics,Industrial,Electronic Measur Instr,COMMON,true,KEYS
172721087,UBS,USD,NYSE,US,UBS GROUP AG-REG,STK,Banks,Financial,Diversified Banking Inst,COMMON,true,UBS
170377370,HQH,USD,NYSE,US,ABRDN HEALTHCARE INVESTORS,STK,,,,CLOSED-END FUND,false,HQH
171322358,SUN,USD,NYSE,US,SUNOCO LP,STK,Oil&amp;Gas,Energy,Oil Refining&amp;Marketing,MLP,true,SUN
171878394,ENVA,USD,NYSE,US,ENOVA INTERNATIONAL INC,STK,Diversified Finan Serv,Financial,Finance-Consumer Loans,COMMON,true,ENVA
172103160,GRBK,USD,NYSE,US,GREEN BRICK PARTNERS INC,STK,Home Builders,"Consumer, Cyclical",Bldg-Residential/Commer,COMMON,true,GRBK
172104802,BST,USD,NYSE,US,BLACKROCK SCIENCE & TECH TR,STK,,,,CLOSED-END FUND,false,BST
172185600,BOOT,USD,NYSE,US,BOOT BARN HOLDINGS INC,STK,Retail,"Consumer, Cyclical",Retail-Apparel/Shoe,COMMON,true,BOOT
172935478,TFIN,USD,NYSE,US,TRIUMPH FINANCIAL INC,STK,Banks,Financial,Commer Banks-Central US,COMMON,true,TFIN
173253787,AXTA,USD,NYSE,US,AXALTA COATING SYSTEMS LTD,STK,Chemicals,Basic Materials,Coatings/Paint,COMMON,true,AXTA
173962302,ELV,USD,NYSE,US,ELEVANCE HEALTH INC,STK,Healthcare-Services,"Consumer, Non-cyclical",Medical-HMO,COMMON,true,ELV
174083995,JGH,USD,NYSE,US,NUVEEN GLOBAL HIGH INCOME,STK,,,,CLOSED-END FUND,false,JGH
176372132,QSR,USD,NYSE,US,RESTAURANT BRANDS INTERN,STK,Retail,"Consumer, Cyclical",Retail-Restaurants,COMMON,true,QSR
176477364,WK,USD,NYSE,US,WORKIVA INC,STK,Software,Technology,Enterprise Software/Serv,COMMON,true,WK
176571182,CCI,USD,NYSE,US,CROWN CASTLE INC,STK,REITS,Financial,REITS-Diversified,REIT,true,CCI
178687328,UE,USD,NYSE,US,URBAN EDGE PROPERTIES,STK,REITS,Financial,REITS-Shopping Centers,REIT,true,UE
179161051,KEN,USD,NYSE,US,KENON HOLDINGS LTD,STK,Electric,Utilities,Electric-Generation,COMMON,true,KEN
180350774,IRM,USD,NYSE,US,IRON MOUNTAIN INC,STK,REITS,Financial,REITS-Storage,REIT,true,IRM
181158987,BOX,USD,NYSE,US,BOX INC - CLASS A,STK,Software,Technology,Computer Software,COMMON,true,BOX
181387075,MDT,USD,NYSE,US,MEDTRONIC PLC,STK,Healthcare-Products,"Consumer, Non-cyclical",Medical Products,COMMON,true,MDT
182056846,SHAK,USD,NYSE,US,SHAKE SHACK INC - CLASS A,STK,Retail,"Consumer, Cyclical",Retail-Restaurants,COMMON,true,SHAK
182675372,XHR,USD,NYSE,US,XENIA HOTELS & RESORTS INC,STK,REITS,Financial,REITS-Hotels,REIT,true,XHR
182880167,ES,USD,NYSE,US,EVERSOURCE ENERGY,STK,Electric,Utilities,Electric-Distribution,COMMON,true,ES
186661403,NXRT,USD,NYSE,US,NEXPOINT RESIDENTIAL,STK,REITS,Financial,REITS-Apartments,REIT,true,NXRT
187184161,GSBD,USD,NYSE,US,GOLDMAN SACHS BDC INC,STK,Investment Companies,Financial,Investment Companies,COMMON,true,GSBD
188986978,GDDY,USD,NYSE,US,GODADDY INC - CLASS A,STK,Internet,Communications,Web Hosting/Design,COMMON,true,GDDY
189114475,BRSL,USD,NYSE,US,BRIGHTSTAR LOTTERY PLC,STK,Entertainment,"Consumer, Cyclical",Gambling (Non-Hotel),COMMON,true,BRSL
189149349,PEO,USD,NYSE,US,ADAMS NATURAL RESOURCES FUND,STK,,,,CLOSED-END FUND,true,PEO
680895249,FLUT,USD,NYSE,US,FLUTTER ENTERTAINMENT PLC-DI,STK,Entertainment,"Consumer, Cyclical",Gambling (Non-Hotel),COMMON,true,FLUT
190480965,ETSY,USD,NYSE,US,ETSY INC,STK,Internet,Communications,E-Commerce/Products,COMMON,true,ETSY
190480975,VIRT,USD,NYSE,US,VIRTU FINANCIAL INC-CLASS A,STK,Diversified Finan Serv,Financial,Finance-Invest Bnkr/Brkr,COMMON,true,VIRT
191674687,NSA,USD,NYSE,US,NATIONAL STORAGE AFFILIATES,STK,REITS,Financial,REITS-Storage,REIT,true,NSA
192496059,BSM,USD,NYSE,US,BLACK STONE MINERALS LP,STK,Oil&amp;Gas,Energy,Oil-US Royalty Trusts,MLP,true,BSM
193951417,CMRE PRD,USD,NYSE,US,COSTAMARE INC,STK,Transportation,Industrial,Transport-Marine,PREFERRED,false,CMRE PRD
194318432,CAL,USD,NYSE,US,CALERES INC,STK,Retail,"Consumer, Cyclical",Retail-Apparel/Shoe,COMMON,true,CAL
194322803,APLE,USD,NYSE,US,APPLE HOSPITALITY REIT INC,STK,REITS,Financial,REITS-Hotels,REIT,true,APLE
195016532,CHCT,USD,NYSE,US,COMMUNITY HEALTHCARE TRUST I,STK,REITS,Financial,REITS-Health Care,REIT,true,CHCT
196179389,EPC,USD,NYSE,US,EDGEWELL PERSONAL CARE CO,STK,Cosmetics/Personal Care,"Consumer, Non-cyclical",Cosmetics&amp;Toiletries,COMMON,true,EPC
196183267,EVH,USD,NYSE,US,EVOLENT HEALTH INC - A,STK,Software,Technology,Enterprise Software/Serv,COMMON,true,EVH
196477597,CABO,USD,NYSE,US,CABLE ONE INC,STK,Media,Communications,Cable/Satellite TV,COMMON,false,CABO
196610672,ENR,USD,NYSE,US,ENERGIZER HOLDINGS INC,STK,Electrical Compo&amp;Equip,Industrial,Batteries/Battery Sys,COMMON,true,ENR
196616907,BLD,USD,NYSE,US,TOPBUILD CORP,STK,Engineering&amp;Construction,Industrial,Building&amp;Construct-Misc,COMMON,true,BLD
196682709,CC,USD,NYSE,US,CHEMOURS CO/THE,STK,Chemicals,Basic Materials,Chemicals-Specialty,COMMON,true,CC
196689572,BWXT,USD,NYSE,US,BWX TECHNOLOGIES INC,STK,Machinery-Constr&amp;Mining,Industrial,Machinery-Electric Util,COMMON,true,BWXT
198048703,GKOS,USD,NYSE,US,GLAUKOS CORP,STK,Healthcare-Products,"Consumer, Non-cyclical",Medical Products,COMMON,true,GKOS
198051403,TRU,USD,NYSE,US,TRANSUNION,STK,Commercial Services,"Consumer, Non-cyclical",Commercial Serv-Finance,COMMON,true,TRU
198167234,RELX,USD,NYSE,US,RELX PLC - SPON ADR,STK,Commercial Services,"Consumer, Non-cyclical",Consulting Services,ADR,true,RELX
198167565,THW,USD,NYSE,US,ABRDN WORLD HEALTHCARE FUND,STK,,,,CLOSED-END FUND,false,THW
198560237,WEC,USD,NYSE,US,WEC ENERGY GROUP INC,STK,Electric,Utilities,Electric-Integrated,COMMON,true,WEC
198563873,TDOC,USD,NYSE,US,TELADOC HEALTH INC,STK,Healthcare-Services,"Consumer, Non-cyclical",Medical-Outptnt/Home Med,COMMON,true,TDOC
198630479,AGI,USD,NYSE,US,ALAMOS GOLD INC-CLASS A,STK,Mining,Basic Materials,Gold Mining,COMMON,true,AGI
198630481,SRG,USD,NYSE,US,SERITAGE GROWTH PROP- A,STK,Real Estate,Financial,Real Estate Oper/Develop,COMMON,true,SRG
199914862,AROC,USD,NYSE,US,ARCHROCK INC,STK,Oil&amp;Gas Services,Energy,Oil-Field Services,COMMON,true,AROC
199914955,OOMA,USD,NYSE,US,OOMA INC,STK,Telecommunications,Communications,Telecom Services,COMMON,true,OOMA
200166024,DLNG PRA,USD,NYSE,US,DYNAGAS LNG PARTNERS LP,STK,Shipbuilding,Industrial,Shipbuilding,PREFERRED,false,DLNG PRA
201113890,LOB,USD,NYSE,US,LIVE OAK BANCSHARES INC,STK,Banks,Financial,Commer Banks-Southern US,COMMON,true,LOB
202114841,PLNT,USD,NYSE,US,PLANET FITNESS INC - CL A,STK,Leisure Time,"Consumer, Cyclical",Recreational Centers,COMMON,true,PLNT
202918196,HLI,USD,NYSE,US,HOULIHAN LOKEY INC,STK,Diversified Finan Serv,Financial,Finance-Invest Bnkr/Brkr,COMMON,true,HLI
206487194,PJT,USD,NYSE,US,PJT PARTNERS INC - A,STK,Diversified Finan Serv,Financial,Finance-Invest Bnkr/Brkr,COMMON,true,PJT
206591285,MSGS,USD,NYSE,US,MADISON SQUARE GARDEN SPORTS,STK,Entertainment,"Consumer, Cyclical",Professional Sports,COMMON,true,MSGS
206663845,CSW,USD,NYSE,US,CSW INDUSTRIALS INC,STK,Machinery-Diversified,Industrial,Machinery-Pumps,COMMON,true,CSW
206663857,PEN,USD,NYSE,US,PENUMBRA INC,STK,Healthcare-Products,"Consumer, Non-cyclical",Medical Products,COMMON,true,PEN
207737140,SMBK,USD,NYSE,US,SMARTFINANCIAL INC,STK,Banks,Financial,Commer Banks-Southern US,COMMON,true,SMBK
207739931,WELL,USD,NYSE,US,WELLTOWER INC,STK,REITS,Financial,REITS-Health Care,REIT,true,WELL
208317027,PFGC,USD,NYSE,US,PERFORMANCE FOOD GROUP CO,STK,Food,"Consumer, Non-cyclical",Food-Wholesale/Distrib,COMMON,true,PFGC
208711503,NXDT,USD,NYSE,US,NEXPOINT DIVERSIFIED REAL ES,STK,REITS,Financial,REITS-Diversified,REIT,true,NXDT
208813725,P,USD,NYSE,US,EVERPURE INC-A,STK,Computers,Technology,Computers-Memory Devices,COMMON,true,P
209411798,HPE,USD,NYSE,US,HEWLETT PACKARD ENTERPRISE,STK,Computers,Technology,Computers,COMMON,true,HPE
209411801,HPQ,USD,NYSE,US,HP INC,STK,Computers,Technology,Computers,COMMON,true,HPQ
210810670,FCPT,USD,NYSE,US,FOUR CORNERS PROPERTY TRUST,STK,REITS,Financial,REITS-Single Tenant,REIT,true,FCPT
212212695,EQBK,USD,NYSE,US,EQUITY BANCSHARES INC - CL A,STK,Banks,Financial,Commer Banks-Central US,COMMON,true,EQBK
212671971,XYZ,USD,NYSE,US,BLOCK INC,STK,Commercial Services,"Consumer, Non-cyclical",Commercial Serv-Finance,COMMON,true,XYZ
212990433,OMF,USD,NYSE,US,ONEMAIN HOLDINGS INC,STK,Diversified Finan Serv,Financial,Finance-Consumer Loans,COMMON,true,OMF
215361221,YRD,USD,NYSE,US,YIREN DIGITAL LTD - SPS ADR,STK,Diversified Finan Serv,Financial,Finance-Consumer Loans,ADR,true,YRD
217234340,RACE,USD,NYSE,US,FERRARI NV,STK,Auto Manufacturers,"Consumer, Cyclical",Auto-Cars/Light Trucks,COMMON,true,RACE
215524614,RIV,USD,NYSE,US,RIVERNORTH OPPORTUNITIES,STK,,,,CLOSED-END FUND,false,RIV
216386790,HUBB,USD,NYSE,US,HUBBELL INC,STK,Electronics,Industrial,Electronic Compo-Misc,COMMON,true,HUBB
221646041,NRP,USD,NYSE,US,NATURAL RESOURCE PARTNERS LP,STK,Coal,Energy,Coal,MLP,true,NRP
224309800,SCHW PRD,USD,NYSE,US,CHARLES SCHWAB CORP,STK,Diversified Finan Serv,Financial,Finance-Invest Bnkr/Brkr,PREFERRED,false,SCHW PRD
225585820,ENO,USD,NYSE,US,ETR 5 1/2 04/01/66 PFD,STK,Electric,Utilities,Electric-Integrated,PREFERRED,false,ENO
225590118,UA,USD,NYSE,US,UNDER ARMOUR INC-CLASS C,STK,Apparel,"Consumer, Cyclical",Apparel Manufacturers,COMMON,true,UA
229115037,ENIC,USD,NYSE,US,ENEL CHILE SA-ADR,STK,Electric,Utilities,Electric-Integrated,ADR,true,ENIC
229198872,STT PRG,USD,NYSE,US,STATE STREET CORP,STK,Banks,Financial,Fiduciary Banks,PREFERRED,false,STT PRG
229629397,SPGI,USD,NYSE,US,S&P GLOBAL INC,STK,Commercial Services,"Consumer, Non-cyclical",Commercial Serv-Finance,COMMON,true,SPGI
231125622,NGVT,USD,NYSE,US,INGEVITY CORP,STK,Chemicals,Basic Materials,Chemicals-Specialty,COMMON,true,NGVT
231408961,SR,USD,NYSE,US,SPIRE INC,STK,Gas,Utilities,Gas-Distribution,COMMON,true,SR
233010383,ITT,USD,NYSE,US,ITT INC,STK,Miscellaneous Manufactur,Industrial,Diversified Manufact Op,COMMON,true,ITT
233089461,SITE,USD,NYSE,US,SITEONE LANDSCAPE SUPPLY INC,STK,Distribution/Wholesale,"Consumer, Cyclical",Distribution/Wholesale,COMMON,true,SITE
233089623,TPB,USD,NYSE,US,TURNING POINT BRANDS INC,STK,Agriculture,"Consumer, Non-cyclical",Tobacco,COMMON,true,TPB
233587209,SUPV,USD,NYSE,US,GRUPO SUPERVIELLE SA-SP ADR,STK,Banks,Financial,Commer Banks Non-US,ADR,true,SUPV
234662860,USFD,USD,NYSE,US,US FOODS HOLDING CORP,STK,Food,"Consumer, Non-cyclical",Food-Wholesale/Distrib,COMMON,true,USFD
235241382,GUT PRC,USD,NYSE,US,GABELLI UTILITY TRUST,STK,Closed-end Funds,Financial,Closed-end Funds,PREFERRED,false,GUT PRC
235248586,WCN,USD,NYSE,US,WASTE CONNECTIONS INC,STK,Environmental Control,Industrial,Non-hazardous Waste Disp,COMMON,true,WCN
235873392,RZB,USD,NYSE,US,REINSURNCE GR AMER 5 3/4 % DEBENTURES 2016-15.06.56,STK,Insurance,Financial,Reinsurance,PREFERRED,false,RZB
236074120,FTV,USD,NYSE,US,FORTIVE CORP,STK,Electronics,Industrial,Electronic Measur Instr,COMMON,true,FTV
236082828,BXC,USD,NYSE,US,BLUELINX HOLDINGS INC,STK,Retail,"Consumer, Cyclical",Retail-Building Products,COMMON,true,BXC
236086467,HRI,USD,NYSE,US,HERC HOLDINGS INC,STK,Commercial Services,"Consumer, Non-cyclical",Rental Auto/Equipment,COMMON,true,HRI
236205569,ATKR,USD,NYSE,US,ATKORE INC,STK,Electronics,Industrial,Electronic Compo-Misc,COMMON,true,ATKR
236747758,MHLA,USD,NYSE,US,MAIDEN HOLDINGS LTD,STK,Insurance,Financial,Reinsurance,PREFERRED,false,MHLA
237794430,TWLO,USD,NYSE,US,TWILIO INC - A,STK,Software,Technology,Computer Software,COMMON,true,TWLO
238591520,ITGR,USD,NYSE,US,INTEGER HOLDINGS CORP,STK,Healthcare-Products,"Consumer, Non-cyclical",Medical Products,COMMON,true,ITGR
239699934,GNK,USD,NYSE,US,GENCO SHIPPING & TRADING LTD,STK,Transportation,Industrial,Transport-Marine,COMMON,true,GNK
240115422,AHT PRF,USD,NYSE,US,ASHFORD HOSPITALITY TRUS,STK,REITS,Financial,REITS-Hotels,PREFERRED,false,AHT PRF
241891174,CRK,USD,NYSE,US,COMSTOCK RESOURCES INC,STK,Oil&amp;Gas,Energy,Oil Comp-Explor&amp;Prodtn,COMMON,true,CRK
242140470,KNSL,USD,NYSE,US,KINSALE CAPITAL GROUP INC,STK,Insurance,Financial,Property/Casualty Ins,COMMON,true,KNSL
243499255,PHI,USD,NYSE,US,PLDT INC-SPON ADR,STK,Telecommunications,Communications,Telephone-Integrated,ADR,false,PHI
243505391,EAI,USD,NYSE,US,ENTERGY ARKANSAS INC,STK,Electric,Utilities,Electric-Integrated,PREFERRED,false,EAI
243702056,ELC,USD,NYSE,US,ENTERGY LOUISIANA LLC,STK,Electric,Utilities,Electric-Distribution,PREFERRED,false,ELC
244164913,JCI,USD,NYSE,US,JOHNSON CONTROLS INTERNATION,STK,Building Materials,Industrial,Bldg Prod-Air&amp;Heating,COMMON,true,JCI
247294984,MCI,USD,NYSE,US,BARINGS CORPORATE INVESTORS,STK,,,,CLOSED-END FUND,false,MCI
247294989,MPV,USD,NYSE,US,BARINGS PARTICIPATION INVEST,STK,,,,CLOSED-END FUND,false,MPV
247294995,BGH,USD,NYSE,US,BARINGS GLBL SHRT DUR HI YLD,STK,,,,CLOSED-END FUND,false,BGH
247555136,EMP,USD,NYSE,US,ENTERGY MISSISSIPPI INC,STK,Electric,Utilities,Electric-Integrated,PREFERRED,false,EMP
247571042,ASIX,USD,NYSE,US,ADVANSIX INC,STK,Chemicals,Basic Materials,Chemicals-Diversified,COMMON,true,ASIX
247845864,AHL PRD,USD,NYSE,US,ASPEN INSURANCE HLDG LTD,STK,Insurance,Financial,Reinsurance,PREFERRED,false,AHL PRD
247848839,NTB,USD,NYSE,US,BANK OF N.T. BUTTERFIELD&SON,STK,Banks,Financial,Commer Banks Non-US,COMMON,true,NTB
247848908,FBK,USD,NYSE,US,FB FINANCIAL CORP,STK,Banks,Financial,Commer Banks-Southern US,COMMON,true,FBK
247915706,ASH,USD,NYSE,US,ASHLAND INC,STK,Chemicals,Basic Materials,Chemicals-Specialty,COMMON,true,ASH
247915711,DFIN,USD,NYSE,US,DONNELLEY FINANCIAL SOLUTION,STK,Software,Technology,Enterprise Software/Serv,COMMON,true,DFIN
248682005,ELF,USD,NYSE,US,ELF BEAUTY INC,STK,Cosmetics/Personal Care,"Consumer, Non-cyclical",Cosmetics&amp;Toiletries,COMMON,true,ELF
248754546,VVV,USD,NYSE,US,VALVOLINE INC,STK,Commercial Services,"Consumer, Non-cyclical",Auto Repair Centers,COMMON,true,VVV
249089410,ZTR,USD,NYSE,US,VIRTUS TOTAL RETURN FUND INC,STK,,,,CLOSED-END FUND,false,ZTR
249095463,OPP,USD,NYSE,US,RIVERNRTH/DOUBLELNE STR OPP,STK,,,,CLOSED-END FUND,false,OPP
249453965,SD,USD,NYSE,US,SANDRIDGE ENERGY INC,STK,Oil&amp;Gas,Energy,Oil Comp-Explor&amp;Prodtn,COMMON,true,SD
249723154,SEAL PRA,USD,NYSE,US,TGP 9 12/31/49 PFD,STK,Transportation,Industrial,Transport-Marine,PREFERRED,false,SEAL PRA
250142644,CWH,USD,NYSE,US,CAMPING WORLD HOLDINGS INC-A,STK,Retail,"Consumer, Cyclical",Retail-Automobile,COMMON,true,CWH
251279719,CIM PRA,USD,NYSE,US,CIM 8 12/31/49 PFD,STK,REITS,Financial,REITS-Mortgage,PREFERRED,false,CIM PRA
251376406,YUMC,USD,NYSE,US,YUM CHINA HOLDINGS INC,STK,Retail,"Consumer, Cyclical",Retail-Restaurants,COMMON,true,YUMC
251962528,AA,USD,NYSE,US,ALCOA CORP,STK,Mining,Basic Materials,Metal-Aluminum,COMMON,true,AA
252023246,AHT PRG,USD,NYSE,US,ASHFORD HOSPITALITY TRUS,STK,REITS,Financial,REITS-Hotels,PREFERRED,false,AHT PRG
252066451,ADNT,USD,NYSE,US,ADIENT PLC,STK,Auto Parts&amp;Equipment,"Consumer, Cyclical",Auto/Trk Prts&amp;Equip-Orig,COMMON,true,ADNT
253184108,LW,USD,NYSE,US,LAMB WESTON HOLDINGS INC,STK,Food,"Consumer, Non-cyclical",Food-Misc/Diversified,COMMON,true,LW
253210632,ZTO,USD,NYSE,US,ZTO EXPRESS CAYMAN INC-ADR,STK,Transportation,Industrial,Transport-Services,ADR,true,ZTO
253210637,GOLF,USD,NYSE,US,ACUSHNET HOLDINGS CORP,STK,Leisure Time,"Consumer, Cyclical",Golf,COMMON,true,GOLF
253914886,DSU,USD,NYSE,US,BLACKROCK DEBT STRATEGIES,STK,,,,CLOSED-END FUND,false,DSU
254032786,AXS PRE,USD,NYSE,US,AXIS CAPITAL HLDGS LTD,STK,Insurance,Financial,Property/Casualty Ins,PREFERRED,false,AXS PRE
254455210,CXW,USD,NYSE,US,CORECIVIC INC,STK,Commercial Services,"Consumer, Non-cyclical",Private Corrections,COMMON,true,CXW
254457731,VST,USD,NYSE,US,VISTRA CORP,STK,Electric,Utilities,Independ Power Producer,COMMON,true,VST
254791638,INSW,USD,NYSE,US,INTERNATIONAL SEAWAYS INC,STK,Transportation,Industrial,Transport-Marine,COMMON,true,INSW
255608245,IIPR,USD,NYSE,US,INNOVATIVE INDUSTRIAL PROPER,STK,REITS,Financial,REITS-Warehouse/Industr,REIT,true,IIPR
257298774,RA,USD,NYSE,US,BROOKFIELD REAL ASSETS INCOM,STK,,,,CLOSED-END FUND,false,RA
257683661,MAA PRI,USD,NYSE,US,MID-AMER APT CMNTYS INC 8.5% PFD SE,STK,REITS,Financial,REITS-Apartments,PREFERRED,false,MAA PRI
257939796,HGV,USD,NYSE,US,HILTON GRAND VACATIONS INC,STK,Lodging,"Consumer, Cyclical",Hotels&amp;Motels,COMMON,true,HGV
257941386,KEY PRI,USD,NYSE,US,KEY 6 1/8 12/31/49 PFD,STK,Banks,Financial,Super-Regional Banks-US,PREFERRED,false,KEY PRI
257944570,HLT,USD,NYSE,US,HILTON WORLDWIDE HOLDINGS IN,STK,Lodging,"Consumer, Cyclical",Hotels&amp;Motels,COMMON,true,HLT
257944575,PK,USD,NYSE,US,PARK HOTELS & RESORTS INC,STK,REITS,Financial,REITS-Hotels,REIT,true,PK
258821404,RH,USD,NYSE,US,RH,STK,Retail,"Consumer, Cyclical",Retail-Home Furnishings,COMMON,true,RH
259941292,WBIY,USD,NYSE,US,WBI POWER FACTOR HIGH DIV,STK,,,,ETF,false,WBIY
260424621,LCII,USD,NYSE,US,LCI INDUSTRIES,STK,Home Builders,"Consumer, Cyclical",Bldg-Mobil Home/Mfd Hous,COMMON,true,LCII
260821236,TFII,USD,NYSE,US,TFI INTERNATIONAL INC,STK,Transportation,Industrial,Transport-Truck,COMMON,true,TFII
262072228,FTI,USD,NYSE,US,TECHNIPFMC PLC,STK,Oil&amp;Gas Services,Energy,Oil-Field Services,COMMON,true,FTI
263852212,JELD,USD,NYSE,US,JELD-WEN HOLDING INC,STK,Building Materials,Industrial,Bldg Prod-Doors&amp;Windows,COMMON,true,JELD
264212473,MS PRK,USD,NYSE,US,MORGAN STANLEY,STK,Banks,Financial,Diversified Banking Inst,PREFERRED,false,MS PRK
264405214,INVH,USD,NYSE,US,INVITATION HOMES INC,STK,REITS,Financial,REITS-Apartments,REIT,true,INVH
264485689,KRP,USD,NYSE,US,KIMBELL ROYALTY PARTNERS LP,STK,Oil&amp;Gas,Energy,Oil-US Royalty Trusts,UNIT,true,KRP
265109878,CLPR,USD,NYSE,US,CLIPPER REALTY INC,STK,REITS,Financial,REITS-Diversified,REIT,true,CLPR
265852072,GNL,USD,NYSE,US,GLOBAL NET LEASE INC,STK,REITS,Financial,REITS-Diversified,REIT,true,GNL
267760742,CPAC,USD,NYSE,US,CEMENTOS PACASMAYO SAA - ADR,STK,Building Materials,Industrial,Bldg Prod-Cement/Aggreg,ADR,false,CPAC
267816003,CIM PRB,USD,NYSE,US,CIM 8 PERP PD,STK,REITS,Financial,REITS-Mortgage,PREFERRED,false,CIM PRB
268060148,SNAP,USD,NYSE,US,SNAP INC - A,STK,Internet,Communications,Internet Content-Entmnt,COMMON,true,SNAP
268947832,PMT PRA,USD,NYSE,US,PENNYMAC MTGE INVESTMENT,STK,REITS,Financial,REITS-Mortgage,PREFERRED,false,PMT PRA
268960158,DXC,USD,NYSE,US,DXC TECHNOLOGY CO,STK,Computers,Technology,Computer Services,COMMON,true,DXC
269024586,TWO PRA,USD,NYSE,US,TWO 8 1/8 12/31/49 PFD,STK,REITS,Financial,REITS-Mortgage,PREFERRED,false,TWO PRA
269497577,FLG PRA,USD,NYSE,US,FLAGSTAR FINANCIAL INC,STK,Banks,Financial,Commer Banks-Central US,PREFERRED,false,FLG PRA
269515674,GOOS,USD,NYSE,US,CANADA GOOSE HOLDINGS INC,STK,Apparel,"Consumer, Cyclical",Apparel Manufacturers,COMMON,true,GOOS
269581459,PUMP,USD,NYSE,US,PROPETRO HOLDING CORP,STK,Oil&amp;Gas Services,Energy,Oil-Field Services,COMMON,true,PUMP
271303334,BTU,USD,NYSE,US,PEABODY ENERGY CORP,STK,Coal,Energy,Coal,COMMON,true,BTU
271583095,TEN PRE,USD,NYSE,US,TSAKOS ENERGY NAVIGATION,STK,Transportation,Industrial,Transport-Marine,PREFERRED,false,TEN PRE
271857752,SNDR,USD,NYSE,US,SCHNEIDER NATIONAL INC-CL B,STK,Transportation,Industrial,Transport-Truck,COMMON,true,SNDR
272561931,HCC,USD,NYSE,US,WARRIOR MET COAL INC,STK,Coal,Energy,Coal,COMMON,true,HCC
272561934,YEXT,USD,NYSE,US,YEXT INC,STK,Software,Technology,Computer Software,COMMON,true,YEXT
273043170,WFC PRY,USD,NYSE,US,WFC 5 5/8 PRER PFD,STK,Banks,Financial,Super-Regional Banks-US,PREFERRED,false,WFC PRY
273043228,WTTR,USD,NYSE,US,SELECT WATER SOLUTIONS INC,STK,Oil&amp;Gas Services,Energy,Oil-Field Services,COMMON,true,WTTR
273241270,NGG,USD,NYSE,US,NATIONAL GRID PLC-SP ADR,STK,Electric,Utilities,Electric-Distribution,ADR,true,NGG
273992879,FND,USD,NYSE,US,FLOOR & DECOR HOLDINGS INC-A,STK,Retail,"Consumer, Cyclical",Retail-Floor Coverings,COMMON,true,FND
274144952,CVNA,USD,NYSE,US,CARVANA CO,STK,Retail,"Consumer, Cyclical",Retail-Automobile,COMMON,true,CVNA
274836867,WPM,USD,NYSE,US,WHEATON PRECIOUS METALS CORP,STK,Mining,Basic Materials,Precious Metals,COMMON,true,WPM
274859321,KREF,USD,NYSE,US,KKR REAL ESTATE FINANCE TRUS,STK,REITS,Financial,REITS-Mortgage,REIT,true,KREF
275358244,FPH,USD,NYSE,US,FIVE POINT HOLDINGS LLC-CL A,STK,Real Estate,Financial,Real Estate Oper/Develop,COMMON,true,FPH
275472777,CARS,USD,NYSE,US,CARS.COM INC,STK,Internet,Communications,E-Commerce/Services,COMMON,true,CARS
275577730,GLOP PRA,USD,NYSE,US,GLOP 8/58 PERP PFD,STK,Transportation,Industrial,Transport-Marine,PREFERRED,false,GLOP PRA
275582621,SEI,USD,NYSE,US,SOLARIS ENERGY INFRASTRUCTUR,STK,Oil&amp;Gas Services,Energy,Oil-Field Services,COMMON,true,SEI
276046464,MT,USD,NYSE,US,ARCELORMITTAL-NY REGISTERED,STK,Iron/Steel,Basic Materials,Steel-Producers,NY REG SHRS,true,MT
276140774,SMHI,USD,NYSE,US,SEACOR MARINE HOLDINGS INC,STK,Oil&amp;Gas Services,Energy,Oil-Field Services,COMMON,true,SMHI
276328013,CVSA,USD,NYSE,US,COVISTA INC,STK,Commercial Services,"Consumer, Non-cyclical",Schools,COMMON,true,CVSA
277376628,JHG,USD,NYSE,US,JANUS HENDERSON GROUP PLC,STK,Diversified Finan Serv,Financial,Invest Mgmnt/Advis Serv,COMMON,true,JHG
277364431,PSA PRF,USD,NYSE,US,PUBLIC STORAGE,STK,REITS,Financial,REITS-Storage,PREFERRED,false,PSA PRF
278468262,NGL PRB,USD,NYSE,US,NGL 9 PERP PFD,STK,Pipelines,Energy,Pipelines,PREFERRED,false,NGL PRB
279262660,BOC,USD,NYSE,US,BOSTON OMAHA CORP-CL A,STK,Advertising,Communications,Advertising Sales,COMMON,true,BOC
280153137,OPTU,USD,NYSE,US,OPTIMUM COMMUNICATIONS INC-A,STK,Media,Communications,Cable/Satellite TV,COMMON,true,OPTU
280259074,SCE PRL,USD,NYSE,US,SCE TRUST VI,STK,Electric,Utilities,Electric-Integrated,PREFERRED,false,SCE PRL
280540825,GPMT,USD,NYSE,US,GRANITE POINT MORTGAGE TRUST,STK,REITS,Financial,REITS-Mortgage,REIT,true,GPMT
280731752,DK,USD,NYSE,US,DELEK US HOLDINGS INC,STK,Oil&amp;Gas,Energy,Oil Refining&amp;Marketing,COMMON,true,DK
280739314,BY,USD,NYSE,US,BYLINE BANCORP INC,STK,Banks,Financial,Commer Banks-Central US,COMMON,true,BY
280803967,JBGS,USD,NYSE,US,JBG SMITH PROPERTIES,STK,REITS,Financial,REITS-Office Property,REIT,true,JBGS
281195011,PMT PRB,USD,NYSE,US,PENNYMAC MTGE INVESTMENT,STK,REITS,Financial,REITS-Mortgage,PREFERRED,false,PMT PRB
281316191,CODI PRA,USD,NYSE,US,COMPASS DIVERSIF HOLDING,STK,Investment Companies,Financial,Investment Companies,PREFERRED,false,CODI PRA
282015494,AMH PRG,USD,NYSE,US,AMH 5 7/8 PERP PFD,STK,REITS,Financial,REITS-Apartments,PREFERRED,false,AMH PRG
282556791,TWO PRB,USD,NYSE,US,TWO HARBORS INV CORP,STK,REITS,Financial,REITS-Mortgage,PREFERRED,false,TWO PRB
282665987,TRTX,USD,NYSE,US,TPG RE FINANCE TRUST INC,STK,REITS,Financial,REITS-Mortgage,REIT,true,TRTX
283972151,NLY PRF,USD,NYSE,US,NLY 6.95 PERP PFD,STK,REITS,Financial,REITS-Mortgage,PREFERRED,false,NLY PRF
284447308,TDW,USD,NYSE,US,TIDEWATER INC,STK,Oil&amp;Gas Services,Energy,Oil-Field Services,COMMON,true,TDW
284629422,PSA PRG,USD,NYSE,US,PSA 5.05 12/31/49 PFD,STK,REITS,Financial,REITS-Storage,PREFERRED,false,PSA PRG
284937845,DLR PRJ,USD,NYSE,US,DIGITAL REALTY TRUST INC,STK,REITS,Financial,REITS-Diversified,PREFERRED,false,DLR PRJ
285217742,KIM PRL,USD,NYSE,US,KIM 5 1/8 PERP,STK,REITS,Financial,REITS-Shopping Centers,PREFERRED,false,KIM PRL
285217852,RNGR,USD,NYSE,US,RANGER ENERGY SERVICES-CL A,STK,Oil&amp;Gas Services,Energy,Oil-Field Services,COMMON,true,RNGR
285542386,IVR PRC,USD,NYSE,US,IVR 7/12 PERP PFD,STK,REITS,Financial,REITS-Mortgage,PREFERRED,false,IVR PRC
285675109,CHMI PRA,USD,NYSE,US,CHMI 8.2 PERP PFD,STK,REITS,Financial,REITS-Mortgage,PREFERRED,false,CHMI PRA
286030327,CLF,USD,NYSE,US,CLEVELAND-CLIFFS INC,STK,Iron/Steel,Basic Materials,Steel-Producers,COMMON,true,CLF
286166565,AHT PRH,USD,NYSE,US,ASHFORD HOSPITALITY TRUS,STK,REITS,Financial,REITS-Hotels,PREFERRED,false,AHT PRH
287247072,CDR PRC,USD,NYSE,US,CEDAR REALTY TRUST INC,STK,REITS,Financial,REITS-Shopping Centers,PREFERRED,false,CDR PRC
287872167,RLJ PRA,USD,NYSE,US,RLJ LODGING TRUST,STK,REITS,Financial,REITS-Hotels,CONVPREFERRED,false,RLJ PRA
288039996,KNX,USD,NYSE,US,KNIGHT-SWIFT TRANSPORTATION,STK,Transportation,Industrial,Transport-Truck,COMMON,true,KNX
288871058,GNL PRA,USD,NYSE,US,GLOBAL NET LEASE INC,STK,REITS,Financial,REITS-Diversified,PREFERRED,false,GNL PRA
289903549,HBB,USD,NYSE,US,HAMILTON BEACH BRAND-A,STK,Home Furnishings,"Consumer, Cyclical",Appliances,COMMON,true,HBB
290000402,FOR,USD,NYSE,US,FORESTAR GROUP INC,STK,Home Builders,"Consumer, Cyclical",Bldg-Residential/Commer,COMMON,true,FOR
290006009,GPJA,USD,NYSE,US,SO 5 10/01/77 PFD,STK,Electric,Utilities,Electric-Integrated,PREFERRED,false,GPJA
290088200,XRN PRA,USD,NYSE,US,GLOBAL MEDICAL REIT INC,STK,REITS,Financial,REITS-Health Care,PREFERRED,false,XRN PRA
290952951,GGT PRE,USD,NYSE,US,GABELLI MULTIMEDIA TRUST,STK,Closed-end Funds,Financial,Closed-end Funds,PREFERRED,false,GGT PRE
291082864,SFB,USD,NYSE,US,SF 5.2 10/15/47 PFD,STK,Diversified Finan Serv,Financial,Invest Mgmnt/Advis Serv,PREFERRED,false,SFB
291373174,NSA PRA,USD,NYSE,US,NATIONAL STORAGE AFFILIA,STK,REITS,Financial,REITS-Storage,PREFERRED,false,NSA PRA
292080616,VICI,USD,NYSE,US,VICI PROPERTIES INC,STK,REITS,Financial,REITS-Diversified,REIT,true,VICI
292491487,TPR,USD,NYSE,US,TAPESTRY INC,STK,Apparel,"Consumer, Cyclical",Apparel Manufacturers,COMMON,true,TPR
292608665,HTT,USD,NYSE,US,HIGH TEMPLAR TECH LIMITED,STK,Diversified Finan Serv,Financial,Finance-Consumer Loans,ADR,true,HTT
292735472,SE,USD,NYSE,US,SEA LTD-ADR,STK,Internet,Communications,E-Commerce/Products,ADR,true,SE
292735614,SEAL PRB,USD,NYSE,US,TEEKAY LNG PARTNERS,STK,Transportation,Industrial,Transport-Marine,PREFERRED,false,SEAL PRB
491932200,ERO,USD,NYSE,US,ERO COPPER CORP,STK,Mining,Basic Materials,Metal-Copper,COMMON,true,ERO
292984312,IIPR PRA,USD,NYSE,US,INNOVATIVE INDL PPTYS INC PFD SR A,STK,REITS,Financial,REITS-Warehouse/Industr,PREFERRED,false,IIPR PRA
293786477,GNT PRA,USD,NYSE,US,GAMCO NATURAL RE GOLD,STK,Closed-end Funds,Financial,Closed-end Funds,PREFERRED,false,GNT PRA
293795910,NEXA,USD,NYSE,US,NEXA RESOURCES SA,STK,Mining,Basic Materials,Non-Ferrous Metals,COMMON,true,NEXA
294108963,TBB,USD,NYSE,US,T 5.35 11/01/66 PFD,STK,Telecommunications,Communications,Telephone-Integrated,PREFERRED,false,TBB
294363537,LOMA,USD,NYSE,US,LOMA NEGRA CIA IND-SPON ADR,STK,Building Materials,Industrial,Bldg&amp;Construct Prod-Misc,ADR,true,LOMA
295154159,INN PRE,USD,NYSE,US,INN 6 1/4 PERP PFD,STK,REITS,Financial,REITS-Hotels,PREFERRED,false,INN PRE
295296295,CNX,USD,NYSE,US,CNX RESOURCES CORP,STK,Oil&amp;Gas,Energy,Oil Comp-Explor&amp;Prodtn,COMMON,true,CNX
295297490,HFRO,USD,NYSE,US,HIGHLAND OPPORT & INCOME,STK,,,,CLOSED-END FUND,false,HFRO
295297705,MCB,USD,NYSE,US,METROPOLITAN BANK HOLDING CO,STK,Banks,Financial,Commer Banks-Eastern US,COMMON,true,MCB
295400692,REXR PRB,USD,NYSE,US,REXFORD INDUSTRIAL REALT,STK,REITS,Financial,REITS-Warehouse/Industr,PREFERRED,false,REXR PRB
295400714,EHC,USD,NYSE,US,ENCOMPASS HEALTH CORP,STK,Healthcare-Services,"Consumer, Non-cyclical",Phys Therapy/Rehab Cntrs,COMMON,true,EHC
295754145,AHT PRI,USD,NYSE,US,AHT 7 1/2 PERP PFD,STK,REITS,Financial,REITS-Hotels,PREFERRED,false,AHT PRI
295757261,IQV,USD,NYSE,US,IQVIA HOLDINGS INC,STK,Healthcare-Services,"Consumer, Non-cyclical",Medical Labs&amp;Testing Srv,COMMON,true,IQV
296044427,CNNE,USD,NYSE,US,CANNAE HOLDINGS INC,STK,Investment Companies,Financial,Investment Companies,COMMON,true,CNNE
296180927,DTW,USD,NYSE,US,DTE 5 1/4 12/01/77 PFD,STK,Electric,Utilities,Electric-Integrated,PREFERRED,false,DTW
296448092,MTW,USD,NYSE,US,MANITOWOC COMPANY INC,STK,Machinery-Constr&amp;Mining,Industrial,Machinery-Constr&amp;Mining,COMMON,true,MTW
296562825,TWO PRC,USD,NYSE,US,TWO HARBORS INVESTMENT CORP PFD,STK,REITS,Financial,REITS-Mortgage,PREFERRED,false,TWO PRC
297165005,LXFR,USD,NYSE,US,LUXFER HOLDINGS PLC,STK,Hand/Machine Tools,Industrial,Mach Tools&amp;Rel Products,COMMON,true,LXFR
297167919,SOJC,USD,NYSE,US,SO 5 1/4 12/01/77 PFD,STK,Electric,Utilities,Electric-Integrated,PREFERRED,false,SOJC
297263249,EPR PRG,USD,NYSE,US,EPR PROPERTIES,STK,REITS,Financial,REITS-Diversified,PREFERRED,false,EPR PRG
297992417,ACP,USD,NYSE,US,ABRDN INCOME CREDIT STRAT,STK,,,,CLOSED-END FUND,false,ACP
298639395,VNO PRM,USD,NYSE,US,VNO 5 1/4 PERP PFD,STK,REITS,Financial,REITS-Office Property,PREFERRED,false,VNO PRM
298640634,BWG,USD,NYSE,US,BRANDYWINEGLOBAL GLOBAL INCO,STK,,,,CLOSED-END FUND,false,BWG
298720901,WBS PRF,USD,NYSE,US,WEBSTER FINANCIAL CORP,STK,Banks,Financial,Commer Banks-Eastern US,PREFERRED,false,WBS PRF
299184619,SRG PRA,USD,NYSE,US,SERITAGE GROWTH PROPERT,STK,Real Estate,Financial,Real Estate Oper/Develop,PREFERRED,false,SRG PRA
299331672,KIM PRM,USD,NYSE,US,KIMCO REALTY CORP,STK,REITS,Financial,REITS-Shopping Centers,PREFERRED,false,KIM PRM
301035662,NTR,USD,NYSE,US,NUTRIEN LTD,STK,Chemicals,Basic Materials,Agricultural Chemicals,COMMON,true,NTR
302197396,NLY PRG,USD,NYSE,US,NLY 6 1/2 PERP PFD,STK,REITS,Financial,REITS-Mortgage,PREFERRED,false,NLY PRG
302202060,LBRT,USD,NYSE,US,LIBERTY ENERGY INC,STK,Oil&amp;Gas Services,Energy,Oil-Field Services,COMMON,true,LBRT
302541040,GLOP PRB,USD,NYSE,US,GLOP 8.2 PERP PFD,STK,Transportation,Industrial,Transport-Marine,PREFERRED,false,GLOP PRB
302902498,ADT,USD,NYSE,US,ADT INC,STK,Commercial Services,"Consumer, Non-cyclical",Protection-Safety,COMMON,true,ADT
302902503,COLD,USD,NYSE,US,AMERICOLD REALTY TRUST INC,STK,REITS,Financial,REITS-Warehouse/Industr,REIT,true,COLD
302999897,BFS PRD,USD,NYSE,US,BFS 6 1/8 PERP PFD,STK,REITS,Financial,REITS-Shopping Centers,PREFERRED,false,BFS PRD
303325834,PAGS,USD,NYSE,US,PAGSEGURO DIGITAL LTD-CL A,STK,Diversified Finan Serv,Financial,Finance-Credit Card,COMMON,true,PAGS
304032101,GTES,USD,NYSE,US,GATES INDUSTRIAL CORP PLC,STK,Machinery-Diversified,Industrial,Machinery-General Indust,COMMON,true,GTES
304278109,UMH PRD,USD,NYSE,US,UMH PROPERTIES INC,STK,REITS,Financial,REITS-Diversified,PREFERRED,false,UMH PRD
304958839,CAAP,USD,NYSE,US,CORP AMERICA AIRPORTS SA,STK,Engineering&amp;Construction,Industrial,Airport Develop/Maint,COMMON,true,CAAP
305095834,CEPU,USD,NYSE,US,CENTRAL PUERTO-SPONSORED ADR,STK,Electric,Utilities,Electric-Distribution,ADR,true,CEPU
305881950,WHD,USD,NYSE,US,CACTUS INC - A,STK,Machinery-Diversified,Industrial,Machinery-Pumps,COMMON,true,WHD
308729732,EFOR,USD,NYSE,US,EVERFORTH INC,STK,Computers,Technology,Computer Services,COMMON,true,EFOR
309630185,CMSA,USD,NYSE,US,CMS 5 5/8 03/15/78 PRD,STK,Electric,Utilities,Electric-Integrated,PREFERRED,false,CMSA
309787158,CODI PRB,USD,NYSE,US,COMPASS DIVERSIF HOLDING,STK,Investment Companies,Financial,Investment Companies,PREFERRED,false,CODI PRB
310171667,RFL,USD,NYSE,US,RAFAEL HOLDINGS INC-CLASS B,STK,Real Estate,Financial,Real Estate Oper/Develop,COMMON,true,RFL
310323321,RCUS,USD,NYSE,US,ARCUS BIOSCIENCES INC,STK,Biotechnology,"Consumer, Non-cyclical",Medical-Biomedical/Gene,COMMON,true,RCUS
311458442,ST,USD,NYSE,US,SENSATA TECHNOLOGIES HOLDING,STK,Electronics,Industrial,Electronic Compo-Misc,COMMON,true,ST
312184402,GHG,USD,NYSE,US,GREENTREE HOSPITALITY GR-ADR,STK,Lodging,"Consumer, Cyclical",Hotels&amp;Motels,ADR,false,GHG
312299788,WRB PRE,USD,NYSE,US,BERKLEY (WR) CORPORATION,STK,Insurance,Financial,Property/Casualty Ins,PREFERRED,false,WRB PRE
312496724,SPOT,USD,NYSE,US,SPOTIFY TECHNOLOGY SA,STK,Internet,Communications,Internet Content-Entmnt,COMMON,true,SPOT
313488811,NOA,USD,NYSE,US,NORTH AMERICAN CONSTRUCTION,STK,Oil&amp;Gas Services,Energy,Oil-Field Services,COMMON,true,NOA
314064093,NVT,USD,NYSE,US,NVENT ELECTRIC PLC,STK,Electronics,Industrial,Electronic Compo-Misc,COMMON,true,NVT
314244771,ASX,USD,NYSE,US,ASE TECHNOLOGY HOLDING -ADR,STK,Semiconductors,Technology,Electronic Compo-Semicon,ADR,true,ASX
314840619,BHR,USD,NYSE,US,BRAEMAR HOTELS & RESORTS INC,STK,REITS,Financial,REITS-Hotels,REIT,true,BHR
314840622,AGD,USD,NYSE,US,ABRDN GLBL DYNM DIVID,STK,,,,CLOSED-END FUND,false,AGD
314840629,AOD,USD,NYSE,US,ABRDN TOTAL DYNAMIC DIVIDEND,STK,,,,CLOSED-END FUND,false,AOD
315543434,BHR PRB,USD,NYSE,US,BRAEMAR HOTELS & RESORTS INC,STK,REITS,Financial,REITS-Hotels,CONVPREFERRED,false,BHR PRB
315543549,BH,USD,NYSE,US,BIGLARI HOLDINGS INC-B,STK,Retail,"Consumer, Cyclical",Retail-Restaurants,COMMON,false,BH
315543555,BH A,USD,NYSE,US,BIGLARI HOLDINGS INC-A,STK,Retail,"Consumer, Cyclical",Retail-Restaurants,COMMON,false,BH A
316336255,PRT,USD,NYSE,US,PERMROCK ROYALTY TRUST,STK,Oil&amp;Gas,Energy,Oil Comp-Explor&amp;Prodtn,ROYALTY TRST,false,PRT
316490710,INSP,USD,NYSE,US,INSPIRE MEDICAL SYSTEMS INC,STK,Healthcare-Products,"Consumer, Non-cyclical",Medical Products,COMMON,true,INSP
316544447,TALO,USD,NYSE,US,TALOS ENERGY INC,STK,Oil&amp;Gas,Energy,Oil Comp-Explor&amp;Prodtn,COMMON,true,TALO
316805134,HUYA,USD,NYSE,US,HUYA INC-ADR,STK,Software,Technology,Entertainment Software,ADR,true,HUYA
316805238,EQNR,USD,NYSE,US,EQUINOR ASA-SPON ADR,STK,Oil&amp;Gas,Energy,Oil Comp-Integrated,ADR,true,EQNR
317034769,ISD,USD,NYSE,US,PGIM HIGH YIELD BOND FUND,STK,,,,CLOSED-END FUND,false,ISD
317034772,GHY,USD,NYSE,US,PGIM GLOBAL HIGH YIELD FUND,STK,,,,CLOSED-END FUND,false,GHY
317114543,BAC PRB,USD,NYSE,US,BANK OF AMERICA CORP,STK,Banks,Financial,Diversified Banking Inst,PREFERRED,false,BAC PRB
317116247,OBK,USD,NYSE,US,ORIGIN BANCORP INC,STK,Banks,Financial,Commer Banks-Southern US,COMMON,true,OBK
317612464,OAK PRA,USD,NYSE,US,OAKTREE CAPITAL GRP LLC,STK,Investment Companies,Financial,Investment Companies,PREFERRED,false,OAK PRA
317669729,WH,USD,NYSE,US,WYNDHAM HOTELS & RESORTS INC,STK,Lodging,"Consumer, Cyclical",Hotels&amp;Motels,COMMON,true,WH
318902618,KTF,USD,NYSE,US,DWS MUNICIPAL INCOME TRUST,STK,,,,CLOSED-END FUND,false,KTF
318911976,JEF,USD,NYSE,US,JEFFERIES FINANCIAL GROUP IN,STK,Diversified Finan Serv,Financial,Finance-Invest Bnkr/Brkr,COMMON,true,JEF
319094836,UNMA,USD,NYSE,US,UNM 6 1/4 06/15/58 PFD,STK,Insurance,Financial,Life/Health Insurance,PREFERRED,false,UNMA
320057639,MET PRE,USD,NYSE,US,METLIFE INC 5 5/8 PERP,STK,Insurance,Financial,Multi-line Insurance,PREFERRED,false,MET PRE
321205630,RNR PRF,USD,NYSE,US,RENAISSANCERE HOLDINGS L,STK,Insurance,Financial,Reinsurance,PREFERRED,false,RNR PRF
321325546,AVNS,USD,NYSE,US,AVANOS MEDICAL INC,STK,Healthcare-Products,"Consumer, Non-cyclical",Medical Products,COMMON,true,AVNS
321328198,KKR,USD,NYSE,US,KKR & CO INC,STK,Private Equity,Financial,Private Equity,COMMON,true,KKR
322317091,EPRT,USD,NYSE,US,ESSENTIAL PROPERTIES REALTY,STK,REITS,Financial,REITS-Single Tenant,REIT,true,EPRT
323612141,TEN PRF,USD,NYSE,US,TSAKOS ENERGY NAVIGATION,STK,Transportation,Industrial,Transport-Marine,PREFERRED,false,TEN PRF
323612220,BJ,USD,NYSE,US,BJ'S WHOLESALE CLUB HOLDINGS,STK,Retail,"Consumer, Cyclical",Retail-Discount,COMMON,true,BJ
323805596,BV,USD,NYSE,US,BRIGHTVIEW HOLDINGS INC,STK,Commercial Services,"Consumer, Non-cyclical",Building-Maint&amp;Service,COMMON,true,BV
325231495,SPB,USD,NYSE,US,SPECTRUM BRANDS HOLDINGS INC,STK,Household Products/Wares,"Consumer, Non-cyclical",Consumer Products-Misc,COMMON,true,SPB
325536414,BHC,USD,NYSE,US,BAUSCH HEALTH COS INC,STK,Pharmaceuticals,"Consumer, Non-cyclical",Medical-Drugs,COMMON,true,BHC
326089294,PCF,USD,NYSE,US,HIGH INCOME SECURITIES FUND,STK,,,,CLOSED-END FUND,false,PCF
326177830,BAC PRK,USD,NYSE,US,BANK OF AMERICA CORP,STK,Banks,Financial,Diversified Banking Inst,PREFERRED,false,BAC PRK
326398514,BE,USD,NYSE,US,BLOOM ENERGY CORP- A,STK,Machinery-Constr&amp;Mining,Industrial,Machinery-Electric Util,COMMON,true,BE
327230557,BBDC,USD,NYSE,US,BARINGS BDC INC,STK,Investment Companies,Financial,Investment Companies,COMMON,true,BBDC
327314137,KEY PRJ,USD,NYSE,US,KEYCORP - PUBLIC,STK,Banks,Financial,Super-Regional Banks-US,PREFERRED,false,KEY PRJ
327314215,DAVA,USD,NYSE,US,ENDAVA PLC- SPON ADR,STK,Computers,Technology,Computer Services,ADR,true,DAVA
327849712,MGY,USD,NYSE,US,MAGNOLIA OIL & GAS CORP - A,STK,Oil&amp;Gas,Energy,Oil Comp-Explor&amp;Prodtn,COMMON,true,MGY
328099462,ARLO,USD,NYSE,US,ARLO TECHNOLOGIES INC,STK,Commercial Services,"Consumer, Non-cyclical",Traffic Management Sys,COMMON,true,ARLO
328774782,OAK PRB,USD,NYSE,US,OAKTREE CAPITAL GRP LLC,STK,Investment Companies,Financial,Investment Companies,PREFERRED,false,OAK PRB
328849160,PRS,USD,NYSE,US,PRUDENTIAL FINANCIAL INC,STK,Insurance,Financial,Life/Health Insurance,PREFERRED,false,PRS
328901662,USB PRP,USD,NYSE,US,US BANCORP,STK,Banks,Financial,Super-Regional Banks-US,PREFERRED,false,USB PRP
332126693,CWEN,USD,NYSE,US,CLEARWAY ENERGY INC-C,STK,Electric,Utilities,Electric-Generation,COMMON,true,CWEN
332274915,PVL,USD,NYSE,US,PERMIANVILLE ROYALTY TRUST,STK,Oil&amp;Gas,Energy,Oil-US Royalty Trusts,ROYALTY TRST,true,PVL
332794741,NIO,USD,NYSE,US,NIO INC - ADR,STK,Auto Manufacturers,"Consumer, Cyclical",Auto-Cars/Light Trucks,ADR,true,NIO
333107927,AX,USD,NYSE,US,AXOS FINANCIAL INC,STK,Savings&amp;Loans,Financial,S&amp;L/Thrifts-Western US,COMMON,true,AX
333483947,AMH PRH,USD,NYSE,US,AMERICAN HOMES 4 RENT,STK,REITS,Financial,REITS-Apartments,PREFERRED,false,AMH PRH
333739052,CIM PRC,USD,NYSE,US,CHIMERA INVESTMENT CORP,STK,REITS,Financial,REITS-Mortgage,PREFERRED,false,CIM PRC
333739102,DUKB,USD,NYSE,US,DUKE ENERGY CORP,STK,Electric,Utilities,Electric-Integrated,PREFERRED,false,DUKB
333848163,JPM PRD,USD,NYSE,US,JPMORGAN CHASE & CO,STK,Banks,Financial,Diversified Banking Inst,PREFERRED,false,JPM PRD
333848211,ELAN,USD,NYSE,US,ELANCO ANIMAL HEALTH INC,STK,Pharmaceuticals,"Consumer, Non-cyclical",Veterinary Diagnostics,COMMON,true,ELAN
334902388,NWN,USD,NYSE,US,NORTHWEST NATURAL HOLDING CO,STK,Gas,Utilities,Gas-Distribution,COMMON,true,NWN
335049701,RC,USD,NYSE,US,READY CAPITAL CORP,STK,REITS,Financial,REITS-Mortgage,REIT,true,RC
335135867,HCXY,USD,NYSE,US,HERCULES CAPITAL INC,STK,Private Equity,Financial,Venture Capital,PREFERRED,false,HCXY
335460271,ASB PRE,USD,NYSE,US,ASSOC BANC-CORP,STK,Banks,Financial,Commer Banks-Central US,PREFERRED,false,ASB PRE
335460283,RAMP,USD,NYSE,US,LIVERAMP HOLDINGS INC,STK,Software,Technology,Enterprise Software/Serv,COMMON,true,RAMP
335479111,CMSC,USD,NYSE,US,CMS ENERGY CORP,STK,Electric,Utilities,Electric-Integrated,PREFERRED,false,CMSC
335844146,ESTC,USD,NYSE,US,ELASTIC NV,STK,Software,Technology,Applications Software,COMMON,true,ESTC
336517319,REZI,USD,NYSE,US,RESIDEO TECHNOLOGIES INC,STK,Distribution/Wholesale,"Consumer, Cyclical",Distribution/Wholesale,COMMON,true,REZI
336517320,ACA,USD,NYSE,US,ARCOSA INC,STK,Engineering&amp;Construction,Industrial,Building-Heavy Construct,COMMON,true,ACA
337611946,MSC,USD,NYSE,US,STUDIO CITY INTERNATIONA-ADR,STK,Lodging,"Consumer, Cyclical",Casino Hotels,ADR,false,MSC
337868804,MER PRK,USD,NYSE,US,BANK AMER CORP INCOME CAP OBLIG NT,STK,Banks,Financial,Diversified Banking Inst,PREFERRED,false,MER PRK
338719595,YETI,USD,NYSE,US,YETI HOLDINGS INC,STK,Leisure Time,"Consumer, Cyclical",Athletic Equipment,COMMON,true,YETI
338831049,RMI,USD,NYSE,US,RIVERNORTH OPPORT MUNI INC,STK,,,,CLOSED-END FUND,false,RMI
339976292,PFSI,USD,NYSE,US,PENNYMAC FINANCIAL SERVICES,STK,Diversified Finan Serv,Financial,Finance-Mtge Loan/Banker,COMMON,true,PFSI
340760461,HIG PRG,USD,NYSE,US,HARTFORD FINL SVCS GRP,STK,Insurance,Financial,Multi-line Insurance,PREFERRED,false,HIG PRG
341513071,BCSF,USD,NYSE,US,BAIN CAPITAL SPECIALTY FINAN,STK,Investment Companies,Financial,Investment Companies,COMMON,true,BCSF
341898786,BHR PRD,USD,NYSE,US,BRAEMAR HOTELS & RESORTS,STK,REITS,Financial,REITS-Hotels,PREFERRED,false,BHR PRD
341904548,ARES,USD,NYSE,US,ARES MANAGEMENT CORP - A,STK,Diversified Finan Serv,Financial,Invest Mgmnt/Advis Serv,COMMON,true,ARES
342700964,GLOP PRC,USD,NYSE,US,GASLOG PARTNERS LP,STK,Transportation,Industrial,Transport-Marine,PREFERRED,false,GLOP PRC
344164194,PEB PRE,USD,NYSE,US,LASALLE HOTEL PROPERTIES,STK,REITS,Financial,REITS-Hotels,PREFERRED,false,PEB PRE
344164199,PEB PRF,USD,NYSE,US,LASALLE HOTEL PROPERTIES,STK,REITS,Financial,REITS-Hotels,PREFERRED,false,PEB PRF
344439802,TME,USD,NYSE,US,TENCENT MUSIC ENTERTAINM-ADR,STK,Internet,Communications,Internet Content-Entmnt,ADR,true,TME
346218218,DELL,USD,NYSE,US,DELL TECHNOLOGIES -C,STK,Computers,Technology,Computers,COMMON,true,DELL
346219259,EGO,USD,NYSE,US,ELDORADO GOLD CORP,STK,Mining,Basic Materials,Gold Mining,COMMON,true,EGO
346369068,KOS,USD,NYSE,US,KOSMOS ENERGY LTD,STK,Oil&amp;Gas,Energy,Oil Comp-Explor&amp;Prodtn,COMMON,true,KOS
346403540,CI,USD,NYSE,US,THE CIGNA GROUP,STK,Healthcare-Services,"Consumer, Non-cyclical",Medical-HMO,COMMON,true,CI
347409760,CPRI,USD,NYSE,US,CAPRI HOLDINGS LTD,STK,Apparel,"Consumer, Cyclical",Apparel Manufacturers,COMMON,true,CPRI
347543727,IHG,USD,NYSE,US,INTERCONTINENTAL HOTELS-ADR,STK,Lodging,"Consumer, Cyclical",Hotels&amp;Motels,ADR,false,IHG
348300802,WF,USD,NYSE,US,WOORI FINANCIAL-SPON ADR,STK,Banks,Financial,Commer Banks Non-US,ADR,false,WF
352677799,KFS,USD,NYSE,US,KINGSWAY CORP,STK,Insurance,Financial,Property/Casualty Ins,COMMON,true,KWY
349869083,STNG,USD,NYSE,US,SCORPIO TANKERS INC,STK,Transportation,Industrial,Transport-Marine,COMMON,true,STNG
349972189,CIM PRD,USD,NYSE,US,CHIMERA INVESTMENT CORP,STK,REITS,Financial,REITS-Mortgage,PREFERRED,false,CIM PRD
350074677,GIB,USD,NYSE,US,CGI INC,STK,Computers,Technology,Computer Services,COMMON,true,GIB
350074696,JPM PRC,USD,NYSE,US,JPMORGAN CHASE & CO,STK,Banks,Financial,Diversified Banking Inst,PREFERRED,false,JPM PRC
351659552,ESI,USD,NYSE,US,ELEMENT SOLUTIONS INC,STK,Chemicals,Basic Materials,Chemicals-Specialty,COMMON,true,ESI
351679880,PDX,USD,NYSE,US,PIMCO DYNAMIC INCOME STRAT,STK,,,,CLOSED-END FUND,false,PDX
352677811,NTEST,USD,NYSE,US,NYSE TEST SYMBOL,STK,,,,COMMON,false,NTEST
352913462,CHMI PRB,USD,NYSE,US,CHERRY HILL MTG INV CORP,STK,REITS,Financial,REITS-Mortgage,PREFERRED,false,CHMI PRB
353294366,NTZ,USD,NYSE,US,NATUZZI SPA-SP ADR,STK,Home Furnishings,"Consumer, Cyclical",Home Furnishings,ADR,false,NTZ
354402766,HGLB,USD,NYSE,US,HIGHLAND GLOBAL ALLOCATION,STK,,,,CLOSED-END FUND,false,HGLB
354532825,CMSD,USD,NYSE,US,CMS ENERGY CORP,STK,Electric,Utilities,Electric-Integrated,PREFERRED,false,CMSD
354581103,WES,USD,NYSE,US,WESTERN MIDSTREAM PARTNERS L,STK,Pipelines,Energy,Pipelines,MLP,true,WES
355090937,EFC,USD,NYSE,US,ELLINGTON FINANCIAL INC,STK,REITS,Financial,REITS-Mortgage,REIT,true,EFC
371274438,FLNG,USD,NYSE,US,FLEX LNG LTD,STK,Transportation,Industrial,Transport-Marine,COMMON,true,FLNG
355947671,AM,USD,NYSE,US,ANTERO MIDSTREAM CORP,STK,Pipelines,Energy,Pipelines,COMMON,true,AM
356312857,BC PRC,USD,NYSE,US,BRUNSWICK CORP/DE,STK,Leisure Time,"Consumer, Cyclical",Recreational Vehicles,PREFERRED,false,BC PRC
356325560,SF PRB,USD,NYSE,US,STIFEL FINANCIAL CORP,STK,Diversified Finan Serv,Financial,Invest Mgmnt/Advis Serv,PREFERRED,false,SF PRB
356576040,DOW,USD,NYSE,US,DOW INC,STK,Chemicals,Basic Materials,Chemicals-Diversified,COMMON,true,DOW
356858002,PSA PRH,USD,NYSE,US,PUBLIC STORAGE,STK,REITS,Financial,REITS-Storage,PREFERRED,false,PSA PRH
356947764,NEE PRN,USD,NYSE,US,NEXTERA ENERGY CAPITAL,STK,Electric,Utilities,Electric-Integrated,PREFERRED,false,NEE PRN
356974594,TRTN PRA,USD,NYSE,US,TRITON INTERNATIONAL LTD,STK,Commercial Services,"Consumer, Non-cyclical",Rental Auto/Equipment,PREFERRED,false,TRTN PRA
357194959,DLR PRK,USD,NYSE,US,DIGITAL REALTY TRUST INC,STK,REITS,Financial,REITS-Diversified,PREFERRED,false,DLR PRK
357888136,TROX,USD,NYSE,US,TRONOX HOLDINGS PLC,STK,Chemicals,Basic Materials,Chemicals-Specialty,COMMON,true,TROX
357949196,AFGB,USD,NYSE,US,AMERICAN FINANCIAL GROUP INC/OH,STK,Insurance,Financial,Multi-line Insurance,PREFERRED,false,AFGB
358053635,LEVI,USD,NYSE,US,LEVI STRAUSS & CO- CLASS A,STK,Apparel,"Consumer, Cyclical",Apparel Manufacturers,COMMON,true,LEVI
358060563,STE,USD,NYSE,US,STERIS PLC,STK,Healthcare-Products,"Consumer, Non-cyclical",Medical Products,COMMON,true,STE
358159257,HOV,USD,NYSE,US,HOVNANIAN ENTERPRISES-A,STK,Home Builders,"Consumer, Cyclical",Bldg-Residential/Commer,COMMON,false,HOV
358162268,GSL,USD,NYSE,US,GLOBAL SHIP LEASE INC-CL A,STK,Transportation,Industrial,Transport-Marine,COMMON,true,GSL
358401411,DBI,USD,NYSE,US,DESIGNER BRANDS INC-CLASS A,STK,Retail,"Consumer, Cyclical",Retail-Apparel/Shoe,COMMON,true,DBI
358680770,MGR,USD,NYSE,US,AFFILIATED MANAGERS GROU,STK,Diversified Finan Serv,Financial,Invest Mgmnt/Advis Serv,PREFERRED,false,MGR
358790073,ALC,USD,NYSE,US,ALCON INC,STK,Healthcare-Products,"Consumer, Non-cyclical",Medical Instruments,COMMON,true,ALC
358792959,DUK PRA,USD,NYSE,US,DUKE ENERGY CORP,STK,Electric,Utilities,Electric-Integrated,PREFERRED,false,DUK PRA
359690209,NGL PRC,USD,NYSE,US,NGL ENERGY PARTNERS LP,STK,Pipelines,Energy,Pipelines,PREFERRED,false,NGL PRC
360310571,JMIA,USD,NYSE,US,JUMIA TECHNOLOGIES AG-ADR,STK,Internet,Communications,E-Marketing/Info,ADR,true,JMIA
360310574,PD,USD,NYSE,US,PAGERDUTY INC,STK,Software,Technology,Enterprise Software/Serv,COMMON,true,PD
360975915,PINS,USD,NYSE,US,PINTEREST INC- CLASS A,STK,Internet,Communications,Internet Content-Entmnt,COMMON,true,PINS
362047735,DAC,USD,NYSE,US,DANAOS CORP,STK,Transportation,Industrial,Transport-Marine,COMMON,true,DAC
362155244,TRP,USD,NYSE,US,TC ENERGY CORP,STK,Pipelines,Energy,Pipelines,COMMON,true,TRP
362157574,KEY PRK,USD,NYSE,US,KEYCORP,STK,Banks,Financial,Super-Regional Banks-US,PREFERRED,false,KEY PRK
362175385,CCO,USD,NYSE,US,CLEAR CHANNEL OUTDOOR HOLDIN,STK,Advertising,Communications,Advertising Sales,COMMON,true,CCO
362592110,RF PRC,USD,NYSE,US,REGIONS FINANCIAL CORP,STK,Banks,Financial,Commer Banks-Southern US,PREFERRED,false,RF PRC
362915197,NMM,USD,NYSE,US,NAVIOS MARITIME PARTNERS LP,STK,Transportation,Industrial,Transport-Marine,MLP,true,NMM
363803376,KTB,USD,NYSE,US,KONTOOR BRANDS INC,STK,Apparel,"Consumer, Cyclical",Apparel Manufacturers,COMMON,true,KTB
365037248,PSN,USD,NYSE,US,PARSONS CORP,STK,Computers,Technology,Computer Services,COMMON,true,PSN
365037275,MEC,USD,NYSE,US,MAYVILLE ENGINEERING CO INC,STK,Metal Fabricate/Hardware,Industrial,Metal Processors&amp;Fabrica,COMMON,true,MEC
365195805,NRUC,USD,NYSE,US,NATIONAL RURAL UTILITIES COOPERATIVE FINANCE CORP,STK,Electric,Utilities,Electric-Distribution,PREFERRED,false,NRUC
365207014,UBER,USD,NYSE,US,UBER TECHNOLOGIES INC,STK,Internet,Communications,E-Commerce/Services,COMMON,true,UBER
365214696,PSTL,USD,NYSE,US,POSTAL REALTY TRUST INC- A,STK,REITS,Financial,REITS-Diversified,REIT,true,PSTL
670780648,ECO,USD,NYSE,US,OKEANIS ECO TANKERS CORP,STK,Transportation,Industrial,Transport-Marine,COMMON,true,ECO
365769499,AGM PRD,USD,NYSE,US,FARMER MAC,STK,Sovereign,Government,Sovereign Agency,PREFERRED,false,AGM PRD
365792551,CLVT,USD,NYSE,US,CLARIVATE PLC,STK,Commercial Services,"Consumer, Non-cyclical",Commercial Services,COMMON,true,CLVT
365921621,DD,USD,NYSE,US,DUPONT DE NEMOURS INC,STK,Chemicals,Basic Materials,Chemicals-Diversified,COMMON,true,DD
366131368,AVTR,USD,NYSE,US,AVANTOR INC,STK,Healthcare-Products,"Consumer, Non-cyclical",Diagnostic Equipment,COMMON,true,AVTR
366239371,CTVA,USD,NYSE,US,CORTEVA INC,STK,Biotechnology,"Consumer, Non-cyclical",Agricultural Biotech,COMMON,true,CTVA
366504295,AUB,USD,NYSE,US,ATLANTIC UNION BANKSHARES CO,STK,Banks,Financial,Commer Banks-Southern US,COMMON,true,AUB
366577681,AQNB,USD,NYSE,US,ALGONQUIN PWR & UTILITY,STK,Electric,Utilities,Electric-Distribution,PREFERRED,false,AQNB
367504850,SRL,USD,NYSE,US,SCULLY ROYALTY LTD,STK,Iron/Steel,Basic Materials,Metal-Iron,COMMON,true,SRL
367504855,DMB,USD,NYSE,US,BNY MELLON MUNI BND INFRA,STK,,,,CLOSED-END FUND,false,DMB
367504865,DHF,USD,NYSE,US,BNYM HIGH YIELD STRATEGIES,STK,,,,CLOSED-END FUND,false,DHF
367504868,DSM,USD,NYSE,US,BNYM STRAT MUNI BND,STK,,,,CLOSED-END FUND,false,DSM
367504875,LEO,USD,NYSE,US,BNY MELLON STRATEGIC MUNI,STK,,,,CLOSED-END FUND,false,LEO
367707978,F PRB,USD,NYSE,US,FORD MOTOR COMPANY PFD,STK,Auto Manufacturers,"Consumer, Cyclical",Auto-Cars/Light Trucks,PREFERRED,false,F PRB
368316148,FINS,USD,NYSE,US,ANGEL OAK FINANC STRAT INC,STK,,,,CLOSED-END FUND,false,FINS
368680064,CCIF,USD,NYSE,US,CARLYLE CREDIT INCOME FUND,STK,,,,CLOSED-END FUND,false,CCIF
368681400,PACK,USD,NYSE,US,RANPAK HOLDINGS CORP,STK,Packaging&amp;Containers,Industrial,Containers-Paper/Plastic,COMMON,true,PACK
369120395,GOTU,USD,NYSE,US,GAOTU TECHEDU INC,STK,Commercial Services,"Consumer, Non-cyclical",Schools,ADR,true,GOTU
369919463,RVLV,USD,NYSE,US,REVOLVE GROUP INC,STK,Internet,Communications,E-Commerce/Products,COMMON,true,RVLV
370049385,GDV PRH,USD,NYSE,US,GABELLI DVD & INC TR,STK,Closed-end Funds,Financial,Closed-end Funds,PREFERRED,false,GDV PRH
370528221,DX,USD,NYSE,US,DYNEX CAPITAL INC,STK,REITS,Financial,REITS-Mortgage,REIT,true,DX
370528272,CUZ,USD,NYSE,US,COUSINS PROPERTIES INC,STK,REITS,Financial,REITS-Office Property,REIT,true,CUZ
370695082,FVRR,USD,NYSE,US,FIVERR INTERNATIONAL LTD,STK,Internet,Communications,E-Commerce/Services,COMMON,true,FVRR
370759020,RSF,USD,NYSE,US,RIVERNORTH CAPITAL & INCOME,STK,,,,CLOSED-END FUND,false,RSF
370766146,CHWY,USD,NYSE,US,CHEWY INC - CLASS A,STK,Internet,Communications,E-Commerce/Products,COMMON,true,CHWY
371115358,AMTB,USD,NYSE,US,AMERANT BANCORP INC,STK,Banks,Financial,Commer Banks-Southern US,COMMON,true,AMTB
371248010,AHRT PRA,USD,NYSE,US,AH REALTY TRUST INC,STK,REITS,Financial,REITS-Diversified,PREFERRED,false,AHRT PRA
371248344,SREA,USD,NYSE,US,SEMPRA ENERGY PREFERRED,STK,Electric,Utilities,Electric-Distribution,PREFERRED,false,SREA
371248349,HLIO,USD,NYSE,US,HELIOS TECHNOLOGIES INC,STK,Metal Fabricate/Hardware,Industrial,Metal Processors&amp;Fabrica,COMMON,true,HLIO
371586146,BAC PRM,USD,NYSE,US,BANK OF AMERICA CORP,STK,Banks,Financial,Diversified Banking Inst,PREFERRED,false,BAC PRM
371586319,PRIF PRD,USD,NYSE,US,PRIORITY INCOME FUND INC,STK,Diversified Finan Serv,Financial,Finance-Other Services,PREFERRED,false,PRIF PRD
371602116,VOYA PRB,USD,NYSE,US,VOYA FINANCIAL INC,STK,Diversified Finan Serv,Financial,Invest Mgmnt/Advis Serv,PREFERRED,false,VOYA PRB
371718576,TRTN PRB,USD,NYSE,US,TRITON INTERNATIONAL LTD,STK,Commercial Services,"Consumer, Non-cyclical",Rental Auto/Equipment,PREFERRED,false,TRTN PRB
371886040,LHX,USD,NYSE,US,L3HARRIS TECHNOLOGIES INC,STK,Aerospace/Defense,Industrial,Aerospace/Defense-Equip,COMMON,true,LHX
371972810,BSTZ,USD,NYSE,US,BLACKROCK SCI & TECH TRM TR,STK,,,,CLOSED-END FUND,false,BSTZ
372593188,NLY PRI,USD,NYSE,US,ANNALY CAPITAL MGMT,STK,REITS,Financial,REITS-Mortgage,PREFERRED,false,NLY PRI
372615778,PRMI,USD,NYSE,US,PRIAM PROPERTIES INC,STK,REITS,Financial,REITS-Office Property,REIT,false,PRMI
372834689,BX,USD,NYSE,US,BLACKSTONE INC,STK,Private Equity,Financial,Private Equity,COMMON,true,BX
373296366,RITM PRA,USD,NYSE,US,RITHM CAPITAL CORP,STK,REITS,Financial,REITS-Diversified,PREFERRED,false,RITM PRA
373514246,LC,USD,NYSE,US,LENDINGCLUB CORP,STK,Diversified Finan Serv,Financial,Finance-Consumer Loans,COMMON,true,LC
374166573,PKE,USD,NYSE,US,PARK AEROSPACE CORP,STK,Miscellaneous Manufactur,Industrial,Advanced Materials/Prd,COMMON,true,PKE
374293788,AAMI,USD,NYSE,US,ACADIAN ASSET MANAGEMENT INC,STK,Diversified Finan Serv,Financial,Invest Mgmnt/Advis Serv,COMMON,true,AAMI
374627687,BW,USD,NYSE,US,BABCOCK & WILCOX ENTERPR,STK,Machinery-Constr&amp;Mining,Industrial,Machinery-Electric Util,COMMON,true,BW
374688629,PHR,USD,NYSE,US,PHREESIA INC,STK,Software,Technology,Applications Software,COMMON,true,PHR
374690034,OBDC,USD,NYSE,US,BLUE OWL CAPITAL CORP,STK,Investment Companies,Financial,Investment Companies,COMMON,true,OBDC
374733820,IFS,USD,NYSE,US,INTERCORP FINANCIAL SERVICES,STK,Diversified Finan Serv,Financial,Diversified Finan Serv,COMMON,false,IFS
375033821,AMPY,USD,NYSE,US,AMPLIFY ENERGY CORP,STK,Oil&amp;Gas,Energy,Oil Comp-Explor&amp;Prodtn,COMMON,true,AMPY
375034803,EIC,USD,NYSE,US,EAGLE POINT INCOME CO INC,STK,,,,CLOSED-END FUND,false,EIC
375796350,VIST,USD,NYSE,US,VISTA ENERGY SAB DE CV,STK,Oil&amp;Gas,Energy,Oil Comp-Explor&amp;Prodtn,ADR,true,VIST
375868349,GL,USD,NYSE,US,GLOBE LIFE INC,STK,Insurance,Financial,Life/Health Insurance,COMMON,true,GL
375868372,RMM,USD,NYSE,US,RVRNRTH MGD DUR MUNI INC,STK,,,,CLOSED-END FUND,false,RMM
375869271,COSO,USD,NYSE,US,COASTAL SOUTH BANCSHARES INC,STK,Banks,Financial,Commer Banks-Southern US,COMMON,false,COSO
376427905,DT,USD,NYSE,US,DYNATRACE INC,STK,Software,Technology,Computer Software,COMMON,true,DT
376497332,HFRO PRA,USD,NYSE,US,HIGHLAND INCOME FUND,STK,Closed-end Funds,Financial,Closed-end Funds,PREFERRED,false,HFRO PRA
376942329,ALL PRH,USD,NYSE,US,ALLSTATE CORP,STK,Insurance,Financial,Multi-line Insurance,PREFERRED,false,ALL PRH
377777498,AHL PRE,USD,NYSE,US,ASPEN INSURANCE HLDG LTD,STK,Insurance,Financial,Reinsurance,PREFERRED,false,AHL PRE
378597440,RITM PRB,USD,NYSE,US,RITHM CAPITAL CORP,STK,REITS,Financial,REITS-Diversified,PREFERRED,false,RITM PRB
379198868,UI,USD,NYSE,US,UBIQUITI INC,STK,Telecommunications,Communications,Wireless Equipment,COMMON,false,UI
382181602,COF PRI,USD,NYSE,US,CAPITAL ONE FINANCIAL CO,STK,Diversified Finan Serv,Financial,Finance-Credit Card,PREFERRED,false,COF PRI
382325936,ETI PR,USD,NYSE,US,ENTERGY TEXAS INC,STK,Electric,Utilities,Electric-Integrated,PREFERRED,false,ETI PR
382533538,PSA PRI,USD,NYSE,US,PUBLIC STORAGE,STK,REITS,Financial,REITS-Storage,PREFERRED,false,PSA PRI
382633646,NET,USD,NYSE,US,CLOUDFLARE INC - CLASS A,STK,Software,Technology,Computer Software,COMMON,true,NET
382829420,BAC PRN,USD,NYSE,US,BANK OF AMERICA CORP,STK,Banks,Financial,Diversified Banking Inst,PREFERRED,false,BAC PRN
383168168,BFS PRE,USD,NYSE,US,SAUL CENTERS INC,STK,REITS,Financial,REITS-Shopping Centers,PREFERRED,false,BFS PRE
383168173,MITT PRC,USD,NYSE,US,AG MORTGAGE INVEST TR,STK,REITS,Financial,REITS-Mortgage,PREFERRED,false,MITT PRC
383308232,NMCO,USD,NYSE,US,NUVEEN MUNICIPAL CREDIT OPP,STK,,,,CLOSED-END FUND,false,NMCO
383308243,NVST,USD,NYSE,US,ENVISTA HOLDINGS CORP,STK,Healthcare-Products,"Consumer, Non-cyclical",Dental Supplies&amp;Equip,COMMON,true,NVST
383604736,REXR PRC,USD,NYSE,US,REXFORD INDUSTRIAL REALT,STK,REITS,Financial,REITS-Warehouse/Industr,PREFERRED,false,REXR PRC
384947280,ATH PRB,USD,NYSE,US,ATHENE HOLDING LTD,STK,Insurance,Financial,Life/Health Insurance,PREFERRED,false,ATH PRB
386383327,DLR PRL,USD,NYSE,US,DIGITAL REALTY TRUST INC,STK,REITS,Financial,REITS-Diversified,PREFERRED,false,DLR PRL
387597494,ONTO,USD,NYSE,US,ONTO INNOVATION INC,STK,Semiconductors,Technology,Semiconductor Equipment,COMMON,true,ONTO
387742232,AEFC,USD,NYSE,US,AEGON FUNDING CORP II,STK,Insurance,Financial,Multi-line Insurance,PREFERRED,false,AEFC
388706073,CFG PRE,USD,NYSE,US,CITIZENS FINANCIAL GROUP,STK,Banks,Financial,Commer Banks-Eastern US,PREFERRED,false,CFG PRE
388709073,DAO,USD,NYSE,US,YOUDAO INC - ADR,STK,Software,Technology,Applications Software,ADR,true,DAO
389700396,DOC,USD,NYSE,US,HEALTHPEAK PROPERTIES INC,STK,REITS,Financial,REITS-Health Care,REIT,true,DOC
390160312,JPM PRJ,USD,NYSE,US,JPMORGAN CHASE & CO,STK,Banks,Financial,Diversified Banking Inst,PREFERRED,false,JPM PRJ
390327788,TRTN PRC,USD,NYSE,US,TRITON INTERNATIONAL LTD,STK,Commercial Services,"Consumer, Non-cyclical",Rental Auto/Equipment,PREFERRED,false,TRTN PRC
390460508,ALL PRI,USD,NYSE,US,ALLSTATE CORP - PUBLIC,STK,Insurance,Financial,Multi-line Insurance,PREFERRED,false,ALL PRI
390462028,BBAR,USD,NYSE,US,BBVA ARGENTINA SA-ADR,STK,Banks,Financial,Commer Banks Non-US,ADR,true,BBAR
390603973,SFL,USD,NYSE,US,SFL CORP LTD,STK,Transportation,Industrial,Transport-Marine,COMMON,true,SFL
390897714,SYF PRA,USD,NYSE,US,SYNCHRONY FINANCIAL,STK,Diversified Finan Serv,Financial,Finance-Credit Card,PREFERRED,false,SYF PRA
391036065,PSA PRJ,USD,NYSE,US,PUBLIC STORAGE,STK,REITS,Financial,REITS-Storage,PREFERRED,false,PSA PRJ
391208849,TDAY,USD,NYSE,US,USA TODAY CO INC,STK,Media,Communications,Publishing-Newspapers,COMMON,true,TDAY
391511574,CODI PRC,USD,NYSE,US,COMPASS DIVERSIF HOLDING,STK,Investment Companies,Financial,Investment Companies,PREFERRED,false,CODI PRC
391638321,ACEL,USD,NYSE,US,ACCEL ENTERTAINMENT INC,STK,Entertainment,"Consumer, Cyclical",Casino Services,COMMON,true,ACEL
392428133,FINV,USD,NYSE,US,FINVOLUTION GROUP-ADR,STK,Diversified Finan Serv,Financial,Finance-Consumer Loans,ADR,true,FINV
392445556,PINE,USD,NYSE,US,ALPINE INCOME PROPERTY TRUST,STK,REITS,Financial,REITS-Single Tenant,REIT,true,PINE
392883916,GNL PRB,USD,NYSE,US,GLOBAL NET LEASE INC - PUBLIC,STK,REITS,Financial,REITS-Diversified,PREFERRED,false,GNL PRB
393219689,MS PRL,USD,NYSE,US,MORGAN STANLEY,STK,Banks,Financial,Diversified Banking Inst,PREFERRED,false,MS PRL
393460310,TFC,USD,NYSE,US,TRUIST FINANCIAL CORP,STK,Banks,Financial,Commer Banks-Southern US,COMMON,true,TFC
393490324,CELG RT,USD,NYSE,US,BRISTOL MYERS - CELGENE CVR,STK,Pharmaceuticals,"Consumer, Non-cyclical",Medical-Drugs,RIGHT,false,CELG RT
394126600,AFGC,USD,NYSE,US,AMERICAN FINANCIAL GROUP INC/OH,STK,Insurance,Financial,Multi-line Insurance,PREFERRED,false,AFGC
394959345,F PRC,USD,NYSE,US,FORD MOTOR COMPANY,STK,Auto Manufacturers,"Consumer, Cyclical",Auto-Cars/Light Trucks,PREFERRED,false,F PRC
394959348,CUBB,USD,NYSE,US,CUSTOMERS BANCORP INC,STK,Banks,Financial,Commer Banks-Eastern US,PREFERRED,false,CUBB
394959362,T PRA,USD,NYSE,US,AT&T INC,STK,Telecommunications,Communications,Telephone-Integrated,PREFERRED,false,T PRA
394959368,CSTM,USD,NYSE,US,CONSTELLIUM SE,STK,Mining,Basic Materials,Metal-Aluminum,COMMON,true,CSTM
395086633,TFC PRI,USD,NYSE,US,TRUIST FINANCIAL CORP - SERIES I,STK,Banks,Financial,Commer Banks-Southern US,PREFERRED,false,TFC PRI
395196161,BILL,USD,NYSE,US,BILL HOLDINGS INC,STK,Software,Technology,Enterprise Software/Serv,COMMON,true,BILL
395196174,HESM,USD,NYSE,US,HESS MIDSTREAM LP - CLASS A,STK,Pipelines,Energy,Pipelines,COMMON,true,HESM
395298055,GAB PRK,USD,NYSE,US,GABELLI EQUITY TRUST INC,STK,Closed-end Funds,Financial,Closed-end Funds,PREFERRED,false,GAB PRK
396020580,WRB PRF,USD,NYSE,US,WR BERKLEY CORP,STK,Insurance,Financial,Property/Casualty Ins,PREFERRED,false,WRB PRF
396135117,OI,USD,NYSE,US,O-I GLASS INC,STK,Packaging&amp;Containers,Industrial,Containers-Metal/Glass,COMMON,true,OI
396141453,GGT PRG,USD,NYSE,US,GABELLI MULTIMEDIA TRUST,STK,Closed-end Funds,Financial,Closed-end Funds,PREFERRED,false,GGT PRG
396447769,PSA PRK,USD,NYSE,US,PUBLIC STORAGE,STK,REITS,Financial,REITS-Storage,PREFERRED,false,PSA PRK
397710974,BGSI,USD,NYSE,US,THE BOYD GROUP INC,STK,Commercial Services,"Consumer, Non-cyclical",Auto Repair Centers,COMMON,false,BGSI
398435212,SOJD,USD,NYSE,US,SOUTHERN CO,STK,Electric,Utilities,Electric-Integrated,PREFERRED,false,SOJD
398576364,MET PRF,USD,NYSE,US,METLIFE INC,STK,Insurance,Financial,Multi-line Insurance,PREFERRED,false,MET PRF
398898580,EQH,USD,NYSE,US,EQUITABLE HOLDINGS INC,STK,Insurance,Financial,Life/Health Insurance,COMMON,true,EQH
399463115,EQH PRA,USD,NYSE,US,AXA EQUITABLE HOLDINGS I,STK,Insurance,Financial,Life/Health Insurance,PREFERRED,false,EQH PRA
399498047,VEL,USD,NYSE,US,VELOCITY FINANCIAL INC,STK,Diversified Finan Serv,Financial,Finance-Mtge Loan/Banker,COMMON,true,VEL
399781508,WFC PRZ,USD,NYSE,US,WELLS FARGO & COMPANY,STK,Banks,Financial,Super-Regional Banks-US,PREFERRED,false,WFC PRZ
399802179,EPAC,USD,NYSE,US,ENERPAC TOOL GROUP CORP,STK,Hand/Machine Tools,Industrial,Tools-Hand Held,COMMON,true,EPAC
399936017,TRTN PRD,USD,NYSE,US,TRITON INTERNATIONAL LTD,STK,Commercial Services,"Consumer, Non-cyclical",Rental Auto/Equipment,PREFERRED,false,TRTN PRD
400651394,OVV,USD,NYSE,US,OVINTIV INC,STK,Oil&amp;Gas,Energy,Oil Comp-Explor&amp;Prodtn,COMMON,true,OVV
400759007,HYTR,USD,NYSE,US,COUNTER POINT HI YLD ETF,STK,,,,ETF,false,HYTR
401357651,BMEZ,USD,NYSE,US,BLACKROCK HLTH SCI TRM TR II,STK,,,,CLOSED-END FUND,false,BMEZ
401498350,ARR PRC,USD,NYSE,US,ARMOUR RESIDENTIAL REIT,STK,REITS,Financial,REITS-Mortgage,PREFERRED,false,ARR PRC
401501770,WTRG,USD,NYSE,US,ESSENTIAL UTILITIES INC,STK,Water,Utilities,Water,COMMON,true,WTRG
401630584,ANVS,USD,NYSE,US,ANNOVIS BIO,STK,Biotechnology,"Consumer, Non-cyclical",Medical-Biomedical/Gene,COMMON,true,ANVS
401781713,COF PRJ,USD,NYSE,US,CAPITAL ONE FINANCIAL CO,STK,Diversified Finan Serv,Financial,Finance-Credit Card,PREFERRED,false,COF PRJ
402626211,EEX,USD,NYSE,US,EMERALD HOLDING INC,STK,Commercial Services,"Consumer, Non-cyclical",Commercial Services,COMMON,true,EEX
402647034,NREF,USD,NYSE,US,NEXPOINT REAL ESTATE FINANCE,STK,REITS,Financial,REITS-Mortgage,REIT,true,NREF
402783527,VRT,USD,NYSE,US,VERTIV HOLDINGS CO-A,STK,Machinery-Constr&amp;Mining,Industrial,Machinery-Electric Util,COMMON,true,VRT
403121976,HWM,USD,NYSE,US,HOWMET AEROSPACE INC,STK,Aerospace/Defense,Industrial,Aerospace/Defense-Equip,COMMON,true,HWM
403645596,RITM PRC,USD,NYSE,US,RITHM CAPITAL CORP,STK,REITS,Financial,REITS-Diversified,PREFERRED,false,RITM PRC
403671928,ALTG,USD,NYSE,US,ALTA EQUIPMENT GROUP INC,STK,Commercial Services,"Consumer, Non-cyclical",Rental Auto/Equipment,COMMON,true,ALTG
404019864,DX PRC,USD,NYSE,US,DYNEX CAPITAL INC,STK,REITS,Financial,REITS-Mortgage,PREFERRED,false,DX PRC
404125262,T PRC,USD,NYSE,US,AT&T INC,STK,Telecommunications,Communications,Telephone-Integrated,PREFERRED,false,T PRC
404364696,SBSW,USD,NYSE,US,SIBANYE-STILLWATER LTD-ADR,STK,Mining,Basic Materials,Platinum,ADR,true,SBSW
404509190,IR,USD,NYSE,US,INGERSOLL-RAND INC,STK,Machinery-Diversified,Industrial,Machinery-Pumps,COMMON,true,IR
404674566,BEP PRA,USD,NYSE,US,BROOKFIELD RENEWABLE PAR,STK,Electric,Utilities,Electric-Generation,PREFERRED,false,BEP PRA
404842358,DLY,USD,NYSE,US,DOUBLELINE YIELD OPPORT,STK,,,,CLOSED-END FUND,false,DLY
405788020,MFA PRC,USD,NYSE,US,MFA FINANCIAL INC,STK,REITS,Financial,REITS-Mortgage,PREFERRED,false,MFA PRC
406709270,TT,USD,NYSE,US,TRANE TECHNOLOGIES PLC,STK,Building Materials,Industrial,Bldg Prod-Air&amp;Heating,COMMON,true,TT
406766975,GFL,USD,NYSE,US,GFL ENVIRONMENTAL INC-SUB VT,STK,Environmental Control,Industrial,Non-hazardous Waste Disp,COMMON,true,GFL
409841962,BWMX,USD,NYSE,US,BETTERWARE DE MEXICO SAPI DE,STK,Retail,"Consumer, Cyclical",Retail-Building Products,COMMON,true,BWMX
410755397,CARR,USD,NYSE,US,CARRIER GLOBAL CORP,STK,Building Materials,Industrial,Bldg Prod-Air&amp;Heating,COMMON,true,CARR
410755402,OTIS,USD,NYSE,US,OTIS WORLDWIDE CORP,STK,Machinery-Diversified,Industrial,Machinery-General Indust,COMMON,true,OTIS
414348321,RFM,USD,NYSE,US,RIVERNORTH FLEXIBLE MUNI,STK,,,,CLOSED-END FUND,false,RFM
414366114,AON,USD,NYSE,US,AON PLC-CLASS A,STK,Insurance,Financial,Insurance Brokers,COMMON,true,AON
415342104,RTX,USD,NYSE,US,RTX CORP,STK,Aerospace/Defense,Industrial,Aerospace/Defense,COMMON,true,RTX
415600200,SPHR,USD,NYSE,US,SPHERE ENTERTAINMENT CO,STK,Media,Communications,Broadcast Serv/Program,COMMON,true,SPHR
417915989,NBR,USD,NYSE,US,NABORS INDUSTRIES LTD,STK,Oil&amp;Gas,Energy,Oil&amp;Gas Drilling,COMMON,true,NBR
418728941,TYG,USD,NYSE,US,TORTOISE ENERGY INFRASTRUCT,STK,,,,CLOSED-END FUND,false,TYG
419583227,APG,USD,NYSE,US,API GROUP CORP,STK,Commercial Services,"Consumer, Non-cyclical",Commercial Services,COMMON,true,APG
420561619,ICL,USD,NYSE,US,ICL GROUP LTD,STK,Chemicals,Basic Materials,Chemicals-Diversified,COMMON,true,ICL
421686551,ADCT,USD,NYSE,US,ADC THERAPEUTICS SA,STK,Biotechnology,"Consumer, Non-cyclical",Medical-Biomedical/Gene,COMMON,true,ADCT
423071297,SLQT,USD,NYSE,US,SELECTQUOTE INC,STK,Insurance,Financial,Insurance Brokers,COMMON,true,SLQT
423197586,TFC PRO,USD,NYSE,US,TRUIST FINANCIAL CORP,STK,Banks,Financial,Commer Banks-Southern US,PREFERRED,false,TFC PRO
423521959,SF PRC,USD,NYSE,US,STIFEL FINANCIAL CORP,STK,Diversified Finan Serv,Financial,Invest Mgmnt/Advis Serv,PREFERRED,false,SF PRC
423676976,FHN PRE,USD,NYSE,US,FIRST HORIZON NATIONAL,STK,Banks,Financial,Commer Banks-Southern US,PREFERRED,false,FHN PRE
423920215,SII,USD,NYSE,US,SPROTT INC,STK,Diversified Finan Serv,Financial,Invest Mgmnt/Advis Serv,COMMON,true,SII
423920221,AGM PRE,USD,NYSE,US,FARMER MAC,STK,Sovereign,Government,Sovereign Agency,PREFERRED,false,AGM PRE
424099317,SGOV,USD,NYSE,US,ISHARES 0-3 MONTH TREASURY B,STK,,,,ETF,true,SGOV
424563067,VHI,USD,NYSE,US,VALHI INC,STK,Chemicals,Basic Materials,Chemicals-Specialty,COMMON,false,VHI
424793505,AFGD,USD,NYSE,US,AMERICAN FINANCIAL GROUP,STK,Insurance,Financial,Multi-line Insurance,PREFERRED,false,AFGD
425010522,FOUR,USD,NYSE,US,SHIFT4 PAYMENTS INC-CLASS A,STK,Commercial Services,"Consumer, Non-cyclical",Commercial Serv-Finance,COMMON,true,FOUR
425177149,SRV,USD,NYSE,US,NXG CUSHING MIDSTREAM ENERGY,STK,,,,CLOSED-END FUND,false,SRV
425177152,NXG,USD,NYSE,US,NXG NEXTGEN INFRASTR INC,STK,,,,CLOSED-END FUND,false,NXG
425178190,AUB PRA,USD,NYSE,US,ATLANTIC UNION BANKSHARE,STK,Banks,Financial,Commer Banks-Southern US,PREFERRED,false,AUB PRA
425178192,VTOL,USD,NYSE,US,BRISTOW GROUP INC,STK,Oil&amp;Gas Services,Energy,Oil-Field Services,COMMON,true,VTOL
425834231,TSLX,USD,NYSE,US,SIXTH STREET SPECIALTY LENDI,STK,Investment Companies,Financial,Investment Companies,COMMON,true,TSLX
426117794,FSK,USD,NYSE,US,FS KKR CAPITAL CORP,STK,Investment Companies,Financial,Investment Companies,COMMON,true,FSK
426312328,PSA PRL,USD,NYSE,US,PUBLIC STORAGE,STK,REITS,Financial,REITS-Storage,PREFERRED,false,PSA PRL
427383985,TEN,USD,NYSE,US,TSAKOS ENERGY NAVIGATION LTD,STK,Transportation,Industrial,Transport-Marine,COMMON,true,TEN
427788982,ASB PRF,USD,NYSE,US,ASSOC BANC-CORP,STK,Banks,Financial,Commer Banks-Central US,PREFERRED,false,ASB PRF
428413627,TFIN PR,USD,NYSE,US,TRIUMPH FINANCIAL INC,STK,Banks,Financial,Commer Banks-Central US,PREFERRED,false,TFIN PR
429435235,ACI,USD,NYSE,US,ALBERTSONS COS INC - CLASS A,STK,Food,"Consumer, Non-cyclical",Food-Retail,COMMON,true,ACI
429665006,FTHY,USD,NYSE,US,FIRST TRUST HI YLD OPP 2027,STK,,,,CLOSED-END FUND,false,FTHY
430625913,LMND,USD,NYSE,US,LEMONADE INC,STK,Insurance,Financial,Property/Casualty Ins,COMMON,true,LMND
430754442,KNTK,USD,NYSE,US,KINETIK HOLDINGS INC,STK,Pipelines,Energy,Pipelines,COMMON,true,KNTK
431102494,AVNT,USD,NYSE,US,AVIENT CORP,STK,Miscellaneous Manufactur,Industrial,Advanced Materials/Prd,COMMON,true,AVNT
434693556,EMO,USD,NYSE,US,CLEARBRIDGE ENERGY MIDSTREAM,STK,,,,CLOSED-END FUND,false,EMO
435911699,NREF PRA,USD,NYSE,US,NEXPOINT REAL ESTATE FIN,STK,REITS,Financial,REITS-Mortgage,PREFERRED,false,NREF PRA
435932634,ONT,USD,NYSE,US,ONTERRIS INC,STK,Environmental Control,Industrial,Environ Consulting&amp;Eng,COMMON,true,ONT
436729641,ASGI,USD,NYSE,US,ABRDN GLOBAL INFRASTRUCTURE,STK,,,,CLOSED-END FUND,false,ASGI
438044787,TFC PRR,USD,NYSE,US,TRUIST FINANCIAL CORP,STK,Banks,Financial,Commer Banks-Southern US,PREFERRED,false,TFC PRR
438058842,RKT,USD,NYSE,US,ROCKET COS INC-CLASS A,STK,Diversified Finan Serv,Financial,Finance-Mtge Loan/Banker,COMMON,true,RKT
438221973,ONIT,USD,NYSE,US,ONITY GROUP INC,STK,Diversified Finan Serv,Financial,Finance-Consumer Loans,COMMON,true,ONIT
439236278,BEKE,USD,NYSE,US,KE HOLDINGS INC-ADR,STK,Real Estate,Financial,Real Estate Mgmnt/Servic,ADR,true,BEKE
439236281,NTST,USD,NYSE,US,NETSTREIT CORP,STK,REITS,Financial,REITS-Shopping Centers,REIT,true,NTST
439382118,UZD,USD,NYSE,US,UNITED STATES CELLULAR C,STK,Telecommunications,Communications,Cellular Telecom,PREFERRED,false,UZD
439677475,IPI,USD,NYSE,US,INTREPID POTASH INC,STK,Chemicals,Basic Materials,Agricultural Chemicals,COMMON,true,IPI
439756318,PSA PRM,USD,NYSE,US,PUBLIC STORAGE,STK,REITS,Financial,REITS-Storage,PREFERRED,false,PSA PRM
439970872,AGM PRF,USD,NYSE,US,FARMER MAC,STK,Sovereign,Government,Sovereign Agency,PREFERRED,false,AGM PRF
441828902,XPEV,USD,NYSE,US,XPENG INC - ADR,STK,Auto Manufacturers,"Consumer, Cyclical",Auto-Cars/Light Trucks,ADR,true,XPEV
441989394,NDMO,USD,NYSE,US,NUVEEN DYNAMIC MUNICIPAL OPP,STK,,,,CLOSED-END FUND,false,NDMO
442704160,UTZ,USD,NYSE,US,UTZ BRANDS INC,STK,Food,"Consumer, Non-cyclical",Food-Confectionery,COMMON,true,UTZ
443224452,PFH,USD,NYSE,US,PRUDENTIAL FINANCIAL INC,STK,Insurance,Financial,Life/Health Insurance,PREFERRED,false,PFH
443378898,NOG,USD,NYSE,US,NORTHERN OIL AND GAS INC,STK,Oil&amp;Gas,Energy,Oil Comp-Explor&amp;Prodtn,COMMON,true,NOG
444884769,SNOW,USD,NYSE,US,SNOWFLAKE INC,STK,Software,Technology,Computer Software,COMMON,true,SNOW
445404521,BIP PRA,USD,NYSE,US,BROOKFIELD INFRASTRUCTURE PARTNERS LP,STK,Electric,Utilities,Electric-Transmission,PREFERRED,false,BIP PRA
445423543,U,USD,NYSE,US,UNITY SOFTWARE INC,STK,Software,Technology,Entertainment Software,COMMON,true,U
445554157,VNT,USD,NYSE,US,VONTIER CORP,STK,Electronics,Industrial,Electronic Measur Instr,COMMON,true,VNT
445554336,SOJE,USD,NYSE,US,SOUTHERN CO,STK,Electric,Utilities,Electric-Integrated,PREFERRED,false,SOJE
445554618,AFGE,USD,NYSE,US,AMERICAN FINANCIAL GROUP,STK,Insurance,Financial,Multi-line Insurance,PREFERRED,false,AFGE
445554623,COF PRK,USD,NYSE,US,CAPITAL ONE FINANCIAL CO,STK,Diversified Finan Serv,Financial,Finance-Credit Card,PREFERRED,false,COF PRK
446872222,MGRB,USD,NYSE,US,AFFILIATED MANAGERS GROU,STK,Diversified Finan Serv,Financial,Invest Mgmnt/Advis Serv,PREFERRED,false,MGRB
446991711,BCAT,USD,NYSE,US,BLACKROCK CAPITAL ALLOC TR,STK,,,,CLOSED-END FUND,false,BCAT
446991724,WRB PRG,USD,NYSE,US,W R BERKLEY CORP,STK,Insurance,Financial,Property/Casualty Ins,PREFERRED,false,WRB PRG
447584483,ASAN,USD,NYSE,US,ASANA INC - CL A,STK,Software,Technology,Applications Software,COMMON,true,ASAN
447585292,YALA,USD,NYSE,US,YALLA GROUP LTD,STK,Software,Technology,Applications Software,ADR,true,YALA
448598578,DTB,USD,NYSE,US,DTE ENERGY CO,STK,Electric,Utilities,Electric-Integrated,PREFERRED,false,DTB
449068470,IH,USD,NYSE,US,IHUMAN INC,STK,Commercial Services,"Consumer, Non-cyclical",Schools,ADR,false,IH
449074379,TIMB,USD,NYSE,US,TIM SA-ADR,STK,Telecommunications,Communications,Cellular Telecom,ADR,true,TIMB
449372297,PSA PRN,USD,NYSE,US,PUBLIC STORAGE,STK,REITS,Financial,REITS-Storage,PREFERRED,false,PSA PRN
449741524,BNH,USD,NYSE,US,BROOKFIELD FINANCE INC,STK,Private Equity,Financial,Private Equity,PREFERRED,false,BNH
449896083,MNSO,USD,NYSE,US,MINISO GROUP HOLDING LTD-ADR,STK,Retail,"Consumer, Cyclical",Retail-Home Furnishings,ADR,true,MNSO
450862219,BUR,USD,NYSE,US,BURFORD CAPITAL LTD,STK,Diversified Finan Serv,Financial,Finance-Commercial,COMMON,true,BUR
451304705,USB PRQ,USD,NYSE,US,US BANKCORP,STK,Banks,Financial,Super-Regional Banks-US,PREFERRED,false,USB PRQ
451709894,WFC PRA,USD,NYSE,US,WELLS FARGO & COMPANY,STK,Banks,Financial,Super-Regional Banks-US,PREFERRED,false,WFC PRA
451930319,PTA,USD,NYSE,US,COHEN & STEERS TAX-ADVANTAGE,STK,,,,CLOSED-END FUND,false,PTA
452080083,OPP PRA,USD,NYSE,US,RIVERNORTH/DOUBLELINE,STK,Closed-end Funds,Financial,Closed-end Funds,PREFERRED,false,OPP PRA
452191201,MAX,USD,NYSE,US,MEDIAALPHA INC-CLASS A,STK,Internet,Communications,E-Commerce/Services,COMMON,true,MAX
452216961,BAC PRO,USD,NYSE,US,BANK OF AMERICA CORP,STK,Banks,Financial,Diversified Banking Inst,PREFERRED,false,BAC PRO
452226249,CRC,USD,NYSE,US,CALIFORNIA RESOURCES CORP,STK,Oil&amp;Gas,Energy,Oil Comp-Explor&amp;Prodtn,COMMON,true,CRC
452226258,HOMS,USD,NYSE,US,CALIBER HOME LOANS INC,STK,Diversified Finan Serv,Financial,Finance-Consumer Loans,COMMON,false,HOMS
452844866,PDS,USD,NYSE,US,PRECISION DRILLING CORP,STK,Oil&amp;Gas,Energy,Oil&amp;Gas Drilling,COMMON,true,PDS
453020818,FET,USD,NYSE,US,FORUM ENERGY TECHNOLOGIES IN,STK,Oil&amp;Gas Services,Energy,Oil Field Mach&amp;Equip,COMMON,true,FET
453590733,JILL,USD,NYSE,US,J. JILL INC,STK,Retail,"Consumer, Cyclical",Retail-Apparel/Shoe,COMMON,false,JILL
454386216,UAN,USD,NYSE,US,CVR PARTNERS LP,STK,Chemicals,Basic Materials,Agricultural Chemicals,MLP,true,UAN
454570171,CVEO,USD,NYSE,US,CIVEO CORP,STK,Oil&amp;Gas Services,Energy,Oil-Field Services,COMMON,true,CVEO
454570404,XYF,USD,NYSE,US,X FINANCIAL-ADR,STK,Diversified Finan Serv,Financial,Finance-Other Services,ADR,false,XYF
455575437,VIV,USD,NYSE,US,TELEFONICA BRASIL-ADR,STK,Telecommunications,Communications,Cellular Telecom,ADR,true,VIV
455592408,MP,USD,NYSE,US,MP MATERIALS CORP,STK,Mining,Basic Materials,Diversified Minerals,COMMON,true,MP
455801540,PSA PRO,USD,NYSE,US,PUBLIC STORAGE,STK,REITS,Financial,REITS-Storage,PREFERRED,false,PSA PRO
455946269,LRN,USD,NYSE,US,STRIDE INC,STK,Commercial Services,"Consumer, Non-cyclical",Schools,COMMON,true,LRN
455946288,PRG,USD,NYSE,US,PROG HOLDINGS INC,STK,Commercial Services,"Consumer, Non-cyclical",Rental Auto/Equipment,COMMON,true,PRG
456498265,BNJ,USD,NYSE,US,BROOKFIELD FIN I UK PLC,STK,Diversified Finan Serv,Financial,Finance-Invest Bnkr/Brkr,PREFERRED,false,BNJ
457080519,VNO PRN,USD,NYSE,US,VORNADO REALTY TRUST,STK,REITS,Financial,REITS-Office Property,PREFERRED,false,VNO PRN
457231968,SDHY,USD,NYSE,US,PGIM SHRT DURAT HI YLD,STK,,,,CLOSED-END FUND,false,SDHY
457286166,CFR PRB,USD,NYSE,US,CULLEN/FROST BANKERS INC,STK,Banks,Financial,Commer Banks-Central US,PREFERRED,false,CFR PRB
457291443,AIZN,USD,NYSE,US,ASSURANT INC,STK,Insurance,Financial,Property/Casualty Ins,PREFERRED,false,AIZN
457630882,AIV,USD,NYSE,US,APARTMENT INVT & MGMT CO -A,STK,REITS,Financial,REITS-Apartments,REIT,true,AIV
458022289,CNO PRA,USD,NYSE,US,CNO FINANCIAL GROUP INC,STK,Insurance,Financial,Life/Health Insurance,PREFERRED,false,CNO PRA
459113767,AI,USD,NYSE,US,C3.AI INC-A,STK,Software,Technology,Computer Software,COMMON,true,AI
459450944,UZE,USD,NYSE,US,US CELLULAR CORP,STK,Telecommunications,Communications,Cellular Telecom,PREFERRED,false,UZE
459557545,SNDA,USD,NYSE,US,SONIDA SENIOR LIVING INC,STK,Healthcare-Services,"Consumer, Non-cyclical",Retirement/Aged Care,COMMON,true,SNDA
459889203,CSR,USD,NYSE,US,CENTERSPACE,STK,REITS,Financial,REITS-Apartments,REIT,true,CSR
460347739,DSTX,USD,NYSE,US,DISTILLATE INTERNATIONAL FUN,STK,,,,ETF,false,DSTX
460623537,ATH PRD,USD,NYSE,US,ATHENE HOLDING LTD,STK,Insurance,Financial,Life/Health Insurance,PREFERRED,false,ATH PRD
461454994,LFT,USD,NYSE,US,LUMENT FINANCE TRUST INC,STK,REITS,Financial,REITS-Mortgage,REIT,false,LFT
462100032,NOV,USD,NYSE,US,NOV INC,STK,Oil&amp;Gas Services,Energy,Oil-Field Services,COMMON,true,NOV
462107949,ALTG PRA,USD,NYSE,US,ALTA EQUIPMENT GROUP,STK,Commercial Services,"Consumer, Non-cyclical",Rental Auto/Equipment,PREFERRED,false,ALTG PRA
462139454,RSI,USD,NYSE,US,RUSH STREET INTERACTIVE INC,STK,Entertainment,"Consumer, Cyclical",Gambling (Non-Hotel),COMMON,true,RSI
463104648,FXED,USD,NYSE,US,SOUND ENHANCED FIXED INCOME,STK,,,,ETF,false,FXED
463104653,DIVY,USD,NYSE,US,SOUND EQUITY DIVIDEND INCOME,STK,,,,ETF,false,DIVY
463647466,STLA,USD,NYSE,US,STELLANTIS NV,STK,Auto Manufacturers,"Consumer, Cyclical",Auto-Cars/Light Trucks,COMMON,true,STLA
463654490,TPL,USD,NYSE,US,TEXAS PACIFIC LAND CORP,STK,Oil&amp;Gas,Energy,Oil-US Royalty Trusts,COMMON,true,TPL
463841945,EQH PRC,USD,NYSE,US,EQUITABLE HOLDINGS,STK,Insurance,Financial,Life/Health Insurance,PREFERRED,false,EQH PRC
464678993,NXDT PRA,USD,NYSE,US,NEXPOINT STRATEGIC OPPORTUNITIES FUND 5.50% SERIES A PFD,STK,REITS,Financial,REITS-Diversified,PREFERRED,false,NXDT PRA
466188387,HIMS,USD,NYSE,US,HIMS & HERS HEALTH INC,STK,Internet,Communications,E-Commerce/Products,COMMON,true,HIMS
446613345,LUMN,USD,NYSE,US,LUMEN TECHNOLOGIES INC,STK,Telecommunications,Communications,Telephone-Integrated,COMMON,true,LUMN
466739480,LUXE,USD,NYSE,US,LUXEXPERIENCE BV,STK,Internet,Communications,E-Commerce/Products,ADR,true,LUXE
466739489,RLX,USD,NYSE,US,RLX TECHNOLOGY INC-ADR,STK,Agriculture,"Consumer, Non-cyclical",Tobacco,ADR,true,RLX
466860974,DFH,USD,NYSE,US,DREAM FINDERS HOMES INC - A,STK,Home Builders,"Consumer, Cyclical",Bldg-Residential/Commer,COMMON,true,DFH
467250056,UWMC,USD,NYSE,US,UWM HOLDINGS CORP,STK,Diversified Finan Serv,Financial,Finance-Mtge Loan/Banker,COMMON,true,UWMC
467524601,PDO,USD,NYSE,US,PIMCO DYNAMIC INCOME OPPORT,STK,,,,CLOSED-END FUND,false,PDO
467732828,BAC PRP,USD,NYSE,US,BANK OF AMERICA CORP,STK,Banks,Financial,Diversified Banking Inst,PREFERRED,false,BAC PRP
467746572,BIP PRB,USD,NYSE,US,BROOKFIELD INFRASTRUCTUR,STK,Electric,Utilities,Electric-Transmission,PREFERRED,false,BIP PRB
467752322,ACV,USD,NYSE,US,VIRTUS DIVERS INC & CONVERT,STK,,,,CLOSED-END FUND,false,ACV
467755666,AIO,USD,NYSE,US,VIRTUS ARTIFIC INTEL & TECH,STK,,,,CLOSED-END FUND,false,AIO
467755681,NIE,USD,NYSE,US,VIRTUS EQUITY & CONVERTIBLE,STK,,,,CLOSED-END FUND,false,NIE
467755684,NFJ,USD,NYSE,US,VIRTUS DVD INTRST & PRM STR,STK,,,,CLOSED-END FUND,false,NFJ
467882303,BGSF,USD,NYSE,US,BGSF INC,STK,Commercial Services,"Consumer, Non-cyclical",Human Resources,COMMON,true,BGSF
467917822,WFC PRC,USD,NYSE,US,WELLS FARGO & COMPANY,STK,Banks,Financial,Super-Regional Banks-US,PREFERRED,false,WFC PRC
468056568,AMR,USD,NYSE,US,ALPHA METALLURGICAL RESOURCE,STK,Coal,Energy,Coal,COMMON,true,AMR
468091282,ZIM,USD,NYSE,US,ZIM INTEGRATED SHIPPING SERV,STK,Transportation,Industrial,Transport-Marine,COMMON,true,ZIM
468436450,CTO,USD,NYSE,US,CTO REALTY GROWTH INC,STK,REITS,Financial,REITS-Shopping Centers,REIT,true,CTO
468760665,DCOM,USD,NYSE,US,DIME COMMUNITY BANCSHARES IN,STK,Banks,Financial,Commer Banks-Eastern US,COMMON,true,DCOM
468791163,DCOM PR,USD,NYSE,US,DIME COMMUNITY BANCSHARES INC,STK,Banks,Financial,Commer Banks-Eastern US,PREFERRED,false,DCOM PR
469012215,NCZ PRA,USD,NYSE,US,VIRTUS ALLIANZGI CONVERTIBLE & INCOME FUND II,STK,Closed-end Funds,Financial,Closed-end Funds,PREFERRED,false,NCZ PRA
469012227,NCV PRA,USD,NYSE,US,VIRTUS ALLIANZGI CONVERTIBLE & INCOME FUND II,STK,Closed-end Funds,Financial,Closed-end Funds,PREFERRED,false,NCV PRA
469015035,TNL,USD,NYSE,US,TRAVEL + LEISURE CO,STK,Lodging,"Consumer, Cyclical",Hotels&amp;Motels,COMMON,true,TNL
469015102,LDI,USD,NYSE,US,LOANDEPOT INC -CLASS A,STK,Diversified Finan Serv,Financial,Finance-Mtge Loan/Banker,COMMON,true,LDI
469692660,USB PRR,USD,NYSE,US,US BANCORP,STK,Banks,Financial,Super-Regional Banks-US,PREFERRED,false,USB PRR
469715202,ACR,USD,NYSE,US,ACRES COMMERCIAL REALTY CORP,STK,REITS,Financial,REITS-Mortgage,REIT,true,ACR
470446488,NUVB,USD,NYSE,US,NUVATION BIO INC,STK,Biotechnology,"Consumer, Non-cyclical",Medical-Biomedical/Gene,COMMON,true,NUVB
470662751,BFLY,USD,NYSE,US,BUTTERFLY NETWORK INC,STK,Healthcare-Products,"Consumer, Non-cyclical",Medical Products,COMMON,true,BFLY
471245525,SPNT,USD,NYSE,US,SIRIUSPOINT LTD,STK,Insurance,Financial,Reinsurance,COMMON,true,SPNT
471767596,ACR PRC,USD,NYSE,US,ACRES COMMERCIAL REALTY CORP,STK,REITS,Financial,REITS-Mortgage,PREFERRED,false,ACR PRC
472431633,WRB PRH,USD,NYSE,US,BERKLEY (WR) CORPORATION,STK,Insurance,Financial,Property/Casualty Ins,PREFERRED,false,WRB PRH
473280136,RFMZ,USD,NYSE,US,RIVERNORTH FLEX MUNI II,STK,,,,CLOSED-END FUND,false,RFMZ
473481576,TDS PRU,USD,NYSE,US,TELEPHONE & DATA SYS,STK,Telecommunications,Communications,Telephone-Integrated,PREFERRED,false,TDS PRU
474517727,OSCR,USD,NYSE,US,OSCAR HEALTH INC - CLASS A,STK,Healthcare-Services,"Consumer, Non-cyclical",Medical-HMO,COMMON,true,OSCR
474517740,CSAN,USD,NYSE,US,COSAN SA -ADR,STK,Oil&amp;Gas,Energy,Oil Refining&amp;Marketing,ADR,false,CSAN
475686899,CPNG,USD,NYSE,US,COUPANG INC,STK,Internet,Communications,E-Commerce/Products,COMMON,true,CPNG
475864036,HAYW,USD,NYSE,US,HAYWARD HOLDINGS INC,STK,Building Materials,Industrial,Bldg&amp;Construct Prod-Misc,COMMON,true,HAYW
476026060,RBLX,USD,NYSE,US,ROBLOX CORP -CLASS A,STK,Software,Technology,Entertainment Software,COMMON,true,RBLX
476377438,BNL,USD,NYSE,US,BROADSTONE NET LEASE INC,STK,REITS,Financial,REITS-Diversified,REIT,true,BNL
476639109,JPM PRK,USD,NYSE,US,JPMORGAN CHASE & CO,STK,Banks,Financial,Diversified Banking Inst,PREFERRED,false,JPM PRK
477167078,TUYA,USD,NYSE,US,TUYA INC,STK,Software,Technology,Computer Software,ADR,true,TUYA
477985888,GLP PRB,USD,NYSE,US,GLOBAL PARTNERS LP,STK,Gas,Utilities,Gas-Transportation,PREFERRED,false,GLP PRB
478460243,CTOS,USD,NYSE,US,CUSTOM TRUCK ONE SOURCE INC,STK,Commercial Services,"Consumer, Non-cyclical",Rental Auto/Equipment,COMMON,true,CTOS
478461815,RC PRC,USD,NYSE,US,CVPR READY CAP CORP 6.25% +,STK,REITS,Financial,REITS-Mortgage,CONVPREFERRED,false,RC PRC
478483385,ACVA,USD,NYSE,US,ACV AUCTIONS INC-A,STK,Software,Technology,Applications Software,COMMON,true,ACVA
478483393,DOCN,USD,NYSE,US,DIGITALOCEAN HOLDINGS INC,STK,Software,Technology,Applications Software,COMMON,true,DOCN
479088068,BTX,USD,NYSE,US,BLACKROCK TECH & PRIV EQTY,STK,,,,CLOSED-END FUND,false,BTX
479429945,COUR,USD,NYSE,US,COURSERA INC,STK,Commercial Services,"Consumer, Non-cyclical",Schools,COMMON,true,COUR
479785149,NMG,USD,NYSE,US,NOUVEAU MONDE GRAPHITE INC,STK,Mining,Basic Materials,Diversified Minerals,COMMON,true,NMG
479630127,COMP,USD,NYSE,US,COMPASS INC - CLASS A,STK,Real Estate,Financial,Real Estate Mgmnt/Servic,COMMON,true,COMP
479974038,SCHW PRJ,USD,NYSE,US,CHARLES SCHWAB CORP,STK,Diversified Finan Serv,Financial,Finance-Invest Bnkr/Brkr,PREFERRED,false,SCHW PRJ
481746601,BEPH,USD,NYSE,US,BROOKFIELD BRP HOLDINGS,STK,Electric,Utilities,Electric-Generation,PREFERRED,false,BEPH
481824788,KREF PRA,USD,NYSE,US,KKR REAL ESTATE FIN,STK,REITS,Financial,REITS-Mortgage,PREFERRED,false,KREF PRA
482880561,GENI,USD,NYSE,US,GENIUS SPORTS LTD,STK,Software,Technology,Entertainment Software,COMMON,true,GENI
483311199,PATH,USD,NYSE,US,UIPATH INC - CLASS A,STK,Software,Technology,Enterprise Software/Serv,COMMON,true,PATH
483311209,DV,USD,NYSE,US,DOUBLEVERIFY HOLDINGS INC,STK,Software,Technology,Enterprise Software/Serv,COMMON,true,DV
483333254,KKRS,USD,NYSE,US,KKR GROUP FIN CO IX LLC,STK,Private Equity,Financial,Private Equity,PREFERRED,false,KKRS
484410138,NPCT,USD,NYSE,US,NUVEEN CORE PLUS IMPACT,STK,,,,CLOSED-END FUND,false,NPCT
484472825,TFG,USD,NYSE,US,FORTEGRA GROUP INC/THE,STK,Insurance,Financial,Insurance Brokers,COMMON,false,TFG
484595118,RF PRE,USD,NYSE,US,REGIONS FINANCIAL CORP,STK,Banks,Financial,Commer Banks-Southern US,PREFERRED,false,RF PRE
484743861,FHN PRF,USD,NYSE,US,FIRST HORIZON CORP,STK,Banks,Financial,Commer Banks-Southern US,PREFERRED,false,FHN PRF
488980507,VAL,USD,NYSE,US,VALARIS LTD,STK,Oil&amp;Gas,Energy,Oil&amp;Gas Drilling,COMMON,true,VAL
489134066,LFT PRA,USD,NYSE,US,LUMENT FINANCE TRUST INC,STK,REITS,Financial,REITS-Mortgage,PREFERRED,false,LFT PRA
489134071,COF PRL,USD,NYSE,US,CAPITAL ONE FINANCIAL CO,STK,Diversified Finan Serv,Financial,Finance-Credit Card,PREFERRED,false,COF PRL
489137021,ACP PRA,USD,NYSE,US,AVENUE INCOME CREDIT STR,STK,Closed-end Funds,Financial,Closed-end Funds,PREFERRED,false,ACP PRA
489397877,WDH,USD,NYSE,US,WATERDROP INC,STK,Insurance,Financial,Multi-line Insurance,ADR,false,WDH
489875284,BW PRA,USD,NYSE,US,BABCOCK & WILCOX ENTERPR,STK,Machinery-Constr&amp;Mining,Industrial,Machinery-Electric Util,PREFERRED,false,BW PRA
490119764,PEB PRG,USD,NYSE,US,PEBBLEBROOK HOTEL TRUST,STK,REITS,Financial,REITS-Hotels,PREFERRED,false,PEB PRG
490414355,OGN,USD,NYSE,US,ORGANON & CO,STK,Pharmaceuticals,"Consumer, Non-cyclical",Medical-Drugs,COMMON,true,OGN
490450373,SMWB,USD,NYSE,US,SIMILARWEB LTD,STK,Software,Technology,Enterprise Software/Serv,COMMON,true,SMWB
490616399,UZF,USD,NYSE,US,US CELLULAR CORP,STK,Telecommunications,Communications,Cellular Telecom,PREFERRED,false,UZF
491186703,GPOR,USD,NYSE,US,GULFPORT ENERGY CORP,STK,Oil&amp;Gas,Energy,Oil Comp-Explor&amp;Prodtn,COMMON,true,GPOR
491399296,JPM PRL,USD,NYSE,US,JPMORGAN CHASE & CO,STK,Banks,Financial,Diversified Banking Inst,PREFERRED,false,JPM PRL
491635677,OWL,USD,NYSE,US,BLUE OWL CAPITAL INC,STK,Diversified Finan Serv,Financial,Invest Mgmnt/Advis Serv,COMMON,true,OWL
491665285,BIPH,USD,NYSE,US,BROOKFIELD INFRASTRUCTURE FINANCE ULC,STK,Electric,Utilities,Electric-Transmission,PREFERRED,false,BIPH
491665436,PCOR,USD,NYSE,US,PROCORE TECHNOLOGIES INC,STK,Software,Technology,Applications Software,COMMON,true,PCOR
492142744,ACR PRD,USD,NYSE,US,ACRES COMMERCIAL REALTY,STK,REITS,Financial,REITS-Mortgage,PREFERRED,false,ACR PRD
574937595,TFPM,USD,NYSE,US,TRIPLE FLAG PRECIOUS MET,STK,Mining,Basic Materials,Precious Metals,COMMON,true,TFPM
493119057,AGM PRG,USD,NYSE,US,FARMER MAC,STK,Sovereign,Government,Sovereign Agency,PREFERRED,false,AGM PRG
493119080,PAY,USD,NYSE,US,PAYMENTUS HOLDINGS INC-A,STK,Commercial Services,"Consumer, Non-cyclical",Commercial Serv-Finance,COMMON,true,PAY
493119085,ZIP,USD,NYSE,US,ZIPRECRUITER INC-A,STK,Internet,Communications,E-Commerce/Services,COMMON,true,ZIP
493464130,NBXG,USD,NYSE,US,NEUBERGER NEXT GENERATION CO,STK,,,,CLOSED-END FUND,false,NBXG
493574759,SHO PRH,USD,NYSE,US,SUNSTONE HOTEL INVESTORS,STK,REITS,Financial,REITS-Hotels,PREFERRED,false,SHO PRH
493581450,FIGS,USD,NYSE,US,FIGS INC-CLASS A,STK,Internet,Communications,E-Commerce/Products,COMMON,true,FIGS
494398845,ABR PRD,USD,NYSE,US,ARBOR REALTY TRUST INC,STK,REITS,Financial,REITS-Mortgage,PREFERRED,false,ABR PRD
495306511,RC PRE,USD,NYSE,US,READY CAPITAL CORP,STK,REITS,Financial,REITS-Mortgage,PREFERRED,false,RC PRE
495752311,JBI,USD,NYSE,US,JANUS INTERNATIONAL GROUP IN,STK,Metal Fabricate/Hardware,Industrial,Metal Processors&amp;Fabrica,COMMON,true,JBI
495763832,ZETA,USD,NYSE,US,ZETA GLOBAL HOLDINGS CORP-A,STK,Software,Technology,Applications Software,COMMON,true,ZETA
495763837,TRTX PRC,USD,NYSE,US,TPG RE FINANCE TRUST INC,STK,REITS,Financial,REITS-Mortgage,PREFERRED,false,TRTX PRC
495876055,DTM,USD,NYSE,US,DT MIDSTREAM INC,STK,Pipelines,Energy,Pipelines,COMMON,true,DTM
495918846,TPTA,USD,NYSE,US,TERRA PROPERTY TRUST,STK,REITS,Financial,REITS-Mortgage,PREFERRED,false,TPTA
512772927,SKE,USD,NYSE,US,SKEENA RESOURCES LTD,STK,Mining,Basic Materials,Gold Mining,COMMON,true,SKE
495923533,PSA PRP,USD,NYSE,US,PUBLIC STORAGE,STK,REITS,Financial,REITS-Storage,PREFERRED,false,PSA PRP
496362564,BOH PRA,USD,NYSE,US,BANK OF HAWAII CORP,STK,Banks,Financial,Commer Banks-Western US,PREFERRED,false,BOH PRA
496879089,AOMR,USD,NYSE,US,ANGEL OAK MORTGAGE REIT INC,STK,REITS,Financial,REITS-Mortgage,REIT,false,AOMR
496997968,BRSP,USD,NYSE,US,BRIGHTSPIRE CAPITAL INC,STK,REITS,Financial,REITS-Mortgage,REIT,true,BRSP
497190260,ECCC,USD,NYSE,US,EAGLE POINT CREDIT CO,STK,Closed-end Funds,Financial,Closed-end Funds,PREFERRED,false,ECCC
497222446,GIC,USD,NYSE,US,GLOBAL INDUSTRIAL CO,STK,Distribution/Wholesale,"Consumer, Cyclical",Distribution/Wholesale,COMMON,true,GIC
497222735,RERE,USD,NYSE,US,ATRENEW INC,STK,Retail,"Consumer, Cyclical",Retail-Misc/Diversified,ADR,false,RERE
498287734,YMM,USD,NYSE,US,FULL TRUCK ALLIANCE -SPN ADR,STK,Internet,Communications,B2B/E-Commerce,ADR,true,YMM
498631248,GL PRD,USD,NYSE,US,GLOBE LIFE INC,STK,Insurance,Financial,Life/Health Insurance,PREFERRED,false,GL PRD
498661804,CXM,USD,NYSE,US,SPRINKLR INC-A,STK,Internet,Communications,Internet Applic Sftwr,COMMON,true,CXM
498661844,DOCS,USD,NYSE,US,DOXIMITY INC-CLASS A,STK,Software,Technology,Medical Information Sys,COMMON,true,DOCS
498808220,DBRG PRI,USD,NYSE,US,DIGITALBRIDGE GROUP INC,STK,Diversified Finan Serv,Financial,Invest Mgmnt/Advis Serv,PREFERRED,false,DBRG PRI
498808809,DBRG PRJ,USD,NYSE,US,PFD DIGITALBRIDGE GRO BE<,STK,Diversified Finan Serv,Financial,Invest Mgmnt/Advis Serv,PREFERRED,false,DBRG PRJ
498808818,DBRG PRH,USD,NYSE,US,PFD DIGITALBRIDGE GRO BE<,STK,Diversified Finan Serv,Financial,Invest Mgmnt/Advis Serv,PREFERRED,false,DBRG PRH
498843743,GE,USD,NYSE,US,GENERAL ELECTRIC,STK,Aerospace/Defense,Industrial,Aerospace/Defense-Equip,COMMON,true,GE
499023816,WDI,USD,NYSE,US,WESTERN ASSET DIVERS INC,STK,,,,CLOSED-END FUND,false,WDI
499478673,CMS PRC,USD,NYSE,US,CMS ENERGY CORP,STK,Electric,Utilities,Electric-Integrated,PREFERRED,false,CMS PRC
499640641,DDL,USD,NYSE,US,DINGDONG CAYMAN LTD -SPN ADR,STK,Food,"Consumer, Non-cyclical",Food-Retail,ADR,true,DDL
499640678,YOU,USD,NYSE,US,CLEAR SECURE INC -CLASS A,STK,Software,Technology,Applications Software,COMMON,true,YOU
499640681,S,USD,NYSE,US,SENTINELONE INC -CLASS A,STK,Software,Technology,Computer Software,COMMON,true,S
499872614,CLDT PRA,USD,NYSE,US,CHATHAM LODGING,STK,REITS,Financial,REITS-Hotels,PREFERRED,false,CLDT PRA
499901403,CURV,USD,NYSE,US,TORRID HOLDINGS INC,STK,Apparel,"Consumer, Cyclical",Apparel Manufacturers,COMMON,true,CURV
500048548,CTO PRA,USD,NYSE,US,CTO REALTY GROWTH INC,STK,REITS,Financial,REITS-Shopping Centers,PREFERRED,false,CTO PRA
500073396,OKLO,USD,NYSE,US,OKLO INC,STK,Electric,Utilities,Electric-Generation,COMMON,true,OKLO
500243944,NABL,USD,NYSE,US,N-ABLE INC,STK,Software,Technology,Enterprise Software/Serv,COMMON,true,NABL
500289412,ALIT,USD,NYSE,US,ALIGHT INC - CLASS A,STK,Commercial Services,"Consumer, Non-cyclical",Human Resources,COMMON,true,ALIT
502041586,MITT,USD,NYSE,US,TPG MORTGAGE INVESTMENT TRUS,STK,REITS,Financial,REITS-Mortgage,REIT,true,MITT
502056022,PSEC PRA,USD,NYSE,US,PROSPECT CAPITAL CORP,STK,Investment Companies,Financial,Investment Companies,PREFERRED,false,PSEC PRA
502252234,BLND,USD,NYSE,US,BLEND LABS INC-A,STK,Software,Technology,Applications Software,COMMON,true,BLND
502252241,STVN,USD,NYSE,US,STEVANATO GROUP SPA,STK,Healthcare-Products,"Consumer, Non-cyclical",Medical Products,COMMON,true,STVN
502252244,GXO,USD,NYSE,US,GXO LOGISTICS INC,STK,Transportation,Industrial,Transport-Services,COMMON,true,GXO
502252263,BBWI,USD,NYSE,US,BATH & BODY WORKS INC,STK,Retail,"Consumer, Cyclical",Retail-Home Furnishings,COMMON,true,BBWI
502415272,RNR PRG,USD,NYSE,US,RENAISSANCERE HOLDINGS L,STK,Insurance,Financial,Reinsurance,PREFERRED,false,RNR PRG
502415300,HLLY,USD,NYSE,US,HOLLEY INC,STK,Auto Parts&amp;Equipment,"Consumer, Cyclical",Auto/Trk Prts&amp;Equip-Orig,COMMON,true,HLLY
502415462,SHO PRI,USD,NYSE,US,SUNSTONE HOTEL INVESTORS INC,STK,REITS,Financial,REITS-Hotels,PREFERRED,false,SHO PRI
502415474,MGRD,USD,NYSE,US,AFFILIATED MANAGERS GROU,STK,Diversified Finan Serv,Financial,Invest Mgmnt/Advis Serv,PREFERRED,false,MGRD
502415513,VSCO,USD,NYSE,US,VICTORIA'S SECRET & CO,STK,Retail,"Consumer, Cyclical",Retail-Apparel/Shoe,COMMON,true,VSCO
503292672,OPFI,USD,NYSE,US,OPPFI INC,STK,Diversified Finan Serv,Financial,Finance-Consumer Loans,COMMON,true,OPFI
503299587,LAW,USD,NYSE,US,CS DISCO INC,STK,Software,Technology,Computer Software,COMMON,true,LAW
503299590,VTEX,USD,NYSE,US,VTEX -CLASS A,STK,Software,Technology,Applications Software,COMMON,true,VTEX
503836700,RYAN,USD,NYSE,US,RYAN SPECIALTY HOLDINGS INC,STK,Insurance,Financial,Insurance Brokers,COMMON,true,RYAN
503836784,ZVIA,USD,NYSE,US,ZEVIA PBC-A,STK,Beverages,"Consumer, Non-cyclical",Beverages-Non-alcoholic,COMMON,true,ZVIA
504091736,WFC PRD,USD,NYSE,US,WELLS FARGO & COMPANY,STK,Banks,Financial,Super-Regional Banks-US,PREFERRED,false,WFC PRD
504091776,HKD,USD,NYSE,US,AMTD DIGITAL INC-ADR,STK,Software,Technology,Applications Software,ADR,false,HKD
504091781,CNM,USD,NYSE,US,CORE & MAIN INC-CLASS A,STK,Distribution/Wholesale,"Consumer, Cyclical",Distribution/Wholesale,COMMON,true,CNM
504091786,XPOF,USD,NYSE,US,XPONENTIAL FITNESS INC-A,STK,Leisure Time,"Consumer, Cyclical",Recreational Centers,COMMON,true,XPOF
504495367,PEB PRH,USD,NYSE,US,PEBBLEBROOK HOTEL TRUST,STK,REITS,Financial,REITS-Hotels,PREFERRED,false,PEB PRH
504546625,JPM PRM,USD,NYSE,US,JPMORGAN CHASE & CO,STK,Banks,Financial,Diversified Banking Inst,PREFERRED,false,JPM PRM
504758862,ECVT,USD,NYSE,US,ECOVYST INC,STK,Chemicals,Basic Materials,Chemicals-Specialty,COMMON,true,ECVT
505002201,DOLE,USD,NYSE,US,DOLE PLC,STK,Agriculture,"Consumer, Non-cyclical",Agricultural Operations,COMMON,true,DOLE
505002204,RSKD,USD,NYSE,US,RISKIFIED LTD-A,STK,Software,Technology,Applications Software,COMMON,true,RSKD
505002213,COF PRN,USD,NYSE,US,CAPITAL ONE FINANCIAL CO,STK,Diversified Finan Serv,Financial,Finance-Credit Card,PREFERRED,false,COF PRN
505227375,SF PRD,USD,NYSE,US,STIFEL FINANCIAL CORP,STK,Diversified Finan Serv,Financial,Invest Mgmnt/Advis Serv,PREFERRED,false,SF PRD
505227423,PHCC,USD,NYSE,US,PRESTON HOLLOW COMMUNITY A,STK,Diversified Finan Serv,Financial,Finance-Other Services,COMMON,false,PHCC
505227433,BTRY,USD,NYSE,US,CLARIOS INTERNATIONAL INC,STK,Auto Parts&amp;Equipment,"Consumer, Cyclical",Auto/Trk Prts&amp;Equip-Orig,COMMON,false,BTRY
505980240,LSPD,USD,NYSE,US,LIGHTSPEED COMMERCE INC,STK,Software,Technology,Computer Software,COMMON,true,LSPD
506295843,BBCO,USD,NYSE,US,NUTRITION TOPCO LLC,STK,Pharmaceuticals,"Consumer, Non-cyclical",Vitamins&amp;Nutrition Prod,COMMON,false,BBCO
506470958,AMBP,USD,NYSE,US,ARDAGH METAL PACKAGING SA,STK,Packaging&amp;Containers,Industrial,Containers-Metal/Glass,COMMON,true,AMBP
506470960,CDRE,USD,NYSE,US,CADRE HOLDINGS INC,STK,Hand/Machine Tools,Industrial,Tools-Hand Held,COMMON,true,CDRE
506993765,IVT,USD,NYSE,US,INVENTRUST PROPERTIES CORP,STK,REITS,Financial,REITS-Diversified,REIT,true,IVT
507157329,ABR PRE,USD,NYSE,US,ARBOR RLTY TR INC PFD SER E (MD),STK,REITS,Financial,REITS-Mortgage,PREFERRED,false,ABR PRE
507188246,JOBY,USD,NYSE,US,JOBY AVIATION INC,STK,Aerospace/Defense,Industrial,Aerospace/Defense,COMMON,true,JOBY
507482686,INN PRF,USD,NYSE,US,SUMMIT HOTEL PPTYS CUM RED PFD SER,STK,REITS,Financial,REITS-Hotels,PREFERRED,false,INN PRF
507487982,TDS PRV,USD,NYSE,US,TELEPHONE AND DATA SYS,STK,Telecommunications,Communications,Telephone-Integrated,PREFERRED,false,TDS PRV
507821939,TRTN PRE,USD,NYSE,US,TRITON INTERNATIONAL LTD,STK,Commercial Services,"Consumer, Non-cyclical",Rental Auto/Equipment,PREFERRED,false,TRTN PRE
508811020,PMT PRC,USD,NYSE,US,PENNYMAC MTGE INVESTMENT,STK,REITS,Financial,REITS-Mortgage,PREFERRED,false,PMT PRC
508949099,PSA PRQ,USD,NYSE,US,PUBLIC STORAGE DEP SH REPSTG PFD SH,STK,REITS,Financial,REITS-Storage,PREFERRED,false,PSA PRQ
509950599,STG,USD,NYSE,US,SUNLANDS TECHNOLOGY- SP ADR,STK,Internet,Communications,Internet Content-Info/Ne,ADR,false,STG
510424230,JXN,USD,NYSE,US,JACKSON FINANCIAL INC-A,STK,Insurance,Financial,Life/Health Insurance,COMMON,true,JXN
510459516,SMRT,USD,NYSE,US,SMARTRENT INC,STK,Building Materials,Industrial,Bldg&amp;Construct Prod-Misc,COMMON,true,SMRT
512000171,RDW,USD,NYSE,US,REDWIRE CORP,STK,Aerospace/Defense,Industrial,Aerospace/Defense,COMMON,true,RDW
512958006,SLVM,USD,NYSE,US,SYLVAMO CORP,STK,Forest Products&amp;Paper,Basic Materials,Paper&amp;Related Products,COMMON,true,SLVM
513880596,BROS,USD,NYSE,US,DUTCH BROS INC-CLASS A,STK,Retail,"Consumer, Cyclical",Retail-Restaurants,COMMON,true,BROS
513880603,ONON,USD,NYSE,US,ON HOLDING AG-CLASS A,STK,Apparel,"Consumer, Cyclical",Athletic Footwear,COMMON,true,ONON
514277705,ADC PRA,USD,NYSE,US,AGREE REALTY CORP,STK,REITS,Financial,REITS-Single Tenant,PREFERRED,false,ADC PRA
514484958,RITM PRD,USD,NYSE,US,RITHM CAPITAL CORP,STK,REITS,Financial,REITS-Diversified,PREFERRED,false,RITM PRD
514634921,VNO PRO,USD,NYSE,US,VORNADO REALTY TRUST,STK,REITS,Financial,REITS-Office Property,PREFERRED,false,VNO PRO
514640214,ACHR,USD,NYSE,US,ARCHER AVIATION INC-A,STK,Aerospace/Defense,Industrial,Aerospace/Defense,COMMON,true,ACHR
514674455,NRDY,USD,NYSE,US,NERDY INC,STK,Internet,Communications,Internet Content-Info/Ne,COMMON,true,NRDY
515606257,MDV PRA,USD,NYSE,US,MODIV INC PERP PFD SER A,STK,REITS,Financial,REITS-Single Tenant,PREFERRED,false,MDV PRA
515606267,WAL PRA,USD,NYSE,US,WESTERN ALLIANCE BANCORP DEP REPST,STK,Banks,Financial,Commer Banks-Western US,PREFERRED,false,WAL PRA
516064483,ICR PRA,USD,NYSE,US,INPOINT COML REAL ESTATE INCOME IN,STK,REITS,Financial,REITS-Mortgage,PREFERRED,false,ICR PRA
516064498,ZWS,USD,NYSE,US,ZURN ELKAY WATER SOLUTIONS C,STK,Machinery-Diversified,Industrial,Machinery-Pumps,COMMON,true,ZWS
516097394,TOST,USD,NYSE,US,TOAST INC-CLASS A,STK,Commercial Services,"Consumer, Non-cyclical",Commercial Serv-Finance,COMMON,true,TOST
516097415,KDC,USD,NYSE,US,KNOWLTON DEVELOPMENT CORP IN,STK,Cosmetics/Personal Care,"Consumer, Non-cyclical",Cosmetics&amp;Toiletries,COMMON,false,KDC
516625135,CWAN,USD,NYSE,US,CLEARWATER ANALYTICS HDS-A,STK,Software,Technology,Applications Software,COMMON,true,CWAN
517203785,ECAT,USD,NYSE,US,BLACKROCK ESG CAP ALL TRM TR,STK,,,,CLOSED-END FUND,false,ECAT
517203799,WRBY,USD,NYSE,US,WARBY PARKER INC-CLASS A,STK,Retail,"Consumer, Cyclical",Retail-Vision Serv Cntr,COMMON,true,WRBY
517423823,ALVU,USD,NYSE,US,ALLVUE SYSTEMS HDS INC-A,STK,Software,Technology,Applications Software,COMMON,false,ALVU
517423828,VLN,USD,NYSE,US,VALENS SEMICONDUCTOR LTD,STK,Semiconductors,Technology,Electronic Compo-Semicon,COMMON,true,VLN
517593749,IONQ,USD,NYSE,US,IONQ INC,STK,Software,Technology,Computer Software,COMMON,true,IONQ
518627900,XPRO,USD,NYSE,US,EXPRO GROUP HOLDINGS NV,STK,Oil&amp;Gas Services,Energy,Oil-Field Services,COMMON,true,XPRO
518943154,LTH,USD,NYSE,US,LIFE TIME GROUP HOLDINGS INC,STK,Leisure Time,"Consumer, Cyclical",Recreational Centers,COMMON,true,LTH
519136554,CION,USD,NYSE,US,CION INVESTMENT CORP,STK,Investment Companies,Financial,Investment Companies,COMMON,true,CION
519270945,GDV PRK,USD,NYSE,US,GABELLI DIVID & INCOME TR CUM PFD,STK,Closed-end Funds,Financial,Closed-end Funds,PREFERRED,false,GDV PRK
519293896,ABR PRF,USD,NYSE,US,ARBOR RLTY TR INC 6.25% SER F FXD/F,STK,REITS,Financial,REITS-Mortgage,PREFERRED,false,ABR PRF
519293901,PRIF PRK,USD,NYSE,US,PRIORITY INCOME FD INC CUM PFD SER,STK,Diversified Finan Serv,Financial,Finance-Other Services,PREFERRED,false,PRIF PRK
520181563,IHS,USD,NYSE,US,IHS HOLDING LTD,STK,Engineering&amp;Construction,Industrial,Building-Heavy Construct,COMMON,true,IHS
520488080,KD,USD,NYSE,US,KYNDRYL HOLDINGS INC,STK,Computers,Technology,Computer Services,COMMON,true,KD
521279191,FBRT,USD,NYSE,US,FRANKLIN BSP REALTY TRUST IN,STK,REITS,Financial,REITS-Mortgage,REIT,true,FBRT
521961990,MIR,USD,NYSE,US,MIRION TECHNOLOGIES INC,STK,Electronics,Industrial,Electronic Measur Instr,COMMON,true,MIR
521979146,FBRT PRE,USD,NYSE,US,FRANKLIN BSP REALTY TRST,STK,REITS,Financial,REITS-Mortgage,PREFERRED,false,FBRT PRE
522147520,EICA,USD,NYSE,US,EAGLE PT INCOME CO INC,STK,Closed-end Funds,Financial,Closed-end Funds,PREFERRED,false,EICA
522320580,RPC,USD,NYSE,US,RIDGEPOST CAPITAL INC-A,STK,Private Equity,Financial,Private Equity,COMMON,true,RPC
522586439,MS PRO,USD,NYSE,US,MORGAN STANLEY,STK,Banks,Financial,Diversified Banking Inst,PREFERRED,false,MS PRO
522592608,BAC PRQ,USD,NYSE,US,BANK AMER CORP DEP SHS REPSG 1/1000,STK,Banks,Financial,Diversified Banking Inst,PREFERRED,false,BAC PRQ
522982392,MEGI,USD,NYSE,US,NYLI CBRE GLBL INFR MEGA TRM,STK,,,,CLOSED-END FUND,false,MEGI
523014861,BXSL,USD,NYSE,US,BLACKSTONE SECURED LENDING F,STK,Investment Companies,Financial,Investment Companies,COMMON,true,BXSL
523014876,ONL,USD,NYSE,US,ORION PROPERTIES INC,STK,REITS,Financial,REITS-Office Property,REIT,true,ONL
524096642,CBL,USD,NYSE,US,CBL & ASSOCIATES PROPERTIES,STK,REITS,Financial,REITS-Regional Malls,REIT,true,CBL
524133226,DMOB,USD,NYSE,US,DELIMOBIL HOLDING SA,STK,Commercial Services,"Consumer, Non-cyclical",Rental Auto/Equipment,ADR,false,DMOB
524305695,CMTG,USD,NYSE,US,CLAROS MORTGAGE TRUST INC,STK,REITS,Financial,REITS-Diversified,REIT,true,CMTG
524517647,SKM,USD,NYSE,US,SK TELECOM CO LTD-SPON ADR,STK,Telecommunications,Communications,Cellular Telecom,ADR,true,SKM
524706401,NXDR,USD,NYSE,US,NEXTDOOR HOLDINGS INC,STK,Internet,Communications,Internet Content-Entmnt,COMMON,true,NXDR
524706466,DPM,USD,NYSE,US,DESERT PEAK MINERALS INC-A,STK,Mining,Basic Materials,Mining Services,COMMON,false,DPM
525260366,CINT,USD,NYSE,US,CI&T INC/UNITED STATES-A,STK,Computers,Technology,Computer Services,COMMON,true,CINT
525520657,HPP PRC,USD,NYSE,US,HUDSON PACIFIC PROPERTIE,STK,REITS,Financial,REITS-Office Property,PREFERRED,false,HPP PRC
525552632,TCBX,USD,NYSE,US,THIRD COAST BANCSHARES INC,STK,Banks,Financial,Commer Banks-Central US,COMMON,true,TCBX
525770138,WEAV,USD,NYSE,US,WEAVE COMMUNICATIONS INC,STK,Software,Technology,Computer Software,COMMON,true,WEAV
526884558,OPP PRB,USD,NYSE,US,RIVERNORTH / DOUBLELINE STRAT. OPP,STK,Closed-end Funds,Financial,Closed-end Funds,PREFERRED,false,OPP PRB
526906301,KLC,USD,NYSE,US,KINDERCARE LEARNING COS INC,STK,Commercial Services,"Consumer, Non-cyclical",Schools,COMMON,true,KLC
526906304,SG,USD,NYSE,US,SWEETGREEN INC - CLASS A,STK,Retail,"Consumer, Cyclical",Retail-Restaurants,COMMON,true,SG
528021990,NMAI,USD,NYSE,US,NUVEEN MULTI-ASSET INCOME,STK,,,,CLOSED-END FUND,false,NMAI
528022013,GUG,USD,NYSE,US,GUGGENHEIM ACTIVE ALLOCATION,STK,,,,CLOSED-END FUND,false,GUG
528916174,ECC PRD,USD,NYSE,US,EAGLE POINT CREDIT CO,STK,Closed-end Funds,Financial,Closed-end Funds,PREFERRED,false,ECC PRD
529024217,DTG,USD,NYSE,US,DTE ENERGY CO JR SUB NT SER E,STK,Electric,Utilities,Electric-Integrated,PREFERRED,false,DTG
529347042,GPMT PRA,USD,NYSE,US,GRANITE POINT MTGE TRST,STK,REITS,Financial,REITS-Mortgage,PREFERRED,false,GPMT PRA
530091801,HGTY,USD,NYSE,US,HAGERTY INC-A,STK,Insurance,Financial,Property/Casualty Ins,COMMON,true,HGTY
530633067,PSA PRR,USD,NYSE,US,PUBLIC STORAGE,STK,REITS,Financial,REITS-Storage,PREFERRED,false,PSA PRR
530906124,PL,USD,NYSE,US,PLANET LABS PBC,STK,Software,Technology,Enterprise Software/Serv,COMMON,true,PL
530965685,CRGY,USD,NYSE,US,CRESCENT ENERGY INC-A,STK,Oil&amp;Gas,Energy,Oil Comp-Explor&amp;Prodtn,COMMON,true,CRGY
530965695,BBAI,USD,NYSE,US,BIGBEAR.AI HOLDINGS INC,STK,Software,Technology,Enterprise Software/Serv,COMMON,true,BBAI
531212179,WLTG,USD,NYSE,US,WEALTHTRUST DBS LNG TRM GRW,STK,,,,ETF,false,WLTG
531212348,NU,USD,NYSE,US,NU HOLDINGS LTD/CAYMAN ISL-A,STK,Banks,Financial,Commer Banks Non-US,COMMON,true,NU
531398916,BORR,USD,NYSE,US,BORR DRILLING LTD,STK,Oil&amp;Gas,Energy,Oil&amp;Gas Drilling,COMMON,true,BORR
532211215,BEPI,USD,NYSE,US,BROOKFIELD BRP HOLDINGS,STK,Electric,Utilities,Electric-Generation,PREFERRED,false,BEPI
532266285,LUCK,USD,NYSE,US,LUCKY STRIKE ENTERTAINMENT C,STK,Leisure Time,"Consumer, Cyclical",Leisure&amp;Rec/Games,COMMON,true,LUCK
532274461,IOT,USD,NYSE,US,SAMSARA INC-CL A,STK,Software,Technology,Applications Software,COMMON,true,IOT
532600570,EFC PRB,USD,NYSE,US,ELLINGTON FINL INC CUM.RED PFD STK,STK,REITS,Financial,REITS-Mortgage,PREFERRED,false,EFC PRB
532646923,NPFD,USD,NYSE,US,NUVEEN VAR RT PREF & INC,STK,,,,CLOSED-END FUND,false,NPFD
532646933,DOUG,USD,NYSE,US,DOUGLAS ELLIMAN INC,STK,Real Estate,Financial,Real Estate Mgmnt/Servic,COMMON,true,DOUG
532790286,BWNB,USD,NYSE,US,BABCOCK & WILCOX ENTERPR,STK,Machinery-Constr&amp;Mining,Industrial,Machinery-Electric Util,PREFERRED,false,BWNB
532829500,ZGN,USD,NYSE,US,ERMENEGILDO ZEGNA NV,STK,Apparel,"Consumer, Cyclical",Apparel Manufacturers,COMMON,true,ZGN
533809096,GRBK PRA,USD,NYSE,US,GREEN BRICK PARTNERS INC,STK,Home Builders,"Consumer, Cyclical",Bldg-Residential/Commer,PREFERRED,false,GRBK PRA
535271307,FRT,USD,NYSE,US,FEDERAL REALTY INVS TRUST,STK,REITS,Financial,REITS-Shopping Centers,REIT,true,FRT
535283345,GPGI,USD,NYSE,US,GPGI INC,STK,Commercial Services,"Consumer, Non-cyclical",Commercial Serv-Finance,COMMON,true,GPGI
535288388,APO,USD,NYSE,US,APOLLO GLOBAL MANAGEMENT INC,STK,Diversified Finan Serv,Financial,Invest Mgmnt/Advis Serv,COMMON,true,APO
536222334,FRT PRC,USD,NYSE,US,FRT 5 12/31/49 PFD,STK,REITS,Financial,REITS-Shopping Centers,PREFERRED,false,FRT PRC
536390428,PSA PRS,USD,NYSE,US,PUBLIC STORAGE,STK,REITS,Financial,REITS-Storage,PREFERRED,false,PSA PRS
537789289,SLG,USD,NYSE,US,SL GREEN REALTY CORP,STK,REITS,Financial,REITS-Office Property,REIT,true,SLG
537817749,DMA,USD,NYSE,US,DESTRA MULTI-ALTERNATIVE,STK,,,,CLOSED-END FUND,false,DMA
538323399,BIPI,USD,NYSE,US,BIP BERMUDA HOLDINGS I,STK,Electric,Utilities,Electric-Transmission,PREFERRED,false,BIPI
538837691,FSPR,USD,NYSE,US,FOUR SPRINGS CAPITAL TRUST,STK,REITS,Financial,REITS-Diversified,REIT,false,FSPR
539866811,ECCV,USD,NYSE,US,EAGLE POINT CREDIT CO,STK,Closed-end Funds,Financial,Closed-end Funds,PREFERRED,false,ECCV
540900810,SHEL,USD,NYSE,US,SHELL PLC-ADR,STK,Oil&amp;Gas,Energy,Oil Comp-Integrated,ADR,true,SHEL
540920359,SPE PRC,USD,NYSE,US,SPECIAL OPPORTUNITIES FD INC PFD CO,STK,Closed-end Funds,Financial,Closed-end Funds,CONVPREFERRED,false,SPE PRC
541197792,SKYH,USD,NYSE,US,SKY HARBOUR GROUP CORP,STK,Real Estate,Financial,Real Estate Oper/Develop,COMMON,true,SKYH
541265128,PAXS,USD,NYSE,US,PIMCO ACCESS INCOME FUND,STK,,,,CLOSED-END FUND,false,PAXS
541265139,SGHC,USD,NYSE,US,SUPER GROUP SGHC LTD,STK,Entertainment,"Consumer, Cyclical",Internet Gambling,COMMON,true,SGHC
542225026,WBS PRG,USD,NYSE,US,WEBSTER FINL CORP DEPOSITARY SHS RE,STK,Banks,Financial,Commer Banks-Eastern US,PREFERRED,false,WBS PRG
542523126,BAC PRS,USD,NYSE,US,BANK AMER CORP DEP SHS REPSTG 1/000,STK,Banks,Financial,Diversified Banking Inst,PREFERRED,false,BAC PRS
542577742,SES,USD,NYSE,US,SES AI CORP,STK,Auto Parts&amp;Equipment,"Consumer, Cyclical",Auto/Trk Prts&amp;Equip-Orig,COMMON,true,SES
542577763,WINN,USD,NYSE,US,HARBOR LONG-TERM GROWERS ETF,STK,,,,ETF,false,WINN
543265441,USB PRS,USD,NYSE,US,US BANCORP,STK,Banks,Financial,Super-Regional Banks-US,PREFERRED,false,USB PRS
543507613,BRCC,USD,NYSE,US,BRC INC-A,STK,Beverages,"Consumer, Non-cyclical",Coffee,COMMON,true,BRCC
543663083,MDV,USD,NYSE,US,MODIV INDUSTRIAL INC,STK,REITS,Financial,REITS-Single Tenant,REIT,false,MDV
543663103,RMMZ,USD,NYSE,US,RVRNRTH MGD DUR MUNI INC II,STK,,,,CLOSED-END FUND,false,RMMZ
543810481,NRGV,USD,NYSE,US,ENERGY VAULT HOLDINGS INC,STK,Energy-Alternate Sources,Energy,Energy-Alternate Sources,COMMON,true,NRGV
543859902,HGER,USD,NYSE,US,HARBOR COMMODITY ALL WEATHER,STK,,,,ETF,true,HGER
545665955,BRBR,USD,NYSE,US,BELLRING BRANDS INC,STK,Pharmaceuticals,"Consumer, Non-cyclical",Vitamins&amp;Nutrition Prod,COMMON,true,BRBR
545798694,RLTY,USD,NYSE,US,COHEN & STEERS RL EST OPPRT,STK,,,,CLOSED-END FUND,false,RLTY
623588756,HSHP,USD,NYSE,US,HIMALAYA SHIPPING LTD,STK,Transportation,Industrial,Transport-Marine,COMMON,false,HSHP
546518734,SDRL,USD,NYSE,US,SEADRILL LIMITED,STK,Oil&amp;Gas,Energy,Oil&amp;Gas Drilling,COMMON,true,SDRL
547600637,PRIF PRL,USD,NYSE,US,PRIORITY INCOME FD INC PFD SER L,STK,Diversified Finan Serv,Financial,Finance-Other Services,PREFERRED,false,PRIF PRL
550324178,DINO,USD,NYSE,US,HF SINCLAIR CORP,STK,Oil&amp;Gas,Energy,Oil Refining&amp;Marketing,COMMON,true,DINO
550344963,KMPB,USD,NYSE,US,KEMPER CORP,STK,Insurance,Financial,Multi-line Insurance,PREFERRED,false,KMPB
550587856,ENOV,USD,NYSE,US,ENOVIS CORP,STK,Healthcare-Products,"Consumer, Non-cyclical",Medical Products,COMMON,true,ENOV
550617891,ESAB,USD,NYSE,US,ESAB CORP,STK,Machinery-Diversified,Industrial,Machinery-General Indust,COMMON,true,ESAB
552747219,MFA,USD,NYSE,US,MFA FINANCIAL INC,STK,REITS,Financial,REITS-Mortgage,REIT,true,MFA
553247719,MOGU,USD,NYSE,US,MOGU INC-ADR,STK,Internet,Communications,E-Commerce/Products,ADR,false,MOGU
554208336,EDU,USD,NYSE,US,NEW ORIENTAL EDUCATIO-SP ADR,STK,Commercial Services,"Consumer, Non-cyclical",Schools,ADR,true,EDU
554386244,GHI,USD,NYSE,US,GREYSTONE HOUSING IMPACT INV,STK,Diversified Finan Serv,Financial,Finance-Mtge Loan/Banker,MLP,true,GHI
554413380,MTB PRH,USD,NYSE,US,M&T BANK CORPORATION,STK,Banks,Financial,Commer Banks-Eastern US,PREFERRED,false,MTB PRH
555711270,EE,USD,NYSE,US,EXCELERATE ENERGY INC-A,STK,Pipelines,Energy,Pipelines,COMMON,true,EE
556067839,RIV PRA,USD,NYSE,US,RIVERNORTH OPP FUND INC,STK,Closed-end Funds,Financial,Closed-end Funds,PREFERRED,false,RIV PRA
557337352,BRW,USD,NYSE,US,SABA CAPITAL INCOME & OPPORT,STK,,,,CLOSED-END FUND,false,BRW
558659748,SAT,USD,NYSE,US,SARATOGA INVESTMENT CORP,STK,Investment Companies,Financial,Investment Companies,PREFERRED,false,SAT
559289446,SMR,USD,NYSE,US,NUSCALE POWER CORP,STK,Machinery-Constr&amp;Mining,Industrial,Machinery-Electric Util,COMMON,true,SMR
559723037,ODV,USD,NYSE,US,OSISKO DEVELOPMENT CORP,STK,Mining,Basic Materials,Gold Mining,COMMON,true,ODV
559931480,BLCO,USD,NYSE,US,BAUSCH + LOMB CORP,STK,Healthcare-Products,"Consumer, Non-cyclical",Optical Supplies,COMMON,true,BLCO
560375049,IVR,USD,NYSE,US,INVESCO MORTGAGE CAPITAL,STK,REITS,Financial,REITS-Mortgage,REIT,true,IVR
560751549,EVEX,USD,NYSE,US,EVE HOLDING INC,STK,Aerospace/Defense,Industrial,Aerospace/Defense,COMMON,true,EVEX
561043577,CXT,USD,NYSE,US,CRANE NXT CO,STK,Computers,Technology,Computers-Integrated Sys,COMMON,true,CXT
561977871,FENG,USD,NYSE,US,PHOENIX NEW MEDIA LTD -ADR,STK,Internet,Communications,Internet Content-Info/Ne,ADR,false,FENG
563578577,GDIV,USD,NYSE,US,HARBOR DIVIDEND GROWTH LEADE,STK,,,,ETF,false,GDIV
564354641,GBTG,USD,NYSE,US,GLOBAL BUSINESS TRAVEL GROUP,STK,Leisure Time,"Consumer, Cyclical",Travel Services,COMMON,true,GBTG
566842207,FEDU,USD,NYSE,US,FOUR SEASONS EDUCATION CAYMA,STK,Commercial Services,"Consumer, Non-cyclical",Schools,ADR,false,FEDU
570164220,HTFC,USD,NYSE,US,HORIZON TECHNOLOGY FINANCE CORP,STK,Investment Companies,Financial,Investment Companies,PREFERRED,false,HTFC
572313495,GSK,USD,NYSE,US,GSK PLC-SPON ADR,STK,Pharmaceuticals,"Consumer, Non-cyclical",Medical-Drugs,ADR,true,GSK
573009153,HLN,USD,NYSE,US,HALEON PLC-ADR,STK,Cosmetics/Personal Care,"Consumer, Non-cyclical",Cosmetics&amp;Toiletries,ADR,true,HLN
573166977,MUX,USD,NYSE,US,MCEWEN INC,STK,Mining,Basic Materials,Gold Mining,COMMON,true,MUX
575088334,HR,USD,NYSE,US,HEALTHCARE REALTY TRUST INC,STK,REITS,Financial,REITS-Health Care,REIT,true,HR
575436677,GETY,USD,NYSE,US,GETTY IMAGES HOLDINGS INC,STK,Internet,Communications,E-Commerce/Services,COMMON,true,GETY
576721164,MS PRP,USD,NYSE,US,MORGAN STANLEY,STK,Banks,Financial,Diversified Banking Inst,PREFERRED,false,MS PRP
576969490,CGV,USD,NYSE,US,CONDUCTOR GLOBAL EQ VAL ETF,STK,,,,ETF,false,CGV
578031277,QBTS,USD,NYSE,US,D-WAVE QUANTUM INC,STK,Computers,Technology,Computers,COMMON,true,QBTS
578327143,DBRG,USD,NYSE,US,DIGITALBRIDGE GROUP INC,STK,Diversified Finan Serv,Financial,Invest Mgmnt/Advis Serv,COMMON,true,DBRG
578351119,SPXC,USD,NYSE,US,SPX TECHNOLOGIES INC,STK,Building Materials,Industrial,Bldg Prod-Air&amp;Heating,COMMON,true,SPXC
578413063,DRLL,USD,NYSE,US,STRIVE US ENERGY ETF,STK,,,,ETF,true,DRLL
579118449,NWG,USD,NYSE,US,NATWEST GROUP PLC -SPON ADR,STK,Banks,Financial,Diversified Banking Inst,ADR,true,NWG
579656134,F PRD,USD,NYSE,US,FORD MOTOR COMPANY,STK,Auto Manufacturers,"Consumer, Cyclical",Auto-Cars/Light Trucks,PREFERRED,false,F PRD
580815157,PRH,USD,NYSE,US,PRUDENTIAL FINANCIAL INC,STK,Insurance,Financial,Life/Health Insurance,PREFERRED,false,PRH
581240386,ORC,USD,NYSE,US,ORCHID ISLAND CAPITAL INC,STK,REITS,Financial,REITS-Mortgage,REIT,true,ORC
581418961,CMCM,USD,NYSE,US,CHEETAH MOBILE INC - ADR,STK,Software,Technology,Applications Software,ADR,true,CMCM
581445463,KEY PRL,USD,NYSE,US,KEYCORP NEW DEP SHS REPSTG 1/40TH I,STK,Banks,Financial,Super-Regional Banks-US,PREFERRED,false,KEY PRL
582332987,J,USD,NYSE,US,JACOBS SOLUTIONS INC,STK,Engineering&amp;Construction,Industrial,Engineering/R&amp;D Services,COMMON,true,J
583257697,PR,USD,NYSE,US,PERMIAN RESOURCES CORP-CL A,STK,Oil&amp;Gas,Energy,Oil Comp-Explor&amp;Prodtn,COMMON,true,PR
584127832,COHR,USD,NYSE,US,COHERENT CORP,STK,Electronics,Industrial,Lasers-Syst/Components,COMMON,true,COHR
584418882,BKT,USD,NYSE,US,BLACKROCK INCOME TRUST,STK,,,,CLOSED-END FUND,false,BKT
585013481,NLY,USD,NYSE,US,ANNALY CAPITAL MANAGEMENT IN,STK,REITS,Financial,REITS-Mortgage,REIT,true,NLY
585036584,THLV,USD,NYSE,US,THOR EQUAL WL VL ETF-USD INC,STK,,,,ETF,true,THLV
585036604,CRBG,USD,NYSE,US,COREBRIDGE FINANCIAL INC,STK,Insurance,Financial,Life/Health Insurance,COMMON,true,CRBG
585323053,AMPX,USD,NYSE,US,AMPRIUS TECHNOLOGIES INC,STK,Aerospace/Defense,Industrial,Aerospace/Defense-Equip,COMMON,true,AMPX
585324503,STRV,USD,NYSE,US,STRIVE 500 ETF,STK,,,,ETF,true,STRV
586067697,XPER,USD,NYSE,US,XPERI INC,STK,Home Furnishings,"Consumer, Cyclical",Audio/Video Products,COMMON,true,XPER
586873967,BHVN,USD,NYSE,US,BIOHAVEN LTD,STK,Biotechnology,"Consumer, Non-cyclical",Medical-Biomedical/Gene,COMMON,true,BHVN
587227168,HIPO,USD,NYSE,US,HIPPO HOLDINGS INC,STK,Insurance,Financial,Property/Casualty Ins,COMMON,true,HIPO
587257548,NE,USD,NYSE,US,NOBLE CORP PLC,STK,Oil&amp;Gas,Energy,Oil&amp;Gas Drilling,COMMON,true,NE
587842007,LVWR,USD,NYSE,US,LIVEWIRE GROUP INC,STK,Leisure Time,"Consumer, Cyclical",Motorcycle/Motor Scooter,COMMON,true,LVWR
588206703,ARIS,USD,NYSE,US,ARIS MINING CORP,STK,Mining,Basic Materials,Gold Mining,COMMON,true,ARIS
589359983,STEL,USD,NYSE,US,STELLAR BANCORP INC,STK,Banks,Financial,Commer Banks-Central US,COMMON,false,STEL
589828153,TWO,USD,NYSE,US,TWO HARBORS INVESTMENT CORP,STK,REITS,Financial,REITS-Mortgage,REIT,true,TWO
589896897,DSMC,USD,NYSE,US,DISTILLATE S/M CASH FLOW ETF,STK,,,,ETF,true,DSMC
589896907,SHOC,USD,NYSE,US,SHOC US SEMICON EQUITY ETF,STK,,,,ETF,false,SHOC
590475528,RZC,USD,NYSE,US,REINSURANCE GROUP OF AMERICA INC,STK,Insurance,Financial,Reinsurance,PREFERRED,false,RZC
590510605,HFND,USD,NYSE,US,UNLTD HFND MULT ST RET TRACK,STK,,,,ETF,true,HFND
592052137,RXO,USD,NYSE,US,RXO INC,STK,Transportation,Industrial,Transport-Services,COMMON,true,RXO
593019000,GRNT,USD,NYSE,US,GRANITE RIDGE RESOURCES INC,STK,Oil&amp;Gas,Energy,Oil Comp-Explor&amp;Prodtn,COMMON,true,GRNT
593850402,BMN,USD,NYSE,US,BLACKROCK 2037 MUNI TRGT TRM,STK,,,,CLOSED-END FUND,false,BMN
594761639,PERF,USD,NYSE,US,PERFECT CORP,STK,Software,Technology,Applications Software,COMMON,false,PERF
595752399,SAJ,USD,NYSE,US,SARATOGA INVETSMENT CORP,STK,Investment Companies,Financial,Investment Companies,PREFERRED,false,SAJ
596111531,TESTTE33,USD,NYSE,US,TEST CA TEST US,STK,,,,COMMON,false,TESTTE33
596545571,UHAL B,USD,NYSE,US,U-HAUL HOLDING CO-NON VOTING,STK,Commercial Services,"Consumer, Non-cyclical",Rental Auto/Equipment,COMMON,true,UHAL B
596739249,STXD,USD,NYSE,US,STRIVE 1000 DIVIDEND GROWTH,STK,,,,ETF,false,STXD
596739252,STXG,USD,NYSE,US,STRIVE 1000 GROWTH ETF,STK,,,,ETF,false,STXG
596739259,STXV,USD,NYSE,US,STRIVE 1000 VALUE ETF,STK,,,,ETF,false,STXV
596739262,STXK,USD,NYSE,US,STRIVE SMALL-CAP ETF,STK,,,,ETF,false,STXK
596994044,FSCO,USD,NYSE,US,FS CREDIT OPPORTUNITIES CORP,STK,,,,CLOSED-END FUND,false,FSCO
597669736,FG,USD,NYSE,US,F&G ANNUITIES & LIFE INC,STK,Insurance,Financial,Life/Health Insurance,COMMON,true,FG
597954941,LNC PRD,USD,NYSE,US,LINCOLN NATIONAL CORP,STK,Insurance,Financial,Life/Health Insurance,PREFERRED,false,LNC PRD
598077906,GRND,USD,NYSE,US,GRINDR INC,STK,Internet,Communications,E-Commerce/Services,COMMON,true,GRND
599374254,ATS,USD,NYSE,US,ATS CORP,STK,Machinery-Diversified,Industrial,Machinery-General Indust,COMMON,true,ATS
599900800,BN,USD,NYSE,US,BROOKFIELD CORP,STK,Private Equity,Financial,Private Equity,COMMON,true,BN
599900805,BAM,USD,NYSE,US,BROOKFIELD ASSET MGMT-A,STK,Diversified Finan Serv,Financial,Invest Mgmnt/Advis Serv,COMMON,true,BAM
600782764,PSFE,USD,NYSE,US,PAYSAFE LTD,STK,Commercial Services,"Consumer, Non-cyclical",Commercial Serv-Finance,COMMON,true,PSFE
602111290,MBC,USD,NYSE,US,MASTERBRAND INC,STK,Building Materials,Industrial,Bldg&amp;Construct Prod-Misc,COMMON,true,MBC
602416109,ATH PRE,USD,NYSE,US,ATHENE HLDG LTD DEP SH REPSTG 1/100,STK,Insurance,Financial,Life/Health Insurance,PREFERRED,false,ATH PRE
602423308,TISI,USD,NYSE,US,TEAM INC,STK,Commercial Services,"Consumer, Non-cyclical",Commercial Services,COMMON,false,TISI
602439320,LANV,USD,NYSE,US,LANVIN GROUP HOLDINGS LTD,STK,Apparel,"Consumer, Cyclical",Apparel Manufacturers,COMMON,false,LANV
602596427,SLAI,USD,NYSE,US,SOLAI LTD,STK,Investment Companies,Financial,Investment Companies,ADR,true,SLAI
602745519,SAY,USD,NYSE,US,SARATOGA INVESTMENT CORP,STK,Investment Companies,Financial,Investment Companies,PREFERRED,false,SAY
604736961,FRO,USD,NYSE,US,FRONTLINE PLC,STK,Transportation,Industrial,Transport-Marine,COMMON,true,FRO
606097067,NYC,USD,NYSE,US,AMERICAN STRATEGIC INVESTM-A,STK,REITS,Financial,REITS-Diversified,COMMON,false,NYC
606826288,VTS,USD,NYSE,US,VITESSE ENERGY INC,STK,Oil&amp;Gas,Energy,Oil Comp-Explor&amp;Prodtn,COMMON,true,VTS
607501731,RWT PRA,USD,NYSE,US,REDWOOD TRUST INC,STK,REITS,Financial,REITS-Mortgage,PREFERRED,false,RWT PRA
610456566,TXO,USD,NYSE,US,TXO PARTNERS LP,STK,Oil&amp;Gas,Energy,Oil Comp-Explor&amp;Prodtn,LTD PART,true,TXO
611160158,STXE,USD,NYSE,US,STRIVE EM MARKETS EX-CHINA,STK,,,,ETF,true,STXE
611946672,EFC PRC,USD,NYSE,US,ELLINGTON FINANCIAL,STK,REITS,Financial,REITS-Mortgage,PREFERRED,false,EFC PRC
617975681,ASBA,USD,NYSE,US,ASSOCIATED BANC-CORP,STK,Banks,Financial,Commer Banks-Central US,PREFERRED,false,ASBA
618310823,AMX,USD,NYSE,US,AMERICA MOVIL SAB DE CV,STK,Telecommunications,Communications,Cellular Telecom,ADR,true,AMX
618945949,JXN PRA,USD,NYSE,US,JACKSON FINL INC DPSTRY SHS REPSTG,STK,Insurance,Financial,Life/Health Insurance,PREFERRED,false,JXN PRA
621500411,CR,USD,NYSE,US,CRANE CO,STK,Machinery-Diversified,Industrial,Machinery-Pumps,COMMON,true,CR
621734928,SAFE,USD,NYSE,US,SAFEHOLD INC,STK,REITS,Financial,REITS-Diversified,REIT,true,SAFE
622812525,CP,USD,NYSE,US,CANADIAN PACIFIC KANSAS CITY,STK,Transportation,Industrial,Transport-Rail,COMMON,true,CP
624996076,MSGE,USD,NYSE,US,MADISON SQUARE GARDEN ENTERT,STK,Entertainment,"Consumer, Cyclical",Theaters,COMMON,true,MSGE
627545222,SAZ,USD,NYSE,US,SARATOGA INVESTMENT CORP,STK,Investment Companies,Financial,Investment Companies,PREFERRED,false,SAZ
628622256,CLB,USD,NYSE,US,CORE LABORATORIES INC,STK,Oil&amp;Gas Services,Energy,Oil-Field Services,COMMON,true,CLB
629043863,KVUE,USD,NYSE,US,KENVUE INC,STK,Cosmetics/Personal Care,"Consumer, Non-cyclical",Cosmetics&amp;Toiletries,COMMON,true,KVUE
630919726,RBA,USD,NYSE,US,RB GLOBAL INC,STK,Distribution/Wholesale,"Consumer, Cyclical",Distribution/Wholesale,COMMON,true,RBA
631325171,ALL PRJ,USD,NYSE,US,ALLSTATE CORP,STK,Insurance,Financial,Multi-line Insurance,PREFERRED,false,ALL PRJ
631329277,KNF,USD,NYSE,US,KNIFE RIVER CORP,STK,Building Materials,Industrial,Bldg Prod-Cement/Aggreg,COMMON,true,KNF
633108219,ATMU,USD,NYSE,US,ATMUS FILTRATION TECHNOLOGIE,STK,Electronics,Industrial,Electronic Compo-Misc,COMMON,true,ATMU
633937587,GROV,USD,NYSE,US,GROVE COLLABORATIVE HOLDINGS ,STK,Internet,Communications,E-Commerce/Products,COMMON,true,GROV
634819668,OPAD,USD,NYSE,US,OFFERPAD SOLUTIONS INC,STK,Real Estate,Financial,Real Estate Oper/Develop,COMMON,true,OPAD
635438413,LOCL,USD,NYSE,US,LOCAL BOUNTI CORP ,STK,Agriculture,"Consumer, Non-cyclical",Agricultural Operations,COMMON,false,LOCL
635951859,NPWR,USD,NYSE,US,NET POWER INC,STK,Electric,Utilities,Electric-Generation,COMMON,true,NPWR
636387343,CAVA,USD,NYSE,US,CAVA GROUP INC,STK,Retail,"Consumer, Cyclical",Retail-Restaurants,COMMON,true,CAVA
636678518,SKLZ,USD,NYSE,US,SKILLZ INC,STK,Software,Technology,Entertainment Software,COMMON,true,SKLZ
638219806,PHIN,USD,NYSE,US,PHINIA INC,STK,Auto Parts&amp;Equipment,"Consumer, Cyclical",Auto/Trk Prts&amp;Equip-Orig,COMMON,true,PHIN
639336269,PLGO,USD,NYSE,US,PELAGOS INSURANCE CAPITAL LT,STK,Insurance,Financial,Property/Casualty Ins,COMMON,false,PLGO
639336275,KGS,USD,NYSE,US,KODIAK GAS SERVICES INC,STK,Oil&amp;Gas Services,Energy,Oil-Field Services,COMMON,true,KGS
639336278,SVV,USD,NYSE,US,SAVERS VALUE VILLAGE INC,STK,Retail,"Consumer, Cyclical",Retail-Misc/Diversified,COMMON,true,SVV
639441347,OWLT,USD,NYSE,US,OWLET INC ,STK,Healthcare-Products,"Consumer, Non-cyclical",Healthcare Safety Device,COMMON,true,OWLT
639450954,VTMX,USD,NYSE,US,CORP INMOBILIARIA VESTA-ADR,STK,Real Estate,Financial,Real Estate Oper/Develop,ADR,false,VTMX
640331692,LZM,USD,NYSE,US,LIFEZONE METALS LTD,STK,Mining,Basic Materials,Non-Ferrous Metals,COMMON,true,LZM
640550564,ABX,USD,NYSE,US,ABACUS GLOBAL MANAGEMENT INC,STK,Insurance,Financial,Insurance Brokers,COMMON,true,ABX
642427345,HF,USD,NYSE,US,DGA CORE PLUS ABS RTRN ETF,STK,,,,ETF,false,HF
642848418,PSQH,USD,NYSE,US,PSQ HOLDINGS INC,STK,Internet,Communications,E-Commerce/Products,COMMON,true,PSQH
644855271,SN,USD,NYSE,US,SHARKNINJA INC,STK,Home Furnishings,"Consumer, Cyclical",Appliances,COMMON,true,SN
647324578,BUXX,USD,NYSE,US,STRIVE ENHANCED INCOME SHORT,STK,,,,ETF,false,BUXX
647324583,STXT,USD,NYSE,US,STRIVE TOTAL RETURN BOND ETF,STK,,,,ETF,false,STXT
647324601,HHH,USD,NYSE,US,HOWARD HUGHES HOLDINGS INC,STK,Real Estate,Financial,Real Estate Oper/Develop,COMMON,true,HHH
647611140,DBD,USD,NYSE,US,DIEBOLD NIXDORF INC,STK,Computers,Technology,Computers-Integrated Sys,COMMON,true,DBD
647800108,APO PRA,USD,NYSE,US,APOLLO GLOBAL MGMT INC NEW SER A MA,STK,Diversified Finan Serv,Financial,Invest Mgmnt/Advis Serv,CONVPREFERRED,false,APO PRA
648081824,AMC,USD,NYSE,US,AMC ENTERTAINMENT HLDS-CL A,STK,Entertainment,"Consumer, Cyclical",Theaters,COMMON,true,AMC
649389091,SPIR,USD,NYSE,US,SPIRE GLOBAL INC,STK,Commercial Services,"Consumer, Non-cyclical",Commercial Services,COMMON,true,SPIR
650949028,APOS,USD,NYSE,US,APOLLO GLOBAL MANAGEMENT INC,STK,Diversified Finan Serv,Financial,Invest Mgmnt/Advis Serv,PREFERRED,false,APOS
651420084,FTWO,USD,NYSE,US,STRIVE NATURAL RESOURCES AND,STK,,,,ETF,false,FTWO
652841542,TKO,USD,NYSE,US,TKO GROUP HOLDINGS INC,STK,Entertainment,"Consumer, Cyclical",Professional Sports,COMMON,true,TKO
653579423,GNL PRD,USD,NYSE,US,GLOBAL NET LEASE INC,STK,REITS,Financial,REITS-Diversified,PREFERRED,false,GNL PRD
653585087,GNL PRE,USD,NYSE,US,GLOBAL NET LEASE INC,STK,REITS,Financial,REITS-Diversified,PREFERRED,false,GNL PRE
654711260,FTK,USD,NYSE,US,FLOTEK INDUSTRIES INC,STK,Oil&amp;Gas Services,Energy,Oil Field Mach&amp;Equip,COMMON,true,FTK
654750909,KVYO,USD,NYSE,US,KLAVIYO INC-A,STK,Software,Technology,Enterprise Software/Serv,COMMON,true,KVYO
655276604,AU,USD,NYSE,US,ANGLOGOLD ASHANTI PLC,STK,Mining,Basic Materials,Gold Mining,COMMON,true,AU
655276622,VLTO,USD,NYSE,US,VERALTO CORP,STK,Environmental Control,Industrial,Water Treatment Systems,COMMON,true,VLTO
655276634,ARR,USD,NYSE,US,ARMOUR RESIDENTIAL REIT INC,STK,REITS,Financial,REITS-Mortgage,REIT,true,ARR
655294494,AKA,USD,NYSE,US,AKA BRANDS HOLDING CORP ,STK,Internet,Communications,E-Commerce/Products,COMMON,false,AKA
655315709,GFR,USD,NYSE,US,GREENFIRE RESOURCES LTD,STK,Oil&amp;Gas,Energy,Oil Comp-Explor&amp;Prodtn,COMMON,false,GFR
655454642,VSTS,USD,NYSE,US,VESTIS CORP,STK,Commercial Services,"Consumer, Non-cyclical",Commercial Services,COMMON,true,VSTS
655617924,SKIL,USD,NYSE,US,SKILLSOFT CORP,STK,Software,Technology,Educational Software,COMMON,false,SKIL
655617958,IRS,USD,NYSE,US,IRSA -SP ADR,STK,Real Estate,Financial,Real Estate Oper/Develop,ADR,true,IRS
656365592,AESI,USD,NYSE,US,ATLAS ENERGY SOLUTIONS INC,STK,Oil&amp;Gas Services,Energy,Oil-Field Services,COMMON,true,AESI
656379390,NSA PRB,USD,NYSE,US,NATIONAL STORAGE AFFILIATES TR PFD,STK,REITS,Financial,REITS-Storage,PREFERRED,false,NSA PRB
656769411,AEG,USD,NYSE,US,AEGON LTD-NY REG SHR,STK,Insurance,Financial,Multi-line Insurance,NY REG SHRS,true,AEG
657143196,PMTU,USD,NYSE,US,PENNYMAC MTG INVT TR SR NT,STK,REITS,Financial,REITS-Mortgage,PREFERRED,false,PMTU
657517509,LAC,USD,NYSE,US,LITHIUM AMERICAS CORP,STK,Mining,Basic Materials,Diversified Minerals,COMMON,true,LAC
657745727,NATL,USD,NYSE,US,NCR ATLEOS CORP,STK,Computers,Technology,Computers-Integrated Sys,COMMON,true,NATL
657753149,SPRU,USD,NYSE,US,SPRUCE POWER HOLDING CORP,STK,Energy-Alternate Sources,Energy,Energy-Alternate Sources,COMMON,true,SPRU
658821477,BIRK,USD,NYSE,US,BIRKENSTOCK HOLDING PLC,STK,Apparel,"Consumer, Cyclical",Footwear&amp;Related Apparel,COMMON,true,BIRK
659068180,JBND,USD,NYSE,US,JPMORGAN ACTIVE BOND ETF,STK,,,,ETF,false,JBND
660293657,NLOP,USD,NYSE,US,NET LEASE OFFICE PROPERTY,STK,REITS,Financial,REITS-Office Property,REIT,true,NLOP
661256265,MNR,USD,NYSE,US,MACH NATURAL RESOURCES LP,STK,Oil&amp;Gas,Energy,Oil Comp-Explor&amp;Prodtn,LTD PART,true,MNR
663174498,BG,USD,NYSE,US,BUNGE GLOBAL SA,STK,Agriculture,"Consumer, Non-cyclical",Agricultural Operations,COMMON,true,BG
664164697,ET PRI,USD,NYSE,US,ENERGY TRANSFER LP,STK,Pipelines,Energy,Pipelines,PREFERRED,false,ET PRI
664697724,HG,USD,NYSE,US,HAMILTON INSURANCE GROU-CL B,STK,Insurance,Financial,Property/Casualty Ins,COMMON,true,HG
665145378,AMTD,USD,NYSE,US,AMTD IDEA GROUP,STK,Diversified Finan Serv,Financial,Finance-Invest Bnkr/Brkr,ADR,false,AMTD
666754553,SCE PRM,USD,NYSE,US,SCE TRUST VII,STK,Electric,Utilities,Electric-Integrated,PREFERRED,false,SCE PRM
667403608,WS,USD,NYSE,US,WORTHINGTON STEEL INC,STK,Metal Fabricate/Hardware,Industrial,Metal Products-Distrib,COMMON,true,WS
667578268,LU,USD,NYSE,US,LUFAX HOLDING LTD-ADR,STK,Diversified Finan Serv,Financial,Finance-Consumer Loans,ADR,true,LU
667606858,ABXL,USD,NYSE,US,ABACUS LIFE INC,STK,Insurance,Financial,Insurance Brokers,PREFERRED,false,ABXL
668447006,CPAI,USD,NYSE,US,COUNTERPOINT QUAN EQUITY ETF,STK,,,,ETF,false,CPAI
669231223,BANC PRF,USD,NYSE,US,BANC OF CALIFORNIA INC,STK,Savings&amp;Loans,Financial,S&amp;L/Thrifts-Western US,PREFERRED,false,BANC PRF
669998150,CDLR,USD,NYSE,US,CADELER A/S-ADR,STK,Energy-Alternate Sources,Energy,Energy-Alternate Sources,ADR,false,CDLR
671073668,FGN,USD,NYSE,US,F&G ANNUITIES & LIFE INC,STK,Insurance,Financial,Life/Health Insurance,PREFERRED,false,FGN
671347171,ZKH,USD,NYSE,US,ZKH GROUP LTD,STK,Commercial Services,"Consumer, Non-cyclical",Commercial Services,ADR,false,ZKH
672382672,EFC PRD,USD,NYSE,US,ELLINGTON FINANCIAL,STK,REITS,Financial,REITS-Mortgage,PREFERRED,false,EFC PRD
673814681,ELPC,USD,NYSE,US,CIA PARANAENSE DE ENER-ADR,STK,Electric,Utilities,Electric-Integrated,ADR,false,ELPC
673821848,LAZ,USD,NYSE,US,LAZARD INC,STK,Diversified Finan Serv,Financial,Finance-Invest Bnkr/Brkr,COMMON,true,LAZ
674590140,TE,USD,NYSE,US,T1 ENERGY INC,STK,Energy-Alternate Sources,Energy,Energy-Alternate Sources,COMMON,true,TE
675388455,ATH PRA,USD,NYSE,US,ATHENE HOLDING LTD,STK,Insurance,Financial,Life/Health Insurance,PREFERRED,false,ATH PRA
675610937,KIM PRN,USD,NYSE,US,KIMCO RLTY CORP 7.25% BE<,STK,REITS,Financial,REITS-Shopping Centers,CONVPREFERRED,false,KIM PRN
676612595,SDHC,USD,NYSE,US,SMITH DOUGLAS HOMES CORP,STK,Home Builders,"Consumer, Cyclical",Bldg-Residential/Commer,COMMON,false,SDHC
677574819,PSBD,USD,NYSE,US,PALMER SQUARE CAPITAL BDC IN,STK,Investment Companies,Financial,Investment Companies,COMMON,false,PSBD
679113364,MSDL,USD,NYSE,US,MORGAN STANLEY DIRECT LENDIN,STK,Investment Companies,Financial,Investment Companies,COMMON,true,MSDL
679723634,NCDL,USD,NYSE,US,NUVEEN CHURCHILL DIRECT LEND,STK,Investment Companies,Financial,Investment Companies,COMMON,false,NCDL
679725935,MFAN,USD,NYSE,US,MFA FINANCIAL INC,STK,REITS,Financial,REITS-Mortgage,PREFERRED,false,MFAN
681156868,AS,USD,NYSE,US,AMER SPORTS INC,STK,Leisure Time,"Consumer, Cyclical",Athletic Equipment,COMMON,true,AS
681352407,ANRO,USD,NYSE,US,ALTO NEUROSCIENCE INC,STK,Biotechnology,"Consumer, Non-cyclical",Medical-Biomedical/Gene,COMMON,true,ANRO
682148376,RWTN,USD,NYSE,US,REDWOOD TRUST INC,STK,REITS,Financial,REITS-Mortgage,PREFERRED,false,RWTN
682161364,AHR,USD,NYSE,US,AMERICAN HEALTHCARE REIT INC,STK,REITS,Financial,REITS-Health Care,REIT,true,AHR
682654122,TBBB,USD,NYSE,US,BBB FOODS INC-CLASS A,STK,Retail,"Consumer, Cyclical",Retail-Convenience Store,COMMON,true,TBBB
682699612,MITN,USD,NYSE,US,AG MTG INVT TR INC SR NT DUE 02/15/,STK,REITS,Financial,REITS-Mortgage,PREFERRED,false,MITN
683779067,SOC,USD,NYSE,US,SABLE OFFSHORE CORP,STK,Oil&amp;Gas,Energy,Oil Comp-Explor&amp;Prodtn,COMMON,true,SOC
685003455,SYF PRB,USD,NYSE,US,SYNCHRONY FINANCIAL,STK,Diversified Finan Serv,Financial,Finance-Credit Card,PREFERRED,false,SYF PRB
689024122,ALB PRA,USD,NYSE,US,ALBEMARLE CORP PFD,STK,Chemicals,Basic Materials,Chemicals-Specialty,CONVPREFERRED,false,ALB PRA
689683761,YSG,USD,NYSE,US,YATSEN HOLDING LTD-ADR,STK,Internet,Communications,E-Commerce/Products,ADR,true,YSG
691611099,ATHS,USD,NYSE,US,ATHENE HLDG LTD FIXED RATE 7.25% RE,STK,Insurance,Financial,Life/Health Insurance,PREFERRED,false,ATHS
691984360,SOLV,USD,NYSE,US,SOLVENTUM CORP,STK,Healthcare-Products,"Consumer, Non-cyclical",Medical Products,COMMON,true,SOLV
691984365,GEV,USD,NYSE,US,GE VERNOVA INC,STK,Machinery-Constr&amp;Mining,Industrial,Machinery-Electric Util,COMMON,true,GEV
691994611,CPAY,USD,NYSE,US,CORPAY INC,STK,Commercial Services,"Consumer, Non-cyclical",Commercial Serv-Finance,COMMON,true,CPAY
692025016,RDDT,USD,NYSE,US,REDDIT INC-CL A,STK,Internet,Communications,Internet Content-Entmnt,COMMON,true,RDDT
692197717,AUNA,USD,NYSE,US,AUNA SA-CLASS A,STK,Healthcare-Services,"Consumer, Non-cyclical",Medical-Hospitals,COMMON,false,AUNA
692416133,GCTS,USD,NYSE,US,GCT SEMICONDUCTOR HOLDING IN,STK,Semiconductors,Technology,Electronic Compo-Semicon,COMMON,true,GCTS
692783790,EVTR,USD,NYSE,US,EATON VANCE TOTAL RETURN,STK,,,,ETF,false,EVTR
692783792,DXYZ,USD,NYSE,US,DESTINY TECH100 INC,STK,,,,CLOSED-END FUND,true,DXYZ
693772711,MGRE,USD,NYSE,US,AFFILIATED MANAGERS GROUP INC,STK,Diversified Finan Serv,Financial,Invest Mgmnt/Advis Serv,PREFERRED,false,MGRE
693772712,BEPJ,USD,NYSE,US,BROOKFIELD BRP HOLDINGS CANADA INC,STK,Electric,Utilities,Electric-Generation,PREFERRED,false,BEPJ
695627172,MDST,USD,NYSE,US,WESTWD SAT ENCD MDSTR IN ETF,STK,,,,ETF,true,MDST
695807147,PACS,USD,NYSE,US,PACS GROUP INC,STK,Healthcare-Services,"Consumer, Non-cyclical",Medical Labs&amp;Testing Srv,COMMON,true,PACS
695996615,CLS,USD,NYSE,US,CELESTICA INC,STK,Electronics,Industrial,Electronic Compo-Misc,COMMON,true,CLS
696003918,BKKT,USD,NYSE,US,BAKKT INC,STK,Diversified Finan Serv,Financial,Finance-Other Services,COMMON,true,BKKT
696016914,ULS,USD,NYSE,US,UL SOLUTIONS INC - CLASS A,STK,Commercial Services,"Consumer, Non-cyclical",Commercial Services,COMMON,true,ULS
697080353,CTRI,USD,NYSE,US,CENTURI HOLDINGS INC,STK,Engineering&amp;Construction,Industrial,Building-Heavy Construct,COMMON,true,CTRI
697080356,IBTA,USD,NYSE,US,IBOTTA INC-CL A,STK,Software,Technology,Applications Software,COMMON,true,IBTA
698511239,MFAO,USD,NYSE,US,MFA FINL INC SR NT 09.000% 08/15/29,STK,REITS,Financial,REITS-Mortgage,PREFERRED,false,MFAO
699030008,LOAR,USD,NYSE,US,LOAR HOLDINGS INC,STK,Aerospace/Defense,Industrial,Aerospace/Defense-Equip,COMMON,true,LOAR
699030013,RBRK,USD,NYSE,US,RUBRIK INC-A,STK,Computers,Technology,Computer Data Security,COMMON,true,RBRK
700079602,VIK,USD,NYSE,US,VIKING HOLDINGS LTD,STK,Leisure Time,"Consumer, Cyclical",Cruise Lines,COMMON,true,VIK
700506979,ZH,USD,NYSE,US,ZHIHU INC - ADR,STK,Internet,Communications,Internet Content-Entmnt,ADR,true,ZH
701506662,MTB PRJ,USD,NYSE,US,M&T BANK CORPPRATION,STK,Banks,Financial,Commer Banks-Eastern US,PREFERRED,false,MTB PRJ
702643305,GGL,USD,NYSE,US,GAMES GLOBAL LTD,STK,Software,Technology,Entertainment Software,COMMON,false,GGL
702867568,SCE PRN,USD,NYSE,US,SCE TR VIII TR PREF SER N,STK,Electric,Utilities,Electric-Integrated,PREFERRED,false,SCE PRN
702882678,MDA,USD,NYSE,US,MDA SPACE LTD,STK,Aerospace/Defense,Industrial,Aerospace/Defense,COMMON,false,MDA
703168255,CIM,USD,NYSE,US,CHIMERA INVESTMENT CORP,STK,REITS,Financial,REITS-Mortgage,REIT,true,CIM
703660032,LH,USD,NYSE,US,LABCORP HOLDINGS INC,STK,Healthcare-Services,"Consumer, Non-cyclical",Medical Labs&amp;Testing Srv,COMMON,true,LH
703670659,MITP,USD,NYSE,US,AG MORTGAGE INVESTMENT TRUST INC,STK,REITS,Financial,REITS-Mortgage,PREFERRED,false,MITP
704415151,SILA,USD,NYSE,US,SILA REALTY TRUST INC,STK,REITS,Financial,REITS-Health Care,REIT,true,SILA
704634496,KBDC,USD,NYSE,US,KAYNE ANDERSON BDC INC,STK,Investment Companies,Financial,Investment Companies,COMMON,false,KBDC
705166800,BOW,USD,NYSE,US,BOWHEAD SPECIALTY HOLDINGS I,STK,Insurance,Financial,Property/Casualty Ins,COMMON,false,BOW
705406377,CFG PRH,USD,NYSE,US,CITIZENS FINL GROUP INC DEP SHS RE,STK,Banks,Financial,Commer Banks-Eastern US,PREFERRED,false,CFG PRH
705584193,CIMN,USD,NYSE,US,CHIMERA INVESTMENT CORP,STK,REITS,Financial,REITS-Mortgage,PREFERRED,false,CIMN
706731002,BNED,USD,NYSE,US,BARNES & NOBLE EDUCATION INC,STK,Retail,"Consumer, Cyclical",Retail-Bookstore,COMMON,true,BNED
707673305,NVL,USD,NYSE,US,NOVELIS INC,STK,Mining,Basic Materials,Metal-Aluminum,COMMON,false,NVL
707875919,QXO,USD,NYSE,US,QXO INC,STK,Retail,"Consumer, Cyclical",Retail-Building Products,COMMON,true,QXO
709025619,SABA,USD,NYSE,US,SABA CAPITAL INCOME & OPP II,STK,,,,CLOSED-END FUND,false,SABA
709229198,SPCE,USD,NYSE,US,VIRGIN GALACTIC HOLDINGS INC,STK,Aerospace/Defense,Industrial,Aerospace/Defense,COMMON,true,SPCE
709237174,SPMC,USD,NYSE,US,SOUND POINT MERIDIAN CAPITAL,STK,,,,CLOSED-END FUND,false,SPMC
711270309,RWTO,USD,NYSE,US,REDWOOD TRUST INC,STK,REITS,Financial,REITS-Mortgage,PREFERRED,false,RWTO
711280672,FLXR,USD,NYSE,US,TCW FLEXIBLE INCOME ETF,STK,,,,ETF,false,FLXR
711473879,NEE PRS,USD,NYSE,US,NEXTERA ENERGY INC CORPORATE UNIT,STK,Electric,Utilities,Electric-Integrated,CONVPREFERRED,false,NEE PRS
712108680,BOH PRB,USD,NYSE,US,BANK HAWAII CORPDEP SHS REPSTG 1/40,STK,Banks,Financial,Commer Banks-Western US,PREFERRED,false,BOH PRB
712108704,FUN,USD,NYSE,US,SIX FLAGS ENTERTAINMENT CORP,STK,Entertainment,"Consumer, Cyclical",Resorts/Theme Parks,COMMON,true,FUN
712118325,KORE,USD,NYSE,US,KORE GROUP HOLDINGS INC,STK,Telecommunications,Communications,Cellular Telecom,COMMON,false,KORE
712118395,FSM,USD,NYSE,US,FORTUNA MINING CORP,STK,Mining,Basic Materials,Silver Mining,COMMON,true,FSM
712146473,TBN,USD,NYSE,US,TAMBORAN RESOURCES CORP,STK,Oil&amp;Gas,Energy,Oil Comp-Explor&amp;Prodtn,COMMON,false,TBN
712414332,LB,USD,NYSE,US,LANDBRIDGE CO LLC-A,STK,Oil&amp;Gas,Energy,Oil Comp-Explor&amp;Prodtn,COMMON,true,LB
713228991,AMWL,USD,NYSE,US,AMERICAN WELL CORP-CLASS A,STK,Healthcare-Services,"Consumer, Non-cyclical",Medical-Outptnt/Home Med,COMMON,true,AMWL
713434903,SW,USD,NYSE,US,SMURFIT WESTROCK PLC,STK,Packaging&amp;Containers,Industrial,Containers-Paper/Plastic,COMMON,true,SW
713596871,BWLP,USD,NYSE,US,BW LPG LTD,STK,Transportation,Industrial,Transport-Marine,COMMON,false,BWLP
713910628,FLG,USD,NYSE,US,FLAGSTAR BANK NA,STK,Banks,Financial,Commer Banks-Central US,COMMON,true,FLG
713921503,DCBG,USD,NYSE,US,DIME COMMUNITY BANCSHARES INC,STK,Banks,Financial,Commer Banks-Eastern US,PREFERRED,false,DCBG
715885516,SITC,USD,NYSE,US,SITE CENTERS CORP,STK,REITS,Financial,REITS-Shopping Centers,REIT,true,SITC
715916513,PDCC,USD,NYSE,US,PEARL DIVER CREDIT COMPY INC,STK,,,,CLOSED-END FUND,false,PDCC
716121729,FOA,USD,NYSE,US,FINANCE OF AMERICA COS INC-A,STK,Diversified Finan Serv,Financial,Finance-Mtge Loan/Banker,COMMON,true,FOA
716121769,CCM,USD,NYSE,US,CONCORD MEDICAL - SPON ADR,STK,Healthcare-Services,"Consumer, Non-cyclical",MRI/Medical Diag Imaging,ADR,false,CCM
716160987,ARDT,USD,NYSE,US,ARDENT HEALTH INC,STK,Healthcare-Services,"Consumer, Non-cyclical",Medical-Hospitals,COMMON,true,ARDT
717810528,SEG,USD,NYSE,US,SEAPORT ENTERTAINMENT GROUP,STK,Real Estate,Financial,Real Estate Oper/Develop,COMMON,true,SEG
717821722,VATE,USD,NYSE,US,INNOVATE CORP,STK,Engineering&amp;Construction,Industrial,Building&amp;Construct-Misc,COMMON,false,VATE
717833309,LTM,USD,NYSE,US,LATAM AIRLINES GROUP SA-ADR,STK,Airlines,"Consumer, Cyclical",Airlines,ADR,true,LTM
717838613,CON,USD,NYSE,US,CONCENTRA GROUP HOLDINGS PAR,STK,Healthcare-Services,"Consumer, Non-cyclical",Medical Labs&amp;Testing Srv,COMMON,true,CON
717988170,FERG,USD,NYSE,US,FERGUSON ENTERPRISES INC,STK,Retail,"Consumer, Cyclical",Retail-Building Products,COMMON,true,FERG
717988177,SMC,USD,NYSE,US,SUMMIT MIDSTREAM CORP,STK,Pipelines,Energy,Pipelines,COMMON,true,SMC
718001445,MS PRQ,USD,NYSE,US,MORGAN STANLEY DEP SHS REPSTG 1/100,STK,Banks,Financial,Diversified Banking Inst,PREFERRED,false,MS PRQ
718500300,RF PRF,USD,NYSE,US,REGIONS FINL CORP NEW SHS REPSTG 1/,STK,Banks,Financial,Commer Banks-Southern US,PREFERRED,false,RF PRF
718507605,DNA,USD,NYSE,US,GINKGO BIOWORKS HOLDINGS INC,STK,Healthcare-Services,"Consumer, Non-cyclical",Medical Labs&amp;Testing Srv,COMMON,true,DNA
718650450,PSUS,USD,NYSE,US,PERSHING SQUARE USA LTD,STK,,,,CLOSED-END FUND,false,PSUS
719731566,AOMN,USD,NYSE,US,ANGEL OAK MORTGAGE REIT INC,STK,REITS,Financial,REITS-Mortgage,PREFERRED,false,AOMN
722282314,SRFM,USD,NYSE,US,SURF AIR MOBILITY INC,STK,Aerospace/Defense,Industrial,Aerospace/Defense,COMMON,false,SRFM
722740644,SBXD U,USD,NYSE,US,SILVERBOX CORP IV,STK,Holding Companies-Divers,Diversified,Specified Purpose Acquis,UNIT,false,SBXD U
723652189,GWH,USD,NYSE,US,ESS TECH INC,STK,Electrical Compo&amp;Equip,Industrial,Batteries/Battery Sys,COMMON,false,GWH
724681609,CIMO,USD,NYSE,US,CHIMERA INVESTMENT CORP,STK,REITS,Financial,REITS-Mortgage,PREFERRED,false,CIMO
725633619,BNT,USD,NYSE,US,BROOKFIELD WEALTH SOLUTIONS,STK,Diversified Finan Serv,Financial,Invest Mgmnt/Advis Serv,COMMON,true,BNT
725648194,INVX,USD,NYSE,US,INNOVEX INTERNATIONAL INC,STK,Oil&amp;Gas Services,Energy,Oil Field Mach&amp;Equip,COMMON,true,INVX
725792504,LITB,USD,NYSE,US,LIGHTINTHEBOX HOLDING-ADR,STK,Internet,Communications,E-Commerce/Products,ADR,false,LITB
725797137,BKSY,USD,NYSE,US,BLACKSKY TECHNOLOGY INC,STK,Telecommunications,Communications,Satellite Telecom,COMMON,true,BKSY
727524354,ZEPP,USD,NYSE,US,ZEPP HEALTH CORP-ADR,STK,Home Furnishings,"Consumer, Cyclical",Audio/Video Products,ADR,true,ZEPP
727981234,EVTL,USD,NYSE,US,VERTICAL AEROSPACE LTD,STK,Aerospace/Defense,Industrial,Aerospace/Defense,COMMON,true,EVTL
728168208,HPE PRC,USD,NYSE,US,HP ENTERPRISE CO,STK,Computers,Technology,Computers,CONVPREFERRED,false,HPE PRC
728168227,CTEV,USD,NYSE,US,CLARITEV CORP,STK,Software,Technology,Medical Information Sys,COMMON,true,CTEV
729193719,BLK,USD,NYSE,US,BLACKROCK INC,STK,Diversified Finan Serv,Financial,Invest Mgmnt/Advis Serv,COMMON,true,BLK
729217598,BIPJ,USD,NYSE,US,BROOKFIELD INFRA FIN ULC,STK,Electric,Utilities,Electric-Transmission,PREFERRED,false,BIPJ
729362584,AMTM,USD,NYSE,US,AMENTUM HOLDINGS INC,STK,Computers,Technology,Computer Services,COMMON,true,AMTM
729367096,CURB,USD,NYSE,US,CURBLINE PROPERTIES CORP,STK,REITS,Financial,REITS-Shopping Centers,REIT,true,CURB
730640136,THIR,USD,NYSE,US,THOR INDEX ROTATION ETF,STK,,,,ETF,false,THIR
731109560,MMKT,USD,NYSE,US,TEXAS CAP GOVT MNY MRKT ETF,STK,,,,ETF,false,MMKT
732963088,SOBO,USD,NYSE,US,SOUTH BOW CORP,STK,Pipelines,Energy,Pipelines,COMMON,true,SOBO
731109568,BKV,USD,NYSE,US,BKV CORPORATION,STK,Oil&amp;Gas,Energy,Oil Comp-Explor&amp;Prodtn,COMMON,true,BKV
731109573,GRDN,USD,NYSE,US,GUARDIAN PHRMCY SERVICES-A,STK,Pharmaceuticals,"Consumer, Non-cyclical",Medical-Whsle Drug Dist,COMMON,true,GRDN
731466408,TEL,USD,NYSE,US,TE CONNECTIVITY PLC,STK,Electronics,Industrial,Electronic Compo-Misc,COMMON,true,TEL
732027252,TNK,USD,NYSE,US,TEEKAY TANKERS LTD-CLASS A,STK,Transportation,Industrial,Transport-Marine,COMMON,true,TNK
732027280,TK,USD,NYSE,US,TEEKAY CORP LTD,STK,Transportation,Industrial,Transport-Marine,COMMON,true,TK
732636195,FVR,USD,NYSE,US,FRONTVIEW REIT INC,STK,REITS,Financial,REITS-Diversified,REIT,false,FVR
732636198,SARO,USD,NYSE,US,STANDARDAERO INC,STK,Aerospace/Defense,Industrial,Aerospace/Defense-Equip,COMMON,true,SARO
732735445,SBXD,USD,NYSE,US,SILVERBOX CORP IV-A,STK,Holding Companies-Divers,Diversified,Specified Purpose Acquis,COMMON,false,SBXD
733131941,HAFN,USD,NYSE,US,HAFNIA LTD,STK,Transportation,Industrial,Transport-Marine,COMMON,true,HAFN
733168198,CBNA,USD,NYSE,US,CHAIN BRIDGE BANCORP INC-A,STK,Banks,Financial,Commer Banks-Southern US,COMMON,false,CBNA
733466047,CICB,USD,NYSE,US,CION INVESTMENT CORP,STK,Investment Companies,Financial,Investment Companies,PREFERRED,false,CICB
733984849,MOOV,USD,NYSE,US,MOOVE LUBRICANTS HOLDINGS,STK,Chemicals,Basic Materials,Chemicals-Specialty,COMMON,false,MOOV
734184075,INFO,USD,NYSE,US,HARBOR PANAGORA DYC LCC ETF,STK,,,,ETF,false,INFO
734423787,EIIA,USD,NYSE,US,EAPIIF NEW YORK PFD,STK,Diversified Finan Serv,Financial,Invest Mgmnt/Advis Serv,PREFERRED,false,EIIA
734424271,ARES PRB,USD,NYSE,US,ARES MANAGEMENT CORP,STK,Diversified Finan Serv,Financial,Invest Mgmnt/Advis Serv,CONVPREFERRED,false,ARES PRB
735658973,AHT,USD,NYSE,US,ASHFORD HOSPITALITY TRUST,STK,REITS,Financial,REITS-Hotels,REIT,false,AHT
737178111,ECG,USD,NYSE,US,EVERUS CONSTRUCTION GROUP,STK,Engineering&amp;Construction,Industrial,Building-Heavy Construct,COMMON,true,ECG
737201087,INGM,USD,NYSE,US,INGRAM MICRO HOLDING CORP,STK,Electronics,Industrial,Electronic Parts Distrib,COMMON,true,INGM
737874252,MAGN,USD,NYSE,US,MAGNERA CORP,STK,Forest Products&amp;Paper,Basic Materials,Paper&amp;Related Products,COMMON,true,MAGN
738709855,NEE PRT,USD,NYSE,US,NEXTERA ENERGY INC,STK,Electric,Utilities,Electric-Integrated,CONVPREFERRED,false,NEE PRT
739040164,BA PRA,USD,NYSE,US,BOEING CO DEP SHS REPSTG 1/20TH INT,STK,Aerospace/Defense,Industrial,Aerospace/Defense,CONVPREFERRED,false,BA PRA
740054035,SPMA,USD,NYSE,US,SOUND PT MERIDIAN CAP INC PFD SHS W,STK,Investment Companies,Financial,Investment Companies,PREFERRED,false,SPMA
740066865,PRMB,USD,NYSE,US,PRIMO BRANDS CORP,STK,Beverages,"Consumer, Non-cyclical",Beverages-Non-alcoholic,COMMON,true,PRMB
740948854,ANET,USD,NYSE,US,ARISTA NETWORKS INC,STK,Telecommunications,Communications,Networking Products,COMMON,true,ANET
741185074,BALY,USD,NYSE,US,BALLY'S CORP,STK,Entertainment,"Consumer, Cyclical",Gambling (Non-Hotel),COMMON,false,BALY
742459262,ACLO,USD,NYSE,US,TCW AAA CLO ETF,STK,,,,ETF,false,ACLO
742459265,IGCB,USD,NYSE,US,TCW CORPORATE BOND ETF,STK,,,,ETF,false,IGCB
742459268,HYBX,USD,NYSE,US,TCW HIGH YIELD BOND ETF,STK,,,,ETF,false,HYBX
742459275,MUSE,USD,NYSE,US,TCW MULTIS CREDIT INCOME ETF,STK,,,,ETF,false,MUSE
742459278,SLNZ,USD,NYSE,US,TCW SENIOR LOAN ETF,STK,,,,ETF,false,SLNZ
743353381,PRM,USD,NYSE,US,PERIMETER SOLUTIONS INC,STK,Chemicals,Basic Materials,Chemicals-Specialty,COMMON,true,PRM
744102298,SOR,USD,NYSE,US,SOURCE CAPITAL,STK,,,,CLOSED-END FUND,false,SOR
744396821,CRBD,USD,NYSE,US,COREBRIDGE FINANCIAL INC,STK,Insurance,Financial,Life/Health Insurance,PREFERRED,false,CRBD
745721507,JACS U,USD,NYSE,US,JACKSON ACQUISITION CO II,STK,Holding Companies-Divers,Diversified,Specified Purpose Acquis,UNIT,false,JACS U
745930019,AHL PRF,USD,NYSE,US,ASPEN INSURANCE HLDG LTD,STK,Insurance,Financial,Reinsurance,PREFERRED,false,AHL PRF
746163414,MFSB,USD,NYSE,US,MFS ACTIVE CORE PLUS BOND,STK,,,,ETF,false,MFSB
746163417,MFSG,USD,NYSE,US,MFS ACTIVE GROWTH,STK,,,,ETF,false,MFSG
746163420,MFSM,USD,NYSE,US,MFS ACTIVE INTER MUNI BOND,STK,,,,ETF,false,MFSM
746163424,MFSI,USD,NYSE,US,MFS ACTIVE INTERNATIONAL,STK,,,,ETF,false,MFSI
746163429,MFSV,USD,NYSE,US,MFS ACTIVE VALUE,STK,,,,ETF,false,MFSV
746163770,PCG PRX,USD,NYSE,US,PG&E CORP,STK,Electric,Utilities,Electric-Integrated,CONVPREFERRED,false,PCG PRX
747567834,RCD,USD,NYSE,US,READY CAPITAL CORP,STK,REITS,Financial,REITS-Mortgage,PREFERRED,false,RCD
747757158,PRCS,USD,NYSE,US,PARNASSUS CORE SELECT ETF,STK,,,,ETF,false,PRCS
747757161,PRVS,USD,NYSE,US,PARNASSUS VALUE SELECT ETF,STK,,,,ETF,false,PRVS
748351585,APTV,USD,NYSE,US,APTIV PLC,STK,Auto Parts&amp;Equipment,"Consumer, Cyclical",Auto/Trk Prts&amp;Equip-Orig,COMMON,true,APTV
748353460,PDPA,USD,NYSE,US,PEARL DIVER CR CO INC SER A TERM P,STK,Diversified Finan Serv,Financial,Invest Mgmnt/Advis Serv,PREFERRED,false,PDPA
748681028,ECCU,USD,NYSE,US,EAGLE POINT CREDIT CO,STK,Closed-end Funds,Financial,Closed-end Funds,PREFERRED,false,ECCU
749040423,FEGE,USD,NYSE,US,FIRST EAGLE GL EQUITY ETF,STK,,,,ETF,false,FEGE
749040424,FEOE,USD,NYSE,US,FIRST EAGLE OVERSEAS EQ ETF,STK,,,,ETF,false,FEOE
751001208,TPZ,USD,NYSE,US,TORT ELECTF INFRA ETF-USD IN,STK,,,,ETF,false,TPZ
751356945,BIPC,USD,NYSE,US,BROOKFIELD INFRASTRUCTURE-A,STK,Gas,Utilities,Gas-Distribution,COMMON,true,BIPC
751356948,BEPC,USD,NYSE,US,BROOKFIELD RENEWABLE CORP,STK,Electric,Utilities,Electric-Generation,COMMON,true,BEPC
760569270,TIC,USD,NYSE,US,TIC SOLUTIONS INC,STK,Commercial Services,"Consumer, Non-cyclical",Commercial Services,COMMON,true,TIC
752731994,CNR,USD,NYSE,US,CORE NATURAL RESOURCES INC,STK,Coal,Energy,Coal,COMMON,true,CNR
752943788,NCV,USD,NYSE,US,VIRTUS CONVERTIBLE & INCOME,STK,,,,CLOSED-END FUND,false,NCV
752943794,NCZ,USD,NYSE,US,VIRTUS CONVERTIBLE & INCOME,STK,,,,CLOSED-END FUND,false,NCZ
753278762,OUT,USD,NYSE,US,OUTFRONT MEDIA INC,STK,REITS,Financial,REITS-Diversified,REIT,true,OUT
753729019,ANG PRD,USD,NYSE,US,AMERICAN NATL GROUP INC NEW DEPOSIT,STK,Insurance,Financial,Life/Health Insurance,PREFERRED,false,ANG PRD
754087849,SOJF,USD,NYSE,US,SOUTHERN CO,STK,Electric,Utilities,Electric-Integrated,PREFERRED,false,SOJF
754102248,FLOC,USD,NYSE,US,FLOWCO HOLDINGS INC-CL A,STK,Oil&amp;Gas Services,Energy,Oil-Field Services,COMMON,false,FLOC
754544278,FGSN,USD,NYSE,US,F&G ANNUITIES & LIFE INC,STK,Insurance,Financial,Life/Health Insurance,PREFERRED,false,FGSN
755606536,MRP,USD,NYSE,US,MILLROSE PROPERTIES,STK,REITS,Financial,REITS-Diversified,REIT,true,MRP
755608633,RWTP,USD,NYSE,US,REDWOOD TRUST INC,STK,REITS,Financial,REITS-Mortgage,PREFERRED,false,RWTP
756373540,VG,USD,NYSE,US,VENTURE GLOBAL INC-CL A,STK,Pipelines,Energy,Pipelines,COMMON,true,VG
756555617,JACS RT,USD,NYSE,US,JACKSON ACQUISITION CO II,STK,Holding Companies-Divers,Diversified,Specified Purpose Acquis,RIGHT,false,JACS RT
756555620,JACS,USD,NYSE,US,JACKSON ACQUISITION CO-CL A,STK,Holding Companies-Divers,Diversified,Specified Purpose Acquis,COMMON,false,JACS
756894871,LAR,USD,NYSE,US,LITHIUM ARGENTINA AG,STK,Mining,Basic Materials,Diversified Minerals,COMMON,true,LAR
757877644,INR,USD,NYSE,US,INFINITY NATURAL RESOUR-CL A,STK,Oil&amp;Gas,Energy,Oil Comp-Explor&amp;Prodtn,COMMON,true,INR
758089699,MSIF,USD,NYSE,US,MSC INCOME FUND INC,STK,Investment Companies,Financial,Investment Companies,COMMON,false,MSIF
759331638,GMMF,USD,NYSE,US,ISHARES GOVT MMKT ETF,STK,,,,ETF,false,GMMF
759331641,PMMF,USD,NYSE,US,ISHRS PRIME MMKT ETF,STK,,,,ETF,false,PMMF
759331719,TTAM,USD,NYSE,US,TITAN AMERICA SA,STK,Building Materials,Industrial,Bldg Prod-Cement/Aggreg,COMMON,true,TTAM
759904220,TRTN PRF,USD,NYSE,US,TRITON INTERNATIONAL LTD,STK,Commercial Services,"Consumer, Non-cyclical",Rental Auto/Equipment,PREFERRED,false,TRTN PRF
760582932,KRMN,USD,NYSE,US,KARMAN HOLDINGS INC,STK,Aerospace/Defense,Industrial,Aerospace/Defense,COMMON,true,KRMN
760778290,NPB,USD,NYSE,US,NORTHPOINTE BANCSHARES INC,STK,Banks,Financial,Commer Banks-Central US,COMMON,false,NPB
760958705,PMTV,USD,NYSE,US,PENNYMAC MTGE INVESTMENT,STK,REITS,Financial,REITS-Mortgage,PREFERRED,false,PMTV
762549331,RHLD,USD,NYSE,US,RESOLUTE HOLDINGS MANAG,STK,Diversified Finan Serv,Financial,Invest Mgmnt/Advis Serv,COMMON,false,RHLD
764486326,RAC U,USD,NYSE,US,RITHM ACQUISITION CORP,STK,Holding Companies-Divers,Diversified,Specified Purpose Acquis,UNIT,false,RAC U
765262072,RPT PRC,USD,NYSE,US,RITHM PPTY TR INC PFD SER C,STK,REITS,Financial,REITS-Mortgage,PREFERRED,false,RPT PRC
766482473,KKR PRD,USD,NYSE,US,KKR & CO INC PFD MANDATORY CONV SER,STK,Private Equity,Financial,Private Equity,CONVPREFERRED,false,KKR PRD
767284805,BK PRK,USD,NYSE,US,BANK OF NEW YORK MELLON CORP,STK,Banks,Financial,Fiduciary Banks,PREFERRED,false,BNY PRK
768194236,HFRO PRB,USD,NYSE,US,HIGHLAND OPPORTUNITIES AND INCOME FUND,STK,Closed-end Funds,Financial,Closed-end Funds,PREFERRED,false,HFRO PRB
771759969,NMAX,USD,NYSE,US,NEWSMAX INC,STK,Internet,Communications,Internet Content-Info/Ne,COMMON,true,NMAX
772518042,SMA,USD,NYSE,US,SMARTSTOP SELF STORAGE REIT,STK,REITS,Financial,REITS-Storage,REIT,true,SMA
772518047,SOUL U,USD,NYSE,US,SOULPOWER ACQUISITION CORP,STK,Holding Companies-Divers,Diversified,Specified Purpose Acquis,UNIT,false,SOUL U
776725419,HFGM,USD,NYSE,US,UNLTD HFGM GLOBAL MACRO ETF,STK,,,,ETF,false,HFGM
777166617,RAC,USD,NYSE,US,RITHM ACQUISITION CORP-A,STK,Holding Companies-Divers,Diversified,Specified Purpose Acquis,COMMON,false,RAC
777441513,DEA,USD,NYSE,US,EASTERLY GOVERNMENT PROPERTI,STK,REITS,Financial,REITS-Office Property,REIT,true,DEA
779307616,CMDB,USD,NYSE,US,COSTAMARE BULKERS HOLDING,STK,Transportation,Industrial,Transport-Marine,COMMON,false,CMDB
780709675,B,USD,NYSE,US,BARRICK MINING CORP,STK,Mining,Basic Materials,Gold Mining,COMMON,true,B
780715499,COPL U,USD,NYSE,US,COPLEY ACQUISITION CORP,STK,Holding Companies-Divers,Diversified,Specified Purpose Acquis,UNIT,false,COPL U
780983809,OR,USD,NYSE,US,OR ROYALTIES INC,STK,Mining,Basic Materials,Gold Mining,COMMON,true,OR
781540521,LION,USD,NYSE,US,LIONSGATE STUDIOS CORP,STK,Entertainment,"Consumer, Cyclical",Motion Pictures&amp;Services,COMMON,true,LION
782097056,AII,USD,NYSE,US,AMERICAN INTEGRITY INSURANCE,STK,Insurance,Financial,Property/Casualty Ins,COMMON,false,AII
782583550,FOUR PRA,USD,NYSE,US,SHIFT4 PMTS INC MANDATORY PFD STK C,STK,Commercial Services,"Consumer, Non-cyclical",Commercial Serv-Finance,CONVPREFERRED,false,FOUR PRA
783247136,TPYP,USD,NYSE,US,TORTOISE NORTH AMERICAN PIPE,STK,,,,ETF,true,TPYP
783893964,TWOD,USD,NYSE,US,TWO HBRS INVT CORP SR NT 009.375% 0,STK,REITS,Financial,REITS-Mortgage,PREFERRED,false,TWOD
784207063,SOUL,USD,NYSE,US,SOULPOWER ACQUISITION CO-A,STK,Holding Companies-Divers,Diversified,Specified Purpose Acquis,COMMON,false,SOUL
784207064,SOUL RT,USD,NYSE,US,SOULPOWER ACQUISITION CORP,STK,Holding Companies-Divers,Diversified,Specified Purpose Acquis,RIGHT,false,SOUL RT
785071865,BMNR,USD,NYSE,US,BITMINE IMMERSION TECHNOLOGI,STK,Diversified Finan Serv,Financial,Finance-Other Services,COMMON,true,BMNR
785075858,NEE PRU,USD,NYSE,US,NEXTERA ENERGY CAPITAL,STK,Electric,Utilities,Electric-Integrated,PREFERRED,false,NEE PRU
785370492,CIB,USD,NYSE,US,GRUPO CIBEST SA-ADR,STK,Banks,Financial,Commer Banks Non-US,ADR,true,CIB
786034490,HNGE,USD,NYSE,US,HINGE HEALTH INC-A,STK,Software,Technology,Medical Information Sys,COMMON,true,HNGE
786172159,MNTN,USD,NYSE,US,MNTN INC-A,STK,Advertising,Communications,Advertising Agencies,COMMON,true,MNTN
789046083,AAUC,USD,NYSE,US,ALLIED GOLD CORP,STK,Mining,Basic Materials,Gold Mining,COMMON,false,AAUC
787273570,AOMD,USD,NYSE,US,ANGEL OAK MORTGAGE REIT INC,STK,REITS,Financial,REITS-Mortgage,PREFERRED,false,AOMD
787550824,COPL,USD,NYSE,US,COPLEY ACQUISITION CORP-A,STK,Holding Companies-Divers,Diversified,Specified Purpose Acquis,COMMON,false,COPL
787755303,JENA U,USD,NYSE,US,JENA ACQUISITION CORP II,STK,Holding Companies-Divers,Diversified,Specified Purpose Acquis,UNIT,false,JENA U
787980769,SST,USD,NYSE,US,SYSTEM1 INC,STK,Computers,Technology,Computer Services,COMMON,false,SST
788453275,QXO PRB,USD,NYSE,US,QXO INC DEP SH REPSTG 1/20TH INT CO,STK,Retail,"Consumer, Cyclical",Retail-Building Products,CONVPREFERRED,false,QXO PRB
788703939,KKRT,USD,NYSE,US,KKR & CO INC SUB NT(DE),STK,Private Equity,Financial,Private Equity,PREFERRED,false,KKRT
789044667,CRCL,USD,NYSE,US,CIRCLE INTERNET GROUP INC,STK,Diversified Finan Serv,Financial,Finance-Other Services,COMMON,true,CRCL
789486824,TGE,USD,NYSE,US,GENERATION ESSENTIALS GROU-A,STK,Internet,Communications,Internet Content-Info/Ne,COMMON,false,TGE
790400436,ASIC,USD,NYSE,US,ATEGRITY SPECIALTY HOLDINGS,STK,Insurance,Financial,Property/Casualty Ins,COMMON,false,ASIC
790400443,VOYG,USD,NYSE,US,VOYAGER TECHNOLOGIES INC-A,STK,Aerospace/Defense,Industrial,Aerospace/Defense,COMMON,true,VOYG
790694713,OTF,USD,NYSE,US,BLUE OWL TECHNOLOGY FINANCE,STK,Investment Companies,Financial,Investment Companies,COMMON,false,OTF
790695214,JBS,USD,NYSE,US,JBS NV-A,STK,Food,"Consumer, Non-cyclical",Food-Meat Products,COMMON,true,JBS
790893274,PMTW,USD,NYSE,US,PENNYMAC MTG INVESTMENT,STK,REITS,Financial,REITS-Mortgage,PREFERRED,false,PMTW
791454689,STEM,USD,NYSE,US,STEM INC,STK,Energy-Alternate Sources,Energy,Energy-Alternate Sources,COMMON,true,STEM
791739625,TNGY,USD,NYSE,US,TORTOISE ENERGY ETF,STK,,,,ETF,false,TNGY
791742712,FIXT,USD,NYSE,US,TCW CORE PLUS BOND ETF,STK,,,,ETF,false,FIXT
792051315,RAL,USD,NYSE,US,RALLIANT CORP,STK,Electronics,Industrial,Electronic Measur Instr,COMMON,true,RAL
792307606,WBX,USD,NYSE,US,WALLBOX NV,STK,Electrical Compo&amp;Equip,Industrial,Power Conv/Supply Equip,COMMON,true,WBX
792315797,AMRZ,USD,NYSE,US,AMRIZE LTD,STK,Building Materials,Industrial,Bldg Prod-Cement/Aggreg,COMMON,true,AMRZ
793642110,OGC,USD,NYSE,US,OCEANAGOLD CORP,STK,Mining,Basic Materials,Gold Mining,COMMON,true,OGC
794909199,JHX,USD,NYSE,US,JAMES HARDIE IND PLC,STK,Building Materials,Industrial,Bldg&amp;Construct Prod-Misc,COMMON,true,JHX
794922965,AKAF,USD,NYSE,US,THE FRONTIER ECONOMIC FUND,STK,,,,ETF,false,AKAF
796073426,EVAC U,USD,NYSE,US,EQV VENTURES ACQUISITION COR,STK,Holding Companies-Divers,Diversified,Specified Purpose Acquis,UNIT,false,EVAC U
798495514,CHPT,USD,NYSE,US,CHARGEPOINT HOLDINGS INC,STK,Electrical Compo&amp;Equip,Industrial,Power Conv/Supply Equip,COMMON,true,CHPT
798837421,TBLU,USD,NYSE,US,TORTOISE GLOBAL WATER ETF,STK,,,,ETF,true,TBLU
798837444,PAII U,USD,NYSE,US,PYROPHYTE ACQUISITION CORP I,STK,Holding Companies-Divers,Diversified,Specified Purpose Acquis,UNIT,false,PAII U
798837451,PEW,USD,NYSE,US,GRABAGUN DIGITAL HOLDINGS IN,STK,Internet,Communications,E-Commerce/Products,COMMON,true,PEW
799138457,JENA RT,USD,NYSE,US,JENA ACQUISITION CORP II-RTS,STK,Holding Companies-Divers,Diversified,Specified Purpose Acquis,RIGHT,false,JENA RT
799138460,JENA,USD,NYSE,US,JENA ACQUISITION CORP II - A,STK,Holding Companies-Divers,Diversified,Specified Purpose Acquis,COMMON,false,JENA
799143679,SPME,USD,NYSE,US,SOUND POINT MERIDIAN CAPITAL INC,STK,Investment Companies,Financial,Investment Companies,PREFERRED,false,SPME
799160844,HFEQ,USD,NYSE,US,UNLIMITED HFEQ EQUITY LS ETF,STK,,,,ETF,false,HFEQ
799160850,HFMF,USD,NYSE,US,UNLMTED HFMF MNGED FTRES ETF,STK,,,,ETF,false,HFMF
801299795,NIQ,USD,NYSE,US,NIQ GLOBAL INTELLIGENCE PLC,STK,Commercial Services,"Consumer, Non-cyclical",Commercial Services,COMMON,true,NIQ
801327622,ARX,USD,NYSE,US,ACCELERANT HOLDINGS-CL A,STK,Insurance,Financial,Insurance Brokers,COMMON,true,ARX
801327625,MH,USD,NYSE,US,MCGRAW HILL INC,STK,Software,Technology,Educational Software,COMMON,false,MH
802476467,AMBQ,USD,NYSE,US,AMBIQ MICRO INC,STK,Semiconductors,Technology,Electronic Compo-Semicon,COMMON,true,AMBQ
802794976,FIG,USD,NYSE,US,FIGMA INC-CL A,STK,Software,Technology,Computer Graphics,COMMON,true,FIG
802794981,SI,USD,NYSE,US,SHOULDER INNOVATIONS INC,STK,Healthcare-Products,"Consumer, Non-cyclical",Medical Products,COMMON,false,SI
802801215,LOB PRA,USD,NYSE,US,LIVE OAK BANCSHARES INC DP SHS RPST,STK,Banks,Financial,Commer Banks-Southern US,PREFERRED,false,LOB PRA
803005698,AVBC,USD,NYSE,US,AVIDIA BANCORP INC,STK,Banks,Financial,Commer Banks Non-US,COMMON,false,AVBC
803739970,CFG PRI,USD,NYSE,US,CITIZENS FINL GROUP INC DEP SHS REP,STK,Banks,Financial,Commer Banks-Eastern US,PREFERRED,false,CFG PRI
803774815,NLY PRJ,USD,NYSE,US,ANNALY CAP MGMT INC CUM RED PFD SER,STK,REITS,Financial,REITS-Mortgage,PREFERRED,false,NLY PRJ
804124941,TCAI,USD,NYSE,US,TORTOISE AI INFRASTRUCTR ETF,STK,,,,ETF,false,TCAI
804495772,CFND,USD,NYSE,US,C1 FUND INC,STK,,,,CLOSED-END FUND,false,CFND
805705289,BLSH,USD,NYSE,US,BULLISH,STK,Software,Technology,Applications Software,COMMON,true,BLSH
806021775,MIAX,USD,NYSE,US,MIAMI INTERNATIONAL HOLDINGS,STK,Diversified Finan Serv,Financial,Finance-Other Services,COMMON,true,MIAX
806555905,EVAC,USD,NYSE,US,EQV VENTURES ACQUISITION C-A,STK,Holding Companies-Divers,Diversified,Specified Purpose Acquis,COMMON,false,EVAC
808300520,XRN,USD,NYSE,US,CHIRON REAL ESTATE INC,STK,REITS,Financial,REITS-Health Care,REIT,true,XRN
808613935,CNF,USD,NYSE,US,CNFINANCE HOLDINGS LTD,STK,Diversified Finan Serv,Financial,Finance-Mtge Loan/Banker,ADR,false,CNF
808619071,EAF,USD,NYSE,US,GRAFTECH INTERNATIONAL LTD,STK,Miscellaneous Manufactur,Industrial,Advanced Materials/Prd,COMMON,true,EAF
811021444,SSB,USD,NYSE,US,SOUTHSTATE BANK CORP,STK,Banks,Financial,Commer Banks-Southern US,COMMON,true,SSB
811280215,PAII,USD,NYSE,US,PYROPHYTE ACQUISITION CORP-A,STK,Holding Companies-Divers,Diversified,Specified Purpose Acquis,COMMON,false,PAII
811725984,AGM PRH,USD,NYSE,US,FEDERAL AGRIC MTG CORP NON-CUMULATI,STK,Sovereign,Government,Sovereign Agency,PREFERRED,false,AGM PRH
811739086,SOS,USD,NYSE,US,SOS LTD-A,STK,Investment Companies,Financial,Investment Companies,COMMON,false,SOS
812511737,KLAR,USD,NYSE,US,KLARNA GROUP PLC,STK,Commercial Services,"Consumer, Non-cyclical",Commercial Serv-Finance,COMMON,true,KLAR
812809135,SQNS,USD,NYSE,US,SEQUANS COMMUNICATIONS-ADR,STK,Semiconductors,Technology,Electronic Compo-Semicon,ADR,true,SQNS
812853295,ANGX,USD,NYSE,US,ANGEL STUDIOS INC,STK,Entertainment,"Consumer, Cyclical",Motion Pictures&amp;Services,COMMON,true,ANGX
813093254,VIA,USD,NYSE,US,VIA TRANSPORTATION INC-CL A,STK,Software,Technology,Applications Software,COMMON,true,VIA
814089479,STUB,USD,NYSE,US,STUBHUB HOLDINGS INC-CLASS A,STK,Internet,Communications,E-Commerce/Services,COMMON,true,STUB
814089480,WBI,USD,NYSE,US,WATERBRIDGE INFRASTRUC-CL A,STK,Oil&amp;Gas Services,Energy,Oil-Field Services,COMMON,true,WBI
814794856,CIMP,USD,NYSE,US,CHIMERA INVESTMENT CORP,STK,REITS,Financial,REITS-Mortgage,PREFERRED,false,CIMP
816850969,DTK,USD,NYSE,US,DTE ENERGY CO,STK,Electric,Utilities,Electric-Integrated,PREFERRED,false,DTK
816879126,MMID,USD,NYSE,US,MFS ACTIVE MID CAP ETF,STK,,,,ETF,false,MMID
817230116,AEXA,USD,NYSE,US,AMERICAN EXCEPTIONALISM-CL A,STK,Holding Companies-Divers,Diversified,Specified Purpose Acquis,COMMON,true,AEXA
817230123,FCRS U,USD,NYSE,US,FUTURECREST ACQUISITION CORP,STK,Holding Companies-Divers,Diversified,Specified Purpose Acquis,UNIT,false,FCRS U
817815740,WOLF,USD,NYSE,US,WOLFSPEED INC,STK,Semiconductors,Technology,Electronic Compo-Semicon,COMMON,true,WOLF
817957145,RITM PRE,USD,NYSE,US,RITHM CAP CORP SER E FXD-RATE CUMUL,STK,REITS,Financial,REITS-Diversified,PREFERRED,false,RITM PRE
818284919,BCSS U,USD,NYSE,US,BAIN CAPITAL GSS INVESTMENT,STK,Holding Companies-Divers,Diversified,Specified Purpose Acquis,UNIT,false,BCSS U
818284930,NP,USD,NYSE,US,NEPTUNE INSURANCE HOLDI-CL A,STK,Insurance,Financial,Insurance Brokers,COMMON,false,NP
818627506,KRSP U,USD,NYSE,US,RICE ACQUISITION CORP 3,STK,Holding Companies-Divers,Diversified,Specified Purpose Acquis,UNIT,false,KRSP U
818630468,YCY U,USD,NYSE,US,AA MISSION ACQUISITION CORP,STK,Holding Companies-Divers,Diversified,Specified Purpose Acquis,UNIT,false,YCY U
819397091,AIIA U,USD,NYSE,US,AI INFRASTRUCTURE ACQUISITIO,STK,Holding Companies-Divers,Diversified,Specified Purpose Acquis,UNIT,false,AIIA U
820579945,ALH,USD,NYSE,US,ALLIANCE LAUNDRY HOLDINGS IN,STK,Home Furnishings,"Consumer, Cyclical",Appliances,COMMON,true,ALH
820617512,PXED,USD,NYSE,US,PHOENIX EDUCATION PARTNERS I,STK,Internet,Communications,Internet Content-Info/Ne,COMMON,false,PXED
821226907,TCPA,USD,NYSE,US,TRANSCANADA PIPELINES LTD 6.250% JR,STK,Pipelines,Energy,Pipelines,PREFERRED,false,TCPA
824788107,Q,USD,NYSE,US,QNITY ELECTRONICS INC,STK,Chemicals,Basic Materials,Chemicals-Specialty,COMMON,true,Q
824828112,BRCE,USD,NYSE,US,MFS BR CORE EQUITY ETF,STK,,,,ETF,false,BRCE
824830051,BRIE,USD,NYSE,US,MFS BR INTL EQUITY ETF,STK,,,,ETF,false,BRIE
826135929,YCY,USD,NYSE,US,AA MISSION ACQUISITION-A,STK,Holding Companies-Divers,Diversified,Specified Purpose Acquis,COMMON,false,YCY
827250342,CCID,USD,NYSE,US,CARLYLE CR INCOME FD PFD CL D,STK,Closed-end Funds,Financial,Closed-end Funds,PREFERRED,false,CCID
827301822,VACI U,USD,NYSE,US,VIKING ACQUISITIONS CORP I,STK,Holding Companies-Divers,Diversified,Specified Purpose Acquis,UNIT,false,VACI U
827303554,SUNC,USD,NYSE,US,SUNOCOCORP LLC,STK,Pipelines,Energy,Pipelines,COMMON,true,SUNC
827707267,LXP,USD,NYSE,US,LXP INDUSTRIAL TRUST,STK,REITS,Financial,REITS-Warehouse/Industr,REIT,true,LXP
827748448,MTB PRK,USD,NYSE,US,M&T BK CORP DEP SHS REPSTG 1/400TH,STK,Banks,Financial,Commer Banks-Eastern US,PREFERRED,false,MTB PRK
827749273,BETA,USD,NYSE,US,BETA TECHNOLOGIES INC -CL A,STK,Aerospace/Defense,Industrial,Aerospace/Defense,COMMON,true,BETA
828049091,XZO,USD,NYSE,US,EXZEO GROUP INC,STK,Insurance,Financial,Property/Casualty Ins,COMMON,false,XZO
828378995,EVMN,USD,NYSE,US,EVOMMUNE INC,STK,Biotechnology,"Consumer, Non-cyclical",Medical-Biomedical/Gene,COMMON,true,EVMN
828378998,AERO,USD,NYSE,US,GRUPO AEROMEXICO SAB DE CV,STK,Airlines,"Consumer, Cyclical",Airlines,ADR,true,AERO
829305680,SOMN,USD,NYSE,US,SOUTHERN CO CORP UNIT,STK,Electric,Utilities,Electric-Integrated,CONVPREFERRED,false,SOMN
830386206,BCSS,USD,NYSE,US,BAIN CAPITAL GSS INV- A,STK,Holding Companies-Divers,Diversified,Specified Purpose Acquis,COMMON,false,BCSS
830405601,ALUB U,USD,NYSE,US,ALUSSA ENERGY ACQUISITION CO,STK,Holding Companies-Divers,Diversified,Specified Purpose Acquis,UNIT,false,ALUB U
830625031,KRSP,USD,NYSE,US,RICE ACQUISITION CORP 3 - A,STK,Holding Companies-Divers,Diversified,Specified Purpose Acquis,COMMON,false,KRSP
831089019,CANG,USD,NYSE,US,CANGO INC/KY - CLASS A,STK,Investment Companies,Financial,Investment Companies,COMMON,false,CANG
831418652,FSSL,USD,NYSE,US,FS SPECIALTY LENDING FUND,STK,,,,CLOSED-END FUND,false,FSSL
831426175,PINE PRA,USD,NYSE,US,ALPINE INCOME PPTY TR INC PFD REDE,STK,REITS,Financial,REITS-Single Tenant,PREFERRED,false,PINE PRA
831843620,DEC,USD,NYSE,US,DIVERSIFIED ENERGY CO,STK,Oil&amp;Gas,Energy,Oil Comp-Explor&amp;Prodtn,COMMON,false,DEC
831872607,VACI,USD,NYSE,US,VIKING ACQUISITION CORP - A,STK,Holding Companies-Divers,Diversified,Specified Purpose Acquis,COMMON,false,VACI
832127764,XRN PRB,USD,NYSE,US,GLOBAL MED REIT INC CUMULATIVE REDE,STK,REITS,Financial,REITS-Health Care,PREFERRED,false,XRN PRB
832140754,HPP,USD,NYSE,US,HUDSON PACIFIC PROPERTIES IN,STK,REITS,Financial,REITS-Office Property,REIT,true,HPP
832479154,FCRS,USD,NYSE,US,FUTURECREST ACQUISITION-CL A,STK,Holding Companies-Divers,Diversified,Specified Purpose Acquis,COMMON,false,FCRS
832486222,AIIA,USD,NYSE,US,AI INFRASTRUCTURE AC-A,STK,Holding Companies-Divers,Diversified,Specified Purpose Acquis,COMMON,false,AIIA
832486249,AIIA RT,USD,NYSE,US,AI INFRASTRUCTURE ACQUISITIO,STK,Holding Companies-Divers,Diversified,Specified Purpose Acquis,RIGHT,false,AIIA RT
833191541,RWTQ,USD,NYSE,US,REDWOOD TRUST INC PREFERRED,STK,REITS,Financial,REITS-Mortgage,PREFERRED,false,RWTQ
833194082,UL,USD,NYSE,US,UNILEVER PLC-SPONSORED ADR,STK,Cosmetics/Personal Care,"Consumer, Non-cyclical",Cosmetics&amp;Toiletries,ADR,true,UL
834270053,CWK,USD,NYSE,US,CUSHMAN & WAKEFIELD LTD,STK,Real Estate,Financial,Real Estate Mgmnt/Servic,COMMON,true,CWK
834535020,BFH PRA,USD,NYSE,US,BREAD FINL HLDGS INC DEP SHS REPSTG,STK,Diversified Finan Serv,Financial,Finance-Credit Card,PREFERRED,false,BFH PRA
835894408,SAC U,USD,NYSE,US,SAFEGUARD ACQUISITION CORP,STK,Holding Companies-Divers,Diversified,Specified Purpose Acquis,UNIT,false,SAC U
835894782,SBXE U,USD,NYSE,US,SILVERBOX CORP V,STK,Holding Companies-Divers,Diversified,Specified Purpose Acquis,UNIT,false,SBXE U
835896191,NWAX U,USD,NYSE,US,NEW AMERICA ACQUISITION I CO,STK,Holding Companies-Divers,Diversified,Specified Purpose Acquis,UNIT,false,NWAX U
836365978,MICC,USD,NYSE,US,MAGNUM ICE CREAM CO NV/THE,STK,Food,"Consumer, Non-cyclical",Food-Dairy Products,COMMON,true,MICC
837468789,XXI,USD,NYSE,US,TWENTY ONE CAPITAL INC-CL A,STK,Diversified Finan Serv,Financial,Finance-Other Services,COMMON,true,XXI
838612589,RONB,USD,NYSE,US,BARON FIRST PRINCIPLES ETF,STK,,,,ETF,false,RONB
838612595,BCGD,USD,NYSE,US,BARON GLOBAL DURABLE ADV ETF,STK,,,,ETF,false,BCGD
838612598,BCSM,USD,NYSE,US,BARON SMID CAP ETF,STK,,,,ETF,false,BCSM
838625851,ANDG,USD,NYSE,US,ANDERSEN GROUP INC - A,STK,Commercial Services,"Consumer, Non-cyclical",Commercial Serv-Finance,COMMON,false,ANDG
839277078,BPRE,USD,NYSE,US,BLUEROCK PRIVATE REAL ESTATE,STK,,,,CLOSED-END FUND,false,BPRE
840179321,BEBE U,USD,NYSE,US,TGE VALUE CREATIVE SOLUTIONS,STK,Holding Companies-Divers,Diversified,Specified Purpose Acquis,UNIT,false,BEBE U
840411975,AXIA PRC,USD,NYSE,US,AXIA ENERGIA-ADR PREF C,STK,Electric,Utilities,Electric-Generation,ADR,false,AXIA PRC
840414918,QGEN,USD,NYSE,US,QIAGEN N.V.,STK,Healthcare-Products,"Consumer, Non-cyclical",Diagnostic Kits,COMMON,true,QGEN
841260649,RPT,USD,NYSE,US,RITHM PROPERTY TRUST INC,STK,REITS,Financial,REITS-Mortgage,REIT,false,RPT
841841359,PNFP,USD,NYSE,US,PINNACLE FINANCIAL PARTNERS,STK,Banks,Financial,Commer Banks-Southern US,COMMON,true,PNFP
842016525,AXIA PR,USD,NYSE,US,AXIA ENERGIA-ADR PREF,STK,Electric,Utilities,Electric-Generation,ADR,false,AXIA PR
842933177,PNFP PRB,USD,NYSE,US,TEEL NEWCO INC PREFFERED,STK,Banks,Financial,Commer Banks-Southern US,PREFERRED,false,PNFP PRB
842933180,PNFP PRA,USD,NYSE,US,TEEL NEWCO INC PREFFERED,STK,Banks,Financial,Commer Banks-Southern US,PREFERRED,false,PNFP PRA
843167163,BIII U,USD,NYSE,US,BLACK SPADE ACQUISITION III,STK,Holding Companies-Divers,Diversified,Specified Purpose Acquis,UNIT,false,BIII U
843494123,PNFP PRC,USD,NYSE,US,PINNACLE FINL PART INC NW FXD FL RT,STK,Banks,Financial,Commer Banks-Southern US,PREFERRED,false,PNFP PRC
843508860,ALUB,USD,NYSE,US,ALUSSA ENERGY ACQUISIT II-A,STK,Holding Companies-Divers,Diversified,Specified Purpose Acquis,COMMON,false,ALUB
845303166,TRTN PRG,USD,NYSE,US,TRITON INTERNATIONAL LTD,STK,Commercial Services,"Consumer, Non-cyclical",Rental Auto/Equipment,PREFERRED,false,TRTN PRG
845305949,AMCR,USD,NYSE,US,AMCOR PLC,STK,Packaging&amp;Containers,Industrial,Containers-Paper/Plastic,COMMON,true,AMCR
845891725,SRJN,USD,NYSE,US,SPIRE INC,STK,Gas,Utilities,Gas-Distribution,PREFERRED,false,SRJN
845911437,RITM PRF,USD,NYSE,US,RITHM CAP CORP RESET RED PFD SER F,STK,REITS,Financial,REITS-Diversified,PREFERRED,false,RITM PRF
847074070,SBXE,USD,NYSE,US,SILVERBOX CORP V-CL A,STK,Holding Companies-Divers,Diversified,Specified Purpose Acquis,COMMON,false,SBXE
847099374,BTGO,USD,NYSE,US,BITGO HOLDINGS INC-CL A,STK,Software,Technology,Applications Software,COMMON,true,BTGO
847686920,NWAX,USD,NYSE,US,NEW AMERICA ACQUISITION-CL A,STK,Holding Companies-Divers,Diversified,Specified Purpose Acquis,COMMON,false,NWAX
848266071,SAC,USD,NYSE,US,SAFEGUARD ACQUISITION C-CL A,STK,Holding Companies-Divers,Diversified,Specified Purpose Acquis,COMMON,false,SAC
848753921,AWP,USD,NYSE,US,ABRDN GLOBAL PREMIER PROPERT,STK,,,,CLOSED-END FUND,false,AWP
849555240,BIII,USD,NYSE,US,BLACK SPADE ACQUISITION-CL A,STK,Holding Companies-Divers,Diversified,Specified Purpose Acquis,COMMON,false,BIII
849557888,YSS,USD,NYSE,US,YORK SPACE SYSTEMS INC,STK,Aerospace/Defense,Industrial,Aerospace/Defense,COMMON,true,YSS
850027846,C PRR,USD,NYSE,US,CITI GROUP INC PREFERRED,STK,Banks,Financial,Diversified Banking Inst,PREFERRED,false,C PRR
850324517,MANE,USD,NYSE,US,VERADERMICS INC,STK,Pharmaceuticals,"Consumer, Non-cyclical",Medical-Drugs,COMMON,false,MANE
850790318,WPAC U,USD,NYSE,US,WHITE PEARL ACQUISITION CORP,STK,Holding Companies-Divers,Diversified,Specified Purpose Acquis,UNIT,false,WPAC U
850790325,BEBE,USD,NYSE,US,TGE VALUE CREATIVE SOLU-CL A,STK,Holding Companies-Divers,Diversified,Specified Purpose Acquis,COMMON,false,BEBE
851243292,IRAB U,USD,NYSE,US,IRIS ACQUISITION CORP II,STK,Holding Companies-Divers,Diversified,Specified Purpose Acquis,UNIT,false,IRAB U
851509154,BOBS,USD,NYSE,US,BOB'S DISCOUNT FURNITURE,STK,Retail,"Consumer, Cyclical",Retail-Home Furnishings,COMMON,true,BOBS
851538894,CLBR U,USD,NYSE,US,COLOMBIER ACQSTN CORP III,STK,Holding Companies-Divers,Diversified,Specified Purpose Acquis,UNIT,false,CLBR U
851539566,FPS,USD,NYSE,US,FORGENT POWER SOLUTIONS INC,STK,Machinery-Constr&amp;Mining,Industrial,Machinery-Electric Util,COMMON,true,FPS
851828475,OFRM,USD,NYSE,US,ONCE UPON A FARM PBC,STK,Food,"Consumer, Non-cyclical",Food-Misc/Diversified,COMMON,true,OFRM
852621831,ORCL PRD,USD,NYSE,US,ORACLE CORP DEPOSITARY SHS REP 1/20,STK,Software,Technology,Enterprise Software/Serv,CONVPREFERRED,false,ORCL PRD
853045159,WAGN,USD,NYSE,US,PABRAI WAGONS ETF,STK,,,,ETF,false,WAGN
853053465,SAV,USD,NYSE,US,SARATOGA INVESTMENT CORP,STK,Investment Companies,Financial,Investment Companies,PREFERRED,false,SAV
853053472,PIPR,USD,NYSE,US,PIPER SANDLER COS,STK,Diversified Finan Serv,Financial,Finance-Invest Bnkr/Brkr,COMMON,true,PIPR
853066630,AGBK,USD,NYSE,US,AGI INC-CL A,STK,Banks,Financial,Commer Banks Non-US,COMMON,false,AGBK
853830429,MMK,USD,NYSE,US,STATE STREET PR MON MAR ETF,STK,,,,ETF,false,MMK
854083840,INFQ,USD,NYSE,US,INFLEQTION INC,STK,Computers,Technology,Computers,COMMON,true,INFQ
854104967,XFLH U,USD,NYSE,US,XFLH CAPITAL CORP,STK,Holding Companies-Divers,Diversified,Specified Purpose Acquis,UNIT,false,XFLH U
854923603,CICC,USD,NYSE,US,CION INVT CORP NT 7.500% 03/31/31,STK,Investment Companies,Financial,Investment Companies,PREFERRED,false,CICC
856697823,IRAB,USD,NYSE,US,IRIS ACQUISITION CORP I-CL A,STK,Holding Companies-Divers,Diversified,Specified Purpose Acquis,COMMON,false,IRAB
856697827,WPAC RT,USD,NYSE,US,WHITE PEARL ACQUISITION CORP,STK,Holding Companies-Divers,Diversified,Specified Purpose Acquis,RIGHT,false,WPAC RT
856697830,WPAC,USD,NYSE,US,WHITE PEARL ACQUISITION CO-A,STK,Holding Companies-Divers,Diversified,Specified Purpose Acquis,COMMON,false,WPAC
857733918,TRAD U,USD,NYSE,US,APEX TECH ACQUISITION INC,STK,Holding Companies-Divers,Diversified,Specified Purpose Acquis,UNIT,false,TRAD U
857733993,MZYX U,USD,NYSE,US,MOZAYYX ACQUISITION CORP,STK,Holding Companies-Divers,Diversified,Specified Purpose Acquis,UNIT,false,MZYX U
858138573,PPLC,USD,NYSE,US,PPL CORPORATION,STK,Electric,Utilities,Electric-Integrated,CONVPREFERRED,false,PPLC
858451255,WHR PRA,USD,NYSE,US,WHIRLPOOL CORP,STK,Home Furnishings,"Consumer, Cyclical",Appliances,CONVPREFERRED,false,WHR PRA
858494169,SUNB,USD,NYSE,US,SUNBELT RENTALS HOLDINGS INC,STK,Commercial Services,"Consumer, Non-cyclical",Rental Auto/Equipment,COMMON,true,SUNB
859478795,NEE PRV,USD,NYSE,US,NEXTERA ENERGY INC,STK,Electric,Utilities,Electric-Integrated,CONVPREFERRED,false,NEE PRV
860094814,KCAC U,USD,NYSE,US,KENSINGTON CAPITAL ACQUISITI,STK,Holding Companies-Divers,Diversified,Specified Purpose Acquis,UNIT,false,KCAC U
860467883,BREE,USD,NYSE,US,MFS BR EM EQUITY ETF,STK,,,,ETF,false,BREE
860489383,GLED U,USD,NYSE,US,GALAXYEDGE ACQUISITION CORP,STK,Holding Companies-Divers,Diversified,Specified Purpose Acquis,UNIT,false,GLED U
860490275,RVI,USD,NYSE,US,ROBINHOOD VENTURES FUND I,STK,,,,CLOSED-END FUND,false,RVI
860755854,FTW,USD,NYSE,US,PRESIDIO PRODUCTION CO-A,STK,Oil&amp;Gas,Energy,Oil Comp-Explor&amp;Prodtn,COMMON,true,FTW
860938591,XFLH,USD,NYSE,US,XFLH CAPITAL CORP,STK,Holding Companies-Divers,Diversified,Specified Purpose Acquis,COMMON,false,XFLH
860939269,XFLH RT,USD,NYSE,US,XFLH CAPITAL CORP,STK,Holding Companies-Divers,Diversified,Specified Purpose Acquis,RIGHT,false,XFLH RT
861863538,COOK,USD,NYSE,US,TRAEGER INC,STK,Home Furnishings,"Consumer, Cyclical",Appliances,COMMON,false,COOK
862417127,XFLT,USD,NYSE,US,XAI OCTAGON FLTNG RT & ALT,STK,,,,CLOSED-END FUND,false,XFLT
862542826,MTAL U,USD,NYSE,US,METALS ACQUISITION CORP II,STK,Holding Companies-Divers,Diversified,Specified Purpose Acquis,UNIT,false,MTAL U
862833903,FHN PRH,USD,NYSE,US,FIRST HORIZON CORP DEP SH REPSTG 1/,STK,Banks,Financial,Commer Banks-Southern US,PREFERRED,false,FHN PRH
863841644,VCX,USD,NYSE,US,FUNDRISE INNOVATION FUND LLC,STK,,,,CLOSED-END FUND,true,VCX
864281476,FUBO,USD,NYSE,US,FUBOTV INC -CLASS A,STK,Internet,Communications,Internet Content-Info/Ne,COMMON,true,FUBO
865214463,JAN,USD,NYSE,US,JANUS LIVING INC CL-A-1,STK,REITS,Financial,REITS-Health Care,REIT,false,JAN
865634599,VGNT,USD,NYSE,US,VERSIGENT PLC,STK,Auto Parts&amp;Equipment,"Consumer, Cyclical",Auto/Trk Prts&amp;Equip-Orig,COMMON,true,VGNT
865765838,BWIV U,USD,NYSE,US,BLUE WATER ACQUISITION CORP,STK,Holding Companies-Divers,Diversified,Specified Purpose Acquis,UNIT,false,BWIV U
865766229,CLBR,USD,NYSE,US,COLOMBIER ACQ III-CL A,STK,Holding Companies-Divers,Diversified,Specified Purpose Acquis,COMMON,false,CLBR
866485437,AGL,USD,NYSE,US,AGILON HEALTH INC,STK,Healthcare-Services,"Consumer, Non-cyclical",Phys Practice Mgmnt,COMMON,true,AGL
866918764,NEE PRW,USD,NYSE,US,NEXTERA ENERGY CAP HLDGS INC GTD JR,STK,Electric,Utilities,Electric-Integrated,PREFERRED,false,NEE PRW
867879630,UNIU,USD,NYSE,US,RIVERNORTH LNG PRM UNIC 2028,STK,,,,CLOSED-END FUND,false,UNIU
867879892,UNID,USD,NYSE,US,RIVERNORTH SHR PRM UNIC 2028,STK,,,,CLOSED-END FUND,false,UNID
868140240,BARK,USD,NYSE,US,BARK INC,STK,Internet,Communications,E-Commerce/Products,COMMON,false,BARK
868953526,BBUC,USD,NYSE,US,BROOKFIELD BUSINESS CORP-A,STK,Investment Companies,Financial,Investment Companies,COMMON,true,BBUC
869314623,KPET U,USD,NYSE,US,KPET ULTRA PACELINE CORP,STK,Holding Companies-Divers,Diversified,Specified Purpose Acquis,UNIT,false,KPET U
871033325,CFTR PRA,USD,NYSE,US,CANTOR FITZGERALD INCOME TR INC SER,STK,REITS,Financial,REITS-Diversified,PREFERRED,false,CFTR PRA
871579967,QRED U,USD,NYSE,US,QUASAREDGE ACQUISITION CORP,STK,Holding Companies-Divers,Diversified,Specified Purpose Acquis,UNIT,false,QRED U
871579970,THMR,USD,NYSE,US,THOR ADAPTIVERISK DYNMIC ETF,STK,,,,ETF,false,THMR
871612896,BCEM,USD,NYSE,US,BARON EM SELECT ETF,STK,,,,ETF,false,BCEM
872502400,GLED RT,USD,NYSE,US,GALAXYEDGE ACQUISITION CO-R,STK,Holding Companies-Divers,Diversified,Specified Purpose Acquis,RIGHT,false,GLED RT
872502862,GLED,USD,NYSE,US,GALAXYEDGE ACQUISITION CORP,STK,Holding Companies-Divers,Diversified,Specified Purpose Acquis,COMMON,false,GLED
872502864,MTAL,USD,NYSE,US,METALS ACQUISITION II-CL A,STK,Holding Companies-Divers,Diversified,Specified Purpose Acquis,COMMON,false,MTAL
872864819,PLUN U,USD,NYSE,US,PLUTONIAN ACQUISITION CORP I,STK,Holding Companies-Divers,Diversified,Specified Purpose Acquis,UNIT,false,PLUN U
873192317,TRAD RT,USD,NYSE,US,APEX TECH ACQUISITION INC-R,STK,Holding Companies-Divers,Diversified,Specified Purpose Acquis,RIGHT,false,TRAD RT
873192322,TRAD,USD,NYSE,US,APEX TECH ACQUISITION INC,STK,Holding Companies-Divers,Diversified,Specified Purpose Acquis,COMMON,false,TRAD
873192327,MZYX,USD,NYSE,US,MOZAYYX ACQUISITION COR-CL A,STK,Holding Companies-Divers,Diversified,Specified Purpose Acquis,COMMON,false,MZYX
873225333,MAIR,USD,NYSE,US,MADISON AIR SOLUTIONS CORP-A,STK,Building Materials,Industrial,Bldg Prod-Air&amp;Heating,COMMON,true,MAIR
873473252,UP,USD,NYSE,US,WHEELS UP EXPERIENCE INC,STK,Airlines,"Consumer, Cyclical",Airlines,COMMON,false,UP
873538145,AVEX,USD,NYSE,US,AEVEX CORP CL-A,STK,Aerospace/Defense,Industrial,Aerospace/Defense,COMMON,true,AVEX
873837760,KCA U,USD,NYSE,US,KENSINGTON CAPITAL ACQUISITI,STK,Holding Companies-Divers,Diversified,Specified Purpose Acquis,UNIT,false,KCA U
877316218,PS,USD,NYSE,US,PERSHING SQUARE INC,STK,Diversified Finan Serv,Financial,Invest Mgmnt/Advis Serv,COMMON,true,PS
878372298,CCL,USD,NYSE,US,CARNIVAL CORP LTD,STK,Leisure Time,"Consumer, Cyclical",Cruise Lines,COMMON,true,CCL
878376251,MTNE U,USD,NYSE,US,CH4 NATURAL SOLUTIONS CORP,STK,Holding Companies-Divers,Diversified,Specified Purpose Acquis,UNIT,false,MTNE U
878376254,WENC U,USD,NYSE,US,WEST ENCLAVE MERGER CORP,STK,Holding Companies-Divers,Diversified,Specified Purpose Acquis,UNIT,false,WENC U
878691379,ELLA,USD,NYSE,US,ELLINGTON CREDIT COMPANY,STK,Closed-end Funds,Financial,Closed-end Funds,PREFERRED,false,ELLA
878753313,ETSS U,USD,NYSE,US,ENERGY TRANSITION SPECIAL OP,STK,Holding Companies-Divers,Diversified,Specified Purpose Acquis,UNIT,false,ETSS U
878753316,QLEP U,USD,NYSE,US,QUANTUM LEAP ACQUISITION COR,STK,Holding Companies-Divers,Diversified,Specified Purpose Acquis,UNIT,false,QLEP U
879850959,BWIV,USD,NYSE,US,BLUE WATER ACQUISITION-CL A,STK,Holding Companies-Divers,Diversified,Specified Purpose Acquis,COMMON,false,BWIV
879876146,VECA U,USD,NYSE,US,VERNAL CAPITAL ACQUISITION C,STK,Holding Companies-Divers,Diversified,Specified Purpose Acquis,UNIT,false,VECA U
879876152,HAWK,USD,NYSE,US,HAWKEYE 360 INC,STK,Aerospace/Defense,Industrial,Aerospace/Defense,COMMON,true,HAWK
880200689,ENHA,USD,NYSE,US,ENHANCED GROUP INC,STK,Cosmetics/Personal Care,"Consumer, Non-cyclical",Cosmetics&amp;Toiletries,COMMON,false,ENHA
880200707,QRED,USD,NYSE,US,QUASAREDGE ACQUISITION CORP,STK,Holding Companies-Divers,Diversified,Specified Purpose Acquis,COMMON,false,QRED
880200710,QRED RT,USD,NYSE,US,QUASAREDGE ACQUISITION CORP,STK,Holding Companies-Divers,Diversified,Specified Purpose Acquis,RIGHT,false,QRED RT
880200713,SAGU U,USD,NYSE,US,SHREYA ACQUISITION GROUP,STK,Holding Companies-Divers,Diversified,Specified Purpose Acquis,UNIT,false,SAGU U
880604018,OTAI U,USD,NYSE,US,STARLINK AI ACQUISITION CORP,STK,Holding Companies-Divers,Diversified,Specified Purpose Acquis,UNIT,false,OTAI U
881493330,BFH PRB,USD,NYSE,US,BREAD FINL HLDGS INC DEP SHS / 1/40,STK,Diversified Finan Serv,Financial,Finance-Credit Card,PREFERRED,false,BFH PRB
881566861,GMRS,USD,NYSE,US,GMR SOLUTIONS INC-A,STK,Healthcare-Services,"Consumer, Non-cyclical",Medical-Outptnt/Home Med,COMMON,false,GMRS
881954917,TYG RTWI,USD,NYSE,US,TORTOISE ENERGY INFRAS-RT,STK,Closed-end Funds,Financial,Closed-end Funds,RIGHT,false,TYG RT
881987414,WENC RT,USD,NYSE,US,WEST ENCLAVE MERGER CORP-RT,STK,Holding Companies-Divers,Diversified,Specified Purpose Acquis,RIGHT,false,WENC RT
881989902,WENC,USD,NYSE,US,WEST ENCLAVE MERGER CORP,STK,Holding Companies-Divers,Diversified,Specified Purpose Acquis,COMMON,false,WENC
881993794,BXDC,USD,NYSE,US,BLACKSTONE DIGITAL INFRASTRU,STK,REITS,Financial,REITS-Diversified,REIT,false,BXDC
881993799,EROK,USD,NYSE,US,EAGLEROCK LAND LLC -CL A,STK,Oil&amp;Gas,Energy,Oil-US Royalty Trusts,COMMON,false,EROK
881993800,USPE,USD,NYSE,US,TAP US PRIVATE EQUITY FOF,STK,,,,CLOSED-END FUND,false,USPE
882326191,KPET,USD,NYSE,US,KPET ULTRA PACELINE COR-CL A,STK,Holding Companies-Divers,Diversified,Specified Purpose Acquis,COMMON,false,KPET
883665521,VECA,USD,NYSE,US,VERNAL CAPITAL ACQUI CORP,STK,Holding Companies-Divers,Diversified,Specified Purpose Acquis,COMMON,false,VECA
883665524,VECA RT,USD,NYSE,US,VERNAL CAPITAL ACQUISITI-RTS,STK,Holding Companies-Divers,Diversified,Specified Purpose Acquis,RIGHT,false,VECA RT
884047191,LCLN,USD,NYSE,US,LINCOLN INTERNATIONAL INC,STK,Diversified Finan Serv,Financial,Finance-Invest Bnkr/Brkr,COMMON,false,LCLN
